event_slug,event_name,overview_url,split,league,region,day,group,game_id,source_url,source_scope,table_index,table_type,table_heading,row_number,player,team,best_p,games,kills,assists,knocks,times_knocked,dmg_dealt,dmg_taken,dmg_diff,dmg_per_kill,ring_dmg,rez,rspn,k_per_d,ka_per_d,deaths,surv_time,avg_time_to_first_kill,top_10_pct,t10_to_t5_pct,t5_to_t1_pct
playoffs_split1,ALGS Year 4 Split 1 Playoffs,https://apexlegendsstatus.com/algs/Y4-Split1/ALGS-Playoffs/Global/Overview,Y4-Split1,ALGS-Playoffs,Global,Overview,,,https://apexlegendsstatus.com/algs/Y4-Split1/ALGS-Playoffs/Global/Overview,overview,83,player_stats,Scores,1,TSM Imperialhal,TSM,1st,38,43,36,56,44,"23,019","21,159","1,860",535.33,"1,724",1,0,1.05,1.93,41,9h 36m 50s,9m 39s,47.4%,27.8%,20%
playoffs_split1,ALGS Year 4 Split 1 Playoffs,https://apexlegendsstatus.com/algs/Y4-Split1/ALGS-Playoffs/Global/Overview,Y4-Split1,ALGS-Playoffs,Global,Overview,,,https://apexlegendsstatus.com/algs/Y4-Split1/ALGS-Playoffs/Global/Overview,overview,83,player_stats,Scores,2,WMN BoLin,WMNDY,1st,30,15,21,21,35,"10,908","12,302","-1,394",727.2,"1,193",2,1,0.47,1.13,32,7h 20s,11m 10s,33.3%,70%,14.3%
playoffs_split1,ALGS Year 4 Split 1 Playoffs,https://apexlegendsstatus.com/algs/Y4-Split1/ALGS-Playoffs/Global/Overview,Y4-Split1,ALGS-Playoffs,Global,Overview,,,https://apexlegendsstatus.com/algs/Y4-Split1/ALGS-Playoffs/Global/Overview,overview,83,player_stats,Scores,3,PUA MaxStrafe,PassionUA,3rd,24,17,18,20,28,"16,451","16,957",-506,967.71,720,3,2,0.68,1.4,25,6h 22m 25s,10m 30s,50%,25%,0%
playoffs_split1,ALGS Year 4 Split 1 Playoffs,https://apexlegendsstatus.com/algs/Y4-Split1/ALGS-Playoffs/Global/Overview,Y4-Split1,ALGS-Playoffs,Global,Overview,,,https://apexlegendsstatus.com/algs/Y4-Split1/ALGS-Playoffs/Global/Overview,overview,83,player_stats,Scores,4,SSG Frexs,SSG,2nd,38,41,48,52,41,"19,460","16,078","3,382",474.63,"1,756",10,1,1.05,2.28,39,10h 23m 47s,11m 57s,47.4%,55.6%,0%
playoffs_split1,ALGS Year 4 Split 1 Playoffs,https://apexlegendsstatus.com/algs/Y4-Split1/ALGS-Playoffs/Global/Overview,Y4-Split1,ALGS-Playoffs,Global,Overview,,,https://apexlegendsstatus.com/algs/Y4-Split1/ALGS-Playoffs/Global/Overview,overview,83,player_stats,Scores,5,RID saku,RIDDLE ORDER,2nd,24,8,15,14,25,"8,745","11,700","-2,955",1093.13,314,2,0,0.32,0.92,25,5h 38m 42s,11m 32s,41.7%,50%,0%
playoffs_split1,ALGS Year 4 Split 1 Playoffs,https://apexlegendsstatus.com/algs/Y4-Split1/ALGS-Playoffs/Global/Overview,Y4-Split1,ALGS-Playoffs,Global,Overview,,,https://apexlegendsstatus.com/algs/Y4-Split1/ALGS-Playoffs/Global/Overview,overview,83,player_stats,Scores,6,MIH arctic,Made in Heaven,2nd,30,24,30,33,34,"16,947","18,202","-1,255",706.13,226,1,0,0.8,1.8,30,7h 37m 24s,12m 0s,43.3%,38.5%,0%
playoffs_split1,ALGS Year 4 Split 1 Playoffs,https://apexlegendsstatus.com/algs/Y4-Split1/ALGS-Playoffs/Global/Overview,Y4-Split1,ALGS-Playoffs,Global,Overview,,,https://apexlegendsstatus.com/algs/Y4-Split1/ALGS-Playoffs/Global/Overview,overview,83,player_stats,Scores,7,BGB rakiiii,Boogie Boarders,2nd,24,22,11,28,26,"14,446","11,011","3,435",656.64,75,4,0,0.85,1.27,26,6h 41m 54s,13m 37s,58.3%,35.7%,0%
playoffs_split1,ALGS Year 4 Split 1 Playoffs,https://apexlegendsstatus.com/algs/Y4-Split1/ALGS-Playoffs/Global/Overview,Y4-Split1,ALGS-Playoffs,Global,Overview,,,https://apexlegendsstatus.com/algs/Y4-Split1/ALGS-Playoffs/Global/Overview,overview,83,player_stats,Scores,8,o7 Amphy,o7,1st,32,26,32,31,33,"11,669","12,484",-815,448.81,295,6,0,0.81,1.81,32,6h 14m 16s,9m 7s,31.3%,60%,50%
playoffs_split1,ALGS Year 4 Split 1 Playoffs,https://apexlegendsstatus.com/algs/Y4-Split1/ALGS-Playoffs/Global/Overview,Y4-Split1,ALGS-Playoffs,Global,Overview,,,https://apexlegendsstatus.com/algs/Y4-Split1/ALGS-Playoffs/Global/Overview,overview,83,player_stats,Scores,9,BRD artiNN1,BR DEM0NZ,1st,24,14,15,20,26,"10,249","12,425","-2,176",732.07,"1,183",1,0,0.61,1.26,23,5h 55m 17s,14m 8s,29.2%,57.1%,25%
playoffs_split1,ALGS Year 4 Split 1 Playoffs,https://apexlegendsstatus.com/algs/Y4-Split1/ALGS-Playoffs/Global/Overview,Y4-Split1,ALGS-Playoffs,Global,Overview,,,https://apexlegendsstatus.com/algs/Y4-Split1/ALGS-Playoffs/Global/Overview,overview,83,player_stats,Scores,10,WTD bobo2157,wonton dumpling,1st,30,16,20,21,35,"8,046","13,120","-5,074",502.88,"1,150",5,2,0.53,1.2,30,6h 26m 36s,10m 10s,33.3%,60%,16.7%
playoffs_split1,ALGS Year 4 Split 1 Playoffs,https://apexlegendsstatus.com/algs/Y4-Split1/ALGS-Playoffs/Global/Overview,Y4-Split1,ALGS-Playoffs,Global,Overview,,,https://apexlegendsstatus.com/algs/Y4-Split1/ALGS-Playoffs/Global/Overview,overview,83,player_stats,Scores,11,FUR Vaxlon,FURIA,1st,30,38,29,42,34,"16,184","16,380",-196,425.89,694,3,3,1.27,2.23,30,7h 59m 52s,10m 28s,53.3%,31.3%,20%
playoffs_split1,ALGS Year 4 Split 1 Playoffs,https://apexlegendsstatus.com/algs/Y4-Split1/ALGS-Playoffs/Global/Overview,Y4-Split1,ALGS-Playoffs,Global,Overview,,,https://apexlegendsstatus.com/algs/Y4-Split1/ALGS-Playoffs/Global/Overview,overview,83,player_stats,Scores,12,E8 zap,Elev8 Gaming,1st,38,47,50,56,40,"21,440","18,448","2,992",456.17,"1,033",0,0,1.42,2.94,33,9h 25m 5s,10m 36s,55.3%,57.1%,41.7%
playoffs_split1,ALGS Year 4 Split 1 Playoffs,https://apexlegendsstatus.com/algs/Y4-Split1/ALGS-Playoffs/Global/Overview,Y4-Split1,ALGS-Playoffs,Global,Overview,,,https://apexlegendsstatus.com/algs/Y4-Split1/ALGS-Playoffs/Global/Overview,overview,83,player_stats,Scores,13,HAO wqtagashi,HAO,2nd,24,14,9,16,27,"9,012","10,689","-1,677",643.71,"1,428",1,0,0.58,0.96,24,6h 12m 4s,14m 57s,58.3%,28.6%,0%
playoffs_split1,ALGS Year 4 Split 1 Playoffs,https://apexlegendsstatus.com/algs/Y4-Split1/ALGS-Playoffs/Global/Overview,Y4-Split1,ALGS-Playoffs,Global,Overview,,,https://apexlegendsstatus.com/algs/Y4-Split1/ALGS-Playoffs/Global/Overview,overview,83,player_stats,Scores,14,COL KIMCHI,Complexity,3rd,30,11,8,17,30,"10,649","12,542","-1,893",968.09,623,4,0,0.37,0.63,30,8h 17m 6s,12m 60s,53.3%,75%,0%
playoffs_split1,ALGS Year 4 Split 1 Playoffs,https://apexlegendsstatus.com/algs/Y4-Split1/ALGS-Playoffs/Global/Overview,Y4-Split1,ALGS-Playoffs,Global,Overview,,,https://apexlegendsstatus.com/algs/Y4-Split1/ALGS-Playoffs/Global/Overview,overview,83,player_stats,Scores,15,FNC Lykq,FNATIC,1st,32,72,63,77,40,"23,998","19,064","4,934",333.31,"2,221",5,0,2.25,4.22,32,9h 13m 12s,11m 19s,62.5%,45%,22.2%
playoffs_split1,ALGS Year 4 Split 1 Playoffs,https://apexlegendsstatus.com/algs/Y4-Split1/ALGS-Playoffs/Global/Overview,Y4-Split1,ALGS-Playoffs,Global,Overview,,,https://apexlegendsstatus.com/algs/Y4-Split1/ALGS-Playoffs/Global/Overview,overview,83,player_stats,Scores,16,LGND StrafingFlame,Legends Gaming,1st,38,37,43,45,43,"22,468","22,839",-371,607.24,"1,454",8,4,1,2.16,37,9h 38m 31s,11m 3s,57.9%,54.5%,16.7%
playoffs_split1,ALGS Year 4 Split 1 Playoffs,https://apexlegendsstatus.com/algs/Y4-Split1/ALGS-Playoffs/Global/Overview,Y4-Split1,ALGS-Playoffs,Global,Overview,,,https://apexlegendsstatus.com/algs/Y4-Split1/ALGS-Playoffs/Global/Overview,overview,83,player_stats,Scores,17,HRZ laheemx_,HEROEZ,1st,30,21,17,29,38,"12,307","15,902","-3,595",586.05,"1,900",2,1,0.66,1.19,32,7h 39m 49s,11m 37s,43.3%,61.5%,25%
playoffs_split1,ALGS Year 4 Split 1 Playoffs,https://apexlegendsstatus.com/algs/Y4-Split1/ALGS-Playoffs/Global/Overview,Y4-Split1,ALGS-Playoffs,Global,Overview,,,https://apexlegendsstatus.com/algs/Y4-Split1/ALGS-Playoffs/Global/Overview,overview,83,player_stats,Scores,18,NTH Taida,NORTHEPTION,3rd,24,19,18,22,27,"10,506","11,154",-648,552.95,"1,506",9,1,0.73,1.42,26,5h 49m 54s,12m 38s,29.2%,57.1%,0%
playoffs_split1,ALGS Year 4 Split 1 Playoffs,https://apexlegendsstatus.com/algs/Y4-Split1/ALGS-Playoffs/Global/Overview,Y4-Split1,ALGS-Playoffs,Global,Overview,,,https://apexlegendsstatus.com/algs/Y4-Split1/ALGS-Playoffs/Global/Overview,overview,83,player_stats,Scores,19,MST Gild,Not Moist,1st,32,41,33,47,31,"19,701","14,348","5,353",480.51,"1,928",6,0,1.32,2.39,31,9h 17m 17s,14m 24s,62.5%,50%,10%
playoffs_split1,ALGS Year 4 Split 1 Playoffs,https://apexlegendsstatus.com/algs/Y4-Split1/ALGS-Playoffs/Global/Overview,Y4-Split1,ALGS-Playoffs,Global,Overview,,,https://apexlegendsstatus.com/algs/Y4-Split1/ALGS-Playoffs/Global/Overview,overview,83,player_stats,Scores,20,ALL Unlucky,Alliance,1st,38,48,45,57,39,"19,364","20,125",-761,403.42,"3,514",12,0,1.33,2.58,36,9h 58m 50s,10m 38s,57.9%,36.4%,50%
playoffs_split1,ALGS Year 4 Split 1 Playoffs,https://apexlegendsstatus.com/algs/Y4-Split1/ALGS-Playoffs/Global/Overview,Y4-Split1,ALGS-Playoffs,Global,Overview,,,https://apexlegendsstatus.com/algs/Y4-Split1/ALGS-Playoffs/Global/Overview,overview,83,player_stats,Scores,21,ALL Hakis,Alliance,1st,38,42,42,45,42,"18,704","22,169","-3,465",445.33,"3,261",2,3,1.2,2.4,35,10h 5m 35s,12m 0s,57.9%,36.4%,50%
playoffs_split1,ALGS Year 4 Split 1 Playoffs,https://apexlegendsstatus.com/algs/Y4-Split1/ALGS-Playoffs/Global/Overview,Y4-Split1,ALGS-Playoffs,Global,Overview,,,https://apexlegendsstatus.com/algs/Y4-Split1/ALGS-Playoffs/Global/Overview,overview,83,player_stats,Scores,22,NTH YukaPEROdator,NORTHEPTION,3rd,24,11,18,18,30,"8,814","10,412","-1,598",801.27,"2,282",0,2,0.42,1.12,26,5h 49m 28s,9m 55s,29.2%,57.1%,0%
playoffs_split1,ALGS Year 4 Split 1 Playoffs,https://apexlegendsstatus.com/algs/Y4-Split1/ALGS-Playoffs/Global/Overview,Y4-Split1,ALGS-Playoffs,Global,Overview,,,https://apexlegendsstatus.com/algs/Y4-Split1/ALGS-Playoffs/Global/Overview,overview,83,player_stats,Scores,23,MST Wxltzy,Not Moist,1st,32,42,38,50,33,"20,533","16,941","3,592",488.88,"2,310",1,0,1.35,2.58,31,9h 18m 5s,14m 30s,62.5%,50%,10%
playoffs_split1,ALGS Year 4 Split 1 Playoffs,https://apexlegendsstatus.com/algs/Y4-Split1/ALGS-Playoffs/Global/Overview,Y4-Split1,ALGS-Playoffs,Global,Overview,,,https://apexlegendsstatus.com/algs/Y4-Split1/ALGS-Playoffs/Global/Overview,overview,83,player_stats,Scores,24,WTD XZZ,wonton dumpling,1st,30,23,30,28,31,"14,614","15,674","-1,060",635.39,500,7,1,0.74,1.71,31,6h 28m 26s,9m 52s,33.3%,60%,16.7%
playoffs_split1,ALGS Year 4 Split 1 Playoffs,https://apexlegendsstatus.com/algs/Y4-Split1/ALGS-Playoffs/Global/Overview,Y4-Split1,ALGS-Playoffs,Global,Overview,,,https://apexlegendsstatus.com/algs/Y4-Split1/ALGS-Playoffs/Global/Overview,overview,83,player_stats,Scores,25,COL Lou,Complexity,3rd,30,15,11,21,32,"13,512","13,780",-268,900.8,860,1,0,0.5,0.87,30,8h 14m 22s,9m 57s,53.3%,75%,0%
playoffs_split1,ALGS Year 4 Split 1 Playoffs,https://apexlegendsstatus.com/algs/Y4-Split1/ALGS-Playoffs/Global/Overview,Y4-Split1,ALGS-Playoffs,Global,Overview,,,https://apexlegendsstatus.com/algs/Y4-Split1/ALGS-Playoffs/Global/Overview,overview,83,player_stats,Scores,26,HRZ Kisanss,HEROEZ,1st,30,15,19,20,32,"15,494","15,228",266,1032.93,"1,345",6,2,0.48,1.1,31,7h 26m 38s,13m 24s,43.3%,61.5%,25%
playoffs_split1,ALGS Year 4 Split 1 Playoffs,https://apexlegendsstatus.com/algs/Y4-Split1/ALGS-Playoffs/Global/Overview,Y4-Split1,ALGS-Playoffs,Global,Overview,,,https://apexlegendsstatus.com/algs/Y4-Split1/ALGS-Playoffs/Global/Overview,overview,83,player_stats,Scores,27,RID Meltstera,RIDDLE ORDER,2nd,24,14,13,19,28,"12,348","11,315","1,033",882,116,2,0,0.56,1.08,25,5h 37m 32s,10m 59s,41.7%,50%,0%
playoffs_split1,ALGS Year 4 Split 1 Playoffs,https://apexlegendsstatus.com/algs/Y4-Split1/ALGS-Playoffs/Global/Overview,Y4-Split1,ALGS-Playoffs,Global,Overview,,,https://apexlegendsstatus.com/algs/Y4-Split1/ALGS-Playoffs/Global/Overview,overview,83,player_stats,Scores,28,E8 Zachmazer,Elev8 Gaming,1st,38,45,45,51,38,"24,834","22,350","2,484",551.87,"1,152",6,0,1.32,2.65,34,9h 40m 35s,12m 23s,55.3%,57.1%,41.7%
playoffs_split1,ALGS Year 4 Split 1 Playoffs,https://apexlegendsstatus.com/algs/Y4-Split1/ALGS-Playoffs/Global/Overview,Y4-Split1,ALGS-Playoffs,Global,Overview,,,https://apexlegendsstatus.com/algs/Y4-Split1/ALGS-Playoffs/Global/Overview,overview,83,player_stats,Scores,29,FNC YukaF,FNATIC,1st,32,51,70,63,34,"23,955","20,472","3,483",469.71,"2,513",12,3,1.7,4.03,30,9h 5m 9s,11m 23s,62.5%,45%,22.2%
playoffs_split1,ALGS Year 4 Split 1 Playoffs,https://apexlegendsstatus.com/algs/Y4-Split1/ALGS-Playoffs/Global/Overview,Y4-Split1,ALGS-Playoffs,Global,Overview,,,https://apexlegendsstatus.com/algs/Y4-Split1/ALGS-Playoffs/Global/Overview,overview,83,player_stats,Scores,30,WMN Mr.K,WMNDY,1st,30,18,21,22,33,"12,979","13,379",-400,721.06,"1,110",5,3,0.6,1.3,30,6h 56m 24s,9m 15s,33.3%,70%,14.3%
playoffs_split1,ALGS Year 4 Split 1 Playoffs,https://apexlegendsstatus.com/algs/Y4-Split1/ALGS-Playoffs/Global/Overview,Y4-Split1,ALGS-Playoffs,Global,Overview,,,https://apexlegendsstatus.com/algs/Y4-Split1/ALGS-Playoffs/Global/Overview,overview,83,player_stats,Scores,31,SSG Phony,SSG,2nd,38,44,51,51,46,"23,576","19,483","4,093",535.82,"2,553",1,1,1.13,2.44,39,10h 34m 25s,10m 56s,47.4%,55.6%,0%
playoffs_split1,ALGS Year 4 Split 1 Playoffs,https://apexlegendsstatus.com/algs/Y4-Split1/ALGS-Playoffs/Global/Overview,Y4-Split1,ALGS-Playoffs,Global,Overview,,,https://apexlegendsstatus.com/algs/Y4-Split1/ALGS-Playoffs/Global/Overview,overview,83,player_stats,Scores,32,BGB Panayie,Boogie Boarders,2nd,24,12,11,16,25,"11,829","11,649",180,985.75,260,1,1,0.5,0.96,24,6h 39m 45s,12m 31s,58.3%,35.7%,0%
playoffs_split1,ALGS Year 4 Split 1 Playoffs,https://apexlegendsstatus.com/algs/Y4-Split1/ALGS-Playoffs/Global/Overview,Y4-Split1,ALGS-Playoffs,Global,Overview,,,https://apexlegendsstatus.com/algs/Y4-Split1/ALGS-Playoffs/Global/Overview,overview,83,player_stats,Scores,33,MIH Taxington,Made in Heaven,2nd,30,31,21,39,31,"13,927","16,654","-2,727",449.26,230,8,0,1,1.68,31,7h 39m 46s,12m 23s,43.3%,38.5%,0%
playoffs_split1,ALGS Year 4 Split 1 Playoffs,https://apexlegendsstatus.com/algs/Y4-Split1/ALGS-Playoffs/Global/Overview,Y4-Split1,ALGS-Playoffs,Global,Overview,,,https://apexlegendsstatus.com/algs/Y4-Split1/ALGS-Playoffs/Global/Overview,overview,83,player_stats,Scores,34,FUR ImMadness,FURIA,1st,30,24,40,29,34,"18,995","18,583",412,791.46,692,4,2,0.8,2.13,30,7h 56m 39s,11m 11s,53.3%,31.3%,20%
playoffs_split1,ALGS Year 4 Split 1 Playoffs,https://apexlegendsstatus.com/algs/Y4-Split1/ALGS-Playoffs/Global/Overview,Y4-Split1,ALGS-Playoffs,Global,Overview,,,https://apexlegendsstatus.com/algs/Y4-Split1/ALGS-Playoffs/Global/Overview,overview,83,player_stats,Scores,35,o7 Naghz,o7,1st,32,26,30,32,36,"12,451","11,613",838,478.88,228,2,2,0.84,1.81,31,6h 6m 24s,7m 43s,31.3%,60%,50%
playoffs_split1,ALGS Year 4 Split 1 Playoffs,https://apexlegendsstatus.com/algs/Y4-Split1/ALGS-Playoffs/Global/Overview,Y4-Split1,ALGS-Playoffs,Global,Overview,,,https://apexlegendsstatus.com/algs/Y4-Split1/ALGS-Playoffs/Global/Overview,overview,83,player_stats,Scores,36,LGND PlayerKay,Legends Gaming,1st,38,20,48,28,46,"18,724","20,786","-2,062",936.2,"1,034",5,1,0.51,1.74,39,9h 34m 37s,13m 19s,57.9%,54.5%,16.7%
playoffs_split1,ALGS Year 4 Split 1 Playoffs,https://apexlegendsstatus.com/algs/Y4-Split1/ALGS-Playoffs/Global/Overview,Y4-Split1,ALGS-Playoffs,Global,Overview,,,https://apexlegendsstatus.com/algs/Y4-Split1/ALGS-Playoffs/Global/Overview,overview,83,player_stats,Scores,37,TSM Reps,TSM,1st,38,34,29,45,42,"15,927","17,763","-1,836",468.44,"1,983",6,5,0.87,1.62,39,9h 35m 41s,10m 45s,47.4%,27.8%,20%
playoffs_split1,ALGS Year 4 Split 1 Playoffs,https://apexlegendsstatus.com/algs/Y4-Split1/ALGS-Playoffs/Global/Overview,Y4-Split1,ALGS-Playoffs,Global,Overview,,,https://apexlegendsstatus.com/algs/Y4-Split1/ALGS-Playoffs/Global/Overview,overview,83,player_stats,Scores,38,HAO 5CG,HAO,2nd,24,8,23,10,26,"8,772","9,618",-846,1096.5,"1,244",2,1,0.33,1.29,24,6h 12m 59s,13m 23s,58.3%,28.6%,0%
playoffs_split1,ALGS Year 4 Split 1 Playoffs,https://apexlegendsstatus.com/algs/Y4-Split1/ALGS-Playoffs/Global/Overview,Y4-Split1,ALGS-Playoffs,Global,Overview,,,https://apexlegendsstatus.com/algs/Y4-Split1/ALGS-Playoffs/Global/Overview,overview,83,player_stats,Scores,39,PUA Artyco,PassionUA,3rd,24,18,23,21,29,"9,549","12,237","-2,688",530.5,225,8,1,0.72,1.64,25,6h 34m 49s,10m 28s,50%,25%,0%
playoffs_split1,ALGS Year 4 Split 1 Playoffs,https://apexlegendsstatus.com/algs/Y4-Split1/ALGS-Playoffs/Global/Overview,Y4-Split1,ALGS-Playoffs,Global,Overview,,,https://apexlegendsstatus.com/algs/Y4-Split1/ALGS-Playoffs/Global/Overview,overview,83,player_stats,Scores,40,BRD Azazel,BR DEM0NZ,1st,24,17,16,26,23,"11,119","9,617","1,502",654.06,"1,240",4,0,0.74,1.43,23,5h 50m 22s,11m 26s,29.2%,57.1%,25%
playoffs_split1,ALGS Year 4 Split 1 Playoffs,https://apexlegendsstatus.com/algs/Y4-Split1/ALGS-Playoffs/Global/Overview,Y4-Split1,ALGS-Playoffs,Global,Overview,,,https://apexlegendsstatus.com/algs/Y4-Split1/ALGS-Playoffs/Global/Overview,overview,83,player_stats,Scores,41,TSM Verhulst,TSM,1st,38,32,32,40,42,"16,683","18,707","-2,024",521.34,"1,912",4,3,0.82,1.64,39,9h 40m 9s,11m 23s,47.4%,27.8%,20%
playoffs_split1,ALGS Year 4 Split 1 Playoffs,https://apexlegendsstatus.com/algs/Y4-Split1/ALGS-Playoffs/Global/Overview,Y4-Split1,ALGS-Playoffs,Global,Overview,,,https://apexlegendsstatus.com/algs/Y4-Split1/ALGS-Playoffs/Global/Overview,overview,83,player_stats,Scores,42,MST Emtee,Not Moist,1st,32,24,37,27,34,"14,377","17,852","-3,475",599.04,"1,648",3,0,0.77,1.97,31,9h 18m 2s,12m 36s,62.5%,50%,10%
playoffs_split1,ALGS Year 4 Split 1 Playoffs,https://apexlegendsstatus.com/algs/Y4-Split1/ALGS-Playoffs/Global/Overview,Y4-Split1,ALGS-Playoffs,Global,Overview,,,https://apexlegendsstatus.com/algs/Y4-Split1/ALGS-Playoffs/Global/Overview,overview,83,player_stats,Scores,43,FNC satuki,FNATIC,1st,32,51,61,59,38,"22,242","19,635","2,607",436.12,"2,375",9,0,1.65,3.61,31,9h 6m 53s,11m 25s,62.5%,45%,22.2%
playoffs_split1,ALGS Year 4 Split 1 Playoffs,https://apexlegendsstatus.com/algs/Y4-Split1/ALGS-Playoffs/Global/Overview,Y4-Split1,ALGS-Playoffs,Global,Overview,,,https://apexlegendsstatus.com/algs/Y4-Split1/ALGS-Playoffs/Global/Overview,overview,83,player_stats,Scores,44,PUA Sanya,PassionUA,3rd,24,20,22,28,29,"16,414","15,935",479,820.7,384,2,1,0.77,1.62,26,6h 31m 34s,10m 19s,50%,25%,0%
playoffs_split1,ALGS Year 4 Split 1 Playoffs,https://apexlegendsstatus.com/algs/Y4-Split1/ALGS-Playoffs/Global/Overview,Y4-Split1,ALGS-Playoffs,Global,Overview,,,https://apexlegendsstatus.com/algs/Y4-Split1/ALGS-Playoffs/Global/Overview,overview,83,player_stats,Scores,45,BRD Vlatow,BR DEM0NZ,1st,24,17,12,21,24,"10,441","12,092","-1,651",614.18,"1,282",0,0,0.74,1.26,23,5h 51m 46s,10m 30s,29.2%,57.1%,25%
playoffs_split1,ALGS Year 4 Split 1 Playoffs,https://apexlegendsstatus.com/algs/Y4-Split1/ALGS-Playoffs/Global/Overview,Y4-Split1,ALGS-Playoffs,Global,Overview,,,https://apexlegendsstatus.com/algs/Y4-Split1/ALGS-Playoffs/Global/Overview,overview,83,player_stats,Scores,46,COL Monsoon,Complexity,3rd,30,16,11,27,31,"20,256","13,955","6,301",1266,798,1,0,0.53,0.9,30,8h 30m 18s,13m 14s,53.3%,75%,0%
playoffs_split1,ALGS Year 4 Split 1 Playoffs,https://apexlegendsstatus.com/algs/Y4-Split1/ALGS-Playoffs/Global/Overview,Y4-Split1,ALGS-Playoffs,Global,Overview,,,https://apexlegendsstatus.com/algs/Y4-Split1/ALGS-Playoffs/Global/Overview,overview,83,player_stats,Scores,47,HRZ Bastiaan0Z,HEROEZ,1st,30,31,18,37,32,"16,322","17,135",-813,526.52,"1,688",5,3,1.07,1.69,29,7h 39m 1s,10m 36s,43.3%,61.5%,25%
playoffs_split1,ALGS Year 4 Split 1 Playoffs,https://apexlegendsstatus.com/algs/Y4-Split1/ALGS-Playoffs/Global/Overview,Y4-Split1,ALGS-Playoffs,Global,Overview,,,https://apexlegendsstatus.com/algs/Y4-Split1/ALGS-Playoffs/Global/Overview,overview,83,player_stats,Scores,48,WMN SHARK,WMNDY,1st,30,31,22,37,34,"11,957","13,024","-1,067",385.71,"1,513",6,3,0.97,1.66,32,7h 31s,10m 31s,33.3%,70%,14.3%
playoffs_split1,ALGS Year 4 Split 1 Playoffs,https://apexlegendsstatus.com/algs/Y4-Split1/ALGS-Playoffs/Global/Overview,Y4-Split1,ALGS-Playoffs,Global,Overview,,,https://apexlegendsstatus.com/algs/Y4-Split1/ALGS-Playoffs/Global/Overview,overview,83,player_stats,Scores,49,o7 Gnaske,o7,1st,32,48,35,52,35,"17,985","17,479",506,374.69,345,4,4,1.6,2.77,30,6h 35m 16s,7m 50s,31.3%,60%,50%
playoffs_split1,ALGS Year 4 Split 1 Playoffs,https://apexlegendsstatus.com/algs/Y4-Split1/ALGS-Playoffs/Global/Overview,Y4-Split1,ALGS-Playoffs,Global,Overview,,,https://apexlegendsstatus.com/algs/Y4-Split1/ALGS-Playoffs/Global/Overview,overview,83,player_stats,Scores,50,RID Yukio,RIDDLE ORDER,2nd,24,18,5,22,25,"6,590","8,991","-2,401",366.11,223,1,2,0.75,0.96,24,5h 33m 50s,11m 13s,41.7%,50%,0%
playoffs_split1,ALGS Year 4 Split 1 Playoffs,https://apexlegendsstatus.com/algs/Y4-Split1/ALGS-Playoffs/Global/Overview,Y4-Split1,ALGS-Playoffs,Global,Overview,,,https://apexlegendsstatus.com/algs/Y4-Split1/ALGS-Playoffs/Global/Overview,overview,83,player_stats,Scores,51,BGB Fussy,Boogie Boarders,2nd,24,13,15,16,28,"12,214","11,716",498,939.54,145,1,1,0.54,1.17,24,6h 44m 7s,12m 28s,58.3%,35.7%,0%
playoffs_split1,ALGS Year 4 Split 1 Playoffs,https://apexlegendsstatus.com/algs/Y4-Split1/ALGS-Playoffs/Global/Overview,Y4-Split1,ALGS-Playoffs,Global,Overview,,,https://apexlegendsstatus.com/algs/Y4-Split1/ALGS-Playoffs/Global/Overview,overview,83,player_stats,Scores,52,MIH Sinetic,Made in Heaven,2nd,30,26,31,33,33,"19,141","16,473","2,668",736.19,152,3,1,0.87,1.9,30,7h 39m 28s,11m 49s,43.3%,38.5%,0%
playoffs_split1,ALGS Year 4 Split 1 Playoffs,https://apexlegendsstatus.com/algs/Y4-Split1/ALGS-Playoffs/Global/Overview,Y4-Split1,ALGS-Playoffs,Global,Overview,,,https://apexlegendsstatus.com/algs/Y4-Split1/ALGS-Playoffs/Global/Overview,overview,83,player_stats,Scores,53,ALL Effect,Alliance,1st,38,53,40,68,42,"26,246","23,000","3,246",495.21,"2,771",8,2,1.47,2.58,36,9h 58m 59s,11m 1s,57.9%,36.4%,50%
playoffs_split1,ALGS Year 4 Split 1 Playoffs,https://apexlegendsstatus.com/algs/Y4-Split1/ALGS-Playoffs/Global/Overview,Y4-Split1,ALGS-Playoffs,Global,Overview,,,https://apexlegendsstatus.com/algs/Y4-Split1/ALGS-Playoffs/Global/Overview,overview,83,player_stats,Scores,54,HAO Right,HAO,2nd,24,15,10,20,26,"8,216","10,992","-2,776",547.73,"1,288",5,0,0.6,1,25,6h 11m 5s,12m 53s,58.3%,28.6%,0%
playoffs_split1,ALGS Year 4 Split 1 Playoffs,https://apexlegendsstatus.com/algs/Y4-Split1/ALGS-Playoffs/Global/Overview,Y4-Split1,ALGS-Playoffs,Global,Overview,,,https://apexlegendsstatus.com/algs/Y4-Split1/ALGS-Playoffs/Global/Overview,overview,83,player_stats,Scores,55,WTD Peekgod,wonton dumpling,1st,30,30,17,39,37,"16,594","14,435","2,159",553.13,"1,086",4,1,1,1.57,30,6h 30m 17s,10m 20s,33.3%,60%,16.7%
playoffs_split1,ALGS Year 4 Split 1 Playoffs,https://apexlegendsstatus.com/algs/Y4-Split1/ALGS-Playoffs/Global/Overview,Y4-Split1,ALGS-Playoffs,Global,Overview,,,https://apexlegendsstatus.com/algs/Y4-Split1/ALGS-Playoffs/Global/Overview,overview,83,player_stats,Scores,56,FUR Keon,FURIA,1st,30,33,31,43,36,"17,431","17,013",418,528.21,814,8,1,1,1.94,33,7h 54m 26s,11m 11s,53.3%,31.3%,20%
playoffs_split1,ALGS Year 4 Split 1 Playoffs,https://apexlegendsstatus.com/algs/Y4-Split1/ALGS-Playoffs/Global/Overview,Y4-Split1,ALGS-Playoffs,Global,Overview,,,https://apexlegendsstatus.com/algs/Y4-Split1/ALGS-Playoffs/Global/Overview,overview,83,player_stats,Scores,57,E8 Shooby,Elev8 Gaming,1st,38,49,42,60,36,"21,012","16,838","4,174",428.82,849,5,1,1.48,2.76,33,9h 31m 38s,10m 32s,55.3%,57.1%,41.7%
playoffs_split1,ALGS Year 4 Split 1 Playoffs,https://apexlegendsstatus.com/algs/Y4-Split1/ALGS-Playoffs/Global/Overview,Y4-Split1,ALGS-Playoffs,Global,Overview,,,https://apexlegendsstatus.com/algs/Y4-Split1/ALGS-Playoffs/Global/Overview,overview,83,player_stats,Scores,58,LGND Koyful,Legends Gaming,1st,38,56,34,64,43,"27,772","22,187","5,585",495.93,933,5,0,1.51,2.43,37,9h 40m 39s,11m 59s,57.9%,54.5%,16.7%
playoffs_split1,ALGS Year 4 Split 1 Playoffs,https://apexlegendsstatus.com/algs/Y4-Split1/ALGS-Playoffs/Global/Overview,Y4-Split1,ALGS-Playoffs,Global,Overview,,,https://apexlegendsstatus.com/algs/Y4-Split1/ALGS-Playoffs/Global/Overview,overview,83,player_stats,Scores,59,SSG Xynew,SSG,2nd,38,51,43,62,43,"26,870","19,098","7,772",526.86,"1,452",4,0,1.34,2.47,38,10h 11m 25s,11m 20s,47.4%,55.6%,0%
playoffs_split1,ALGS Year 4 Split 1 Playoffs,https://apexlegendsstatus.com/algs/Y4-Split1/ALGS-Playoffs/Global/Overview,Y4-Split1,ALGS-Playoffs,Global,Overview,,,https://apexlegendsstatus.com/algs/Y4-Split1/ALGS-Playoffs/Global/Overview,overview,83,player_stats,Scores,60,NTH ReyzyGG,NORTHEPTION,3rd,24,15,19,24,27,"8,853","11,205","-2,352",590.2,"1,733",2,2,0.6,1.36,25,5h 53m 21s,9m 17s,29.2%,57.1%,0%
playoffs_split1,ALGS Year 4 Split 1 Playoffs,https://apexlegendsstatus.com/algs/Y4-Split1/ALGS-Playoffs/Global/Overview,Y4-Split1,ALGS-Playoffs,Global,Overview,,,https://apexlegendsstatus.com/algs/Y4-Split1/ALGS-Playoffs/Global/Overview,overview,83,player_stats,Scores,61,LG Sweet,LG,1st,38,28,37,42,46,"24,049","25,214","-1,165",858.89,"3,308",7,2,0.7,1.63,40,10h 40m 12s,12m 52s,60.5%,34.8%,12.5%
playoffs_split1,ALGS Year 4 Split 1 Playoffs,https://apexlegendsstatus.com/algs/Y4-Split1/ALGS-Playoffs/Global/Overview,Y4-Split1,ALGS-Playoffs,Global,Overview,,,https://apexlegendsstatus.com/algs/Y4-Split1/ALGS-Playoffs/Global/Overview,overview,83,player_stats,Scores,62,MDYW LqDuD,MDY-White,4th,24,17,18,22,30,"10,415","11,504","-1,089",612.65,720,1,0,0.65,1.35,26,5h 54m 12s,10m 8s,41.7%,10%,0%
playoffs_split1,ALGS Year 4 Split 1 Playoffs,https://apexlegendsstatus.com/algs/Y4-Split1/ALGS-Playoffs/Global/Overview,Y4-Split1,ALGS-Playoffs,Global,Overview,,,https://apexlegendsstatus.com/algs/Y4-Split1/ALGS-Playoffs/Global/Overview,overview,83,player_stats,Scores,63,TLAW jaguaresl,Liquid Alienware,1st,32,26,25,35,36,"13,908","17,165","-3,257",534.92,855,5,1,0.79,1.55,33,8h 31m 26s,13m 55s,50%,43.8%,28.6%
playoffs_split1,ALGS Year 4 Split 1 Playoffs,https://apexlegendsstatus.com/algs/Y4-Split1/ALGS-Playoffs/Global/Overview,Y4-Split1,ALGS-Playoffs,Global,Overview,,,https://apexlegendsstatus.com/algs/Y4-Split1/ALGS-Playoffs/Global/Overview,overview,83,player_stats,Scores,64,SRN Jeskoesk,Serenity,1st,32,29,26,35,32,"21,392","17,324","4,068",737.66,796,2,2,0.94,1.77,31,9h 30m 39s,13m 42s,59.4%,73.7%,7.1%
playoffs_split1,ALGS Year 4 Split 1 Playoffs,https://apexlegendsstatus.com/algs/Y4-Split1/ALGS-Playoffs/Global/Overview,Y4-Split1,ALGS-Playoffs,Global,Overview,,,https://apexlegendsstatus.com/algs/Y4-Split1/ALGS-Playoffs/Global/Overview,overview,83,player_stats,Scores,65,C9 ChaoticMuch,Cloud9,1st,38,40,40,46,40,"25,269","18,435","6,834",631.73,"1,793",5,0,1.05,2.11,38,10h 44m 53s,14m 13s,60.5%,52.2%,16.7%
playoffs_split1,ALGS Year 4 Split 1 Playoffs,https://apexlegendsstatus.com/algs/Y4-Split1/ALGS-Playoffs/Global/Overview,Y4-Split1,ALGS-Playoffs,Global,Overview,,,https://apexlegendsstatus.com/algs/Y4-Split1/ALGS-Playoffs/Global/Overview,overview,83,player_stats,Scores,66,NTC corn,Never To Change,3rd,24,2,6,4,28,"4,019","9,350","-5,331",2009.5,160,2,0,0.08,0.33,24,4h 29m 55s,11m 59s,20.8%,20%,0%
playoffs_split1,ALGS Year 4 Split 1 Playoffs,https://apexlegendsstatus.com/algs/Y4-Split1/ALGS-Playoffs/Global/Overview,Y4-Split1,ALGS-Playoffs,Global,Overview,,,https://apexlegendsstatus.com/algs/Y4-Split1/ALGS-Playoffs/Global/Overview,overview,83,player_stats,Scores,67,NAVI KIND4,Natus Vincere,1st,30,34,27,38,32,"15,000","15,455",-455,441.18,"2,483",6,1,1.13,2.03,30,7h 55m 32s,14m 48s,50%,53.3%,25%
playoffs_split1,ALGS Year 4 Split 1 Playoffs,https://apexlegendsstatus.com/algs/Y4-Split1/ALGS-Playoffs/Global/Overview,Y4-Split1,ALGS-Playoffs,Global,Overview,,,https://apexlegendsstatus.com/algs/Y4-Split1/ALGS-Playoffs/Global/Overview,overview,83,player_stats,Scores,68,OXG Aidan,Oxygen Esports,2nd,24,19,22,27,25,"9,296","10,982","-1,686",489.26,698,4,0,0.76,1.64,25,7h 11s,11m 42s,62.5%,46.7%,0%
playoffs_split1,ALGS Year 4 Split 1 Playoffs,https://apexlegendsstatus.com/algs/Y4-Split1/ALGS-Playoffs/Global/Overview,Y4-Split1,ALGS-Playoffs,Global,Overview,,,https://apexlegendsstatus.com/algs/Y4-Split1/ALGS-Playoffs/Global/Overview,overview,83,player_stats,Scores,69,DZ Genburten,DarkZero,1st,32,66,54,74,30,"31,628","23,249","8,379",479.21,932,17,1,2.44,4.44,27,10h 44s,14m 18s,75%,75%,33.3%
playoffs_split1,ALGS Year 4 Split 1 Playoffs,https://apexlegendsstatus.com/algs/Y4-Split1/ALGS-Playoffs/Global/Overview,Y4-Split1,ALGS-Playoffs,Global,Overview,,,https://apexlegendsstatus.com/algs/Y4-Split1/ALGS-Playoffs/Global/Overview,overview,83,player_stats,Scores,70,RC KaronPe,REJECT WINNITY,1st,32,41,50,55,27,"19,362","13,830","5,532",472.24,662,8,0,1.52,3.37,27,8h 57m 44s,11m 40s,59.4%,63.2%,50%
playoffs_split1,ALGS Year 4 Split 1 Playoffs,https://apexlegendsstatus.com/algs/Y4-Split1/ALGS-Playoffs/Global/Overview,Y4-Split1,ALGS-Playoffs,Global,Overview,,,https://apexlegendsstatus.com/algs/Y4-Split1/ALGS-Playoffs/Global/Overview,overview,83,player_stats,Scores,71,TYK DEXTER,Tom Yum Kung,3rd,24,20,13,29,28,"8,993","10,741","-1,748",449.65,"2,586",3,4,0.77,1.27,26,6h 2m 52s,11m 23s,37.5%,33.3%,0%
playoffs_split1,ALGS Year 4 Split 1 Playoffs,https://apexlegendsstatus.com/algs/Y4-Split1/ALGS-Playoffs/Global/Overview,Y4-Split1,ALGS-Playoffs,Global,Overview,,,https://apexlegendsstatus.com/algs/Y4-Split1/ALGS-Playoffs/Global/Overview,overview,83,player_stats,Scores,72,DSG iiTzTimmy,Disguised,1st,38,42,46,50,42,"21,589","22,128",-539,514.02,"4,245",5,1,1.14,2.38,37,10h 38m 57s,12m 45s,52.6%,55%,18.2%
playoffs_split1,ALGS Year 4 Split 1 Playoffs,https://apexlegendsstatus.com/algs/Y4-Split1/ALGS-Playoffs/Global/Overview,Y4-Split1,ALGS-Playoffs,Global,Overview,,,https://apexlegendsstatus.com/algs/Y4-Split1/ALGS-Playoffs/Global/Overview,overview,83,player_stats,Scores,73,2R1C Mysi,2Rats1Controller,1st,32,34,31,39,36,"12,380","15,490","-3,110",364.12,"1,579",17,5,1,1.91,34,8h 25m 29s,9m 28s,37.5%,33.3%,50%
playoffs_split1,ALGS Year 4 Split 1 Playoffs,https://apexlegendsstatus.com/algs/Y4-Split1/ALGS-Playoffs/Global/Overview,Y4-Split1,ALGS-Playoffs,Global,Overview,,,https://apexlegendsstatus.com/algs/Y4-Split1/ALGS-Playoffs/Global/Overview,overview,83,player_stats,Scores,74,OMIT Lufka,OMiT,1st,38,43,27,52,39,"17,466","21,258","-3,792",406.19,"1,241",2,1,1.16,1.89,37,10h 33m 40s,12m 41s,55.3%,42.9%,22.2%
playoffs_split1,ALGS Year 4 Split 1 Playoffs,https://apexlegendsstatus.com/algs/Y4-Split1/ALGS-Playoffs/Global/Overview,Y4-Split1,ALGS-Playoffs,Global,Overview,,,https://apexlegendsstatus.com/algs/Y4-Split1/ALGS-Playoffs/Global/Overview,overview,83,player_stats,Scores,75,RR wayachang,RED Rams,1st,30,16,16,20,41,"8,857","15,685","-6,828",553.56,"2,916",5,4,0.5,1,32,7h 6m,11m 34s,33.3%,50%,20%
playoffs_split1,ALGS Year 4 Split 1 Playoffs,https://apexlegendsstatus.com/algs/Y4-Split1/ALGS-Playoffs/Global/Overview,Y4-Split1,ALGS-Playoffs,Global,Overview,,,https://apexlegendsstatus.com/algs/Y4-Split1/ALGS-Playoffs/Global/Overview,overview,83,player_stats,Scores,76,VP Sharky,Virtus.Pro,1st,32,28,32,36,33,"18,132","13,033","5,099",647.57,"1,140",4,2,0.97,2.07,29,9h 22m 1s,14m 33s,62.5%,65%,23.1%
playoffs_split1,ALGS Year 4 Split 1 Playoffs,https://apexlegendsstatus.com/algs/Y4-Split1/ALGS-Playoffs/Global/Overview,Y4-Split1,ALGS-Playoffs,Global,Overview,,,https://apexlegendsstatus.com/algs/Y4-Split1/ALGS-Playoffs/Global/Overview,overview,83,player_stats,Scores,77,AUR Hardecki,Aurora,2nd,32,44,43,51,43,"22,537","23,934","-1,397",512.2,"6,467",28,6,1.26,2.49,35,9h 43m 33s,11m 22s,62.5%,55%,0%
playoffs_split1,ALGS Year 4 Split 1 Playoffs,https://apexlegendsstatus.com/algs/Y4-Split1/ALGS-Playoffs/Global/Overview,Y4-Split1,ALGS-Playoffs,Global,Overview,,,https://apexlegendsstatus.com/algs/Y4-Split1/ALGS-Playoffs/Global/Overview,overview,83,player_stats,Scores,78,CR Jusna,CRAZY RACCOON,1st,30,26,21,33,32,"12,326","12,466",-140,474.08,"1,206",10,1,0.93,1.68,28,7h 46m 1s,10m 40s,36.7%,54.5%,33.3%
playoffs_split1,ALGS Year 4 Split 1 Playoffs,https://apexlegendsstatus.com/algs/Y4-Split1/ALGS-Playoffs/Global/Overview,Y4-Split1,ALGS-Playoffs,Global,Overview,,,https://apexlegendsstatus.com/algs/Y4-Split1/ALGS-Playoffs/Global/Overview,overview,83,player_stats,Scores,79,GRD renatricky,GEARED GAMING,1st,30,26,23,30,33,"12,394","14,959","-2,565",476.69,890,3,0,0.93,1.75,28,7h 44m 1s,10m 48s,56.7%,35.3%,33.3%
playoffs_split1,ALGS Year 4 Split 1 Playoffs,https://apexlegendsstatus.com/algs/Y4-Split1/ALGS-Playoffs/Global/Overview,Y4-Split1,ALGS-Playoffs,Global,Overview,,,https://apexlegendsstatus.com/algs/Y4-Split1/ALGS-Playoffs/Global/Overview,overview,83,player_stats,Scores,80,KN 4rufa,KINOTROPE gaming,1st,38,47,33,49,39,"21,830","17,780","4,050",464.47,955,7,4,1.27,2.16,37,10h 7m 46s,11m 3s,47.4%,77.8%,28.6%
playoffs_split1,ALGS Year 4 Split 1 Playoffs,https://apexlegendsstatus.com/algs/Y4-Split1/ALGS-Playoffs/Global/Overview,Y4-Split1,ALGS-Playoffs,Global,Overview,,,https://apexlegendsstatus.com/algs/Y4-Split1/ALGS-Playoffs/Global/Overview,overview,83,player_stats,Scores,81,TYK Z1CKKY,Tom Yum Kung,3rd,24,13,16,17,26,"9,815","10,885","-1,070",755,"2,103",2,5,0.5,1.12,26,6h 12m 29s,12m 59s,37.5%,33.3%,0%
playoffs_split1,ALGS Year 4 Split 1 Playoffs,https://apexlegendsstatus.com/algs/Y4-Split1/ALGS-Playoffs/Global/Overview,Y4-Split1,ALGS-Playoffs,Global,Overview,,,https://apexlegendsstatus.com/algs/Y4-Split1/ALGS-Playoffs/Global/Overview,overview,83,player_stats,Scores,82,VP Wey,Virtus.Pro,1st,32,16,31,18,36,"11,790","14,021","-2,231",736.88,"1,561",0,0,0.5,1.47,32,9h 16m 31s,16m 29s,62.5%,65%,23.1%
playoffs_split1,ALGS Year 4 Split 1 Playoffs,https://apexlegendsstatus.com/algs/Y4-Split1/ALGS-Playoffs/Global/Overview,Y4-Split1,ALGS-Playoffs,Global,Overview,,,https://apexlegendsstatus.com/algs/Y4-Split1/ALGS-Playoffs/Global/Overview,overview,83,player_stats,Scores,83,TLAW lYanYal,Liquid Alienware,1st,32,30,32,37,36,"19,046","18,033","1,013",634.87,"1,252",3,5,0.94,1.94,32,8h 34m,12m 56s,50%,43.8%,28.6%
playoffs_split1,ALGS Year 4 Split 1 Playoffs,https://apexlegendsstatus.com/algs/Y4-Split1/ALGS-Playoffs/Global/Overview,Y4-Split1,ALGS-Playoffs,Global,Overview,,,https://apexlegendsstatus.com/algs/Y4-Split1/ALGS-Playoffs/Global/Overview,overview,83,player_stats,Scores,84,DZ Zer0,DarkZero,1st,32,58,59,66,34,"27,749","25,566","2,183",478.43,"1,041",2,1,2.23,4.5,26,9h 58m 56s,12m 37s,75%,75%,33.3%
playoffs_split1,ALGS Year 4 Split 1 Playoffs,https://apexlegendsstatus.com/algs/Y4-Split1/ALGS-Playoffs/Global/Overview,Y4-Split1,ALGS-Playoffs,Global,Overview,,,https://apexlegendsstatus.com/algs/Y4-Split1/ALGS-Playoffs/Global/Overview,overview,83,player_stats,Scores,85,MDYW FeiJu,MDY-White,4th,24,14,16,16,25,"8,727","10,450","-1,723",623.36,"1,300",1,3,0.58,1.25,24,6h 1m 31s,11m 35s,41.7%,10%,0%
playoffs_split1,ALGS Year 4 Split 1 Playoffs,https://apexlegendsstatus.com/algs/Y4-Split1/ALGS-Playoffs/Global/Overview,Y4-Split1,ALGS-Playoffs,Global,Overview,,,https://apexlegendsstatus.com/algs/Y4-Split1/ALGS-Playoffs/Global/Overview,overview,83,player_stats,Scores,86,2R1C Hiarka,2Rats1Controller,1st,32,28,42,32,42,"15,874","18,374","-2,500",566.93,"1,267",1,2,0.76,1.89,37,8h 22m 25s,9m 55s,37.5%,33.3%,50%
playoffs_split1,ALGS Year 4 Split 1 Playoffs,https://apexlegendsstatus.com/algs/Y4-Split1/ALGS-Playoffs/Global/Overview,Y4-Split1,ALGS-Playoffs,Global,Overview,,,https://apexlegendsstatus.com/algs/Y4-Split1/ALGS-Playoffs/Global/Overview,overview,83,player_stats,Scores,87,KN 1tappy,KINOTROPE gaming,1st,38,20,41,31,46,"14,689","18,267","-3,578",734.45,430,4,3,0.53,1.61,38,10h 5m 37s,13m 44s,47.4%,77.8%,28.6%
playoffs_split1,ALGS Year 4 Split 1 Playoffs,https://apexlegendsstatus.com/algs/Y4-Split1/ALGS-Playoffs/Global/Overview,Y4-Split1,ALGS-Playoffs,Global,Overview,,,https://apexlegendsstatus.com/algs/Y4-Split1/ALGS-Playoffs/Global/Overview,overview,83,player_stats,Scores,88,NTC AGL_QQ,Never To Change,3rd,24,10,11,15,24,"9,366","9,014",352,936.6,276,4,0,0.42,0.88,24,4h 44m 20s,11m 19s,20.8%,20%,0%
playoffs_split1,ALGS Year 4 Split 1 Playoffs,https://apexlegendsstatus.com/algs/Y4-Split1/ALGS-Playoffs/Global/Overview,Y4-Split1,ALGS-Playoffs,Global,Overview,,,https://apexlegendsstatus.com/algs/Y4-Split1/ALGS-Playoffs/Global/Overview,overview,83,player_stats,Scores,89,SRN Legacy,Serenity,1st,32,34,26,38,36,"19,168","16,451","2,717",563.76,562,5,0,1.06,1.88,32,9h 14m 25s,13m 46s,59.4%,73.7%,7.1%
playoffs_split1,ALGS Year 4 Split 1 Playoffs,https://apexlegendsstatus.com/algs/Y4-Split1/ALGS-Playoffs/Global/Overview,Y4-Split1,ALGS-Playoffs,Global,Overview,,,https://apexlegendsstatus.com/algs/Y4-Split1/ALGS-Playoffs/Global/Overview,overview,83,player_stats,Scores,90,AUR 9impulse,Aurora,2nd,32,34,46,35,46,"16,155","26,797","-10,642",475.15,"6,707",7,7,0.94,2.22,36,9h 43m 38s,12m 38s,62.5%,55%,0%
playoffs_split1,ALGS Year 4 Split 1 Playoffs,https://apexlegendsstatus.com/algs/Y4-Split1/ALGS-Playoffs/Global/Overview,Y4-Split1,ALGS-Playoffs,Global,Overview,,,https://apexlegendsstatus.com/algs/Y4-Split1/ALGS-Playoffs/Global/Overview,overview,83,player_stats,Scores,91,OMIT Blasts,OMiT,1st,38,34,31,39,39,"16,372","18,830","-2,458",481.53,"1,850",8,0,0.94,1.81,36,10h 46m 3s,11m 27s,55.3%,42.9%,22.2%
playoffs_split1,ALGS Year 4 Split 1 Playoffs,https://apexlegendsstatus.com/algs/Y4-Split1/ALGS-Playoffs/Global/Overview,Y4-Split1,ALGS-Playoffs,Global,Overview,,,https://apexlegendsstatus.com/algs/Y4-Split1/ALGS-Playoffs/Global/Overview,overview,83,player_stats,Scores,92,LG Slayr,LG,1st,38,30,21,36,44,"12,486","18,814","-6,328",416.2,"2,292",6,3,0.79,1.34,38,10h 19m 56s,12m 27s,60.5%,34.8%,12.5%
playoffs_split1,ALGS Year 4 Split 1 Playoffs,https://apexlegendsstatus.com/algs/Y4-Split1/ALGS-Playoffs/Global/Overview,Y4-Split1,ALGS-Playoffs,Global,Overview,,,https://apexlegendsstatus.com/algs/Y4-Split1/ALGS-Playoffs/Global/Overview,overview,83,player_stats,Scores,93,C9 Naughty,Cloud9,1st,38,26,42,37,44,"15,907","17,287","-1,380",611.81,"2,001",0,1,0.7,1.84,37,10h 56m 34s,14m 12s,60.5%,52.2%,16.7%
playoffs_split1,ALGS Year 4 Split 1 Playoffs,https://apexlegendsstatus.com/algs/Y4-Split1/ALGS-Playoffs/Global/Overview,Y4-Split1,ALGS-Playoffs,Global,Overview,,,https://apexlegendsstatus.com/algs/Y4-Split1/ALGS-Playoffs/Global/Overview,overview,83,player_stats,Scores,94,NAVI MaTaFe,Natus Vincere,1st,30,23,29,26,32,"12,333","14,574","-2,241",536.22,"2,416",0,4,0.77,1.73,30,7h 52m 47s,15m 10s,50%,53.3%,25%
playoffs_split1,ALGS Year 4 Split 1 Playoffs,https://apexlegendsstatus.com/algs/Y4-Split1/ALGS-Playoffs/Global/Overview,Y4-Split1,ALGS-Playoffs,Global,Overview,,,https://apexlegendsstatus.com/algs/Y4-Split1/ALGS-Playoffs/Global/Overview,overview,83,player_stats,Scores,95,GRD PANIC,GEARED GAMING,1st,30,35,26,41,33,"14,326","15,763","-1,437",409.31,763,8,1,1.21,2.1,29,7h 49m 1s,10m 4s,56.7%,35.3%,33.3%
playoffs_split1,ALGS Year 4 Split 1 Playoffs,https://apexlegendsstatus.com/algs/Y4-Split1/ALGS-Playoffs/Global/Overview,Y4-Split1,ALGS-Playoffs,Global,Overview,,,https://apexlegendsstatus.com/algs/Y4-Split1/ALGS-Playoffs/Global/Overview,overview,83,player_stats,Scores,96,CR jungHee,CRAZY RACCOON,1st,30,18,28,28,32,"14,231","12,841","1,390",790.61,830,4,1,0.64,1.64,28,7h 50m 47s,11m 3s,36.7%,54.5%,33.3%
playoffs_split1,ALGS Year 4 Split 1 Playoffs,https://apexlegendsstatus.com/algs/Y4-Split1/ALGS-Playoffs/Global/Overview,Y4-Split1,ALGS-Playoffs,Global,Overview,,,https://apexlegendsstatus.com/algs/Y4-Split1/ALGS-Playoffs/Global/Overview,overview,83,player_stats,Scores,97,DSG Enemy,Disguised,1st,38,30,53,36,44,"21,533","19,332","2,201",717.77,"3,541",11,0,0.79,2.18,38,10h 43m 21s,12m 28s,52.6%,55%,18.2%
playoffs_split1,ALGS Year 4 Split 1 Playoffs,https://apexlegendsstatus.com/algs/Y4-Split1/ALGS-Playoffs/Global/Overview,Y4-Split1,ALGS-Playoffs,Global,Overview,,,https://apexlegendsstatus.com/algs/Y4-Split1/ALGS-Playoffs/Global/Overview,overview,83,player_stats,Scores,98,RR Datch,RED Rams,1st,30,26,23,28,39,"14,189","17,266","-3,077",545.73,"3,360",7,2,0.79,1.48,33,7h 9m 37s,9m 29s,33.3%,50%,20%
playoffs_split1,ALGS Year 4 Split 1 Playoffs,https://apexlegendsstatus.com/algs/Y4-Split1/ALGS-Playoffs/Global/Overview,Y4-Split1,ALGS-Playoffs,Global,Overview,,,https://apexlegendsstatus.com/algs/Y4-Split1/ALGS-Playoffs/Global/Overview,overview,83,player_stats,Scores,99,OXG Vein,Oxygen Esports,2nd,24,22,25,25,27,"11,727","12,597",-870,533.05,427,4,1,0.92,1.96,24,7h 3m 42s,13m 34s,62.5%,46.7%,0%
playoffs_split1,ALGS Year 4 Split 1 Playoffs,https://apexlegendsstatus.com/algs/Y4-Split1/ALGS-Playoffs/Global/Overview,Y4-Split1,ALGS-Playoffs,Global,Overview,,,https://apexlegendsstatus.com/algs/Y4-Split1/ALGS-Playoffs/Global/Overview,overview,83,player_stats,Scores,100,RC obly,REJECT WINNITY,1st,32,51,48,64,29,"25,894","17,872","8,022",507.73,840,6,3,1.89,3.67,27,9h 2m 32s,11m 11s,59.4%,63.2%,50%
playoffs_split1,ALGS Year 4 Split 1 Playoffs,https://apexlegendsstatus.com/algs/Y4-Split1/ALGS-Playoffs/Global/Overview,Y4-Split1,ALGS-Playoffs,Global,Overview,,,https://apexlegendsstatus.com/algs/Y4-Split1/ALGS-Playoffs/Global/Overview,overview,83,player_stats,Scores,101,LG Fuhhnq,LG,1st,38,32,34,39,42,"17,730","20,233","-2,503",554.06,"1,463",5,1,0.82,1.69,39,10h 11m 16s,12m 14s,60.5%,34.8%,12.5%
playoffs_split1,ALGS Year 4 Split 1 Playoffs,https://apexlegendsstatus.com/algs/Y4-Split1/ALGS-Playoffs/Global/Overview,Y4-Split1,ALGS-Playoffs,Global,Overview,,,https://apexlegendsstatus.com/algs/Y4-Split1/ALGS-Playoffs/Global/Overview,overview,83,player_stats,Scores,102,MDYW MingYue,MDY-White,4th,24,13,15,17,27,"7,907","10,306","-2,399",608.23,671,8,0,0.52,1.12,25,5h 53m 50s,12m 2s,41.7%,10%,0%
playoffs_split1,ALGS Year 4 Split 1 Playoffs,https://apexlegendsstatus.com/algs/Y4-Split1/ALGS-Playoffs/Global/Overview,Y4-Split1,ALGS-Playoffs,Global,Overview,,,https://apexlegendsstatus.com/algs/Y4-Split1/ALGS-Playoffs/Global/Overview,overview,83,player_stats,Scores,103,DSG Dezignful,Disguised,1st,38,53,34,62,45,"25,892","24,764","1,128",488.53,"2,898",5,2,1.47,2.42,36,10h 35m 52s,12m 20s,52.6%,55%,18.2%
playoffs_split1,ALGS Year 4 Split 1 Playoffs,https://apexlegendsstatus.com/algs/Y4-Split1/ALGS-Playoffs/Global/Overview,Y4-Split1,ALGS-Playoffs,Global,Overview,,,https://apexlegendsstatus.com/algs/Y4-Split1/ALGS-Playoffs/Global/Overview,overview,83,player_stats,Scores,104,VP Prycyy,Virtus.Pro,1st,32,38,20,47,32,"19,877","16,522","3,355",523.08,"1,550",5,1,1.31,2,29,9h 37m 15s,15m 4s,62.5%,65%,23.1%
playoffs_split1,ALGS Year 4 Split 1 Playoffs,https://apexlegendsstatus.com/algs/Y4-Split1/ALGS-Playoffs/Global/Overview,Y4-Split1,ALGS-Playoffs,Global,Overview,,,https://apexlegendsstatus.com/algs/Y4-Split1/ALGS-Playoffs/Global/Overview,overview,83,player_stats,Scores,105,KN MiaK,KINOTROPE gaming,1st,38,37,22,43,47,"16,808","20,597","-3,789",454.27,847,4,3,0.95,1.51,39,10h 5m 13s,13m 31s,47.4%,77.8%,28.6%
playoffs_split1,ALGS Year 4 Split 1 Playoffs,https://apexlegendsstatus.com/algs/Y4-Split1/ALGS-Playoffs/Global/Overview,Y4-Split1,ALGS-Playoffs,Global,Overview,,,https://apexlegendsstatus.com/algs/Y4-Split1/ALGS-Playoffs/Global/Overview,overview,83,player_stats,Scores,106,2R1C Uxako,2Rats1Controller,1st,32,33,40,42,40,"17,626","24,491","-6,865",534.12,"1,599",1,6,1,2.21,33,8h 25m 53s,9m 12s,37.5%,33.3%,50%
playoffs_split1,ALGS Year 4 Split 1 Playoffs,https://apexlegendsstatus.com/algs/Y4-Split1/ALGS-Playoffs/Global/Overview,Y4-Split1,ALGS-Playoffs,Global,Overview,,,https://apexlegendsstatus.com/algs/Y4-Split1/ALGS-Playoffs/Global/Overview,overview,83,player_stats,Scores,107,SRN Buegy,Serenity,1st,32,20,25,23,37,"10,547","15,505","-4,958",527.35,665,6,0,0.63,1.41,32,8h 57m 42s,13m 30s,59.4%,73.7%,7.1%
playoffs_split1,ALGS Year 4 Split 1 Playoffs,https://apexlegendsstatus.com/algs/Y4-Split1/ALGS-Playoffs/Global/Overview,Y4-Split1,ALGS-Playoffs,Global,Overview,,,https://apexlegendsstatus.com/algs/Y4-Split1/ALGS-Playoffs/Global/Overview,overview,83,player_stats,Scores,108,OMIT lighT,OMiT,1st,38,25,50,31,41,"21,629","23,018","-1,389",865.16,"1,500",4,1,0.68,2.03,37,10h 33m 4s,14m 36s,55.3%,42.9%,22.2%
playoffs_split1,ALGS Year 4 Split 1 Playoffs,https://apexlegendsstatus.com/algs/Y4-Split1/ALGS-Playoffs/Global/Overview,Y4-Split1,ALGS-Playoffs,Global,Overview,,,https://apexlegendsstatus.com/algs/Y4-Split1/ALGS-Playoffs/Global/Overview,overview,83,player_stats,Scores,109,TYK ASIAZXD,Tom Yum Kung,3rd,24,13,14,18,31,"10,530","13,616","-3,086",810,"2,124",1,0,0.45,0.93,29,5h 57m,12m 6s,37.5%,33.3%,0%
playoffs_split1,ALGS Year 4 Split 1 Playoffs,https://apexlegendsstatus.com/algs/Y4-Split1/ALGS-Playoffs/Global/Overview,Y4-Split1,ALGS-Playoffs,Global,Overview,,,https://apexlegendsstatus.com/algs/Y4-Split1/ALGS-Playoffs/Global/Overview,overview,83,player_stats,Scores,110,TLAW NeazuI,Liquid Alienware,1st,32,25,26,33,33,"15,622","16,120",-498,624.88,817,3,1,0.78,1.59,32,8h 26m 55s,13m 9s,50%,43.8%,28.6%
playoffs_split1,ALGS Year 4 Split 1 Playoffs,https://apexlegendsstatus.com/algs/Y4-Split1/ALGS-Playoffs/Global/Overview,Y4-Split1,ALGS-Playoffs,Global,Overview,,,https://apexlegendsstatus.com/algs/Y4-Split1/ALGS-Playoffs/Global/Overview,overview,83,player_stats,Scores,111,CR Dogma,CRAZY RACCOON,1st,30,21,26,25,36,"9,989","12,564","-2,575",475.67,"1,368",1,0,0.7,1.57,30,7h 43m 27s,12m 59s,36.7%,54.5%,33.3%
playoffs_split1,ALGS Year 4 Split 1 Playoffs,https://apexlegendsstatus.com/algs/Y4-Split1/ALGS-Playoffs/Global/Overview,Y4-Split1,ALGS-Playoffs,Global,Overview,,,https://apexlegendsstatus.com/algs/Y4-Split1/ALGS-Playoffs/Global/Overview,overview,83,player_stats,Scores,112,GRD Zillxch,GEARED GAMING,1st,30,25,33,27,31,"14,455","14,102",353,578.2,"1,028",2,1,0.86,2,29,7h 40m 24s,10m 32s,56.7%,35.3%,33.3%
playoffs_split1,ALGS Year 4 Split 1 Playoffs,https://apexlegendsstatus.com/algs/Y4-Split1/ALGS-Playoffs/Global/Overview,Y4-Split1,ALGS-Playoffs,Global,Overview,,,https://apexlegendsstatus.com/algs/Y4-Split1/ALGS-Playoffs/Global/Overview,overview,83,player_stats,Scores,113,C9 sauceror,Cloud9,1st,38,37,36,52,37,"21,890","19,527","2,363",591.62,"1,149",4,1,1.03,2.03,36,10h 45m 58s,14m 36s,60.5%,52.2%,16.7%
playoffs_split1,ALGS Year 4 Split 1 Playoffs,https://apexlegendsstatus.com/algs/Y4-Split1/ALGS-Playoffs/Global/Overview,Y4-Split1,ALGS-Playoffs,Global,Overview,,,https://apexlegendsstatus.com/algs/Y4-Split1/ALGS-Playoffs/Global/Overview,overview,83,player_stats,Scores,114,NTC joker_o,Never To Change,3rd,24,10,6,11,26,"5,950","9,391","-3,441",595,264,1,0,0.42,0.67,24,4h 30m 6s,10m 8s,20.8%,20%,0%
playoffs_split1,ALGS Year 4 Split 1 Playoffs,https://apexlegendsstatus.com/algs/Y4-Split1/ALGS-Playoffs/Global/Overview,Y4-Split1,ALGS-Playoffs,Global,Overview,,,https://apexlegendsstatus.com/algs/Y4-Split1/ALGS-Playoffs/Global/Overview,overview,83,player_stats,Scores,115,DZ Sikezz,DarkZero,1st,32,53,50,57,36,"24,853","20,616","4,237",468.92,"1,324",3,0,1.96,3.81,27,10h 1m 53s,12m 17s,75%,75%,33.3%
playoffs_split1,ALGS Year 4 Split 1 Playoffs,https://apexlegendsstatus.com/algs/Y4-Split1/ALGS-Playoffs/Global/Overview,Y4-Split1,ALGS-Playoffs,Global,Overview,,,https://apexlegendsstatus.com/algs/Y4-Split1/ALGS-Playoffs/Global/Overview,overview,83,player_stats,Scores,116,OXG Reedz,Oxygen Esports,2nd,24,22,23,23,30,"9,908","11,669","-1,761",450.36,656,1,1,0.88,1.8,25,6h 52m 23s,13m 15s,62.5%,46.7%,0%
playoffs_split1,ALGS Year 4 Split 1 Playoffs,https://apexlegendsstatus.com/algs/Y4-Split1/ALGS-Playoffs/Global/Overview,Y4-Split1,ALGS-Playoffs,Global,Overview,,,https://apexlegendsstatus.com/algs/Y4-Split1/ALGS-Playoffs/Global/Overview,overview,83,player_stats,Scores,117,AUR ojrein,Aurora,2nd,32,57,47,70,51,"22,451","27,778","-5,327",393.88,"6,302",1,2,1.43,2.6,40,9h 33m 7s,12m 9s,62.5%,55%,0%
playoffs_split1,ALGS Year 4 Split 1 Playoffs,https://apexlegendsstatus.com/algs/Y4-Split1/ALGS-Playoffs/Global/Overview,Y4-Split1,ALGS-Playoffs,Global,Overview,,,https://apexlegendsstatus.com/algs/Y4-Split1/ALGS-Playoffs/Global/Overview,overview,83,player_stats,Scores,118,RR Tikochan,RED Rams,1st,30,25,19,31,35,"12,489","15,487","-2,998",499.56,"2,135",12,2,0.81,1.42,31,7h 2m 19s,9m 51s,33.3%,50%,20%
playoffs_split1,ALGS Year 4 Split 1 Playoffs,https://apexlegendsstatus.com/algs/Y4-Split1/ALGS-Playoffs/Global/Overview,Y4-Split1,ALGS-Playoffs,Global,Overview,,,https://apexlegendsstatus.com/algs/Y4-Split1/ALGS-Playoffs/Global/Overview,overview,83,player_stats,Scores,119,NAVI Tylerfps,Natus Vincere,1st,30,20,23,25,33,"11,567","14,236","-2,669",578.35,"2,529",2,1,0.67,1.43,30,7h 52m 24s,14m 11s,50%,53.3%,25%
playoffs_split1,ALGS Year 4 Split 1 Playoffs,https://apexlegendsstatus.com/algs/Y4-Split1/ALGS-Playoffs/Global/Overview,Y4-Split1,ALGS-Playoffs,Global,Overview,,,https://apexlegendsstatus.com/algs/Y4-Split1/ALGS-Playoffs/Global/Overview,overview,83,player_stats,Scores,120,RC SangJoon,REJECT WINNITY,1st,32,45,62,49,37,"27,979","17,185","10,794",621.76,647,3,1,1.61,3.82,28,9h 17m 21s,14m 6s,59.4%,63.2%,50%
midseason_ewc_split1,ALGS Year 4 Midseason Playoffs / EWC,https://apexlegendsstatus.com/algs/Y4-Split1/EWC/Global/Overview,Y4-Split1,EWC,Global,Overview,,,https://apexlegendsstatus.com/algs/Y4-Split1/EWC/Global/Overview,overview,97,player_stats,Top 10 Teams,1,GK Killoposz,GeeKay Esports,0th,20,18,16,23,19,"10,885","8,342","2,543",604.72,494,4,0,0.95,1.79,19,,12m 16s,0%,0%,0%
midseason_ewc_split1,ALGS Year 4 Midseason Playoffs / EWC,https://apexlegendsstatus.com/algs/Y4-Split1/EWC/Global/Overview,Y4-Split1,EWC,Global,Overview,,,https://apexlegendsstatus.com/algs/Y4-Split1/EWC/Global/Overview,overview,97,player_stats,Top 10 Teams,2,FLCN_Genburten,Team Falcons,1st,23,28,50,31,29,"19,224","12,638","6,586",686.57,974,1,0,1.56,4.33,18,,15m 1s,73.9%,70.6%,33.3%
midseason_ewc_split1,ALGS Year 4 Midseason Playoffs / EWC,https://apexlegendsstatus.com/algs/Y4-Split1/EWC/Global/Overview,Y4-Split1,EWC,Global,Overview,,,https://apexlegendsstatus.com/algs/Y4-Split1/EWC/Global/Overview,overview,97,player_stats,Top 10 Teams,3,RR_Datch,Red Rams,1st,20,20,14,27,18,"8,795","4,843","3,952",439.75,"2,289",1,2,1.11,1.89,18,,11m 41s,35%,57.1%,25%
midseason_ewc_split1,ALGS Year 4 Midseason Playoffs / EWC,https://apexlegendsstatus.com/algs/Y4-Split1/EWC/Global/Overview,Y4-Split1,EWC,Global,Overview,,,https://apexlegendsstatus.com/algs/Y4-Split1/EWC/Global/Overview,overview,97,player_stats,Top 10 Teams,4,RC_KaronPe,Reject Winnity,4th,10,4,3,8,11,"4,587","3,646",941,1146.75,304,2,0,0.4,0.7,10,,13m 1s,30%,33.3%,0%
midseason_ewc_split1,ALGS Year 4 Midseason Playoffs / EWC,https://apexlegendsstatus.com/algs/Y4-Split1/EWC/Global/Overview,Y4-Split1,EWC,Global,Overview,,,https://apexlegendsstatus.com/algs/Y4-Split1/EWC/Global/Overview,overview,97,player_stats,Top 10 Teams,5,FaZe_Arctic,FaZe,1st,23,8,23,12,22,"12,527","11,203","1,324",1565.88,482,8,0,0.36,1.41,22,,16m 38s,56.5%,61.5%,25%
midseason_ewc_split1,ALGS Year 4 Midseason Playoffs / EWC,https://apexlegendsstatus.com/algs/Y4-Split1/EWC/Global/Overview,Y4-Split1,EWC,Global,Overview,,,https://apexlegendsstatus.com/algs/Y4-Split1/EWC/Global/Overview,overview,97,player_stats,Top 10 Teams,6,EXL Kurev,E-XOLOS LAZER,3rd,23,19,23,26,27,"19,207","15,340","3,867",1010.89,770,1,0,0.83,1.83,23,,11m 4s,52.2%,25%,0%
midseason_ewc_split1,ALGS Year 4 Midseason Playoffs / EWC,https://apexlegendsstatus.com/algs/Y4-Split1/EWC/Global/Overview,Y4-Split1,EWC,Global,Overview,,,https://apexlegendsstatus.com/algs/Y4-Split1/EWC/Global/Overview,overview,97,player_stats,Top 10 Teams,7,LG Fuhhnq,Luminosity Gaming,1st,23,27,21,35,25,"16,683","14,107","2,576",617.89,554,4,2,1.29,2.29,21,,10m 33s,60.9%,71.4%,10%
midseason_ewc_split1,ALGS Year 4 Midseason Playoffs / EWC,https://apexlegendsstatus.com/algs/Y4-Split1/EWC/Global/Overview,Y4-Split1,EWC,Global,Overview,,,https://apexlegendsstatus.com/algs/Y4-Split1/EWC/Global/Overview,overview,97,player_stats,Top 10 Teams,8,EVOS_J4ckCute,Evos Esports,4th,20,13,6,21,24,"7,691","10,223","-2,532",591.62,811,2,2,0.59,0.86,22,,13m 23s,50%,20%,0%
midseason_ewc_split1,ALGS Year 4 Midseason Playoffs / EWC,https://apexlegendsstatus.com/algs/Y4-Split1/EWC/Global/Overview,Y4-Split1,EWC,Global,Overview,,,https://apexlegendsstatus.com/algs/Y4-Split1/EWC/Global/Overview,overview,97,player_stats,Top 10 Teams,9,GUILD_Legacy,Guild Esports,1st,33,37,28,39,32,"19,792","15,113","4,679",534.92,"1,573",4,2,1.19,2.1,31,,14m 30s,69.7%,60.9%,21.4%
midseason_ewc_split1,ALGS Year 4 Midseason Playoffs / EWC,https://apexlegendsstatus.com/algs/Y4-Split1/EWC/Global/Overview,Y4-Split1,EWC,Global,Overview,,,https://apexlegendsstatus.com/algs/Y4-Split1/EWC/Global/Overview,overview,97,player_stats,Top 10 Teams,10,MKS_DEXTER,Mkers,0th,20,14,11,18,19,"10,370","7,633","2,737",740.71,945,2,0,0.78,1.39,18,,15m 36s,0%,0%,0%
midseason_ewc_split1,ALGS Year 4 Midseason Playoffs / EWC,https://apexlegendsstatus.com/algs/Y4-Split1/EWC/Global/Overview,Y4-Split1,EWC,Global,Overview,,,https://apexlegendsstatus.com/algs/Y4-Split1/EWC/Global/Overview,overview,97,player_stats,Top 10 Teams,11,TLAW_jaguares,Team Liquid,1st,23,37,43,43,25,"19,550","12,699","6,851",528.38,883,5,0,1.76,3.81,21,,14m 7s,56.5%,69.2%,22.2%
midseason_ewc_split1,ALGS Year 4 Midseason Playoffs / EWC,https://apexlegendsstatus.com/algs/Y4-Split1/EWC/Global/Overview,Y4-Split1,EWC,Global,Overview,,,https://apexlegendsstatus.com/algs/Y4-Split1/EWC/Global/Overview,overview,97,player_stats,Top 10 Teams,12,FL_Curihara,FENNEL,3rd,20,16,8,17,22,"12,111","10,107","2,004",756.94,707,2,2,0.76,1.14,21,,8m 50s,55%,27.3%,0%
midseason_ewc_split1,ALGS Year 4 Midseason Playoffs / EWC,https://apexlegendsstatus.com/algs/Y4-Split1/EWC/Global/Overview,Y4-Split1,EWC,Global,Overview,,,https://apexlegendsstatus.com/algs/Y4-Split1/EWC/Global/Overview,overview,97,player_stats,Top 10 Teams,13,KCP_Onmuu,Pioneers,3rd,20,13,13,18,23,"7,014","7,666",-652,539.54,"1,218",4,0,0.59,1.18,22,,9m 32s,30%,83.3%,0%
midseason_ewc_split1,ALGS Year 4 Midseason Playoffs / EWC,https://apexlegendsstatus.com/algs/Y4-Split1/EWC/Global/Overview,Y4-Split1,EWC,Global,Overview,,,https://apexlegendsstatus.com/algs/Y4-Split1/EWC/Global/Overview,overview,97,player_stats,Top 10 Teams,14,GG_Blasts,GaiminGladiators,1st,23,34,41,39,23,"13,849","13,379",470,407.32,"1,219",8,0,1.62,3.57,21,,11m 20s,56.5%,61.5%,25%
midseason_ewc_split1,ALGS Year 4 Midseason Playoffs / EWC,https://apexlegendsstatus.com/algs/Y4-Split1/EWC/Global/Overview,Y4-Split1,EWC,Global,Overview,,,https://apexlegendsstatus.com/algs/Y4-Split1/EWC/Global/Overview,overview,97,player_stats,Top 10 Teams,15,AUR kazakh,Aurora,1st,23,23,16,25,21,"10,352","10,278",74,450.09,"4,118",21,2,1.15,1.95,20,,11m 21s,52.2%,50%,50%
midseason_ewc_split1,ALGS Year 4 Midseason Playoffs / EWC,https://apexlegendsstatus.com/algs/Y4-Split1/EWC/Global/Overview,Y4-Split1,EWC,Global,Overview,,,https://apexlegendsstatus.com/algs/Y4-Split1/EWC/Global/Overview,overview,97,player_stats,Top 10 Teams,16,GHS_4rufa,GHS Professional,3rd,23,18,15,29,25,"13,507","12,105","1,402",750.39,150,3,0,0.78,1.43,23,,12m 53s,52.2%,33.3%,0%
midseason_ewc_split1,ALGS Year 4 Midseason Playoffs / EWC,https://apexlegendsstatus.com/algs/Y4-Split1/EWC/Global/Overview,Y4-Split1,EWC,Global,Overview,,,https://apexlegendsstatus.com/algs/Y4-Split1/EWC/Global/Overview,overview,97,player_stats,Top 10 Teams,17,NIP_Zaine,Ninjas in Pyjamas,1st,20,17,12,19,22,"12,062","9,706","2,356",709.53,399,3,0,0.85,1.45,20,,11m 40s,35%,57.1%,25%
midseason_ewc_split1,ALGS Year 4 Midseason Playoffs / EWC,https://apexlegendsstatus.com/algs/Y4-Split1/EWC/Global/Overview,Y4-Split1,EWC,Global,Overview,,,https://apexlegendsstatus.com/algs/Y4-Split1/EWC/Global/Overview,overview,97,player_stats,Top 10 Teams,18,DSG_Enemy,Disguised,2nd,20,14,19,18,24,"7,765","7,450",315,554.64,"1,653",7,0,0.7,1.65,20,,14m 19s,65%,30.8%,0%
midseason_ewc_split1,ALGS Year 4 Midseason Playoffs / EWC,https://apexlegendsstatus.com/algs/Y4-Split1/EWC/Global/Overview,Y4-Split1,EWC,Global,Overview,,,https://apexlegendsstatus.com/algs/Y4-Split1/EWC/Global/Overview,overview,97,player_stats,Top 10 Teams,19,CR_obIy,CRAZY RACCOON,0th,20,20,14,24,18,"9,664","7,839","1,825",483.2,"1,300",3,0,1.18,2,17,,14m 17s,0%,0%,0%
midseason_ewc_split1,ALGS Year 4 Midseason Playoffs / EWC,https://apexlegendsstatus.com/algs/Y4-Split1/EWC/Global/Overview,Y4-Split1,EWC,Global,Overview,,,https://apexlegendsstatus.com/algs/Y4-Split1/EWC/Global/Overview,overview,97,player_stats,Top 10 Teams,20,TWIS_EzFlashKLDZ,Twisted Minds,1st,23,26,30,30,34,"13,698","14,353",-655,526.85,"1,247",3,0,1.13,2.43,23,,11m 38s,60.9%,50%,42.9%
midseason_ewc_split1,ALGS Year 4 Midseason Playoffs / EWC,https://apexlegendsstatus.com/algs/Y4-Split1/EWC/Global/Overview,Y4-Split1,EWC,Global,Overview,,,https://apexlegendsstatus.com/algs/Y4-Split1/EWC/Global/Overview,overview,97,player_stats,Top 10 Teams,21,FL_Pinotr,FENNEL,3rd,20,16,11,28,23,"11,322","12,129",-807,707.63,910,5,2,0.76,1.29,21,,11m 10s,55%,27.3%,0%
midseason_ewc_split1,ALGS Year 4 Midseason Playoffs / EWC,https://apexlegendsstatus.com/algs/Y4-Split1/EWC/Global/Overview,Y4-Split1,EWC,Global,Overview,,,https://apexlegendsstatus.com/algs/Y4-Split1/EWC/Global/Overview,overview,97,player_stats,Top 10 Teams,22,GK Rakiiii,GeeKay Esports,0th,20,18,22,21,21,"9,604","9,555",49,533.56,292,1,0,0.95,2.11,19,,10m 0s,0%,0%,0%
midseason_ewc_split1,ALGS Year 4 Midseason Playoffs / EWC,https://apexlegendsstatus.com/algs/Y4-Split1/EWC/Global/Overview,Y4-Split1,EWC,Global,Overview,,,https://apexlegendsstatus.com/algs/Y4-Split1/EWC/Global/Overview,overview,97,player_stats,Top 10 Teams,23,RR_inkya,Red Rams,1st,20,13,13,15,20,"8,534","7,210","1,324",656.46,"2,118",0,0,0.65,1.3,20,,8m 58s,35%,57.1%,25%
midseason_ewc_split1,ALGS Year 4 Midseason Playoffs / EWC,https://apexlegendsstatus.com/algs/Y4-Split1/EWC/Global/Overview,Y4-Split1,EWC,Global,Overview,,,https://apexlegendsstatus.com/algs/Y4-Split1/EWC/Global/Overview,overview,97,player_stats,Top 10 Teams,24,GHS_1tappy,GHS Professional,3rd,23,22,10,25,27,"13,207","12,415",792,600.32,170,1,1,0.96,1.39,23,,16m 9s,52.2%,33.3%,0%
midseason_ewc_split1,ALGS Year 4 Midseason Playoffs / EWC,https://apexlegendsstatus.com/algs/Y4-Split1/EWC/Global/Overview,Y4-Split1,EWC,Global,Overview,,,https://apexlegendsstatus.com/algs/Y4-Split1/EWC/Global/Overview,overview,97,player_stats,Top 10 Teams,25,GUILD_Emtee,Guild Esports,1st,33,25,37,32,36,"24,453","18,360","6,093",978.12,"1,338",3,1,0.81,2,31,,15m 46s,69.7%,60.9%,21.4%
midseason_ewc_split1,ALGS Year 4 Midseason Playoffs / EWC,https://apexlegendsstatus.com/algs/Y4-Split1/EWC/Global/Overview,Y4-Split1,EWC,Global,Overview,,,https://apexlegendsstatus.com/algs/Y4-Split1/EWC/Global/Overview,overview,97,player_stats,Top 10 Teams,26,RC_JungHee,Reject Winnity,4th,10,3,3,5,11,"3,558","2,819",739,1186,521,1,1,0.3,0.6,10,,10m 46s,30%,33.3%,0%
midseason_ewc_split1,ALGS Year 4 Midseason Playoffs / EWC,https://apexlegendsstatus.com/algs/Y4-Split1/EWC/Global/Overview,Y4-Split1,EWC,Global,Overview,,,https://apexlegendsstatus.com/algs/Y4-Split1/EWC/Global/Overview,overview,97,player_stats,Top 10 Teams,27,GG_lighT,GaiminGladiators,1st,23,20,41,20,25,"16,245","15,683",562,812.25,"1,146",2,1,1,3.05,20,,11m 13s,56.5%,61.5%,25%
midseason_ewc_split1,ALGS Year 4 Midseason Playoffs / EWC,https://apexlegendsstatus.com/algs/Y4-Split1/EWC/Global/Overview,Y4-Split1,EWC,Global,Overview,,,https://apexlegendsstatus.com/algs/Y4-Split1/EWC/Global/Overview,overview,97,player_stats,Top 10 Teams,28,TLAW_YanYa,Team Liquid,1st,23,43,36,48,24,"20,265","14,448","5,817",471.28,828,4,0,1.95,3.59,22,,13m 18s,56.5%,69.2%,22.2%
midseason_ewc_split1,ALGS Year 4 Midseason Playoffs / EWC,https://apexlegendsstatus.com/algs/Y4-Split1/EWC/Global/Overview,Y4-Split1,EWC,Global,Overview,,,https://apexlegendsstatus.com/algs/Y4-Split1/EWC/Global/Overview,overview,97,player_stats,Top 10 Teams,29,FLCN_ImperialHal,Team Falcons,1st,23,50,46,57,20,"26,894","15,817","11,077",537.88,671,7,0,2.78,5.33,18,,11m 24s,73.9%,70.6%,33.3%
midseason_ewc_split1,ALGS Year 4 Midseason Playoffs / EWC,https://apexlegendsstatus.com/algs/Y4-Split1/EWC/Global/Overview,Y4-Split1,EWC,Global,Overview,,,https://apexlegendsstatus.com/algs/Y4-Split1/EWC/Global/Overview,overview,97,player_stats,Top 10 Teams,30,MKS_ASIAZXD,Mkers,0th,20,17,10,19,19,"9,522","7,779","1,743",560.12,"1,035",0,0,0.89,1.42,19,,16m 51s,0%,0%,0%
midseason_ewc_split1,ALGS Year 4 Midseason Playoffs / EWC,https://apexlegendsstatus.com/algs/Y4-Split1/EWC/Global/Overview,Y4-Split1,EWC,Global,Overview,,,https://apexlegendsstatus.com/algs/Y4-Split1/EWC/Global/Overview,overview,97,player_stats,Top 10 Teams,31,EVOS_GOPGAPz,Evos Esports,4th,20,9,11,15,23,"9,576","9,659",-83,1064,"1,592",3,2,0.43,0.95,21,,12m 9s,50%,20%,0%
midseason_ewc_split1,ALGS Year 4 Midseason Playoffs / EWC,https://apexlegendsstatus.com/algs/Y4-Split1/EWC/Global/Overview,Y4-Split1,EWC,Global,Overview,,,https://apexlegendsstatus.com/algs/Y4-Split1/EWC/Global/Overview,overview,97,player_stats,Top 10 Teams,32,LG Sikezz,Luminosity Gaming,1st,23,22,24,30,24,"15,983","14,975","1,008",726.5,596,4,1,1,2.09,22,,9m 60s,60.9%,71.4%,10%
midseason_ewc_split1,ALGS Year 4 Midseason Playoffs / EWC,https://apexlegendsstatus.com/algs/Y4-Split1/EWC/Global/Overview,Y4-Split1,EWC,Global,Overview,,,https://apexlegendsstatus.com/algs/Y4-Split1/EWC/Global/Overview,overview,97,player_stats,Top 10 Teams,33,DSG_Dezignful,Disguised,2nd,20,20,15,28,24,"16,800","11,755","5,045",840,"1,947",2,1,1.05,1.84,19,,10m 8s,65%,30.8%,0%
midseason_ewc_split1,ALGS Year 4 Midseason Playoffs / EWC,https://apexlegendsstatus.com/algs/Y4-Split1/EWC/Global/Overview,Y4-Split1,EWC,Global,Overview,,,https://apexlegendsstatus.com/algs/Y4-Split1/EWC/Global/Overview,overview,97,player_stats,Top 10 Teams,34,NIP_Amphy,Ninjas in Pyjamas,1st,20,13,18,15,20,"7,063","7,853",-790,543.31,383,2,0,0.72,1.72,18,,11m 42s,35%,57.1%,25%
midseason_ewc_split1,ALGS Year 4 Midseason Playoffs / EWC,https://apexlegendsstatus.com/algs/Y4-Split1/EWC/Global/Overview,Y4-Split1,EWC,Global,Overview,,,https://apexlegendsstatus.com/algs/Y4-Split1/EWC/Global/Overview,overview,97,player_stats,Top 10 Teams,35,EXL Azazel,E-XOLOS LAZER,3rd,23,20,22,25,25,"12,015","12,122",-107,600.75,927,8,2,0.91,1.91,22,,14m 49s,52.2%,25%,0%
midseason_ewc_split1,ALGS Year 4 Midseason Playoffs / EWC,https://apexlegendsstatus.com/algs/Y4-Split1/EWC/Global/Overview,Y4-Split1,EWC,Global,Overview,,,https://apexlegendsstatus.com/algs/Y4-Split1/EWC/Global/Overview,overview,97,player_stats,Top 10 Teams,36,FaZe_Naghz,FaZe,1st,23,26,20,34,21,"16,689","12,553","4,136",641.88,422,3,0,1.3,2.3,20,,13m 52s,56.5%,61.5%,25%
midseason_ewc_split1,ALGS Year 4 Midseason Playoffs / EWC,https://apexlegendsstatus.com/algs/Y4-Split1/EWC/Global/Overview,Y4-Split1,EWC,Global,Overview,,,https://apexlegendsstatus.com/algs/Y4-Split1/EWC/Global/Overview,overview,97,player_stats,Top 10 Teams,37,AUR nine,Aurora,1st,23,21,29,23,33,"11,823","11,960",-137,563,"4,198",1,3,1,2.38,21,,12m 16s,52.2%,50%,50%
midseason_ewc_split1,ALGS Year 4 Midseason Playoffs / EWC,https://apexlegendsstatus.com/algs/Y4-Split1/EWC/Global/Overview,Y4-Split1,EWC,Global,Overview,,,https://apexlegendsstatus.com/algs/Y4-Split1/EWC/Global/Overview,overview,97,player_stats,Top 10 Teams,38,TWIS_PlayerKay,Twisted Minds,1st,23,24,36,29,25,"13,334","12,954",380,555.58,946,8,0,1.09,2.73,22,,14m 35s,60.9%,50%,42.9%
midseason_ewc_split1,ALGS Year 4 Midseason Playoffs / EWC,https://apexlegendsstatus.com/algs/Y4-Split1/EWC/Global/Overview,Y4-Split1,EWC,Global,Overview,,,https://apexlegendsstatus.com/algs/Y4-Split1/EWC/Global/Overview,overview,97,player_stats,Top 10 Teams,39,KCP_Deeds,Pioneers,3rd,20,12,15,14,23,"7,325","7,689",-364,610.42,"1,368",6,1,0.57,1.29,21,,8m 53s,30%,83.3%,0%
midseason_ewc_split1,ALGS Year 4 Midseason Playoffs / EWC,https://apexlegendsstatus.com/algs/Y4-Split1/EWC/Global/Overview,Y4-Split1,EWC,Global,Overview,,,https://apexlegendsstatus.com/algs/Y4-Split1/EWC/Global/Overview,overview,97,player_stats,Top 10 Teams,40,CR_Jusna,CRAZY RACCOON,0th,20,18,20,21,18,"8,669","6,795","1,874",481.61,"1,064",3,1,1.06,2.24,17,,12m 45s,0%,0%,0%
midseason_ewc_split1,ALGS Year 4 Midseason Playoffs / EWC,https://apexlegendsstatus.com/algs/Y4-Split1/EWC/Global/Overview,Y4-Split1,EWC,Global,Overview,,,https://apexlegendsstatus.com/algs/Y4-Split1/EWC/Global/Overview,overview,97,player_stats,Top 10 Teams,41,GK Panayie,GeeKay Esports,0th,20,14,14,19,22,"7,534","8,989","-1,455",538.14,284,4,0,0.74,1.47,19,,13m 2s,0%,0%,0%
midseason_ewc_split1,ALGS Year 4 Midseason Playoffs / EWC,https://apexlegendsstatus.com/algs/Y4-Split1/EWC/Global/Overview,Y4-Split1,EWC,Global,Overview,,,https://apexlegendsstatus.com/algs/Y4-Split1/EWC/Global/Overview,overview,97,player_stats,Top 10 Teams,42,AUR ojrein,Aurora,1st,23,36,27,41,24,"14,804","11,401","3,403",411.22,"4,179",1,0,1.71,3,21,,9m 41s,52.2%,50%,50%
midseason_ewc_split1,ALGS Year 4 Midseason Playoffs / EWC,https://apexlegendsstatus.com/algs/Y4-Split1/EWC/Global/Overview,Y4-Split1,EWC,Global,Overview,,,https://apexlegendsstatus.com/algs/Y4-Split1/EWC/Global/Overview,overview,97,player_stats,Top 10 Teams,43,FaZe_Sinetic,FaZe,1st,23,33,13,37,28,"17,063","13,046","4,017",517.06,566,0,1,1.65,2.3,20,,13m 8s,56.5%,61.5%,25%
midseason_ewc_split1,ALGS Year 4 Midseason Playoffs / EWC,https://apexlegendsstatus.com/algs/Y4-Split1/EWC/Global/Overview,Y4-Split1,EWC,Global,Overview,,,https://apexlegendsstatus.com/algs/Y4-Split1/EWC/Global/Overview,overview,97,player_stats,Top 10 Teams,44,MKS_Z1CKKY,Mkers,0th,20,5,14,9,20,"6,901","6,554",347,1380.2,723,3,1,0.28,1.06,18,,14m 29s,0%,0%,0%
midseason_ewc_split1,ALGS Year 4 Midseason Playoffs / EWC,https://apexlegendsstatus.com/algs/Y4-Split1/EWC/Global/Overview,Y4-Split1,EWC,Global,Overview,,,https://apexlegendsstatus.com/algs/Y4-Split1/EWC/Global/Overview,overview,97,player_stats,Top 10 Teams,45,RC_Dogma,Reject Winnity,4th,10,1,2,1,12,"2,214","4,342","-2,128",2214,235,1,2,0.1,0.3,10,,15m 42s,30%,33.3%,0%
midseason_ewc_split1,ALGS Year 4 Midseason Playoffs / EWC,https://apexlegendsstatus.com/algs/Y4-Split1/EWC/Global/Overview,Y4-Split1,EWC,Global,Overview,,,https://apexlegendsstatus.com/algs/Y4-Split1/EWC/Global/Overview,overview,97,player_stats,Top 10 Teams,46,TLAW_Neazul,Team Liquid,1st,23,27,43,36,29,"15,669","13,594","2,075",580.33,"1,232",6,1,1.29,3.33,21,,11m 48s,56.5%,69.2%,22.2%
midseason_ewc_split1,ALGS Year 4 Midseason Playoffs / EWC,https://apexlegendsstatus.com/algs/Y4-Split1/EWC/Global/Overview,Y4-Split1,EWC,Global,Overview,,,https://apexlegendsstatus.com/algs/Y4-Split1/EWC/Global/Overview,overview,97,player_stats,Top 10 Teams,47,GG_Lufka,GaiminGladiators,1st,23,35,26,40,24,"14,240","13,841",399,406.86,"1,179",8,0,1.75,3.05,20,,10m 36s,56.5%,61.5%,25%
midseason_ewc_split1,ALGS Year 4 Midseason Playoffs / EWC,https://apexlegendsstatus.com/algs/Y4-Split1/EWC/Global/Overview,Y4-Split1,EWC,Global,Overview,,,https://apexlegendsstatus.com/algs/Y4-Split1/EWC/Global/Overview,overview,97,player_stats,Top 10 Teams,48,GHS_wabu,GHS Professional,3rd,23,4,27,5,23,"4,061","6,970","-2,909",1015.25,515,5,2,0.17,1.35,23,,15m 10s,52.2%,33.3%,0%
midseason_ewc_split1,ALGS Year 4 Midseason Playoffs / EWC,https://apexlegendsstatus.com/algs/Y4-Split1/EWC/Global/Overview,Y4-Split1,EWC,Global,Overview,,,https://apexlegendsstatus.com/algs/Y4-Split1/EWC/Global/Overview,overview,97,player_stats,Top 10 Teams,49,NIP_Gnaske,Ninjas in Pyjamas,1st,20,14,18,15,23,"11,218","10,959",259,801.29,175,6,2,0.78,1.78,18,,11m 40s,35%,57.1%,25%
midseason_ewc_split1,ALGS Year 4 Midseason Playoffs / EWC,https://apexlegendsstatus.com/algs/Y4-Split1/EWC/Global/Overview,Y4-Split1,EWC,Global,Overview,,,https://apexlegendsstatus.com/algs/Y4-Split1/EWC/Global/Overview,overview,97,player_stats,Top 10 Teams,50,TWIS_StrafingFlame,Twisted Minds,1st,23,42,32,48,22,"20,054","16,160","3,894",477.48,"1,217",8,7,2.21,3.89,19,,13m 38s,60.9%,50%,42.9%
midseason_ewc_split1,ALGS Year 4 Midseason Playoffs / EWC,https://apexlegendsstatus.com/algs/Y4-Split1/EWC/Global/Overview,Y4-Split1,EWC,Global,Overview,,,https://apexlegendsstatus.com/algs/Y4-Split1/EWC/Global/Overview,overview,97,player_stats,Top 10 Teams,51,KCP_gent,Pioneers,3rd,20,10,16,17,24,"11,262","8,412","2,850",1126.2,"1,826",1,4,0.53,1.37,19,,7m,30%,83.3%,0%
midseason_ewc_split1,ALGS Year 4 Midseason Playoffs / EWC,https://apexlegendsstatus.com/algs/Y4-Split1/EWC/Global/Overview,Y4-Split1,EWC,Global,Overview,,,https://apexlegendsstatus.com/algs/Y4-Split1/EWC/Global/Overview,overview,97,player_stats,Top 10 Teams,52,GUILD_Jesko,Guild Esports,1st,33,27,19,32,32,"15,998","14,002","1,996",592.52,"1,337",4,1,0.87,1.48,31,,7m 53s,69.7%,60.9%,21.4%
midseason_ewc_split1,ALGS Year 4 Midseason Playoffs / EWC,https://apexlegendsstatus.com/algs/Y4-Split1/EWC/Global/Overview,Y4-Split1,EWC,Global,Overview,,,https://apexlegendsstatus.com/algs/Y4-Split1/EWC/Global/Overview,overview,97,player_stats,Top 10 Teams,53,DSG_Qzier,Disguised,2nd,20,28,10,36,22,"10,926","8,203","2,723",390.21,"1,493",7,1,1.4,1.9,20,,13m 56s,65%,30.8%,0%
midseason_ewc_split1,ALGS Year 4 Midseason Playoffs / EWC,https://apexlegendsstatus.com/algs/Y4-Split1/EWC/Global/Overview,Y4-Split1,EWC,Global,Overview,,,https://apexlegendsstatus.com/algs/Y4-Split1/EWC/Global/Overview,overview,97,player_stats,Top 10 Teams,54,LG Sweet,Luminosity Gaming,1st,23,27,28,28,27,"16,324","16,409",-85,604.59,457,6,0,1.17,2.39,23,,10m 17s,60.9%,71.4%,10%
midseason_ewc_split1,ALGS Year 4 Midseason Playoffs / EWC,https://apexlegendsstatus.com/algs/Y4-Split1/EWC/Global/Overview,Y4-Split1,EWC,Global,Overview,,,https://apexlegendsstatus.com/algs/Y4-Split1/EWC/Global/Overview,overview,97,player_stats,Top 10 Teams,55,EVOS_F4FAFIF,Evos Esports,4th,20,12,8,14,22,"10,234","9,417",817,852.83,"2,015",3,3,0.57,0.95,21,,13m 36s,50%,20%,0%
midseason_ewc_split1,ALGS Year 4 Midseason Playoffs / EWC,https://apexlegendsstatus.com/algs/Y4-Split1/EWC/Global/Overview,Y4-Split1,EWC,Global,Overview,,,https://apexlegendsstatus.com/algs/Y4-Split1/EWC/Global/Overview,overview,97,player_stats,Top 10 Teams,56,FLCN_Zer0,Team Falcons,1st,23,44,40,56,23,"20,005","17,630","2,375",454.66,768,7,0,2.44,4.67,18,,11m 9s,73.9%,70.6%,33.3%
midseason_ewc_split1,ALGS Year 4 Midseason Playoffs / EWC,https://apexlegendsstatus.com/algs/Y4-Split1/EWC/Global/Overview,Y4-Split1,EWC,Global,Overview,,,https://apexlegendsstatus.com/algs/Y4-Split1/EWC/Global/Overview,overview,97,player_stats,Top 10 Teams,57,FL_Mo-mon,FENNEL,3rd,20,13,13,19,25,"8,605","10,964","-2,359",661.92,573,3,2,0.62,1.24,21,,7m 49s,55%,27.3%,0%
midseason_ewc_split1,ALGS Year 4 Midseason Playoffs / EWC,https://apexlegendsstatus.com/algs/Y4-Split1/EWC/Global/Overview,Y4-Split1,EWC,Global,Overview,,,https://apexlegendsstatus.com/algs/Y4-Split1/EWC/Global/Overview,overview,97,player_stats,Top 10 Teams,58,CR_SangJoon,CRAZY RACCOON,0th,20,12,22,16,23,"13,570","8,989","4,581",1130.83,"1,214",1,0,0.63,1.79,19,,9m 10s,0%,0%,0%
midseason_ewc_split1,ALGS Year 4 Midseason Playoffs / EWC,https://apexlegendsstatus.com/algs/Y4-Split1/EWC/Global/Overview,Y4-Split1,EWC,Global,Overview,,,https://apexlegendsstatus.com/algs/Y4-Split1/EWC/Global/Overview,overview,97,player_stats,Top 10 Teams,59,EXL Brutus,E-XOLOS LAZER,3rd,23,20,21,24,25,"14,849","13,082","1,767",742.45,"1,024",4,0,0.87,1.78,23,,11m 1s,52.2%,25%,0%
midseason_ewc_split1,ALGS Year 4 Midseason Playoffs / EWC,https://apexlegendsstatus.com/algs/Y4-Split1/EWC/Global/Overview,Y4-Split1,EWC,Global,Overview,,,https://apexlegendsstatus.com/algs/Y4-Split1/EWC/Global/Overview,overview,97,player_stats,Top 10 Teams,60,RR_wayachang,Red Rams,1st,20,13,20,14,19,"6,229","6,463",-234,479.15,"2,121",2,0,0.72,1.83,18,,13m 10s,35%,57.1%,25%
midseason_ewc_split1,ALGS Year 4 Midseason Playoffs / EWC,https://apexlegendsstatus.com/algs/Y4-Split1/EWC/Global/Overview,Y4-Split1,EWC,Global,Overview,,,https://apexlegendsstatus.com/algs/Y4-Split1/EWC/Global/Overview,overview,97,player_stats,Top 10 Teams,61,NAVI_iHenchman,Natus Vincere,2nd,20,16,24,19,25,"9,979","9,569",410,623.69,"1,907",0,3,0.76,1.9,21,,13m 59s,40%,37.5%,0%
midseason_ewc_split1,ALGS Year 4 Midseason Playoffs / EWC,https://apexlegendsstatus.com/algs/Y4-Split1/EWC/Global/Overview,Y4-Split1,EWC,Global,Overview,,,https://apexlegendsstatus.com/algs/Y4-Split1/EWC/Global/Overview,overview,97,player_stats,Top 10 Teams,62,TSM_Verhulst,TSM,1st,20,24,22,26,22,"11,782","9,256","2,526",490.92,"1,623",2,0,1.2,2.3,20,,12m 11s,40%,75%,16.7%
midseason_ewc_split1,ALGS Year 4 Midseason Playoffs / EWC,https://apexlegendsstatus.com/algs/Y4-Split1/EWC/Global/Overview,Y4-Split1,EWC,Global,Overview,,,https://apexlegendsstatus.com/algs/Y4-Split1/EWC/Global/Overview,overview,97,player_stats,Top 10 Teams,63,EXO_KSWINNIIE,EXO Clan,1st,23,23,36,26,26,"16,380","13,249","3,131",712.17,345,2,1,1.05,2.68,22,,13m 41s,69.6%,37.5%,33.3%
midseason_ewc_split1,ALGS Year 4 Midseason Playoffs / EWC,https://apexlegendsstatus.com/algs/Y4-Split1/EWC/Global/Overview,Y4-Split1,EWC,Global,Overview,,,https://apexlegendsstatus.com/algs/Y4-Split1/EWC/Global/Overview,overview,97,player_stats,Top 10 Teams,64,DRG_Sleep,Dragons Esports,1st,23,24,21,29,28,"11,621","13,981","-2,360",484.21,895,12,0,1,1.88,24,,12m 11s,43.5%,40%,25%
midseason_ewc_split1,ALGS Year 4 Midseason Playoffs / EWC,https://apexlegendsstatus.com/algs/Y4-Split1/EWC/Global/Overview,Y4-Split1,EWC,Global,Overview,,,https://apexlegendsstatus.com/algs/Y4-Split1/EWC/Global/Overview,overview,97,player_stats,Top 10 Teams,65,Alliance_Hakis,Alliance,1st,23,23,40,23,25,"15,700","14,750",950,682.61,"1,774",3,1,1.05,2.86,22,,13m 17s,78.3%,61.1%,18.2%
midseason_ewc_split1,ALGS Year 4 Midseason Playoffs / EWC,https://apexlegendsstatus.com/algs/Y4-Split1/EWC/Global/Overview,Y4-Split1,EWC,Global,Overview,,,https://apexlegendsstatus.com/algs/Y4-Split1/EWC/Global/Overview,overview,97,player_stats,Top 10 Teams,66,FNC_Satuki,FNATIC,1st,23,25,19,32,24,"13,852","9,649","4,203",554.08,"1,994",1,0,1.14,2,22,,10m 48s,30.4%,57.1%,25%
midseason_ewc_split1,ALGS Year 4 Midseason Playoffs / EWC,https://apexlegendsstatus.com/algs/Y4-Split1/EWC/Global/Overview,Y4-Split1,EWC,Global,Overview,,,https://apexlegendsstatus.com/algs/Y4-Split1/EWC/Global/Overview,overview,97,player_stats,Top 10 Teams,67,SSG_XYNEW,SpaceStation Gaming,1st,33,39,37,50,39,"24,936","16,647","8,289",639.38,"1,675",4,0,1.26,2.45,31,,14m 43s,48.5%,37.5%,33.3%
midseason_ewc_split1,ALGS Year 4 Midseason Playoffs / EWC,https://apexlegendsstatus.com/algs/Y4-Split1/EWC/Global/Overview,Y4-Split1,EWC,Global,Overview,,,https://apexlegendsstatus.com/algs/Y4-Split1/EWC/Global/Overview,overview,97,player_stats,Top 10 Teams,68,E8xBLD Zachmazer,Elev8 x Bleed,1st,23,29,34,34,29,"14,862","14,675",187,512.48,"1,389",4,0,1.26,2.74,23,,14m 15s,60.9%,42.9%,16.7%
midseason_ewc_split1,ALGS Year 4 Midseason Playoffs / EWC,https://apexlegendsstatus.com/algs/Y4-Split1/EWC/Global/Overview,Y4-Split1,EWC,Global,Overview,,,https://apexlegendsstatus.com/algs/Y4-Split1/EWC/Global/Overview,overview,97,player_stats,Top 10 Teams,69,iiTzTimmy,Mizuchi,1st,23,19,25,26,26,"16,509","13,830","2,679",868.89,"1,496",5,1,0.83,1.91,23,,14m 17s,43.5%,80%,25%
midseason_ewc_split1,ALGS Year 4 Midseason Playoffs / EWC,https://apexlegendsstatus.com/algs/Y4-Split1/EWC/Global/Overview,Y4-Split1,EWC,Global,Overview,,,https://apexlegendsstatus.com/algs/Y4-Split1/EWC/Global/Overview,overview,97,player_stats,Top 10 Teams,70,NRG_Reptar,NRG,1st,20,16,12,19,22,"8,978","11,416","-2,438",561.13,381,8,0,0.8,1.4,20,,11m 59s,60%,41.7%,20%
midseason_ewc_split1,ALGS Year 4 Midseason Playoffs / EWC,https://apexlegendsstatus.com/algs/Y4-Split1/EWC/Global/Overview,Y4-Split1,EWC,Global,Overview,,,https://apexlegendsstatus.com/algs/Y4-Split1/EWC/Global/Overview,overview,97,player_stats,Top 10 Teams,71,Riddle YUKIO,RIDDLE ORDER,6th,10,2,3,6,12,"3,980","5,859","-1,879",1990,99,2,0,0.18,0.45,11,,16m 39s,30%,0%,0%
midseason_ewc_split1,ALGS Year 4 Midseason Playoffs / EWC,https://apexlegendsstatus.com/algs/Y4-Split1/EWC/Global/Overview,Y4-Split1,EWC,Global,Overview,,,https://apexlegendsstatus.com/algs/Y4-Split1/EWC/Global/Overview,overview,97,player_stats,Top 10 Teams,72,BLCK_Hiarka,Blacklist International,3rd,23,17,19,21,24,"10,716","13,542","-2,826",630.35,478,5,1,0.74,1.57,23,,12m 7s,43.5%,60%,0%
midseason_ewc_split1,ALGS Year 4 Midseason Playoffs / EWC,https://apexlegendsstatus.com/algs/Y4-Split1/EWC/Global/Overview,Y4-Split1,EWC,Global,Overview,,,https://apexlegendsstatus.com/algs/Y4-Split1/EWC/Global/Overview,overview,97,player_stats,Top 10 Teams,73,HRZ laheemx_,HEROEZ,2nd,20,13,7,13,20,"7,276","9,853","-2,577",559.69,220,0,0,0.65,1,20,,12m 6s,45%,44.4%,0%
midseason_ewc_split1,ALGS Year 4 Midseason Playoffs / EWC,https://apexlegendsstatus.com/algs/Y4-Split1/EWC/Global/Overview,Y4-Split1,EWC,Global,Overview,,,https://apexlegendsstatus.com/algs/Y4-Split1/EWC/Global/Overview,overview,97,player_stats,Top 10 Teams,74,VP_Sharky,Virtus.Pro,1st,20,29,10,33,20,"10,954","9,385","1,569",377.72,696,1,0,1.53,2.05,19,,14m 37s,45%,55.6%,20%
midseason_ewc_split1,ALGS Year 4 Midseason Playoffs / EWC,https://apexlegendsstatus.com/algs/Y4-Split1/EWC/Global/Overview,Y4-Split1,EWC,Global,Overview,,,https://apexlegendsstatus.com/algs/Y4-Split1/EWC/Global/Overview,overview,97,player_stats,Top 10 Teams,75,Nth_Taida,NORTHEPTION,2nd,20,18,26,19,23,"16,281","9,903","6,378",904.5,531,3,1,0.9,2.2,20,,9m 53s,55%,63.6%,0%
midseason_ewc_split1,ALGS Year 4 Midseason Playoffs / EWC,https://apexlegendsstatus.com/algs/Y4-Split1/EWC/Global/Overview,Y4-Split1,EWC,Global,Overview,,,https://apexlegendsstatus.com/algs/Y4-Split1/EWC/Global/Overview,overview,97,player_stats,Top 10 Teams,76,HAO_wgtagashi,HAO,2nd,20,18,21,23,22,"11,456","10,310","1,146",636.44,207,4,1,0.9,1.95,20,,15m 32s,60%,25%,0%
midseason_ewc_split1,ALGS Year 4 Midseason Playoffs / EWC,https://apexlegendsstatus.com/algs/Y4-Split1/EWC/Global/Overview,Y4-Split1,EWC,Global,Overview,,,https://apexlegendsstatus.com/algs/Y4-Split1/EWC/Global/Overview,overview,97,player_stats,Top 10 Teams,77,LGD_FeiJu,LGD GAMING,1st,23,15,20,17,35,"13,008","15,080","-2,072",867.2,"1,089",0,0,0.6,1.4,25,,11m 46s,43.5%,40%,25%
midseason_ewc_split1,ALGS Year 4 Midseason Playoffs / EWC,https://apexlegendsstatus.com/algs/Y4-Split1/EWC/Global/Overview,Y4-Split1,EWC,Global,Overview,,,https://apexlegendsstatus.com/algs/Y4-Split1/EWC/Global/Overview,overview,97,player_stats,Top 10 Teams,78,DMS_Prestis,DMS,1st,23,27,13,34,26,"19,834","17,173","2,661",734.59,901,3,0,1.17,1.74,23,,13m 45s,60.9%,64.3%,22.2%
midseason_ewc_split1,ALGS Year 4 Midseason Playoffs / EWC,https://apexlegendsstatus.com/algs/Y4-Split1/EWC/Global/Overview,Y4-Split1,EWC,Global,Overview,,,https://apexlegendsstatus.com/algs/Y4-Split1/EWC/Global/Overview,overview,97,player_stats,Top 10 Teams,79,WBG_Boring,Weibo Gaming,1st,20,12,12,16,22,"7,605","9,135","-1,530",633.75,965,3,1,0.6,1.2,20,,16m 9s,20%,50%,50%
midseason_ewc_split1,ALGS Year 4 Midseason Playoffs / EWC,https://apexlegendsstatus.com/algs/Y4-Split1/EWC/Global/Overview,Y4-Split1,EWC,Global,Overview,,,https://apexlegendsstatus.com/algs/Y4-Split1/EWC/Global/Overview,overview,97,player_stats,Top 10 Teams,80,TIE_Axis,TIE,2nd,20,21,6,29,21,"15,087","11,710","3,377",718.43,548,1,2,1,1.29,21,,12m 37s,45%,33.3%,0%
midseason_ewc_split1,ALGS Year 4 Midseason Playoffs / EWC,https://apexlegendsstatus.com/algs/Y4-Split1/EWC/Global/Overview,Y4-Split1,EWC,Global,Overview,,,https://apexlegendsstatus.com/algs/Y4-Split1/EWC/Global/Overview,overview,97,player_stats,Top 10 Teams,81,VP_Wey,Virtus.Pro,1st,20,8,15,10,19,"7,095","9,184","-2,089",886.88,"1,010",1,0,0.42,1.21,19,,20m 22s,45%,55.6%,20%
midseason_ewc_split1,ALGS Year 4 Midseason Playoffs / EWC,https://apexlegendsstatus.com/algs/Y4-Split1/EWC/Global/Overview,Y4-Split1,EWC,Global,Overview,,,https://apexlegendsstatus.com/algs/Y4-Split1/EWC/Global/Overview,overview,97,player_stats,Top 10 Teams,82,Riddle saku,RIDDLE ORDER,6th,10,4,3,7,12,"4,310","5,726","-1,416",1077.5,73,1,2,0.4,0.7,10,,7m 42s,30%,0%,0%
midseason_ewc_split1,ALGS Year 4 Midseason Playoffs / EWC,https://apexlegendsstatus.com/algs/Y4-Split1/EWC/Global/Overview,Y4-Split1,EWC,Global,Overview,,,https://apexlegendsstatus.com/algs/Y4-Split1/EWC/Global/Overview,overview,97,player_stats,Top 10 Teams,83,DMS_taskmast33r,DMS,1st,23,20,21,27,25,"16,883","16,666",217,844.15,845,3,2,0.87,1.78,23,,14m 29s,60.9%,64.3%,22.2%
midseason_ewc_split1,ALGS Year 4 Midseason Playoffs / EWC,https://apexlegendsstatus.com/algs/Y4-Split1/EWC/Global/Overview,Y4-Split1,EWC,Global,Overview,,,https://apexlegendsstatus.com/algs/Y4-Split1/EWC/Global/Overview,overview,97,player_stats,Top 10 Teams,84,Nth_YukaPEROdator,NORTHEPTION,2nd,20,19,21,23,25,"9,284","8,631",653,488.63,381,2,1,0.95,2,20,,14m 4s,55%,63.6%,0%
midseason_ewc_split1,ALGS Year 4 Midseason Playoffs / EWC,https://apexlegendsstatus.com/algs/Y4-Split1/EWC/Global/Overview,Y4-Split1,EWC,Global,Overview,,,https://apexlegendsstatus.com/algs/Y4-Split1/EWC/Global/Overview,overview,97,player_stats,Top 10 Teams,85,TSM_zap,TSM,1st,20,20,22,26,21,"8,674","9,041",-367,433.7,"1,282",1,2,1.05,2.21,19,,10m 56s,40%,75%,16.7%
midseason_ewc_split1,ALGS Year 4 Midseason Playoffs / EWC,https://apexlegendsstatus.com/algs/Y4-Split1/EWC/Global/Overview,Y4-Split1,EWC,Global,Overview,,,https://apexlegendsstatus.com/algs/Y4-Split1/EWC/Global/Overview,overview,97,player_stats,Top 10 Teams,86,HRZ Kisanss,HEROEZ,2nd,20,6,11,8,21,"10,320","11,056",-736,1720,187,2,0,0.3,0.85,20,,13m 59s,45%,44.4%,0%
midseason_ewc_split1,ALGS Year 4 Midseason Playoffs / EWC,https://apexlegendsstatus.com/algs/Y4-Split1/EWC/Global/Overview,Y4-Split1,EWC,Global,Overview,,,https://apexlegendsstatus.com/algs/Y4-Split1/EWC/Global/Overview,overview,97,player_stats,Top 10 Teams,87,Wxltzy,Mizuchi,1st,23,32,18,37,28,"19,234","14,992","4,242",601.06,"1,150",1,2,1.45,2.27,22,,13m 30s,43.5%,80%,25%
midseason_ewc_split1,ALGS Year 4 Midseason Playoffs / EWC,https://apexlegendsstatus.com/algs/Y4-Split1/EWC/Global/Overview,Y4-Split1,EWC,Global,Overview,,,https://apexlegendsstatus.com/algs/Y4-Split1/EWC/Global/Overview,overview,97,player_stats,Top 10 Teams,88,WBG_Gusenpa1,Weibo Gaming,1st,20,18,16,27,21,"9,214","9,221",-7,511.89,479,2,0,0.9,1.7,20,,8m 51s,20%,50%,50%
midseason_ewc_split1,ALGS Year 4 Midseason Playoffs / EWC,https://apexlegendsstatus.com/algs/Y4-Split1/EWC/Global/Overview,Y4-Split1,EWC,Global,Overview,,,https://apexlegendsstatus.com/algs/Y4-Split1/EWC/Global/Overview,overview,97,player_stats,Top 10 Teams,89,LGD_MingYue,LGD GAMING,1st,23,8,39,11,24,"9,188","7,781","1,407",1148.5,"1,101",2,5,0.36,2.14,22,,12m 27s,43.5%,40%,25%
midseason_ewc_split1,ALGS Year 4 Midseason Playoffs / EWC,https://apexlegendsstatus.com/algs/Y4-Split1/EWC/Global/Overview,Y4-Split1,EWC,Global,Overview,,,https://apexlegendsstatus.com/algs/Y4-Split1/EWC/Global/Overview,overview,97,player_stats,Top 10 Teams,90,SSG_Phony,SpaceStation Gaming,1st,33,20,40,25,35,"11,278","15,881","-4,603",563.9,987,4,2,0.65,1.94,31,,13m 38s,48.5%,37.5%,33.3%
midseason_ewc_split1,ALGS Year 4 Midseason Playoffs / EWC,https://apexlegendsstatus.com/algs/Y4-Split1/EWC/Global/Overview,Y4-Split1,EWC,Global,Overview,,,https://apexlegendsstatus.com/algs/Y4-Split1/EWC/Global/Overview,overview,97,player_stats,Top 10 Teams,91,NAVI_MaTaFe,Natus Vincere,2nd,20,22,18,25,22,"9,752","10,713",-961,443.27,"1,577",5,2,1.05,1.9,21,,9m 34s,40%,37.5%,0%
midseason_ewc_split1,ALGS Year 4 Midseason Playoffs / EWC,https://apexlegendsstatus.com/algs/Y4-Split1/EWC/Global/Overview,Y4-Split1,EWC,Global,Overview,,,https://apexlegendsstatus.com/algs/Y4-Split1/EWC/Global/Overview,overview,97,player_stats,Top 10 Teams,92,Alliance_Unlucky,Alliance,1st,23,36,32,43,24,"18,429","12,436","5,993",511.92,"2,263",7,1,1.64,3.09,22,,13m 57s,78.3%,61.1%,18.2%
midseason_ewc_split1,ALGS Year 4 Midseason Playoffs / EWC,https://apexlegendsstatus.com/algs/Y4-Split1/EWC/Global/Overview,Y4-Split1,EWC,Global,Overview,,,https://apexlegendsstatus.com/algs/Y4-Split1/EWC/Global/Overview,overview,97,player_stats,Top 10 Teams,93,NRG_Nocturnal,NRG,1st,20,26,18,32,25,"15,159","15,533",-374,583.04,592,1,2,1.3,2.2,20,,10m 47s,60%,41.7%,20%
midseason_ewc_split1,ALGS Year 4 Midseason Playoffs / EWC,https://apexlegendsstatus.com/algs/Y4-Split1/EWC/Global/Overview,Y4-Split1,EWC,Global,Overview,,,https://apexlegendsstatus.com/algs/Y4-Split1/EWC/Global/Overview,overview,97,player_stats,Top 10 Teams,94,DRG_Zillach,Dragons Esports,1st,23,22,24,28,29,"12,263","13,173",-910,557.41,"1,251",0,0,1,2.09,22,,13m 3s,43.5%,40%,25%
midseason_ewc_split1,ALGS Year 4 Midseason Playoffs / EWC,https://apexlegendsstatus.com/algs/Y4-Split1/EWC/Global/Overview,Y4-Split1,EWC,Global,Overview,,,https://apexlegendsstatus.com/algs/Y4-Split1/EWC/Global/Overview,overview,97,player_stats,Top 10 Teams,95,FNC_Lyqk,FNATIC,1st,23,17,19,27,23,"13,383","8,038","5,345",787.24,"2,048",1,0,0.77,1.64,22,,14m,30.4%,57.1%,25%
midseason_ewc_split1,ALGS Year 4 Midseason Playoffs / EWC,https://apexlegendsstatus.com/algs/Y4-Split1/EWC/Global/Overview,Y4-Split1,EWC,Global,Overview,,,https://apexlegendsstatus.com/algs/Y4-Split1/EWC/Global/Overview,overview,97,player_stats,Top 10 Teams,96,BLCK_Jmw,Blacklist International,3rd,23,15,18,19,26,"8,541","10,987","-2,446",569.4,608,4,0,0.65,1.43,23,,12m 30s,43.5%,60%,0%
midseason_ewc_split1,ALGS Year 4 Midseason Playoffs / EWC,https://apexlegendsstatus.com/algs/Y4-Split1/EWC/Global/Overview,Y4-Split1,EWC,Global,Overview,,,https://apexlegendsstatus.com/algs/Y4-Split1/EWC/Global/Overview,overview,97,player_stats,Top 10 Teams,97,E8xBLD lou,Elev8 x Bleed,1st,23,26,34,31,24,"12,508","13,044",-536,481.08,"1,574",3,1,1.08,2.5,24,,12m 19s,60.9%,42.9%,16.7%
midseason_ewc_split1,ALGS Year 4 Midseason Playoffs / EWC,https://apexlegendsstatus.com/algs/Y4-Split1/EWC/Global/Overview,Y4-Split1,EWC,Global,Overview,,,https://apexlegendsstatus.com/algs/Y4-Split1/EWC/Global/Overview,overview,97,player_stats,Top 10 Teams,98,TIE_Infamous,TIE,2nd,20,10,8,15,23,"10,101","9,970",131,1010.1,408,2,0,0.45,0.82,22,,15m 28s,45%,33.3%,0%
midseason_ewc_split1,ALGS Year 4 Midseason Playoffs / EWC,https://apexlegendsstatus.com/algs/Y4-Split1/EWC/Global/Overview,Y4-Split1,EWC,Global,Overview,,,https://apexlegendsstatus.com/algs/Y4-Split1/EWC/Global/Overview,overview,97,player_stats,Top 10 Teams,99,HAO_5CG,HAO,2nd,20,13,33,17,24,"9,982","9,957",25,767.85,305,3,1,0.59,2.09,22,,14m 48s,60%,25%,0%
midseason_ewc_split1,ALGS Year 4 Midseason Playoffs / EWC,https://apexlegendsstatus.com/algs/Y4-Split1/EWC/Global/Overview,Y4-Split1,EWC,Global,Overview,,,https://apexlegendsstatus.com/algs/Y4-Split1/EWC/Global/Overview,overview,97,player_stats,Top 10 Teams,100,EXO_Slayers,EXO Clan,1st,23,16,21,21,22,"11,779","11,334",445,736.19,190,3,0,0.76,1.76,21,,15m 42s,69.6%,37.5%,33.3%
midseason_ewc_split1,ALGS Year 4 Midseason Playoffs / EWC,https://apexlegendsstatus.com/algs/Y4-Split1/EWC/Global/Overview,Y4-Split1,EWC,Global,Overview,,,https://apexlegendsstatus.com/algs/Y4-Split1/EWC/Global/Overview,overview,97,player_stats,Top 10 Teams,101,SSG_Koy,SpaceStation Gaming,1st,33,38,37,44,36,"25,304","16,671","8,633",665.89,"1,037",9,0,1.15,2.27,33,,12m 22s,48.5%,37.5%,33.3%
midseason_ewc_split1,ALGS Year 4 Midseason Playoffs / EWC,https://apexlegendsstatus.com/algs/Y4-Split1/EWC/Global/Overview,Y4-Split1,EWC,Global,Overview,,,https://apexlegendsstatus.com/algs/Y4-Split1/EWC/Global/Overview,overview,97,player_stats,Top 10 Teams,102,NAVI_KIND4,Natus Vincere,2nd,20,22,22,24,25,"8,301","9,031",-730,377.32,"1,568",2,0,0.96,1.91,23,,14m 27s,40%,37.5%,0%
midseason_ewc_split1,ALGS Year 4 Midseason Playoffs / EWC,https://apexlegendsstatus.com/algs/Y4-Split1/EWC/Global/Overview,Y4-Split1,EWC,Global,Overview,,,https://apexlegendsstatus.com/algs/Y4-Split1/EWC/Global/Overview,overview,97,player_stats,Top 10 Teams,103,LGD_LqDuD,LGD GAMING,1st,23,35,11,40,25,"14,079","11,782","2,297",402.26,668,9,0,1.46,1.92,24,,13m 37s,43.5%,40%,25%
midseason_ewc_split1,ALGS Year 4 Midseason Playoffs / EWC,https://apexlegendsstatus.com/algs/Y4-Split1/EWC/Global/Overview,Y4-Split1,EWC,Global,Overview,,,https://apexlegendsstatus.com/algs/Y4-Split1/EWC/Global/Overview,overview,97,player_stats,Top 10 Teams,104,EXO_Feuda,EXO Clan,1st,23,38,20,44,25,"17,589","13,874","3,715",462.87,270,4,1,1.73,2.64,22,,12m 35s,69.6%,37.5%,33.3%
midseason_ewc_split1,ALGS Year 4 Midseason Playoffs / EWC,https://apexlegendsstatus.com/algs/Y4-Split1/EWC/Global/Overview,Y4-Split1,EWC,Global,Overview,,,https://apexlegendsstatus.com/algs/Y4-Split1/EWC/Global/Overview,overview,97,player_stats,Top 10 Teams,105,WBG_JackieChan,Weibo Gaming,1st,20,15,21,23,22,"9,978","7,800","2,178",665.2,985,2,2,0.75,1.8,20,,12m 23s,20%,50%,50%
midseason_ewc_split1,ALGS Year 4 Midseason Playoffs / EWC,https://apexlegendsstatus.com/algs/Y4-Split1/EWC/Global/Overview,Y4-Split1,EWC,Global,Overview,,,https://apexlegendsstatus.com/algs/Y4-Split1/EWC/Global/Overview,overview,97,player_stats,Top 10 Teams,106,VP_Prycyy,Virtus.Pro,1st,20,18,16,19,21,"10,311","9,950",361,572.83,848,0,0,0.95,1.79,19,,15m 22s,45%,55.6%,20%
midseason_ewc_split1,ALGS Year 4 Midseason Playoffs / EWC,https://apexlegendsstatus.com/algs/Y4-Split1/EWC/Global/Overview,Y4-Split1,EWC,Global,Overview,,,https://apexlegendsstatus.com/algs/Y4-Split1/EWC/Global/Overview,overview,97,player_stats,Top 10 Teams,107,DMS_7ozzzus,DMS,1st,23,14,12,20,22,"12,899","12,272",627,921.36,880,4,1,0.67,1.24,21,,15m 3s,60.9%,64.3%,22.2%
midseason_ewc_split1,ALGS Year 4 Midseason Playoffs / EWC,https://apexlegendsstatus.com/algs/Y4-Split1/EWC/Global/Overview,Y4-Split1,EWC,Global,Overview,,,https://apexlegendsstatus.com/algs/Y4-Split1/EWC/Global/Overview,overview,97,player_stats,Top 10 Teams,108,NRG_FunFPS,NRG,1st,20,13,26,20,22,"14,177","11,198","2,979",1090.54,815,4,1,0.65,1.95,20,,9m 58s,60%,41.7%,20%
midseason_ewc_split1,ALGS Year 4 Midseason Playoffs / EWC,https://apexlegendsstatus.com/algs/Y4-Split1/EWC/Global/Overview,Y4-Split1,EWC,Global,Overview,,,https://apexlegendsstatus.com/algs/Y4-Split1/EWC/Global/Overview,overview,97,player_stats,Top 10 Teams,109,DRG_PANIC,Dragons Esports,1st,23,21,27,25,28,"13,660","14,882","-1,222",650.48,561,6,2,0.91,2.09,23,,14m 17s,43.5%,40%,25%
midseason_ewc_split1,ALGS Year 4 Midseason Playoffs / EWC,https://apexlegendsstatus.com/algs/Y4-Split1/EWC/Global/Overview,Y4-Split1,EWC,Global,Overview,,,https://apexlegendsstatus.com/algs/Y4-Split1/EWC/Global/Overview,overview,97,player_stats,Top 10 Teams,110,Riddle UmichanLoveti,RIDDLE ORDER,6th,10,5,2,7,12,"4,859","4,636",223,971.8,69,1,0,0.45,0.64,11,,13m 39s,30%,0%,0%
midseason_ewc_split1,ALGS Year 4 Midseason Playoffs / EWC,https://apexlegendsstatus.com/algs/Y4-Split1/EWC/Global/Overview,Y4-Split1,EWC,Global,Overview,,,https://apexlegendsstatus.com/algs/Y4-Split1/EWC/Global/Overview,overview,97,player_stats,Top 10 Teams,111,HAO_Right,HAO,2nd,20,25,18,31,24,"9,700","10,928","-1,228",388,295,4,1,1.19,2.05,21,,13m 48s,60%,25%,0%
midseason_ewc_split1,ALGS Year 4 Midseason Playoffs / EWC,https://apexlegendsstatus.com/algs/Y4-Split1/EWC/Global/Overview,Y4-Split1,EWC,Global,Overview,,,https://apexlegendsstatus.com/algs/Y4-Split1/EWC/Global/Overview,overview,97,player_stats,Top 10 Teams,112,Gild,Mizuchi,1st,23,14,31,20,25,"13,922","12,259","1,663",994.43,"1,064",8,1,0.64,2.05,22,,15m 58s,43.5%,80%,25%
midseason_ewc_split1,ALGS Year 4 Midseason Playoffs / EWC,https://apexlegendsstatus.com/algs/Y4-Split1/EWC/Global/Overview,Y4-Split1,EWC,Global,Overview,,,https://apexlegendsstatus.com/algs/Y4-Split1/EWC/Global/Overview,overview,97,player_stats,Top 10 Teams,113,TIE_Kamaneko,TIE,2nd,20,2,16,2,21,"2,966","7,327","-4,361",1483,337,0,2,0.1,0.86,21,,9m 30s,45%,33.3%,0%
midseason_ewc_split1,ALGS Year 4 Midseason Playoffs / EWC,https://apexlegendsstatus.com/algs/Y4-Split1/EWC/Global/Overview,Y4-Split1,EWC,Global,Overview,,,https://apexlegendsstatus.com/algs/Y4-Split1/EWC/Global/Overview,overview,97,player_stats,Top 10 Teams,114,FNC_YukaF,FNATIC,1st,23,15,24,20,24,"11,764","9,498","2,266",784.27,"2,267",4,0,0.68,1.77,22,,12m 9s,30.4%,57.1%,25%
midseason_ewc_split1,ALGS Year 4 Midseason Playoffs / EWC,https://apexlegendsstatus.com/algs/Y4-Split1/EWC/Global/Overview,Y4-Split1,EWC,Global,Overview,,,https://apexlegendsstatus.com/algs/Y4-Split1/EWC/Global/Overview,overview,97,player_stats,Top 10 Teams,115,E8xBLD knoqd,Elev8 x Bleed,1st,23,29,29,34,26,"10,810","10,471",339,372.76,"1,538",5,1,1.32,2.64,22,,13m 32s,60.9%,42.9%,16.7%
midseason_ewc_split1,ALGS Year 4 Midseason Playoffs / EWC,https://apexlegendsstatus.com/algs/Y4-Split1/EWC/Global/Overview,Y4-Split1,EWC,Global,Overview,,,https://apexlegendsstatus.com/algs/Y4-Split1/EWC/Global/Overview,overview,97,player_stats,Top 10 Teams,116,BLCK_Uxako,Blacklist International,3rd,23,19,18,27,28,"13,211","13,691",-480,695.32,665,1,0,0.79,1.54,24,,12m 2s,43.5%,60%,0%
midseason_ewc_split1,ALGS Year 4 Midseason Playoffs / EWC,https://apexlegendsstatus.com/algs/Y4-Split1/EWC/Global/Overview,Y4-Split1,EWC,Global,Overview,,,https://apexlegendsstatus.com/algs/Y4-Split1/EWC/Global/Overview,overview,97,player_stats,Top 10 Teams,117,TSM_Reps,TSM,1st,20,24,23,26,21,"10,944","9,009","1,935",456,"1,084",4,0,1.2,2.35,20,,10m 56s,40%,75%,16.7%
midseason_ewc_split1,ALGS Year 4 Midseason Playoffs / EWC,https://apexlegendsstatus.com/algs/Y4-Split1/EWC/Global/Overview,Y4-Split1,EWC,Global,Overview,,,https://apexlegendsstatus.com/algs/Y4-Split1/EWC/Global/Overview,overview,97,player_stats,Top 10 Teams,118,AlIiance_Effect,Alliance,1st,23,51,26,60,26,"23,560","15,223","8,337",461.96,"1,871",3,0,2.43,3.67,21,,12m 48s,78.3%,61.1%,18.2%
midseason_ewc_split1,ALGS Year 4 Midseason Playoffs / EWC,https://apexlegendsstatus.com/algs/Y4-Split1/EWC/Global/Overview,Y4-Split1,EWC,Global,Overview,,,https://apexlegendsstatus.com/algs/Y4-Split1/EWC/Global/Overview,overview,97,player_stats,Top 10 Teams,119,HRZ Bastiaan0Z,HEROEZ,2nd,20,12,8,16,21,"9,268","11,418","-2,150",772.33,332,2,0,0.6,1,20,,11m 41s,45%,44.4%,0%
midseason_ewc_split1,ALGS Year 4 Midseason Playoffs / EWC,https://apexlegendsstatus.com/algs/Y4-Split1/EWC/Global/Overview,Y4-Split1,EWC,Global,Overview,,,https://apexlegendsstatus.com/algs/Y4-Split1/EWC/Global/Overview,overview,97,player_stats,Top 10 Teams,120,Nth_ReyzyGG,NORTHEPTION,2nd,20,21,19,23,23,"8,637","9,672","-1,035",411.29,434,5,0,0.95,1.82,22,,12m 5s,55%,63.6%,0%
playoffs_split2,ALGS Year 4 Split 2 Playoffs,https://apexlegendsstatus.com/algs/Y4-Split2/ALGS-Playoffs/Global/Overview,Y4-Split2,ALGS-Playoffs,Global,Overview,,,https://apexlegendsstatus.com/algs/Y4-Split2/ALGS-Playoffs/Global/Overview,overview,85,player_stats,Scores,1,E36 Cinap,ENTER FORCE.36,1st,34,46,30,53,44,"19,895","21,469","-1,574",432.5,"1,378",6,0,1.28,2.11,36,9h 44m 22s,,47.1%,56.3%,11.1%
playoffs_split2,ALGS Year 4 Split 2 Playoffs,https://apexlegendsstatus.com/algs/Y4-Split2/ALGS-Playoffs/Global/Overview,Y4-Split2,ALGS-Playoffs,Global,Overview,,,https://apexlegendsstatus.com/algs/Y4-Split2/ALGS-Playoffs/Global/Overview,overview,85,player_stats,Scores,2,DF Pite,DreamFire,1st,40,33,25,37,41,"17,665","19,620","-1,955",535.3,"1,620",7,1,0.87,1.53,38,11h 3m 58s,,52.5%,42.9%,11.1%
playoffs_split2,ALGS Year 4 Split 2 Playoffs,https://apexlegendsstatus.com/algs/Y4-Split2/ALGS-Playoffs/Global/Overview,Y4-Split2,ALGS-Playoffs,Global,Overview,,,https://apexlegendsstatus.com/algs/Y4-Split2/ALGS-Playoffs/Global/Overview,overview,85,player_stats,Scores,3,XNY Yuchen,XNY,6th,24,14,12,20,30,"9,012","11,043","-2,031",643.71,716,1,0,0.52,0.96,27,5h 5m 20s,,20.8%,0%,0%
playoffs_split2,ALGS Year 4 Split 2 Playoffs,https://apexlegendsstatus.com/algs/Y4-Split2/ALGS-Playoffs/Global/Overview,Y4-Split2,ALGS-Playoffs,Global,Overview,,,https://apexlegendsstatus.com/algs/Y4-Split2/ALGS-Playoffs/Global/Overview,overview,85,player_stats,Scores,4,HAO Right,HAO,2nd,30,29,21,39,32,"12,695","14,162","-1,467",437.76,365,7,0,0.97,1.67,30,7h 50m 11s,,46.7%,42.9%,0%
playoffs_split2,ALGS Year 4 Split 2 Playoffs,https://apexlegendsstatus.com/algs/Y4-Split2/ALGS-Playoffs/Global/Overview,Y4-Split2,ALGS-Playoffs,Global,Overview,,,https://apexlegendsstatus.com/algs/Y4-Split2/ALGS-Playoffs/Global/Overview,overview,85,player_stats,Scores,5,LG Sweet,LG,1st,30,44,22,48,33,"19,586","22,151","-2,565",445.14,"1,502",2,1,1.47,2.2,30,8h 38m 12s,,63.3%,52.6%,20%
playoffs_split2,ALGS Year 4 Split 2 Playoffs,https://apexlegendsstatus.com/algs/Y4-Split2/ALGS-Playoffs/Global/Overview,Y4-Split2,ALGS-Playoffs,Global,Overview,,,https://apexlegendsstatus.com/algs/Y4-Split2/ALGS-Playoffs/Global/Overview,overview,85,player_stats,Scores,6,FLCN Imperialhal,Team Falcons,1st,34,49,38,56,40,"23,648","21,847","1,801",482.61,769,12,1,1.58,2.81,31,9h 11m 18s,,41.2%,50%,42.9%
playoffs_split2,ALGS Year 4 Split 2 Playoffs,https://apexlegendsstatus.com/algs/Y4-Split2/ALGS-Playoffs/Global/Overview,Y4-Split2,ALGS-Playoffs,Global,Overview,,,https://apexlegendsstatus.com/algs/Y4-Split2/ALGS-Playoffs/Global/Overview,overview,85,player_stats,Scores,7,FNC satuki,FNATIC,1st,40,36,65,45,45,"27,602","21,333","6,269",766.72,"2,463",7,7,0.95,2.66,38,11h 7m 30s,,50%,65%,15.4%
playoffs_split2,ALGS Year 4 Split 2 Playoffs,https://apexlegendsstatus.com/algs/Y4-Split2/ALGS-Playoffs/Global/Overview,Y4-Split2,ALGS-Playoffs,Global,Overview,,,https://apexlegendsstatus.com/algs/Y4-Split2/ALGS-Playoffs/Global/Overview,overview,85,player_stats,Scores,8,GLD Jeskoesk,GUILD,1st,40,39,38,49,54,"29,329","24,407","4,922",752.03,"1,712",10,2,0.85,1.67,46,11h 50m 39s,,67.5%,59.3%,18.8%
playoffs_split2,ALGS Year 4 Split 2 Playoffs,https://apexlegendsstatus.com/algs/Y4-Split2/ALGS-Playoffs/Global/Overview,Y4-Split2,ALGS-Playoffs,Global,Overview,,,https://apexlegendsstatus.com/algs/Y4-Split2/ALGS-Playoffs/Global/Overview,overview,85,player_stats,Scores,9,NRG FunFPS,NRG,1st,34,19,21,30,35,"22,025","18,419","3,606",1159.21,774,10,1,0.58,1.21,33,10h 19m 59s,,67.6%,52.2%,16.7%
playoffs_split2,ALGS Year 4 Split 2 Playoffs,https://apexlegendsstatus.com/algs/Y4-Split2/ALGS-Playoffs/Global/Overview,Y4-Split2,ALGS-Playoffs,Global,Overview,,,https://apexlegendsstatus.com/algs/Y4-Split2/ALGS-Playoffs/Global/Overview,overview,85,player_stats,Scores,10,SSG Phony,SSG,1st,34,27,67,34,34,"15,122","10,417","4,705",560.07,"1,461",6,1,0.9,3.13,30,9h 42m 18s,,50%,70.6%,41.7%
playoffs_split2,ALGS Year 4 Split 2 Playoffs,https://apexlegendsstatus.com/algs/Y4-Split2/ALGS-Playoffs/Global/Overview,Y4-Split2,ALGS-Playoffs,Global,Overview,,,https://apexlegendsstatus.com/algs/Y4-Split2/ALGS-Playoffs/Global/Overview,overview,85,player_stats,Scores,11,GHS Wabu,GHS Professional,3rd,24,6,22,8,25,"3,767","6,143","-2,376",627.83,534,2,4,0.24,1.12,25,6h 33m 39s,,41.7%,30%,0%
playoffs_split2,ALGS Year 4 Split 2 Playoffs,https://apexlegendsstatus.com/algs/Y4-Split2/ALGS-Playoffs/Global/Overview,Y4-Split2,ALGS-Playoffs,Global,Overview,,,https://apexlegendsstatus.com/algs/Y4-Split2/ALGS-Playoffs/Global/Overview,overview,85,player_stats,Scores,12,SRZ SyanaMu,STRIDERZ,3rd,24,7,8,8,26,"6,436","6,597",-161,919.43,"1,711",4,6,0.28,0.6,25,6h 7m 47s,,12.5%,66.7%,0%
playoffs_split2,ALGS Year 4 Split 2 Playoffs,https://apexlegendsstatus.com/algs/Y4-Split2/ALGS-Playoffs/Global/Overview,Y4-Split2,ALGS-Playoffs,Global,Overview,,,https://apexlegendsstatus.com/algs/Y4-Split2/ALGS-Playoffs/Global/Overview,overview,85,player_stats,Scores,13,MST iiTzTimmy,Not Moist,1st,34,50,87,54,36,"24,405","16,851","7,554",488.1,"2,048",10,9,1.56,4.28,32,10h 20m 14s,,61.8%,61.9%,23.1%
playoffs_split2,ALGS Year 4 Split 2 Playoffs,https://apexlegendsstatus.com/algs/Y4-Split2/ALGS-Playoffs/Global/Overview,Y4-Split2,ALGS-Playoffs,Global,Overview,,,https://apexlegendsstatus.com/algs/Y4-Split2/ALGS-Playoffs/Global/Overview,overview,85,player_stats,Scores,14,TLAW jaguaresl,Liquid Alienware,1st,40,28,33,38,44,"17,277","19,644","-2,367",617.04,"1,649",7,2,0.72,1.56,39,10h 14m 37s,,42.5%,47.1%,25%
playoffs_split2,ALGS Year 4 Split 2 Playoffs,https://apexlegendsstatus.com/algs/Y4-Split2/ALGS-Playoffs/Global/Overview,Y4-Split2,ALGS-Playoffs,Global,Overview,,,https://apexlegendsstatus.com/algs/Y4-Split2/ALGS-Playoffs/Global/Overview,overview,85,player_stats,Scores,15,SDW KPG_OuOKh,shadow3690,1st,30,17,36,27,38,"17,644","17,634",10,1037.88,"1,482",5,4,0.52,1.61,33,8h 11m 5s,,46.7%,42.9%,16.7%
playoffs_split2,ALGS Year 4 Split 2 Playoffs,https://apexlegendsstatus.com/algs/Y4-Split2/ALGS-Playoffs/Global/Overview,Y4-Split2,ALGS-Playoffs,Global,Overview,,,https://apexlegendsstatus.com/algs/Y4-Split2/ALGS-Playoffs/Global/Overview,overview,85,player_stats,Scores,16,FAZE arctic,FaZe,1st,24,11,11,17,24,"13,277","12,310",967,1207,614,1,6,0.48,0.96,23,6h 31m 35s,,50%,41.7%,20%
playoffs_split2,ALGS Year 4 Split 2 Playoffs,https://apexlegendsstatus.com/algs/Y4-Split2/ALGS-Playoffs/Global/Overview,Y4-Split2,ALGS-Playoffs,Global,Overview,,,https://apexlegendsstatus.com/algs/Y4-Split2/ALGS-Playoffs/Global/Overview,overview,85,player_stats,Scores,17,NAVI iHenchman,Natus Vincere,1st,30,38,31,50,27,"20,917","17,580","3,337",550.45,438,4,2,1.52,2.76,25,8h 21m 2s,,56.7%,70.6%,41.7%
playoffs_split2,ALGS Year 4 Split 2 Playoffs,https://apexlegendsstatus.com/algs/Y4-Split2/ALGS-Playoffs/Global/Overview,Y4-Split2,ALGS-Playoffs,Global,Overview,,,https://apexlegendsstatus.com/algs/Y4-Split2/ALGS-Playoffs/Global/Overview,overview,85,player_stats,Scores,18,EXL Azazel,E-Xolos LAZER,1st,30,31,28,35,30,"18,080","16,831","1,249",583.23,"1,240",3,1,1.15,2.19,27,8h 30m 35s,,73.3%,50%,18.2%
playoffs_split2,ALGS Year 4 Split 2 Playoffs,https://apexlegendsstatus.com/algs/Y4-Split2/ALGS-Playoffs/Global/Overview,Y4-Split2,ALGS-Playoffs,Global,Overview,,,https://apexlegendsstatus.com/algs/Y4-Split2/ALGS-Playoffs/Global/Overview,overview,85,player_stats,Scores,19,ALL Unlucky,Alliance,1st,40,73,56,81,49,"28,686","21,657","7,029",392.96,"2,999",7,1,1.78,3.15,41,10h 28m 33s,,42.5%,64.7%,27.3%
playoffs_split2,ALGS Year 4 Split 2 Playoffs,https://apexlegendsstatus.com/algs/Y4-Split2/ALGS-Playoffs/Global/Overview,Y4-Split2,ALGS-Playoffs,Global,Overview,,,https://apexlegendsstatus.com/algs/Y4-Split2/ALGS-Playoffs/Global/Overview,overview,85,player_stats,Scores,20,FAK Kyner,FA KIDS,4th,24,15,21,23,36,"9,964","13,308","-3,344",664.27,"2,782",2,0,0.52,1.24,29,6h 26m 29s,,37.5%,11.1%,0%
playoffs_split2,ALGS Year 4 Split 2 Playoffs,https://apexlegendsstatus.com/algs/Y4-Split2/ALGS-Playoffs/Global/Overview,Y4-Split2,ALGS-Playoffs,Global,Overview,,,https://apexlegendsstatus.com/algs/Y4-Split2/ALGS-Playoffs/Global/Overview,overview,85,player_stats,Scores,21,LG Fuhhnq,LG,1st,30,23,27,27,33,"16,060","15,425",635,698.26,784,11,2,0.85,1.85,27,8h 16m 51s,,63.3%,52.6%,20%
playoffs_split2,ALGS Year 4 Split 2 Playoffs,https://apexlegendsstatus.com/algs/Y4-Split2/ALGS-Playoffs/Global/Overview,Y4-Split2,ALGS-Playoffs,Global,Overview,,,https://apexlegendsstatus.com/algs/Y4-Split2/ALGS-Playoffs/Global/Overview,overview,85,player_stats,Scores,22,ALL Hakis,Alliance,1st,40,35,92,33,46,"22,785","20,345","2,440",651,"1,585",10,8,0.9,3.26,39,10h 32m 28s,,42.5%,64.7%,27.3%
playoffs_split2,ALGS Year 4 Split 2 Playoffs,https://apexlegendsstatus.com/algs/Y4-Split2/ALGS-Playoffs/Global/Overview,Y4-Split2,ALGS-Playoffs,Global,Overview,,,https://apexlegendsstatus.com/algs/Y4-Split2/ALGS-Playoffs/Global/Overview,overview,85,player_stats,Scores,23,DF Bolin,DreamFire,1st,6,3,3,6,6,"4,332","2,517","1,815",1444,195,1,0,0.5,1,6,1h 42m 11s,,52.5%,42.9%,11.1%
playoffs_split2,ALGS Year 4 Split 2 Playoffs,https://apexlegendsstatus.com/algs/Y4-Split2/ALGS-Playoffs/Global/Overview,Y4-Split2,ALGS-Playoffs,Global,Overview,,,https://apexlegendsstatus.com/algs/Y4-Split2/ALGS-Playoffs/Global/Overview,overview,85,player_stats,Scores,24,SSG Xynew,SSG,1st,34,43,48,57,37,"28,088","17,203","10,885",653.21,"1,775",5,0,1.48,3.14,29,9h 52m 29s,,50%,70.6%,41.7%
playoffs_split2,ALGS Year 4 Split 2 Playoffs,https://apexlegendsstatus.com/algs/Y4-Split2/ALGS-Playoffs/Global/Overview,Y4-Split2,ALGS-Playoffs,Global,Overview,,,https://apexlegendsstatus.com/algs/Y4-Split2/ALGS-Playoffs/Global/Overview,overview,85,player_stats,Scores,25,XNY JonnyR,XNY,6th,24,16,11,18,25,"10,116","11,044",-928,632.25,834,1,0,0.64,1.08,25,5h 16m 10s,,20.8%,0%,0%
playoffs_split2,ALGS Year 4 Split 2 Playoffs,https://apexlegendsstatus.com/algs/Y4-Split2/ALGS-Playoffs/Global/Overview,Y4-Split2,ALGS-Playoffs,Global,Overview,,,https://apexlegendsstatus.com/algs/Y4-Split2/ALGS-Playoffs/Global/Overview,overview,85,player_stats,Scores,26,FLCN Genburten,Team Falcons,1st,34,34,53,44,37,"24,448","19,018","5,430",719.06,603,5,1,1.1,2.81,31,9h 14m 10s,,41.2%,50%,42.9%
playoffs_split2,ALGS Year 4 Split 2 Playoffs,https://apexlegendsstatus.com/algs/Y4-Split2/ALGS-Playoffs/Global/Overview,Y4-Split2,ALGS-Playoffs,Global,Overview,,,https://apexlegendsstatus.com/algs/Y4-Split2/ALGS-Playoffs/Global/Overview,overview,85,player_stats,Scores,27,E36 Aimbot,ENTER FORCE.36,1st,34,39,30,45,40,"20,646","21,636",-990,529.38,"1,562",10,1,1.11,1.97,35,9h 46m 23s,,47.1%,56.3%,11.1%
playoffs_split2,ALGS Year 4 Split 2 Playoffs,https://apexlegendsstatus.com/algs/Y4-Split2/ALGS-Playoffs/Global/Overview,Y4-Split2,ALGS-Playoffs,Global,Overview,,,https://apexlegendsstatus.com/algs/Y4-Split2/ALGS-Playoffs/Global/Overview,overview,85,player_stats,Scores,28,MST Wxltzy,Not Moist,1st,34,74,66,89,47,"35,857","28,205","7,652",484.55,"2,162",7,0,2,3.78,37,10h 20m 23s,,61.8%,61.9%,23.1%
playoffs_split2,ALGS Year 4 Split 2 Playoffs,https://apexlegendsstatus.com/algs/Y4-Split2/ALGS-Playoffs/Global/Overview,Y4-Split2,ALGS-Playoffs,Global,Overview,,,https://apexlegendsstatus.com/algs/Y4-Split2/ALGS-Playoffs/Global/Overview,overview,85,player_stats,Scores,29,FNC Lykq,FNATIC,1st,40,43,50,54,50,"27,296","21,435","5,861",634.79,"3,201",4,0,1.05,2.27,41,11h 23m 49s,,50%,65%,15.4%
playoffs_split2,ALGS Year 4 Split 2 Playoffs,https://apexlegendsstatus.com/algs/Y4-Split2/ALGS-Playoffs/Global/Overview,Y4-Split2,ALGS-Playoffs,Global,Overview,,,https://apexlegendsstatus.com/algs/Y4-Split2/ALGS-Playoffs/Global/Overview,overview,85,player_stats,Scores,30,GLD Legacy,GUILD,1st,40,57,33,65,56,"23,047","24,106","-1,059",404.33,"1,670",5,1,1.12,1.76,51,11h 50m 11s,,67.5%,59.3%,18.8%
playoffs_split2,ALGS Year 4 Split 2 Playoffs,https://apexlegendsstatus.com/algs/Y4-Split2/ALGS-Playoffs/Global/Overview,Y4-Split2,ALGS-Playoffs,Global,Overview,,,https://apexlegendsstatus.com/algs/Y4-Split2/ALGS-Playoffs/Global/Overview,overview,85,player_stats,Scores,31,NRG Reptar,NRG,1st,34,26,23,34,35,"16,076","18,958","-2,882",618.31,"1,027",2,0,0.79,1.48,33,10h 28m 15s,,67.6%,52.2%,16.7%
playoffs_split2,ALGS Year 4 Split 2 Playoffs,https://apexlegendsstatus.com/algs/Y4-Split2/ALGS-Playoffs/Global/Overview,Y4-Split2,ALGS-Playoffs,Global,Overview,,,https://apexlegendsstatus.com/algs/Y4-Split2/ALGS-Playoffs/Global/Overview,overview,85,player_stats,Scores,32,FAK JSavageW,FA KIDS,4th,24,18,27,23,28,"11,112","12,293","-1,181",617.33,"2,201",12,5,0.67,1.67,27,6h 26m 59s,,37.5%,11.1%,0%
playoffs_split2,ALGS Year 4 Split 2 Playoffs,https://apexlegendsstatus.com/algs/Y4-Split2/ALGS-Playoffs/Global/Overview,Y4-Split2,ALGS-Playoffs,Global,Overview,,,https://apexlegendsstatus.com/algs/Y4-Split2/ALGS-Playoffs/Global/Overview,overview,85,player_stats,Scores,33,SRZ Noxi,STRIDERZ,3rd,24,7,5,10,31,"7,621","9,665","-2,044",1088.71,"1,151",2,0,0.24,0.41,29,5h 56m 41s,,12.5%,66.7%,0%
playoffs_split2,ALGS Year 4 Split 2 Playoffs,https://apexlegendsstatus.com/algs/Y4-Split2/ALGS-Playoffs/Global/Overview,Y4-Split2,ALGS-Playoffs,Global,Overview,,,https://apexlegendsstatus.com/algs/Y4-Split2/ALGS-Playoffs/Global/Overview,overview,85,player_stats,Scores,34,GHS 4rufa,GHS Professional,3rd,24,15,15,18,26,"13,836","11,043","2,793",922.4,741,0,0,0.58,1.15,26,6h 30m 1s,,41.7%,30%,0%
playoffs_split2,ALGS Year 4 Split 2 Playoffs,https://apexlegendsstatus.com/algs/Y4-Split2/ALGS-Playoffs/Global/Overview,Y4-Split2,ALGS-Playoffs,Global,Overview,,,https://apexlegendsstatus.com/algs/Y4-Split2/ALGS-Playoffs/Global/Overview,overview,85,player_stats,Scores,35,SDW Zhouzhou,shadow3690,1st,30,45,19,45,36,"15,124","19,293","-4,169",336.09,"1,089",8,0,1.36,1.94,33,7h 54m 51s,,46.7%,42.9%,16.7%
playoffs_split2,ALGS Year 4 Split 2 Playoffs,https://apexlegendsstatus.com/algs/Y4-Split2/ALGS-Playoffs/Global/Overview,Y4-Split2,ALGS-Playoffs,Global,Overview,,,https://apexlegendsstatus.com/algs/Y4-Split2/ALGS-Playoffs/Global/Overview,overview,85,player_stats,Scores,36,EXL brtus_o,E-Xolos LAZER,1st,30,21,24,26,35,"18,379","17,697",682,875.19,"1,187",12,1,0.72,1.55,29,8h 10m 6s,,73.3%,50%,18.2%
playoffs_split2,ALGS Year 4 Split 2 Playoffs,https://apexlegendsstatus.com/algs/Y4-Split2/ALGS-Playoffs/Global/Overview,Y4-Split2,ALGS-Playoffs,Global,Overview,,,https://apexlegendsstatus.com/algs/Y4-Split2/ALGS-Playoffs/Global/Overview,overview,85,player_stats,Scores,37,HAO wqtagashi,HAO,2nd,30,34,25,44,33,"17,501","13,006","4,495",514.74,620,3,0,1.13,1.97,30,7h 55m 56s,,46.7%,42.9%,0%
playoffs_split2,ALGS Year 4 Split 2 Playoffs,https://apexlegendsstatus.com/algs/Y4-Split2/ALGS-Playoffs/Global/Overview,Y4-Split2,ALGS-Playoffs,Global,Overview,,,https://apexlegendsstatus.com/algs/Y4-Split2/ALGS-Playoffs/Global/Overview,overview,85,player_stats,Scores,38,TLAW NeazuI,Liquid Alienware,1st,40,24,38,31,43,"16,558","21,507","-4,949",689.92,891,16,3,0.63,1.63,38,10h 15m 51s,,42.5%,47.1%,25%
playoffs_split2,ALGS Year 4 Split 2 Playoffs,https://apexlegendsstatus.com/algs/Y4-Split2/ALGS-Playoffs/Global/Overview,Y4-Split2,ALGS-Playoffs,Global,Overview,,,https://apexlegendsstatus.com/algs/Y4-Split2/ALGS-Playoffs/Global/Overview,overview,85,player_stats,Scores,39,FAZE Sinetic,FaZe,1st,24,13,11,20,29,"14,372","14,294",78,1105.54,376,0,0,0.48,0.89,27,6h 17m 55s,,50%,41.7%,20%
playoffs_split2,ALGS Year 4 Split 2 Playoffs,https://apexlegendsstatus.com/algs/Y4-Split2/ALGS-Playoffs/Global/Overview,Y4-Split2,ALGS-Playoffs,Global,Overview,,,https://apexlegendsstatus.com/algs/Y4-Split2/ALGS-Playoffs/Global/Overview,overview,85,player_stats,Scores,40,NAVI MaTaFe,Natus Vincere,1st,30,27,32,32,34,"15,663","18,055","-2,392",580.11,"1,269",14,1,1.08,2.36,25,8h 26m 15s,,56.7%,70.6%,41.7%
playoffs_split2,ALGS Year 4 Split 2 Playoffs,https://apexlegendsstatus.com/algs/Y4-Split2/ALGS-Playoffs/Global/Overview,Y4-Split2,ALGS-Playoffs,Global,Overview,,,https://apexlegendsstatus.com/algs/Y4-Split2/ALGS-Playoffs/Global/Overview,overview,85,player_stats,Scores,41,EXL Kurev,E-Xolos LAZER,1st,30,33,30,43,33,"23,212","20,433","2,779",703.39,894,5,1,1.18,2.25,28,8h 27m 31s,,73.3%,50%,18.2%
playoffs_split2,ALGS Year 4 Split 2 Playoffs,https://apexlegendsstatus.com/algs/Y4-Split2/ALGS-Playoffs/Global/Overview,Y4-Split2,ALGS-Playoffs,Global,Overview,,,https://apexlegendsstatus.com/algs/Y4-Split2/ALGS-Playoffs/Global/Overview,overview,85,player_stats,Scores,42,GHS 1tappy,GHS Professional,3rd,24,19,11,21,26,"9,872","11,934","-2,062",519.58,439,0,1,0.73,1.15,26,6h 28m 50s,,41.7%,30%,0%
playoffs_split2,ALGS Year 4 Split 2 Playoffs,https://apexlegendsstatus.com/algs/Y4-Split2/ALGS-Playoffs/Global/Overview,Y4-Split2,ALGS-Playoffs,Global,Overview,,,https://apexlegendsstatus.com/algs/Y4-Split2/ALGS-Playoffs/Global/Overview,overview,85,player_stats,Scores,43,FLCN Zer0,Team Falcons,1st,34,41,45,47,42,"21,349","26,601","-5,252",520.71,424,9,0,1.24,2.61,33,9h 5m 19s,,41.2%,50%,42.9%
playoffs_split2,ALGS Year 4 Split 2 Playoffs,https://apexlegendsstatus.com/algs/Y4-Split2/ALGS-Playoffs/Global/Overview,Y4-Split2,ALGS-Playoffs,Global,Overview,,,https://apexlegendsstatus.com/algs/Y4-Split2/ALGS-Playoffs/Global/Overview,overview,85,player_stats,Scores,44,SDW Jacky1,shadow3690,1st,30,21,47,22,34,"12,042","11,634",408,573.43,"1,304",2,9,0.68,2.19,31,8h 10m 50s,,46.7%,42.9%,16.7%
playoffs_split2,ALGS Year 4 Split 2 Playoffs,https://apexlegendsstatus.com/algs/Y4-Split2/ALGS-Playoffs/Global/Overview,Y4-Split2,ALGS-Playoffs,Global,Overview,,,https://apexlegendsstatus.com/algs/Y4-Split2/ALGS-Playoffs/Global/Overview,overview,85,player_stats,Scores,45,TLAW lYanYal,Liquid Alienware,1st,40,43,30,45,50,"23,462","22,271","1,191",545.63,876,4,1,1.08,1.83,40,10h 17m 25s,,42.5%,47.1%,25%
playoffs_split2,ALGS Year 4 Split 2 Playoffs,https://apexlegendsstatus.com/algs/Y4-Split2/ALGS-Playoffs/Global/Overview,Y4-Split2,ALGS-Playoffs,Global,Overview,,,https://apexlegendsstatus.com/algs/Y4-Split2/ALGS-Playoffs/Global/Overview,overview,85,player_stats,Scores,46,FNC YukaF,FNATIC,1st,40,59,52,69,42,"31,370","24,517","6,853",531.69,"2,995",15,1,1.48,2.78,40,11h 27m 2s,,50%,65%,15.4%
playoffs_split2,ALGS Year 4 Split 2 Playoffs,https://apexlegendsstatus.com/algs/Y4-Split2/ALGS-Playoffs/Global/Overview,Y4-Split2,ALGS-Playoffs,Global,Overview,,,https://apexlegendsstatus.com/algs/Y4-Split2/ALGS-Playoffs/Global/Overview,overview,85,player_stats,Scores,47,DF 3Mz,DreamFire,1st,40,12,61,19,41,"16,099","14,466","1,633",1341.58,"1,784",6,2,0.31,1.87,39,11h 5m 58s,,52.5%,42.9%,11.1%
playoffs_split2,ALGS Year 4 Split 2 Playoffs,https://apexlegendsstatus.com/algs/Y4-Split2/ALGS-Playoffs/Global/Overview,Y4-Split2,ALGS-Playoffs,Global,Overview,,,https://apexlegendsstatus.com/algs/Y4-Split2/ALGS-Playoffs/Global/Overview,overview,85,player_stats,Scores,48,E36 ILY,ENTER FORCE.36,1st,34,17,65,19,39,"12,777","14,218","-1,441",751.59,"1,143",4,5,0.5,2.41,34,9h 43m 41s,,47.1%,56.3%,11.1%
playoffs_split2,ALGS Year 4 Split 2 Playoffs,https://apexlegendsstatus.com/algs/Y4-Split2/ALGS-Playoffs/Global/Overview,Y4-Split2,ALGS-Playoffs,Global,Overview,,,https://apexlegendsstatus.com/algs/Y4-Split2/ALGS-Playoffs/Global/Overview,overview,85,player_stats,Scores,49,LG Sikezz,LG,1st,30,33,27,45,35,"21,339","20,109","1,230",646.64,822,7,2,1.14,2.07,29,8h 22m 17s,,63.3%,52.6%,20%
playoffs_split2,ALGS Year 4 Split 2 Playoffs,https://apexlegendsstatus.com/algs/Y4-Split2/ALGS-Playoffs/Global/Overview,Y4-Split2,ALGS-Playoffs,Global,Overview,,,https://apexlegendsstatus.com/algs/Y4-Split2/ALGS-Playoffs/Global/Overview,overview,85,player_stats,Scores,50,GLD Emtee,GUILD,1st,40,27,65,32,44,"25,102","18,162","6,940",929.7,"1,806",10,24,0.71,2.42,38,11h 59m 18s,,67.5%,59.3%,18.8%
playoffs_split2,ALGS Year 4 Split 2 Playoffs,https://apexlegendsstatus.com/algs/Y4-Split2/ALGS-Playoffs/Global/Overview,Y4-Split2,ALGS-Playoffs,Global,Overview,,,https://apexlegendsstatus.com/algs/Y4-Split2/ALGS-Playoffs/Global/Overview,overview,85,player_stats,Scores,51,MST Gild,Not Moist,1st,34,63,55,76,42,"35,116","21,061","14,055",557.4,"2,297",6,0,1.8,3.37,35,10h 21m 14s,,61.8%,61.9%,23.1%
playoffs_split2,ALGS Year 4 Split 2 Playoffs,https://apexlegendsstatus.com/algs/Y4-Split2/ALGS-Playoffs/Global/Overview,Y4-Split2,ALGS-Playoffs,Global,Overview,,,https://apexlegendsstatus.com/algs/Y4-Split2/ALGS-Playoffs/Global/Overview,overview,85,player_stats,Scores,52,NRG Nocturnal,NRG,1st,34,44,13,57,40,"28,868","22,532","6,336",656.09,"1,188",2,1,1.38,1.78,32,10h 22m 9s,,67.6%,52.2%,16.7%
playoffs_split2,ALGS Year 4 Split 2 Playoffs,https://apexlegendsstatus.com/algs/Y4-Split2/ALGS-Playoffs/Global/Overview,Y4-Split2,ALGS-Playoffs,Global,Overview,,,https://apexlegendsstatus.com/algs/Y4-Split2/ALGS-Playoffs/Global/Overview,overview,85,player_stats,Scores,53,HAO 5CG,HAO,2nd,30,15,44,20,35,"11,059","10,520",539,737.27,575,2,2,0.52,2.03,29,7h 44m 1s,,46.7%,42.9%,0%
playoffs_split2,ALGS Year 4 Split 2 Playoffs,https://apexlegendsstatus.com/algs/Y4-Split2/ALGS-Playoffs/Global/Overview,Y4-Split2,ALGS-Playoffs,Global,Overview,,,https://apexlegendsstatus.com/algs/Y4-Split2/ALGS-Playoffs/Global/Overview,overview,85,player_stats,Scores,54,XNY xd,XNY,6th,24,7,20,8,25,"7,222","8,736","-1,514",1031.71,976,2,4,0.29,1.13,24,5h 16m 48s,,20.8%,0%,0%
playoffs_split2,ALGS Year 4 Split 2 Playoffs,https://apexlegendsstatus.com/algs/Y4-Split2/ALGS-Playoffs/Global/Overview,Y4-Split2,ALGS-Playoffs,Global,Overview,,,https://apexlegendsstatus.com/algs/Y4-Split2/ALGS-Playoffs/Global/Overview,overview,85,player_stats,Scores,55,SSG Koyful,SSG,1st,34,55,50,63,33,"27,689","16,501","11,188",503.44,"1,419",5,1,1.83,3.5,30,9h 32m 45s,,50%,70.6%,41.7%
playoffs_split2,ALGS Year 4 Split 2 Playoffs,https://apexlegendsstatus.com/algs/Y4-Split2/ALGS-Playoffs/Global/Overview,Y4-Split2,ALGS-Playoffs,Global,Overview,,,https://apexlegendsstatus.com/algs/Y4-Split2/ALGS-Playoffs/Global/Overview,overview,85,player_stats,Scores,56,FAK lzhidan,FA KIDS,4th,24,32,19,38,29,"14,155","15,089",-934,442.34,"2,424",5,4,1.28,2.04,25,6h 30m 43s,,37.5%,11.1%,0%
playoffs_split2,ALGS Year 4 Split 2 Playoffs,https://apexlegendsstatus.com/algs/Y4-Split2/ALGS-Playoffs/Global/Overview,Y4-Split2,ALGS-Playoffs,Global,Overview,,,https://apexlegendsstatus.com/algs/Y4-Split2/ALGS-Playoffs/Global/Overview,overview,85,player_stats,Scores,57,FAZE Naghz,FaZe,1st,24,15,9,20,25,"13,395","12,653",742,893,283,3,0,0.6,0.96,25,6h 20m 35s,,50%,41.7%,20%
playoffs_split2,ALGS Year 4 Split 2 Playoffs,https://apexlegendsstatus.com/algs/Y4-Split2/ALGS-Playoffs/Global/Overview,Y4-Split2,ALGS-Playoffs,Global,Overview,,,https://apexlegendsstatus.com/algs/Y4-Split2/ALGS-Playoffs/Global/Overview,overview,85,player_stats,Scores,58,SRZ Re1qz,STRIDERZ,3rd,24,12,7,20,27,"9,971","10,510",-539,830.92,"1,080",0,2,0.46,0.73,26,6h 4m 14s,,12.5%,66.7%,0%
playoffs_split2,ALGS Year 4 Split 2 Playoffs,https://apexlegendsstatus.com/algs/Y4-Split2/ALGS-Playoffs/Global/Overview,Y4-Split2,ALGS-Playoffs,Global,Overview,,,https://apexlegendsstatus.com/algs/Y4-Split2/ALGS-Playoffs/Global/Overview,overview,85,player_stats,Scores,59,ALL TylerFPS,Alliance,1st,40,66,61,84,46,"25,664","23,723","1,941",388.85,"1,009",9,1,1.61,3.1,41,10h 18m 1s,,42.5%,64.7%,27.3%
playoffs_split2,ALGS Year 4 Split 2 Playoffs,https://apexlegendsstatus.com/algs/Y4-Split2/ALGS-Playoffs/Global/Overview,Y4-Split2,ALGS-Playoffs,Global,Overview,,,https://apexlegendsstatus.com/algs/Y4-Split2/ALGS-Playoffs/Global/Overview,overview,85,player_stats,Scores,60,NAVI KIND4,Natus Vincere,1st,30,32,39,39,36,"22,366","20,953","1,413",698.94,834,6,0,1.28,2.84,25,8h 20m 16s,,56.7%,70.6%,41.7%
playoffs_split2,ALGS Year 4 Split 2 Playoffs,https://apexlegendsstatus.com/algs/Y4-Split2/ALGS-Playoffs/Global/Overview,Y4-Split2,ALGS-Playoffs,Global,Overview,,,https://apexlegendsstatus.com/algs/Y4-Split2/ALGS-Playoffs/Global/Overview,overview,85,player_stats,Scores,61,SSE Luo,SSE-Xray,2nd,24,7,15,12,25,"9,054","8,899",155,1293.43,"1,067",3,2,0.29,0.92,24,6h 57m 27s,,50%,25%,0%
playoffs_split2,ALGS Year 4 Split 2 Playoffs,https://apexlegendsstatus.com/algs/Y4-Split2/ALGS-Playoffs/Global/Overview,Y4-Split2,ALGS-Playoffs,Global,Overview,,,https://apexlegendsstatus.com/algs/Y4-Split2/ALGS-Playoffs/Global/Overview,overview,85,player_stats,Scores,62,FL mo-mon_,FENNEL,3rd,24,20,23,27,33,"12,966","13,409",-443,648.3,169,0,4,0.77,1.65,26,6h 27m 37s,,41.7%,30%,0%
playoffs_split2,ALGS Year 4 Split 2 Playoffs,https://apexlegendsstatus.com/algs/Y4-Split2/ALGS-Playoffs/Global/Overview,Y4-Split2,ALGS-Playoffs,Global,Overview,,,https://apexlegendsstatus.com/algs/Y4-Split2/ALGS-Playoffs/Global/Overview,overview,85,player_stats,Scores,63,GN OhSlab,GoNext Esports,1st,30,44,23,51,29,"16,321","12,635","3,686",370.93,684,2,1,1.57,2.39,28,8h 2m 25s,,33.3%,50%,20%
playoffs_split2,ALGS Year 4 Split 2 Playoffs,https://apexlegendsstatus.com/algs/Y4-Split2/ALGS-Playoffs/Global/Overview,Y4-Split2,ALGS-Playoffs,Global,Overview,,,https://apexlegendsstatus.com/algs/Y4-Split2/ALGS-Playoffs/Global/Overview,overview,85,player_stats,Scores,64,NOC mohziin,Noctem Scan,1st,40,38,43,50,50,"21,956","23,108","-1,152",577.79,647,0,0,0.84,1.8,45,10h 23m 29s,,45%,50%,11.1%
playoffs_split2,ALGS Year 4 Split 2 Playoffs,https://apexlegendsstatus.com/algs/Y4-Split2/ALGS-Playoffs/Global/Overview,Y4-Split2,ALGS-Playoffs,Global,Overview,,,https://apexlegendsstatus.com/algs/Y4-Split2/ALGS-Playoffs/Global/Overview,overview,85,player_stats,Scores,65,VKG Kaaasa,VK GAMING,1st,34,17,50,18,44,"17,681","16,791",890,1040.06,"1,312",4,2,0.47,1.86,36,9h 37m 37s,,64.7%,54.5%,8.3%
playoffs_split2,ALGS Year 4 Split 2 Playoffs,https://apexlegendsstatus.com/algs/Y4-Split2/ALGS-Playoffs/Global/Overview,Y4-Split2,ALGS-Playoffs,Global,Overview,,,https://apexlegendsstatus.com/algs/Y4-Split2/ALGS-Playoffs/Global/Overview,overview,85,player_stats,Scores,66,MKS Z1CKKY,MKERS,1st,40,26,40,32,42,"13,874","14,383",-509,533.62,"1,321",6,5,0.65,1.65,40,10h 52m 17s,,42.5%,41.2%,14.3%
playoffs_split2,ALGS Year 4 Split 2 Playoffs,https://apexlegendsstatus.com/algs/Y4-Split2/ALGS-Playoffs/Global/Overview,Y4-Split2,ALGS-Playoffs,Global,Overview,,,https://apexlegendsstatus.com/algs/Y4-Split2/ALGS-Playoffs/Global/Overview,overview,85,player_stats,Scores,67,RC IeNaGa24,REJECT WINNITYJP,1st,30,9,25,10,31,"7,510","11,177","-3,667",834.44,849,6,3,0.3,1.13,30,8h 5m 42s,,43.3%,53.8%,14.3%
playoffs_split2,ALGS Year 4 Split 2 Playoffs,https://apexlegendsstatus.com/algs/Y4-Split2/ALGS-Playoffs/Global/Overview,Y4-Split2,ALGS-Playoffs,Global,Overview,,,https://apexlegendsstatus.com/algs/Y4-Split2/ALGS-Playoffs/Global/Overview,overview,85,player_stats,Scores,68,GG Lufka,GaiminGladiators,1st,34,42,46,51,38,"21,460","24,407","-2,947",510.95,668,32,2,1.45,3.03,29,10h 53m 57s,,70.6%,75%,33.3%
playoffs_split2,ALGS Year 4 Split 2 Playoffs,https://apexlegendsstatus.com/algs/Y4-Split2/ALGS-Playoffs/Global/Overview,Y4-Split2,ALGS-Playoffs,Global,Overview,,,https://apexlegendsstatus.com/algs/Y4-Split2/ALGS-Playoffs/Global/Overview,overview,85,player_stats,Scores,69,TSM zap,TSM,1st,34,60,64,73,41,"32,496","22,102","10,394",541.6,"1,715",2,2,1.76,3.65,34,10h 24m 16s,,64.7%,59.1%,15.4%
playoffs_split2,ALGS Year 4 Split 2 Playoffs,https://apexlegendsstatus.com/algs/Y4-Split2/ALGS-Playoffs/Global/Overview,Y4-Split2,ALGS-Playoffs,Global,Overview,,,https://apexlegendsstatus.com/algs/Y4-Split2/ALGS-Playoffs/Global/Overview,overview,85,player_stats,Scores,70,EXO KSWINNIIE,Exo Clan,1st,40,25,72,30,42,"18,527","16,070","2,457",741.08,"1,005",3,8,0.66,2.55,38,10h 36m 28s,,52.5%,33.3%,14.3%
playoffs_split2,ALGS Year 4 Split 2 Playoffs,https://apexlegendsstatus.com/algs/Y4-Split2/ALGS-Playoffs/Global/Overview,Y4-Split2,ALGS-Playoffs,Global,Overview,,,https://apexlegendsstatus.com/algs/Y4-Split2/ALGS-Playoffs/Global/Overview,overview,85,player_stats,Scores,71,KCP Onmuu,Pioneers,2nd,24,23,17,30,31,"14,528","12,074","2,454",631.65,878,2,1,0.88,1.54,26,7h 18m 4s,,45.8%,45.5%,0%
playoffs_split2,ALGS Year 4 Split 2 Playoffs,https://apexlegendsstatus.com/algs/Y4-Split2/ALGS-Playoffs/Global/Overview,Y4-Split2,ALGS-Playoffs,Global,Overview,,,https://apexlegendsstatus.com/algs/Y4-Split2/ALGS-Playoffs/Global/Overview,overview,85,player_stats,Scores,72,LGND Gnaske,Legends Gaming,1st,12,11,18,16,16,"7,750","9,755","-2,005",704.55,240,2,2,0.85,2.23,13,3h 48m 1s,,60%,44.4%,12.5%
playoffs_split2,ALGS Year 4 Split 2 Playoffs,https://apexlegendsstatus.com/algs/Y4-Split2/ALGS-Playoffs/Global/Overview,Y4-Split2,ALGS-Playoffs,Global,Overview,,,https://apexlegendsstatus.com/algs/Y4-Split2/ALGS-Playoffs/Global/Overview,overview,85,player_stats,Scores,73,OLP artiNN1,OLIMPO,2nd,24,14,23,19,27,"7,839","9,688","-1,849",559.93,"1,089",3,5,0.56,1.48,25,6h 13m 58s,,29.2%,57.1%,0%
playoffs_split2,ALGS Year 4 Split 2 Playoffs,https://apexlegendsstatus.com/algs/Y4-Split2/ALGS-Playoffs/Global/Overview,Y4-Split2,ALGS-Playoffs,Global,Overview,,,https://apexlegendsstatus.com/algs/Y4-Split2/ALGS-Playoffs/Global/Overview,overview,85,player_stats,Scores,74,BLD knoqd,BLEED Esports,1st,34,29,35,33,38,"19,774","19,446",328,681.86,"1,469",1,0,0.88,1.94,33,10h 22m 22s,,67.6%,47.8%,27.3%
playoffs_split2,ALGS Year 4 Split 2 Playoffs,https://apexlegendsstatus.com/algs/Y4-Split2/ALGS-Playoffs/Global/Overview,Y4-Split2,ALGS-Playoffs,Global,Overview,,,https://apexlegendsstatus.com/algs/Y4-Split2/ALGS-Playoffs/Global/Overview,overview,85,player_stats,Scores,75,C9 sauceror,Cloud9,1st,40,39,57,46,43,"23,286","16,719","6,567",597.08,807,4,2,1.03,2.53,38,11h 11m 28s,,52.5%,47.6%,30%
playoffs_split2,ALGS Year 4 Split 2 Playoffs,https://apexlegendsstatus.com/algs/Y4-Split2/ALGS-Playoffs/Global/Overview,Y4-Split2,ALGS-Playoffs,Global,Overview,,,https://apexlegendsstatus.com/algs/Y4-Split2/ALGS-Playoffs/Global/Overview,overview,85,player_stats,Scores,76,NTH ReyzyGG,NORTHEPTION,1st,30,22,12,31,36,"15,299","15,133",166,695.41,686,2,0,0.71,1.1,31,8h 12m 35s,,43.3%,38.5%,20%
playoffs_split2,ALGS Year 4 Split 2 Playoffs,https://apexlegendsstatus.com/algs/Y4-Split2/ALGS-Playoffs/Global/Overview,Y4-Split2,ALGS-Playoffs,Global,Overview,,,https://apexlegendsstatus.com/algs/Y4-Split2/ALGS-Playoffs/Global/Overview,overview,85,player_stats,Scores,77,SWQ Dount,SWQ,1st,30,22,18,27,30,"16,225","14,193","2,032",737.5,"1,178",0,1,0.73,1.33,30,7h 8m 58s,,26.7%,12.5%,100%
playoffs_split2,ALGS Year 4 Split 2 Playoffs,https://apexlegendsstatus.com/algs/Y4-Split2/ALGS-Playoffs/Global/Overview,Y4-Split2,ALGS-Playoffs,Global,Overview,,,https://apexlegendsstatus.com/algs/Y4-Split2/ALGS-Playoffs/Global/Overview,overview,85,player_stats,Scores,78,COL KIMCHI,Complexity,1st,40,35,52,39,45,"18,804","19,605",-801,537.26,922,7,6,0.92,2.29,38,11h 20m 24s,,55%,45.5%,10%
playoffs_split2,ALGS Year 4 Split 2 Playoffs,https://apexlegendsstatus.com/algs/Y4-Split2/ALGS-Playoffs/Global/Overview,Y4-Split2,ALGS-Playoffs,Global,Overview,,,https://apexlegendsstatus.com/algs/Y4-Split2/ALGS-Playoffs/Global/Overview,overview,85,player_stats,Scores,79,FOXX HammerDrill,NOEZ FOXX,1st,24,8,12,11,27,"8,615","9,340",-725,1076.88,"1,040",8,0,0.32,0.8,25,6h 14m 33s,,37.5%,33.3%,33.3%
playoffs_split2,ALGS Year 4 Split 2 Playoffs,https://apexlegendsstatus.com/algs/Y4-Split2/ALGS-Playoffs/Global/Overview,Y4-Split2,ALGS-Playoffs,Global,Overview,,,https://apexlegendsstatus.com/algs/Y4-Split2/ALGS-Playoffs/Global/Overview,overview,85,player_stats,Scores,80,FUR Vaxlon,FURIA,1st,34,41,47,57,41,"20,662","22,584","-1,922",503.95,"1,010",16,1,1.14,2.44,36,10h 34m 29s,,61.8%,61.9%,23.1%
playoffs_split2,ALGS Year 4 Split 2 Playoffs,https://apexlegendsstatus.com/algs/Y4-Split2/ALGS-Playoffs/Global/Overview,Y4-Split2,ALGS-Playoffs,Global,Overview,,,https://apexlegendsstatus.com/algs/Y4-Split2/ALGS-Playoffs/Global/Overview,overview,85,player_stats,Scores,81,GG lighT,GaiminGladiators,1st,34,47,60,57,46,"29,706","28,780",926,632.04,519,4,2,1.57,3.57,30,10h 51m 17s,,70.6%,75%,33.3%
playoffs_split2,ALGS Year 4 Split 2 Playoffs,https://apexlegendsstatus.com/algs/Y4-Split2/ALGS-Playoffs/Global/Overview,Y4-Split2,ALGS-Playoffs,Global,Overview,,,https://apexlegendsstatus.com/algs/Y4-Split2/ALGS-Playoffs/Global/Overview,overview,85,player_stats,Scores,82,OLP KiingZ,OLIMPO,2nd,24,17,17,22,29,"11,135","13,908","-2,773",655,"1,234",1,1,0.63,1.26,27,6h 19m 52s,,29.2%,57.1%,0%
playoffs_split2,ALGS Year 4 Split 2 Playoffs,https://apexlegendsstatus.com/algs/Y4-Split2/ALGS-Playoffs/Global/Overview,Y4-Split2,ALGS-Playoffs,Global,Overview,,,https://apexlegendsstatus.com/algs/Y4-Split2/ALGS-Playoffs/Global/Overview,overview,85,player_stats,Scores,83,KCP Deeds,Pioneers,2nd,24,13,22,18,28,"11,923","10,769","1,154",917.15,"1,083",11,1,0.5,1.35,26,7h 15m 40s,,45.8%,45.5%,0%
playoffs_split2,ALGS Year 4 Split 2 Playoffs,https://apexlegendsstatus.com/algs/Y4-Split2/ALGS-Playoffs/Global/Overview,Y4-Split2,ALGS-Playoffs,Global,Overview,,,https://apexlegendsstatus.com/algs/Y4-Split2/ALGS-Playoffs/Global/Overview,overview,85,player_stats,Scores,84,FL Pinotr,FENNEL,3rd,24,16,32,18,30,"9,333","11,975","-2,642",583.31,133,2,2,0.57,1.71,28,6h 25m 56s,,41.7%,30%,0%
playoffs_split2,ALGS Year 4 Split 2 Playoffs,https://apexlegendsstatus.com/algs/Y4-Split2/ALGS-Playoffs/Global/Overview,Y4-Split2,ALGS-Playoffs,Global,Overview,,,https://apexlegendsstatus.com/algs/Y4-Split2/ALGS-Playoffs/Global/Overview,overview,85,player_stats,Scores,85,MKS DEXTER,MKERS,1st,40,27,29,37,48,"17,289","18,048",-759,640.33,"1,654",4,2,0.66,1.37,41,10h 50m 1s,,42.5%,41.2%,14.3%
playoffs_split2,ALGS Year 4 Split 2 Playoffs,https://apexlegendsstatus.com/algs/Y4-Split2/ALGS-Playoffs/Global/Overview,Y4-Split2,ALGS-Playoffs,Global,Overview,,,https://apexlegendsstatus.com/algs/Y4-Split2/ALGS-Playoffs/Global/Overview,overview,85,player_stats,Scores,86,SWQ YouL1ng,SWQ,1st,30,24,19,29,34,"14,704","13,533","1,171",612.67,"1,708",0,0,0.77,1.39,31,7h 13m 43s,,26.7%,12.5%,100%
playoffs_split2,ALGS Year 4 Split 2 Playoffs,https://apexlegendsstatus.com/algs/Y4-Split2/ALGS-Playoffs/Global/Overview,Y4-Split2,ALGS-Playoffs,Global,Overview,,,https://apexlegendsstatus.com/algs/Y4-Split2/ALGS-Playoffs/Global/Overview,overview,85,player_stats,Scores,87,BLD Shooby,BLEED Esports,1st,34,33,31,42,34,"20,602","19,289","1,313",624.3,838,20,1,1.06,2.06,31,10h 37m 21s,,67.6%,47.8%,27.3%
playoffs_split2,ALGS Year 4 Split 2 Playoffs,https://apexlegendsstatus.com/algs/Y4-Split2/ALGS-Playoffs/Global/Overview,Y4-Split2,ALGS-Playoffs,Global,Overview,,,https://apexlegendsstatus.com/algs/Y4-Split2/ALGS-Playoffs/Global/Overview,overview,85,player_stats,Scores,88,C9 Naughty,Cloud9,1st,40,35,49,41,39,"20,095","18,704","1,391",574.14,900,4,0,0.95,2.27,37,11h 8m 15s,,52.5%,47.6%,30%
playoffs_split2,ALGS Year 4 Split 2 Playoffs,https://apexlegendsstatus.com/algs/Y4-Split2/ALGS-Playoffs/Global/Overview,Y4-Split2,ALGS-Playoffs,Global,Overview,,,https://apexlegendsstatus.com/algs/Y4-Split2/ALGS-Playoffs/Global/Overview,overview,85,player_stats,Scores,89,RC Ein,REJECT WINNITYJP,1st,30,21,10,25,36,"15,366","17,437","-2,071",731.71,420,2,1,0.7,1.03,30,8h 15m 5s,,43.3%,53.8%,14.3%
playoffs_split2,ALGS Year 4 Split 2 Playoffs,https://apexlegendsstatus.com/algs/Y4-Split2/ALGS-Playoffs/Global/Overview,Y4-Split2,ALGS-Playoffs,Global,Overview,,,https://apexlegendsstatus.com/algs/Y4-Split2/ALGS-Playoffs/Global/Overview,overview,85,player_stats,Scores,90,SSE TreeCleaner,SSE-Xray,2nd,24,14,9,19,29,"8,243","10,740","-2,497",588.79,"1,223",2,0,0.56,0.92,25,6h 59m 24s,,50%,25%,0%
playoffs_split2,ALGS Year 4 Split 2 Playoffs,https://apexlegendsstatus.com/algs/Y4-Split2/ALGS-Playoffs/Global/Overview,Y4-Split2,ALGS-Playoffs,Global,Overview,,,https://apexlegendsstatus.com/algs/Y4-Split2/ALGS-Playoffs/Global/Overview,overview,85,player_stats,Scores,91,TSM Reps,TSM,1st,34,39,86,47,38,"21,870","17,041","4,829",560.77,"1,062",6,2,1.11,3.57,35,10h 25m 50s,,64.7%,59.1%,15.4%
playoffs_split2,ALGS Year 4 Split 2 Playoffs,https://apexlegendsstatus.com/algs/Y4-Split2/ALGS-Playoffs/Global/Overview,Y4-Split2,ALGS-Playoffs,Global,Overview,,,https://apexlegendsstatus.com/algs/Y4-Split2/ALGS-Playoffs/Global/Overview,overview,85,player_stats,Scores,92,NOC Atinum,Noctem Scan,1st,40,34,67,40,39,"19,662","17,286","2,376",578.29,851,1,10,0.89,2.66,38,10h 30m 3s,,45%,50%,11.1%
playoffs_split2,ALGS Year 4 Split 2 Playoffs,https://apexlegendsstatus.com/algs/Y4-Split2/ALGS-Playoffs/Global/Overview,Y4-Split2,ALGS-Playoffs,Global,Overview,,,https://apexlegendsstatus.com/algs/Y4-Split2/ALGS-Playoffs/Global/Overview,overview,85,player_stats,Scores,93,NTH YukaPEROdator,NORTHEPTION,1st,30,10,21,19,32,"10,193","11,188",-995,1019.3,967,2,5,0.34,1.07,29,8h 22m 3s,,43.3%,38.5%,20%
playoffs_split2,ALGS Year 4 Split 2 Playoffs,https://apexlegendsstatus.com/algs/Y4-Split2/ALGS-Playoffs/Global/Overview,Y4-Split2,ALGS-Playoffs,Global,Overview,,,https://apexlegendsstatus.com/algs/Y4-Split2/ALGS-Playoffs/Global/Overview,overview,85,player_stats,Scores,94,VKG 951,VK GAMING,1st,34,41,25,53,41,"27,012","22,277","4,735",658.83,"1,333",5,2,1.17,1.89,35,9h 48m 36s,,64.7%,54.5%,8.3%
playoffs_split2,ALGS Year 4 Split 2 Playoffs,https://apexlegendsstatus.com/algs/Y4-Split2/ALGS-Playoffs/Global/Overview,Y4-Split2,ALGS-Playoffs,Global,Overview,,,https://apexlegendsstatus.com/algs/Y4-Split2/ALGS-Playoffs/Global/Overview,overview,85,player_stats,Scores,95,COL Lou,Complexity,1st,40,63,49,80,45,"32,136","28,437","3,699",510.1,"1,273",11,0,1.5,2.67,42,11h 37m 6s,,55%,45.5%,10%
playoffs_split2,ALGS Year 4 Split 2 Playoffs,https://apexlegendsstatus.com/algs/Y4-Split2/ALGS-Playoffs/Global/Overview,Y4-Split2,ALGS-Playoffs,Global,Overview,,,https://apexlegendsstatus.com/algs/Y4-Split2/ALGS-Playoffs/Global/Overview,overview,85,player_stats,Scores,96,FOXX MiaK,NOEZ FOXX,1st,24,12,11,20,29,"9,458","10,974","-1,516",788.17,945,0,2,0.48,0.92,25,6h 16m 7s,,37.5%,33.3%,33.3%
playoffs_split2,ALGS Year 4 Split 2 Playoffs,https://apexlegendsstatus.com/algs/Y4-Split2/ALGS-Playoffs/Global/Overview,Y4-Split2,ALGS-Playoffs,Global,Overview,,,https://apexlegendsstatus.com/algs/Y4-Split2/ALGS-Playoffs/Global/Overview,overview,85,player_stats,Scores,97,GN kaishihaa,GoNext Esports,1st,30,16,33,22,29,"12,501","12,820",-319,781.31,901,9,0,0.57,1.75,28,8h 3s,,33.3%,50%,20%
playoffs_split2,ALGS Year 4 Split 2 Playoffs,https://apexlegendsstatus.com/algs/Y4-Split2/ALGS-Playoffs/Global/Overview,Y4-Split2,ALGS-Playoffs,Global,Overview,,,https://apexlegendsstatus.com/algs/Y4-Split2/ALGS-Playoffs/Global/Overview,overview,85,player_stats,Scores,98,EXO Slayers,Exo Clan,1st,40,37,36,47,45,"19,631","19,384",247,530.57,460,6,0,0.93,1.83,40,10h 24m 44s,,52.5%,33.3%,14.3%
playoffs_split2,ALGS Year 4 Split 2 Playoffs,https://apexlegendsstatus.com/algs/Y4-Split2/ALGS-Playoffs/Global/Overview,Y4-Split2,ALGS-Playoffs,Global,Overview,,,https://apexlegendsstatus.com/algs/Y4-Split2/ALGS-Playoffs/Global/Overview,overview,85,player_stats,Scores,99,FUR Keon,FURIA,1st,34,38,40,48,44,"25,775","21,278","4,497",678.29,"1,386",3,3,1.12,2.29,34,10h 40m 57s,,61.8%,61.9%,23.1%
playoffs_split2,ALGS Year 4 Split 2 Playoffs,https://apexlegendsstatus.com/algs/Y4-Split2/ALGS-Playoffs/Global/Overview,Y4-Split2,ALGS-Playoffs,Global,Overview,,,https://apexlegendsstatus.com/algs/Y4-Split2/ALGS-Playoffs/Global/Overview,overview,85,player_stats,Scores,100,LGND PlayerKay,Legends Gaming,1st,30,21,27,25,34,"15,649","15,306",343,745.19,720,12,2,0.68,1.55,31,8h 29m 45s,,60%,44.4%,12.5%
playoffs_split2,ALGS Year 4 Split 2 Playoffs,https://apexlegendsstatus.com/algs/Y4-Split2/ALGS-Playoffs/Global/Overview,Y4-Split2,ALGS-Playoffs,Global,Overview,,,https://apexlegendsstatus.com/algs/Y4-Split2/ALGS-Playoffs/Global/Overview,overview,85,player_stats,Scores,101,FOXX Meltstera,NOEZ FOXX,1st,24,20,14,27,25,"12,838","10,482","2,356",641.9,584,3,3,0.83,1.42,24,6h 14m 17s,,37.5%,33.3%,33.3%
playoffs_split2,ALGS Year 4 Split 2 Playoffs,https://apexlegendsstatus.com/algs/Y4-Split2/ALGS-Playoffs/Global/Overview,Y4-Split2,ALGS-Playoffs,Global,Overview,,,https://apexlegendsstatus.com/algs/Y4-Split2/ALGS-Playoffs/Global/Overview,overview,85,player_stats,Scores,102,VKG QQ,VK GAMING,1st,34,36,30,39,41,"21,572","19,106","2,466",599.22,"1,585",14,3,1.03,1.89,35,9h 52m 6s,,64.7%,54.5%,8.3%
playoffs_split2,ALGS Year 4 Split 2 Playoffs,https://apexlegendsstatus.com/algs/Y4-Split2/ALGS-Playoffs/Global/Overview,Y4-Split2,ALGS-Playoffs,Global,Overview,,,https://apexlegendsstatus.com/algs/Y4-Split2/ALGS-Playoffs/Global/Overview,overview,85,player_stats,Scores,103,SSE KingMSG,SSE-Xray,2nd,24,22,10,28,26,"14,871","13,071","1,800",675.95,838,2,0,0.88,1.28,25,6h 49m 45s,,50%,25%,0%
playoffs_split2,ALGS Year 4 Split 2 Playoffs,https://apexlegendsstatus.com/algs/Y4-Split2/ALGS-Playoffs/Global/Overview,Y4-Split2,ALGS-Playoffs,Global,Overview,,,https://apexlegendsstatus.com/algs/Y4-Split2/ALGS-Playoffs/Global/Overview,overview,85,player_stats,Scores,104,GN K4SHERA,GoNext Esports,1st,30,24,47,28,38,"13,351","11,960","1,391",556.29,853,0,0,0.83,2.45,29,8h 1m 26s,,33.3%,50%,20%
playoffs_split2,ALGS Year 4 Split 2 Playoffs,https://apexlegendsstatus.com/algs/Y4-Split2/ALGS-Playoffs/Global/Overview,Y4-Split2,ALGS-Playoffs,Global,Overview,,,https://apexlegendsstatus.com/algs/Y4-Split2/ALGS-Playoffs/Global/Overview,overview,85,player_stats,Scores,105,COL Monsoon,Complexity,1st,40,47,56,56,50,"35,180","26,939","8,241",748.51,"1,353",5,1,1.15,2.51,41,11h 34m 54s,,55%,45.5%,10%
playoffs_split2,ALGS Year 4 Split 2 Playoffs,https://apexlegendsstatus.com/algs/Y4-Split2/ALGS-Playoffs/Global/Overview,Y4-Split2,ALGS-Playoffs,Global,Overview,,,https://apexlegendsstatus.com/algs/Y4-Split2/ALGS-Playoffs/Global/Overview,overview,85,player_stats,Scores,106,TSM Verhulst,TSM,1st,34,57,51,66,38,"28,647","19,629","9,018",502.58,"1,793",8,2,1.73,3.27,33,10h 27m 51s,,64.7%,59.1%,15.4%
playoffs_split2,ALGS Year 4 Split 2 Playoffs,https://apexlegendsstatus.com/algs/Y4-Split2/ALGS-Playoffs/Global/Overview,Y4-Split2,ALGS-Playoffs,Global,Overview,,,https://apexlegendsstatus.com/algs/Y4-Split2/ALGS-Playoffs/Global/Overview,overview,85,player_stats,Scores,107,OLP Vlatow,OLIMPO,2nd,24,15,11,18,29,"9,409","12,169","-2,760",627.27,"1,315",3,0,0.58,1,26,6h 17m 22s,,29.2%,57.1%,0%
playoffs_split2,ALGS Year 4 Split 2 Playoffs,https://apexlegendsstatus.com/algs/Y4-Split2/ALGS-Playoffs/Global/Overview,Y4-Split2,ALGS-Playoffs,Global,Overview,,,https://apexlegendsstatus.com/algs/Y4-Split2/ALGS-Playoffs/Global/Overview,overview,85,player_stats,Scores,108,C9 ChaoticMuch,Cloud9,1st,40,47,34,55,41,"29,278","22,799","6,479",622.94,758,3,1,1.27,2.19,37,11h 13m 35s,,52.5%,47.6%,30%
playoffs_split2,ALGS Year 4 Split 2 Playoffs,https://apexlegendsstatus.com/algs/Y4-Split2/ALGS-Playoffs/Global/Overview,Y4-Split2,ALGS-Playoffs,Global,Overview,,,https://apexlegendsstatus.com/algs/Y4-Split2/ALGS-Playoffs/Global/Overview,overview,85,player_stats,Scores,109,RC Kernel garcia,REJECT WINNITYJP,1st,30,18,15,24,32,"12,812","14,265","-1,453",711.78,430,4,1,0.6,1.1,30,8h 15m 29s,,43.3%,53.8%,14.3%
playoffs_split2,ALGS Year 4 Split 2 Playoffs,https://apexlegendsstatus.com/algs/Y4-Split2/ALGS-Playoffs/Global/Overview,Y4-Split2,ALGS-Playoffs,Global,Overview,,,https://apexlegendsstatus.com/algs/Y4-Split2/ALGS-Playoffs/Global/Overview,overview,85,player_stats,Scores,110,EXO Feuda,Exo Clan,1st,40,51,39,56,50,"25,778","24,347","1,431",505.45,495,10,0,1.16,2.05,44,10h 28m 58s,,52.5%,33.3%,14.3%
playoffs_split2,ALGS Year 4 Split 2 Playoffs,https://apexlegendsstatus.com/algs/Y4-Split2/ALGS-Playoffs/Global/Overview,Y4-Split2,ALGS-Playoffs,Global,Overview,,,https://apexlegendsstatus.com/algs/Y4-Split2/ALGS-Playoffs/Global/Overview,overview,85,player_stats,Scores,111,NOC RemixPowers,Noctem Scan,1st,40,48,40,54,43,"22,281","23,895","-1,614",464.19,512,11,1,1.14,2.1,42,10h 23m 58s,,45%,50%,11.1%
playoffs_split2,ALGS Year 4 Split 2 Playoffs,https://apexlegendsstatus.com/algs/Y4-Split2/ALGS-Playoffs/Global/Overview,Y4-Split2,ALGS-Playoffs,Global,Overview,,,https://apexlegendsstatus.com/algs/Y4-Split2/ALGS-Playoffs/Global/Overview,overview,85,player_stats,Scores,112,GG Blasts,GaiminGladiators,1st,34,59,41,70,43,"22,611","24,768","-2,157",383.24,800,5,0,2.03,3.45,29,10h 54m 42s,,70.6%,75%,33.3%
playoffs_split2,ALGS Year 4 Split 2 Playoffs,https://apexlegendsstatus.com/algs/Y4-Split2/ALGS-Playoffs/Global/Overview,Y4-Split2,ALGS-Playoffs,Global,Overview,,,https://apexlegendsstatus.com/algs/Y4-Split2/ALGS-Playoffs/Global/Overview,overview,85,player_stats,Scores,113,MKS ASIAZXD,MKERS,1st,40,31,32,40,42,"22,432","20,363","2,069",723.61,"2,248",6,0,0.78,1.58,40,10h 54m 48s,,42.5%,41.2%,14.3%
playoffs_split2,ALGS Year 4 Split 2 Playoffs,https://apexlegendsstatus.com/algs/Y4-Split2/ALGS-Playoffs/Global/Overview,Y4-Split2,ALGS-Playoffs,Global,Overview,,,https://apexlegendsstatus.com/algs/Y4-Split2/ALGS-Playoffs/Global/Overview,overview,85,player_stats,Scores,114,SWQ crazycong,SWQ,1st,30,10,33,15,29,"9,114","8,727",387,911.4,"1,674",5,4,0.36,1.54,28,7h 19m 58s,,26.7%,12.5%,100%
playoffs_split2,ALGS Year 4 Split 2 Playoffs,https://apexlegendsstatus.com/algs/Y4-Split2/ALGS-Playoffs/Global/Overview,Y4-Split2,ALGS-Playoffs,Global,Overview,,,https://apexlegendsstatus.com/algs/Y4-Split2/ALGS-Playoffs/Global/Overview,overview,85,player_stats,Scores,115,LGND Amphy,Legends Gaming,1st,12,17,14,19,18,"5,266","8,452","-3,186",309.76,360,0,2,1.31,2.38,13,3h 50m 22s,,60%,44.4%,12.5%
playoffs_split2,ALGS Year 4 Split 2 Playoffs,https://apexlegendsstatus.com/algs/Y4-Split2/ALGS-Playoffs/Global/Overview,Y4-Split2,ALGS-Playoffs,Global,Overview,,,https://apexlegendsstatus.com/algs/Y4-Split2/ALGS-Playoffs/Global/Overview,overview,85,player_stats,Scores,116,KCP gent,Pioneers,2nd,24,22,20,32,27,"15,211","14,072","1,139",691.41,"1,464",0,2,0.92,1.75,24,7h 17m 5s,,45.8%,45.5%,0%
playoffs_split2,ALGS Year 4 Split 2 Playoffs,https://apexlegendsstatus.com/algs/Y4-Split2/ALGS-Playoffs/Global/Overview,Y4-Split2,ALGS-Playoffs,Global,Overview,,,https://apexlegendsstatus.com/algs/Y4-Split2/ALGS-Playoffs/Global/Overview,overview,85,player_stats,Scores,117,BLD Dropped,BLEED Esports,1st,34,50,29,56,42,"19,848","22,448","-2,600",396.96,"1,230",2,1,1.61,2.55,31,10h 34m 7s,,67.6%,47.8%,27.3%
playoffs_split2,ALGS Year 4 Split 2 Playoffs,https://apexlegendsstatus.com/algs/Y4-Split2/ALGS-Playoffs/Global/Overview,Y4-Split2,ALGS-Playoffs,Global,Overview,,,https://apexlegendsstatus.com/algs/Y4-Split2/ALGS-Playoffs/Global/Overview,overview,85,player_stats,Scores,118,NTH Taida,NORTHEPTION,1st,30,24,14,34,35,"17,006","14,223","2,783",708.58,891,9,2,0.75,1.19,32,8h 14m 33s,,43.3%,38.5%,20%
playoffs_split2,ALGS Year 4 Split 2 Playoffs,https://apexlegendsstatus.com/algs/Y4-Split2/ALGS-Playoffs/Global/Overview,Y4-Split2,ALGS-Playoffs,Global,Overview,,,https://apexlegendsstatus.com/algs/Y4-Split2/ALGS-Playoffs/Global/Overview,overview,85,player_stats,Scores,119,FUR ImMadness,FURIA,1st,34,38,52,44,40,"22,062","18,870","3,192",580.58,"1,213",3,7,1.12,2.65,34,10h 35m 28s,,61.8%,61.9%,23.1%
playoffs_split2,ALGS Year 4 Split 2 Playoffs,https://apexlegendsstatus.com/algs/Y4-Split2/ALGS-Playoffs/Global/Overview,Y4-Split2,ALGS-Playoffs,Global,Overview,,,https://apexlegendsstatus.com/algs/Y4-Split2/ALGS-Playoffs/Global/Overview,overview,85,player_stats,Scores,120,FL Curihara,FENNEL,3rd,24,18,14,20,26,"10,363","12,848","-2,485",575.72,346,11,2,0.69,1.23,26,6h 24m 54s,,41.7%,30%,0%
playoffs_split2,ALGS Year 4 Split 2 Playoffs,https://apexlegendsstatus.com/algs/Y4-Split2/ALGS-Playoffs/Global/Overview,Y4-Split2,ALGS-Playoffs,Global,Overview,,,https://apexlegendsstatus.com/algs/Y4-Split2/ALGS-Playoffs/Global/Overview,overview,85,player_stats,Scores,121,DF iHateTheWorld,DreamFire,1st,34,58,28,64,42,"29,009","21,011","7,998",500.16,"1,567",3,0,1.71,2.53,34,9h 14m 45s,,52.5%,42.9%,11.1%
playoffs_split2,ALGS Year 4 Split 2 Playoffs,https://apexlegendsstatus.com/algs/Y4-Split2/ALGS-Playoffs/Global/Overview,Y4-Split2,ALGS-Playoffs,Global,Overview,,,https://apexlegendsstatus.com/algs/Y4-Split2/ALGS-Playoffs/Global/Overview,overview,85,player_stats,Scores,122,LGND StrafingFlame,Legends Gaming,1st,18,13,18,22,21,"11,290","11,014",276,868.46,210,1,3,0.72,1.72,18,4h 52m 38s,,60%,44.4%,12.5%
playoffs_split2,ALGS Year 4 Split 2 Playoffs,https://apexlegendsstatus.com/algs/Y4-Split2/ALGS-Playoffs/Global/Overview,Y4-Split2,ALGS-Playoffs,Global,Overview,,,https://apexlegendsstatus.com/algs/Y4-Split2/ALGS-Playoffs/Global/Overview,overview,85,player_stats,Scores,123,LGND EzFlashKIDZ,Legends Gaming,1st,18,18,14,21,20,"9,459","8,944",515,525.5,376,2,0,1,1.78,18,4h 47m 51s,,60%,44.4%,12.5%
championship_split2,ALGS Year 4 Championship,https://apexlegendsstatus.com/algs/Y4-Split2/ALGS-Championships/Global/Overview,Y4-Split2,ALGS-Championships,Global,Overview,,,https://apexlegendsstatus.com/algs/Y4-Split2/ALGS-Championships/Global/Overview,overview,83,player_stats,Scores,1,VKG LqDuD,VK GAMING,1st,43,32,33,51,53,"27,784","27,750",34,868.25,"4,527",58,4,0.67,1.35,48,13h 35m 25s,17m 42s,65.1%,57.1%,6.3%
championship_split2,ALGS Year 4 Championship,https://apexlegendsstatus.com/algs/Y4-Split2/ALGS-Championships/Global/Overview,Y4-Split2,ALGS-Championships,Global,Overview,,,https://apexlegendsstatus.com/algs/Y4-Split2/ALGS-Championships/Global/Overview,overview,83,player_stats,Scores,2,TSM zap,TSM,1st,35,31,56,43,44,"28,090","28,440",-350,906.13,"1,295",3,0,0.91,2.56,34,10h 42m 55s,14m 2s,57.1%,45%,22.2%
championship_split2,ALGS Year 4 Championship,https://apexlegendsstatus.com/algs/Y4-Split2/ALGS-Championships/Global/Overview,Y4-Split2,ALGS-Championships,Global,Overview,,,https://apexlegendsstatus.com/algs/Y4-Split2/ALGS-Championships/Global/Overview,overview,83,player_stats,Scores,3,SR Emtee,ShopifyRebellion,1st,35,23,59,31,42,"27,932","24,871","3,061",1214.43,"2,110",21,1,0.72,2.56,32,11h 31m 39s,16m 14s,68.6%,54.2%,30.8%
championship_split2,ALGS Year 4 Championship,https://apexlegendsstatus.com/algs/Y4-Split2/ALGS-Championships/Global/Overview,Y4-Split2,ALGS-Championships,Global,Overview,,,https://apexlegendsstatus.com/algs/Y4-Split2/ALGS-Championships/Global/Overview,overview,83,player_stats,Scores,4,NRG Nocturnal,NRG,1st,26,23,19,28,35,"19,192","23,316","-4,124",834.43,"2,644",2,7,0.79,1.45,29,8h 12m 5s,15m 12s,38.5%,20%,50%
championship_split2,ALGS Year 4 Championship,https://apexlegendsstatus.com/algs/Y4-Split2/ALGS-Championships/Global/Overview,Y4-Split2,ALGS-Championships,Global,Overview,,,https://apexlegendsstatus.com/algs/Y4-Split2/ALGS-Championships/Global/Overview,overview,83,player_stats,Scores,5,MTR Lible_Ace,Meteor,2nd,26,12,10,20,31,"13,853","12,609","1,244",1154.42,"2,172",1,2,0.41,0.76,29,7h 38m,12m 9s,23.1%,50%,0%
championship_split2,ALGS Year 4 Championship,https://apexlegendsstatus.com/algs/Y4-Split2/ALGS-Championships/Global/Overview,Y4-Split2,ALGS-Championships,Global,Overview,,,https://apexlegendsstatus.com/algs/Y4-Split2/ALGS-Championships/Global/Overview,overview,83,player_stats,Scores,6,100T iiTzTimmy,100 Thieves,1st,34,33,32,46,50,"23,461","22,485",976,710.94,"1,548",2,0,0.97,1.91,34,10h 18m 32s,17m 8s,47.1%,62.5%,20%
championship_split2,ALGS Year 4 Championship,https://apexlegendsstatus.com/algs/Y4-Split2/ALGS-Championships/Global/Overview,Y4-Split2,ALGS-Championships,Global,Overview,,,https://apexlegendsstatus.com/algs/Y4-Split2/ALGS-Championships/Global/Overview,overview,83,player_stats,Scores,7,GS Z1CKKY,GREEN STEGO,2nd,34,31,32,41,39,"20,553","19,077","1,476",663,"1,687",6,2,0.86,1.75,36,9h 57m 5s,12m 51s,52.9%,33.3%,0%
championship_split2,ALGS Year 4 Championship,https://apexlegendsstatus.com/algs/Y4-Split2/ALGS-Championships/Global/Overview,Y4-Split2,ALGS-Championships,Global,Overview,,,https://apexlegendsstatus.com/algs/Y4-Split2/ALGS-Championships/Global/Overview,overview,83,player_stats,Scores,8,GLD Legacy,GUILD,1st,35,41,26,68,34,"41,784","22,020","19,764",1019.12,829,21,1,1.28,2.09,32,11h 55s,15m 20s,62.9%,54.5%,25%
championship_split2,ALGS Year 4 Championship,https://apexlegendsstatus.com/algs/Y4-Split2/ALGS-Championships/Global/Overview,Y4-Split2,ALGS-Championships,Global,Overview,,,https://apexlegendsstatus.com/algs/Y4-Split2/ALGS-Championships/Global/Overview,overview,83,player_stats,Scores,9,EXO KSWINNIIE,Exo Clan,1st,43,41,39,66,47,"30,684","26,292","4,392",748.39,932,7,2,0.89,1.74,46,13h 7m 57s,13m 33s,48.8%,38.1%,12.5%
championship_split2,ALGS Year 4 Championship,https://apexlegendsstatus.com/algs/Y4-Split2/ALGS-Championships/Global/Overview,Y4-Split2,ALGS-Championships,Global,Overview,,,https://apexlegendsstatus.com/algs/Y4-Split2/ALGS-Championships/Global/Overview,overview,83,player_stats,Scores,10,NIN Gnaske,Ninjas,3rd,26,22,20,37,31,"22,236","24,137","-1,901",1010.73,"1,363",8,7,0.81,1.56,27,7h 52m 58s,12m 46s,46.2%,33.3%,0%
championship_split2,ALGS Year 4 Championship,https://apexlegendsstatus.com/algs/Y4-Split2/ALGS-Championships/Global/Overview,Y4-Split2,ALGS-Championships,Global,Overview,,,https://apexlegendsstatus.com/algs/Y4-Split2/ALGS-Championships/Global/Overview,overview,83,player_stats,Scores,11,SDW Jacky1,shadow3690,1st,26,15,22,22,34,"13,886","15,628","-1,742",925.73,933,1,2,0.58,1.42,26,7h 39m 59s,15m 0s,38.5%,20%,50%
championship_split2,ALGS Year 4 Championship,https://apexlegendsstatus.com/algs/Y4-Split2/ALGS-Championships/Global/Overview,Y4-Split2,ALGS-Championships,Global,Overview,,,https://apexlegendsstatus.com/algs/Y4-Split2/ALGS-Championships/Global/Overview,overview,83,player_stats,Scores,12,XNY xd,SOURCE XNY,2nd,26,20,25,41,42,"18,066","20,386","-2,320",903.3,468,1,0,0.69,1.55,29,8h 2m 3s,16m 5s,46.2%,58.3%,0%
championship_split2,ALGS Year 4 Championship,https://apexlegendsstatus.com/algs/Y4-Split2/ALGS-Championships/Global/Overview,Y4-Split2,ALGS-Championships,Global,Overview,,,https://apexlegendsstatus.com/algs/Y4-Split2/ALGS-Championships/Global/Overview,overview,83,player_stats,Scores,13,FNC Lykq,FNATIC,1st,43,44,54,59,57,"33,996","27,250","6,746",772.64,"3,898",16,1,1.02,2.28,43,12h 14m 3s,12m 22s,46.5%,60%,41.7%
championship_split2,ALGS Year 4 Championship,https://apexlegendsstatus.com/algs/Y4-Split2/ALGS-Championships/Global/Overview,Y4-Split2,ALGS-Championships,Global,Overview,,,https://apexlegendsstatus.com/algs/Y4-Split2/ALGS-Championships/Global/Overview,overview,83,player_stats,Scores,14,COL KIMCHI,Complexity,1st,43,13,38,20,50,"34,753","25,018","9,735",2673.31,945,18,0,0.3,1.19,43,13h 26m 33s,13m 35s,62.8%,44.4%,8.3%
championship_split2,ALGS Year 4 Championship,https://apexlegendsstatus.com/algs/Y4-Split2/ALGS-Championships/Global/Overview,Y4-Split2,ALGS-Championships,Global,Overview,,,https://apexlegendsstatus.com/algs/Y4-Split2/ALGS-Championships/Global/Overview,overview,83,player_stats,Scores,15,FAZE Jmw,FaZe,1st,34,20,19,35,36,"22,475","19,090","3,385",1123.75,729,17,4,0.57,1.11,35,9h 53m 25s,16m 46s,44.1%,33.3%,20%
championship_split2,ALGS Year 4 Championship,https://apexlegendsstatus.com/algs/Y4-Split2/ALGS-Championships/Global/Overview,Y4-Split2,ALGS-Championships,Global,Overview,,,https://apexlegendsstatus.com/algs/Y4-Split2/ALGS-Championships/Global/Overview,overview,83,player_stats,Scores,16,DRGN Azazel,DRAGONS,1st,34,23,16,39,39,"18,877","19,185",-308,820.74,956,0,0,0.68,1.15,34,10h 17m 1s,16m 43s,41.2%,50%,14.3%
championship_split2,ALGS Year 4 Championship,https://apexlegendsstatus.com/algs/Y4-Split2/ALGS-Championships/Global/Overview,Y4-Split2,ALGS-Championships,Global,Overview,,,https://apexlegendsstatus.com/algs/Y4-Split2/ALGS-Championships/Global/Overview,overview,83,player_stats,Scores,17,DSG arctic,disguised,1st,34,22,34,34,42,"22,399","24,195","-1,796",1018.14,938,2,4,0.65,1.65,34,10h 17m 45s,16m 44s,44.1%,53.3%,12.5%
championship_split2,ALGS Year 4 Championship,https://apexlegendsstatus.com/algs/Y4-Split2/ALGS-Championships/Global/Overview,Y4-Split2,ALGS-Championships,Global,Overview,,,https://apexlegendsstatus.com/algs/Y4-Split2/ALGS-Championships/Global/Overview,overview,83,player_stats,Scores,18,VP Slayr,Virtus.pro,1st,43,47,46,72,63,"29,662","30,809","-1,147",631.11,"4,499",0,1,0.94,1.86,50,12h 5m 6s,11m 14s,44.2%,52.6%,10%
championship_split2,ALGS Year 4 Championship,https://apexlegendsstatus.com/algs/Y4-Split2/ALGS-Championships/Global/Overview,Y4-Split2,ALGS-Championships,Global,Overview,,,https://apexlegendsstatus.com/algs/Y4-Split2/ALGS-Championships/Global/Overview,overview,83,player_stats,Scores,19,C9 sauceror,Cloud9,1st,34,47,30,62,40,"28,795","28,553",242,612.66,415,5,3,1.38,2.26,34,11h 3m 53s,15m 7s,58.8%,45%,11.1%
championship_split2,ALGS Year 4 Championship,https://apexlegendsstatus.com/algs/Y4-Split2/ALGS-Championships/Global/Overview,Y4-Split2,ALGS-Championships,Global,Overview,,,https://apexlegendsstatus.com/algs/Y4-Split2/ALGS-Championships/Global/Overview,overview,83,player_stats,Scores,20,OBVN Blinkzr,Oblivion,2nd,26,21,33,31,30,"17,569","19,330","-1,761",836.62,"2,112",4,5,0.78,2,27,7h 44m 14s,10m 54s,34.6%,44.4%,0%
championship_split2,ALGS Year 4 Championship,https://apexlegendsstatus.com/algs/Y4-Split2/ALGS-Championships/Global/Overview,Y4-Split2,ALGS-Championships,Global,Overview,,,https://apexlegendsstatus.com/algs/Y4-Split2/ALGS-Championships/Global/Overview,overview,83,player_stats,Scores,21,SDW Zhouzhou,shadow3690,1st,26,13,13,15,33,"11,421","14,643","-3,222",878.54,946,8,0,0.5,1,26,7h 35m 22s,15m 41s,38.5%,20%,50%
championship_split2,ALGS Year 4 Championship,https://apexlegendsstatus.com/algs/Y4-Split2/ALGS-Championships/Global/Overview,Y4-Split2,ALGS-Championships,Global,Overview,,,https://apexlegendsstatus.com/algs/Y4-Split2/ALGS-Championships/Global/Overview,overview,83,player_stats,Scores,22,TSM Verhulst,TSM,1st,35,66,35,83,43,"33,664","25,114","8,550",510.06,"1,097",1,0,1.94,2.97,34,10h 59m 24s,15m 0s,57.1%,45%,22.2%
championship_split2,ALGS Year 4 Championship,https://apexlegendsstatus.com/algs/Y4-Split2/ALGS-Championships/Global/Overview,Y4-Split2,ALGS-Championships,Global,Overview,,,https://apexlegendsstatus.com/algs/Y4-Split2/ALGS-Championships/Global/Overview,overview,83,player_stats,Scores,23,OBVN Reedz,Oblivion,2nd,26,31,24,38,32,"13,449","12,860",589,433.84,"1,650",8,2,1.11,1.96,28,7h 41m 49s,14m 14s,34.6%,44.4%,0%
championship_split2,ALGS Year 4 Championship,https://apexlegendsstatus.com/algs/Y4-Split2/ALGS-Championships/Global/Overview,Y4-Split2,ALGS-Championships,Global,Overview,,,https://apexlegendsstatus.com/algs/Y4-Split2/ALGS-Championships/Global/Overview,overview,83,player_stats,Scores,24,NIN Amphy,Ninjas,3rd,26,11,23,20,34,"14,477","15,559","-1,082",1316.09,"1,518",10,0,0.37,1.13,30,7h 41m 55s,18m 13s,46.2%,33.3%,0%
championship_split2,ALGS Year 4 Championship,https://apexlegendsstatus.com/algs/Y4-Split2/ALGS-Championships/Global/Overview,Y4-Split2,ALGS-Championships,Global,Overview,,,https://apexlegendsstatus.com/algs/Y4-Split2/ALGS-Championships/Global/Overview,overview,83,player_stats,Scores,25,MTR Vor_983kuma,Meteor,2nd,26,14,16,20,33,"11,043","15,460","-4,417",788.79,"2,061",2,3,0.52,1.11,27,7h 43m 52s,11m 20s,23.1%,50%,0%
championship_split2,ALGS Year 4 Championship,https://apexlegendsstatus.com/algs/Y4-Split2/ALGS-Championships/Global/Overview,Y4-Split2,ALGS-Championships,Global,Overview,,,https://apexlegendsstatus.com/algs/Y4-Split2/ALGS-Championships/Global/Overview,overview,83,player_stats,Scores,26,GS DEXTER,GREEN STEGO,2nd,34,24,31,33,43,"21,637","18,271","3,366",901.54,"1,589",20,3,0.67,1.53,36,9h 58m 23s,14m 43s,52.9%,33.3%,0%
championship_split2,ALGS Year 4 Championship,https://apexlegendsstatus.com/algs/Y4-Split2/ALGS-Championships/Global/Overview,Y4-Split2,ALGS-Championships,Global,Overview,,,https://apexlegendsstatus.com/algs/Y4-Split2/ALGS-Championships/Global/Overview,overview,83,player_stats,Scores,27,C9 Naughty,Cloud9,1st,34,24,36,28,42,"19,677","20,331",-654,819.88,645,0,0,0.69,1.71,35,11h 4m 14s,17m 27s,58.8%,45%,11.1%
championship_split2,ALGS Year 4 Championship,https://apexlegendsstatus.com/algs/Y4-Split2/ALGS-Championships/Global/Overview,Y4-Split2,ALGS-Championships,Global,Overview,,,https://apexlegendsstatus.com/algs/Y4-Split2/ALGS-Championships/Global/Overview,overview,83,player_stats,Scores,28,EXO Feuda,Exo Clan,1st,43,44,42,63,55,"35,710","24,018","11,692",811.59,942,2,3,0.94,1.83,47,12h 52m 22s,13m 7s,48.8%,38.1%,12.5%
championship_split2,ALGS Year 4 Championship,https://apexlegendsstatus.com/algs/Y4-Split2/ALGS-Championships/Global/Overview,Y4-Split2,ALGS-Championships,Global,Overview,,,https://apexlegendsstatus.com/algs/Y4-Split2/ALGS-Championships/Global/Overview,overview,83,player_stats,Scores,29,XNY Yuchen,SOURCE XNY,2nd,26,18,23,23,30,"18,595","19,592",-997,1033.06,381,25,2,0.67,1.52,27,8h 5m 9s,14m 54s,46.2%,58.3%,0%
championship_split2,ALGS Year 4 Championship,https://apexlegendsstatus.com/algs/Y4-Split2/ALGS-Championships/Global/Overview,Y4-Split2,ALGS-Championships,Global,Overview,,,https://apexlegendsstatus.com/algs/Y4-Split2/ALGS-Championships/Global/Overview,overview,83,player_stats,Scores,30,NRG Gild,NRG,1st,26,19,20,33,37,"23,008","14,508","8,500",1210.95,"3,201",1,2,0.66,1.34,29,8h 14m 27s,18m 13s,38.5%,20%,50%
championship_split2,ALGS Year 4 Championship,https://apexlegendsstatus.com/algs/Y4-Split2/ALGS-Championships/Global/Overview,Y4-Split2,ALGS-Championships,Global,Overview,,,https://apexlegendsstatus.com/algs/Y4-Split2/ALGS-Championships/Global/Overview,overview,83,player_stats,Scores,31,VP Lou,Virtus.pro,1st,43,65,55,84,71,"41,000","39,374","1,626",630.77,"4,960",14,12,1.38,2.55,47,12h 16m,11m 52s,44.2%,52.6%,10%
championship_split2,ALGS Year 4 Championship,https://apexlegendsstatus.com/algs/Y4-Split2/ALGS-Championships/Global/Overview,Y4-Split2,ALGS-Championships,Global,Overview,,,https://apexlegendsstatus.com/algs/Y4-Split2/ALGS-Championships/Global/Overview,overview,83,player_stats,Scores,32,100T Dezignful,100 Thieves,1st,34,26,38,40,40,"24,154","22,526","1,628",929,"1,700",26,2,0.79,1.94,33,10h 19m 29s,16m 38s,47.1%,62.5%,20%
championship_split2,ALGS Year 4 Championship,https://apexlegendsstatus.com/algs/Y4-Split2/ALGS-Championships/Global/Overview,Y4-Split2,ALGS-Championships,Global,Overview,,,https://apexlegendsstatus.com/algs/Y4-Split2/ALGS-Championships/Global/Overview,overview,83,player_stats,Scores,33,FNC YukaF,FNATIC,1st,43,59,49,69,48,"31,515","24,860","6,655",534.15,"4,052",20,3,1.48,2.7,40,12h 17m 15s,13m 39s,46.5%,60%,41.7%
championship_split2,ALGS Year 4 Championship,https://apexlegendsstatus.com/algs/Y4-Split2/ALGS-Championships/Global/Overview,Y4-Split2,ALGS-Championships,Global,Overview,,,https://apexlegendsstatus.com/algs/Y4-Split2/ALGS-Championships/Global/Overview,overview,83,player_stats,Scores,34,DSG PlayerKay,disguised,1st,34,29,31,40,40,"18,382","20,855","-2,473",633.86,507,38,3,0.83,1.71,35,10h 15m 9s,13m 31s,44.1%,53.3%,12.5%
championship_split2,ALGS Year 4 Championship,https://apexlegendsstatus.com/algs/Y4-Split2/ALGS-Championships/Global/Overview,Y4-Split2,ALGS-Championships,Global,Overview,,,https://apexlegendsstatus.com/algs/Y4-Split2/ALGS-Championships/Global/Overview,overview,83,player_stats,Scores,35,GLD Jeskoesk,GUILD,1st,35,24,48,45,38,"30,076","24,942","5,134",1253.17,779,4,0,0.75,2.25,32,11h 2m 13s,16m 40s,62.9%,54.5%,25%
championship_split2,ALGS Year 4 Championship,https://apexlegendsstatus.com/algs/Y4-Split2/ALGS-Championships/Global/Overview,Y4-Split2,ALGS-Championships,Global,Overview,,,https://apexlegendsstatus.com/algs/Y4-Split2/ALGS-Championships/Global/Overview,overview,83,player_stats,Scores,36,DRGN brtus_o,DRAGONS,1st,34,16,19,31,41,"18,606","18,630",-24,1162.88,"1,282",13,0,0.43,0.95,37,10h 12m 47s,17m 35s,41.2%,50%,14.3%
championship_split2,ALGS Year 4 Championship,https://apexlegendsstatus.com/algs/Y4-Split2/ALGS-Championships/Global/Overview,Y4-Split2,ALGS-Championships,Global,Overview,,,https://apexlegendsstatus.com/algs/Y4-Split2/ALGS-Championships/Global/Overview,overview,83,player_stats,Scores,37,COL Enemy,Complexity,1st,43,42,34,58,43,"31,183","20,208","10,975",742.45,"1,015",3,2,1,1.81,42,13h 42m 5s,15m 32s,62.8%,44.4%,8.3%
championship_split2,ALGS Year 4 Championship,https://apexlegendsstatus.com/algs/Y4-Split2/ALGS-Championships/Global/Overview,Y4-Split2,ALGS-Championships,Global,Overview,,,https://apexlegendsstatus.com/algs/Y4-Split2/ALGS-Championships/Global/Overview,overview,83,player_stats,Scores,38,FAZE Sinetic,FaZe,1st,34,15,25,30,50,"27,792","29,149","-1,357",1852.8,623,4,2,0.39,1.05,38,9h 49m 30s,13m 26s,44.1%,33.3%,20%
championship_split2,ALGS Year 4 Championship,https://apexlegendsstatus.com/algs/Y4-Split2/ALGS-Championships/Global/Overview,Y4-Split2,ALGS-Championships,Global,Overview,,,https://apexlegendsstatus.com/algs/Y4-Split2/ALGS-Championships/Global/Overview,overview,83,player_stats,Scores,39,VKG QQ,VK GAMING,1st,43,44,42,64,53,"32,119","32,012",107,729.98,"4,983",9,9,1.05,2.05,42,13h 47m 48s,15m 57s,65.1%,57.1%,6.3%
championship_split2,ALGS Year 4 Championship,https://apexlegendsstatus.com/algs/Y4-Split2/ALGS-Championships/Global/Overview,Y4-Split2,ALGS-Championships,Global,Overview,,,https://apexlegendsstatus.com/algs/Y4-Split2/ALGS-Championships/Global/Overview,overview,83,player_stats,Scores,40,SR Xynew,ShopifyRebellion,1st,35,51,44,72,37,"46,545","29,832","16,713",912.65,"2,554",5,1,1.55,2.88,33,11h 38m 29s,14m 46s,68.6%,54.2%,30.8%
championship_split2,ALGS Year 4 Championship,https://apexlegendsstatus.com/algs/Y4-Split2/ALGS-Championships/Global/Overview,Y4-Split2,ALGS-Championships,Global,Overview,,,https://apexlegendsstatus.com/algs/Y4-Split2/ALGS-Championships/Global/Overview,overview,83,player_stats,Scores,41,C9 Shooby,Cloud9,1st,34,35,37,53,36,"27,221","21,141","6,080",777.74,630,16,1,1.03,2.12,34,11h 5m 32s,15m 39s,58.8%,45%,11.1%
championship_split2,ALGS Year 4 Championship,https://apexlegendsstatus.com/algs/Y4-Split2/ALGS-Championships/Global/Overview,Y4-Split2,ALGS-Championships,Global,Overview,,,https://apexlegendsstatus.com/algs/Y4-Split2/ALGS-Championships/Global/Overview,overview,83,player_stats,Scores,42,NIN Zaine,Ninjas,3rd,26,26,21,47,36,"26,824","17,283","9,541",1031.69,"2,488",2,2,0.87,1.57,30,7h 57m 34s,14m 49s,46.2%,33.3%,0%
championship_split2,ALGS Year 4 Championship,https://apexlegendsstatus.com/algs/Y4-Split2/ALGS-Championships/Global/Overview,Y4-Split2,ALGS-Championships,Global,Overview,,,https://apexlegendsstatus.com/algs/Y4-Split2/ALGS-Championships/Global/Overview,overview,83,player_stats,Scores,43,FNC Meltstera,FNATIC,1st,43,44,58,55,47,"27,024","22,319","4,705",614.18,"4,944",2,4,1.13,2.62,39,12h 19m 56s,14m 55s,46.5%,60%,41.7%
championship_split2,ALGS Year 4 Championship,https://apexlegendsstatus.com/algs/Y4-Split2/ALGS-Championships/Global/Overview,Y4-Split2,ALGS-Championships,Global,Overview,,,https://apexlegendsstatus.com/algs/Y4-Split2/ALGS-Championships/Global/Overview,overview,83,player_stats,Scores,44,COL Monsoon,Complexity,1st,43,55,34,93,57,"50,915","36,546","14,369",925.73,740,7,0,1.28,2.07,43,13h 36m 35s,14m 1s,62.8%,44.4%,8.3%
championship_split2,ALGS Year 4 Championship,https://apexlegendsstatus.com/algs/Y4-Split2/ALGS-Championships/Global/Overview,Y4-Split2,ALGS-Championships,Global,Overview,,,https://apexlegendsstatus.com/algs/Y4-Split2/ALGS-Championships/Global/Overview,overview,83,player_stats,Scores,45,TSM Reps,TSM,1st,35,25,49,35,37,"27,323","22,866","4,457",1092.92,"1,285",25,2,0.76,2.24,33,10h 55m 37s,16m 46s,57.1%,45%,22.2%
championship_split2,ALGS Year 4 Championship,https://apexlegendsstatus.com/algs/Y4-Split2/ALGS-Championships/Global/Overview,Y4-Split2,ALGS-Championships,Global,Overview,,,https://apexlegendsstatus.com/algs/Y4-Split2/ALGS-Championships/Global/Overview,overview,83,player_stats,Scores,46,SDW Tpx_ZhouS,shadow3690,1st,26,22,19,28,31,"14,601","12,892","1,709",663.68,705,13,1,0.85,1.58,26,7h 37m 41s,16m 28s,38.5%,20%,50%
championship_split2,ALGS Year 4 Championship,https://apexlegendsstatus.com/algs/Y4-Split2/ALGS-Championships/Global/Overview,Y4-Split2,ALGS-Championships,Global,Overview,,,https://apexlegendsstatus.com/algs/Y4-Split2/ALGS-Championships/Global/Overview,overview,83,player_stats,Scores,47,GS ASIAZXD,GREEN STEGO,2nd,34,32,39,48,48,"24,673","18,734","5,939",771.03,"1,958",0,0,0.91,2.03,35,9h 58m 18s,13m 39s,52.9%,33.3%,0%
championship_split2,ALGS Year 4 Championship,https://apexlegendsstatus.com/algs/Y4-Split2/ALGS-Championships/Global/Overview,Y4-Split2,ALGS-Championships,Global,Overview,,,https://apexlegendsstatus.com/algs/Y4-Split2/ALGS-Championships/Global/Overview,overview,83,player_stats,Scores,48,100T Genburten,100 Thieves,1st,34,39,32,49,42,"33,015","27,901","5,114",846.54,"1,422",9,2,1.18,2.15,33,10h 22m 32s,14m 41s,47.1%,62.5%,20%
championship_split2,ALGS Year 4 Championship,https://apexlegendsstatus.com/algs/Y4-Split2/ALGS-Championships/Global/Overview,Y4-Split2,ALGS-Championships,Global,Overview,,,https://apexlegendsstatus.com/algs/Y4-Split2/ALGS-Championships/Global/Overview,overview,83,player_stats,Scores,49,OBVN Nano,Oblivion,2nd,26,25,18,34,35,"12,806","13,594",-788,512.24,"1,566",3,0,0.83,1.43,30,7h 38m 5s,10m 46s,34.6%,44.4%,0%
championship_split2,ALGS Year 4 Championship,https://apexlegendsstatus.com/algs/Y4-Split2/ALGS-Championships/Global/Overview,Y4-Split2,ALGS-Championships,Global,Overview,,,https://apexlegendsstatus.com/algs/Y4-Split2/ALGS-Championships/Global/Overview,overview,83,player_stats,Scores,50,MTR Kuroton,Meteor,2nd,26,13,16,21,30,"11,339","12,876","-1,537",872.23,"2,147",9,1,0.46,1.04,28,7h 44m 18s,11m 35s,23.1%,50%,0%
championship_split2,ALGS Year 4 Championship,https://apexlegendsstatus.com/algs/Y4-Split2/ALGS-Championships/Global/Overview,Y4-Split2,ALGS-Championships,Global,Overview,,,https://apexlegendsstatus.com/algs/Y4-Split2/ALGS-Championships/Global/Overview,overview,83,player_stats,Scores,51,GLD Phony,GUILD,1st,35,59,34,81,46,"30,265","21,415","8,850",512.97,"1,225",0,0,1.79,2.82,33,11h 1m 6s,13m 49s,62.9%,54.5%,25%
championship_split2,ALGS Year 4 Championship,https://apexlegendsstatus.com/algs/Y4-Split2/ALGS-Championships/Global/Overview,Y4-Split2,ALGS-Championships,Global,Overview,,,https://apexlegendsstatus.com/algs/Y4-Split2/ALGS-Championships/Global/Overview,overview,83,player_stats,Scores,52,XNY JonnyR,SOURCE XNY,2nd,26,26,22,38,36,"23,633","21,762","1,871",908.96,454,7,2,1,1.85,26,8h 4m 53s,14m 17s,46.2%,58.3%,0%
championship_split2,ALGS Year 4 Championship,https://apexlegendsstatus.com/algs/Y4-Split2/ALGS-Championships/Global/Overview,Y4-Split2,ALGS-Championships,Global,Overview,,,https://apexlegendsstatus.com/algs/Y4-Split2/ALGS-Championships/Global/Overview,overview,83,player_stats,Scores,53,FAZE Naghz,FaZe,1st,34,23,19,41,43,"22,034","19,815","2,219",958,"1,364",5,3,0.66,1.2,35,9h 55m 16s,11m 32s,44.1%,33.3%,20%
championship_split2,ALGS Year 4 Championship,https://apexlegendsstatus.com/algs/Y4-Split2/ALGS-Championships/Global/Overview,Y4-Split2,ALGS-Championships,Global,Overview,,,https://apexlegendsstatus.com/algs/Y4-Split2/ALGS-Championships/Global/Overview,overview,83,player_stats,Scores,54,VKG Kaaasa,VK GAMING,1st,43,52,41,67,98,"30,972","30,866",106,595.62,"5,562",0,2,1.02,1.82,51,13h 28m 26s,16m 30s,65.1%,57.1%,6.3%
championship_split2,ALGS Year 4 Championship,https://apexlegendsstatus.com/algs/Y4-Split2/ALGS-Championships/Global/Overview,Y4-Split2,ALGS-Championships,Global,Overview,,,https://apexlegendsstatus.com/algs/Y4-Split2/ALGS-Championships/Global/Overview,overview,83,player_stats,Scores,55,DRGN PANIC,DRAGONS,1st,34,23,19,35,40,"23,785","21,457","2,328",1034.13,982,6,4,0.7,1.27,33,10h 17m 31s,14m 49s,41.2%,50%,14.3%
championship_split2,ALGS Year 4 Championship,https://apexlegendsstatus.com/algs/Y4-Split2/ALGS-Championships/Global/Overview,Y4-Split2,ALGS-Championships,Global,Overview,,,https://apexlegendsstatus.com/algs/Y4-Split2/ALGS-Championships/Global/Overview,overview,83,player_stats,Scores,56,EXO Slayers,Exo Clan,1st,43,36,40,53,50,"30,198","25,782","4,416",838.83,"1,302",13,6,0.82,1.73,44,13h 56s,16m 3s,48.8%,38.1%,12.5%
championship_split2,ALGS Year 4 Championship,https://apexlegendsstatus.com/algs/Y4-Split2/ALGS-Championships/Global/Overview,Y4-Split2,ALGS-Championships,Global,Overview,,,https://apexlegendsstatus.com/algs/Y4-Split2/ALGS-Championships/Global/Overview,overview,83,player_stats,Scores,57,NRG FunFPS,NRG,1st,26,15,22,23,30,"15,952","13,713","2,239",1063.47,"2,715",15,4,0.52,1.28,29,8h 23m,15m 10s,38.5%,20%,50%
championship_split2,ALGS Year 4 Championship,https://apexlegendsstatus.com/algs/Y4-Split2/ALGS-Championships/Global/Overview,Y4-Split2,ALGS-Championships,Global,Overview,,,https://apexlegendsstatus.com/algs/Y4-Split2/ALGS-Championships/Global/Overview,overview,83,player_stats,Scores,58,DSG StrafingFlame,disguised,1st,34,34,33,48,62,"26,585","27,872","-1,287",781.91,692,6,0,0.92,1.81,37,10h 13m 28s,16m 51s,44.1%,53.3%,12.5%
championship_split2,ALGS Year 4 Championship,https://apexlegendsstatus.com/algs/Y4-Split2/ALGS-Championships/Global/Overview,Y4-Split2,ALGS-Championships,Global,Overview,,,https://apexlegendsstatus.com/algs/Y4-Split2/ALGS-Championships/Global/Overview,overview,83,player_stats,Scores,59,SR Koyful,ShopifyRebellion,1st,35,62,35,78,44,"36,885","21,019","15,866",594.92,"3,033",3,0,2,3.13,31,11h 35m 53s,14m 26s,68.6%,54.2%,30.8%
championship_split2,ALGS Year 4 Championship,https://apexlegendsstatus.com/algs/Y4-Split2/ALGS-Championships/Global/Overview,Y4-Split2,ALGS-Championships,Global,Overview,,,https://apexlegendsstatus.com/algs/Y4-Split2/ALGS-Championships/Global/Overview,overview,83,player_stats,Scores,60,VP Zachmazer,Virtus.pro,1st,43,41,57,55,63,"27,979","33,474","-5,495",682.41,"4,187",48,7,0.84,2,49,12h 7m 43s,11m 49s,44.2%,52.6%,10%
championship_split2,ALGS Year 4 Championship,https://apexlegendsstatus.com/algs/Y4-Split2/ALGS-Championships/Global/Overview,Y4-Split2,ALGS-Championships,Global,Overview,,,https://apexlegendsstatus.com/algs/Y4-Split2/ALGS-Championships/Global/Overview,overview,83,player_stats,Scores,61,LG Sweet,LG,1st,43,51,50,67,68,"43,744","45,351","-1,607",857.73,546,6,0,1.21,2.4,42,12h 51m 58s,16m 8s,44.2%,57.9%,9.1%
championship_split2,ALGS Year 4 Championship,https://apexlegendsstatus.com/algs/Y4-Split2/ALGS-Championships/Global/Overview,Y4-Split2,ALGS-Championships,Global,Overview,,,https://apexlegendsstatus.com/algs/Y4-Split2/ALGS-Championships/Global/Overview,overview,83,player_stats,Scores,62,RIG Ftyan,REIGNITE,2nd,26,15,10,23,34,"12,802","18,723","-5,921",853.47,475,3,1,0.58,0.96,26,8h 2m 14s,14m 57s,42.3%,45.5%,0%
championship_split2,ALGS Year 4 Championship,https://apexlegendsstatus.com/algs/Y4-Split2/ALGS-Championships/Global/Overview,Y4-Split2,ALGS-Championships,Global,Overview,,,https://apexlegendsstatus.com/algs/Y4-Split2/ALGS-Championships/Global/Overview,overview,83,player_stats,Scores,63,GHS 1tappy,GHS Professional,1st,34,18,34,24,45,"15,029","20,090","-5,061",834.94,"1,052",1,0,0.53,1.53,34,9h 26m 7s,10m 3s,38.2%,53.8%,14.3%
championship_split2,ALGS Year 4 Championship,https://apexlegendsstatus.com/algs/Y4-Split2/ALGS-Championships/Global/Overview,Y4-Split2,ALGS-Championships,Global,Overview,,,https://apexlegendsstatus.com/algs/Y4-Split2/ALGS-Championships/Global/Overview,overview,83,player_stats,Scores,64,DF Pite,DreamFire,3rd,26,14,20,21,28,"10,761","12,198","-1,437",768.64,"2,286",25,0,0.54,1.31,26,7h 36m 40s,17m 3s,46.2%,33.3%,0%
championship_split2,ALGS Year 4 Championship,https://apexlegendsstatus.com/algs/Y4-Split2/ALGS-Championships/Global/Overview,Y4-Split2,ALGS-Championships,Global,Overview,,,https://apexlegendsstatus.com/algs/Y4-Split2/ALGS-Championships/Global/Overview,overview,83,player_stats,Scores,65,GG Lufka,GaiminGladiators,1st,35,23,26,35,38,"20,962","20,587",375,911.39,"1,082",28,0,0.68,1.44,34,9h 57m 23s,16m 41s,51.4%,50%,33.3%
championship_split2,ALGS Year 4 Championship,https://apexlegendsstatus.com/algs/Y4-Split2/ALGS-Championships/Global/Overview,Y4-Split2,ALGS-Championships,Global,Overview,,,https://apexlegendsstatus.com/algs/Y4-Split2/ALGS-Championships/Global/Overview,overview,83,player_stats,Scores,66,STAL Albralelie,STALLIONS,2nd,26,33,13,44,34,"21,790","15,588","6,202",660.3,"1,197",1,4,1.14,1.59,29,8h 19m 56s,12m 40s,46.2%,25%,0%
championship_split2,ALGS Year 4 Championship,https://apexlegendsstatus.com/algs/Y4-Split2/ALGS-Championships/Global/Overview,Y4-Split2,ALGS-Championships,Global,Overview,,,https://apexlegendsstatus.com/algs/Y4-Split2/ALGS-Championships/Global/Overview,overview,83,player_stats,Scores,67,TLAW jaguaresl,Liquid Alienware,1st,35,29,38,45,40,"25,350","27,958","-2,608",874.14,"2,284",8,1,0.85,1.97,34,10h 21m 51s,12m 6s,42.9%,60%,22.2%
championship_split2,ALGS Year 4 Championship,https://apexlegendsstatus.com/algs/Y4-Split2/ALGS-Championships/Global/Overview,Y4-Split2,ALGS-Championships,Global,Overview,,,https://apexlegendsstatus.com/algs/Y4-Split2/ALGS-Championships/Global/Overview,overview,83,player_stats,Scores,68,OAH MaTaFe,OrglessAndHungry,1st,34,30,41,38,44,"17,424","21,772","-4,348",580.8,"2,402",27,3,0.91,2.15,33,10h 20m 18s,13m 50s,50%,29.4%,40%
championship_split2,ALGS Year 4 Championship,https://apexlegendsstatus.com/algs/Y4-Split2/ALGS-Championships/Global/Overview,Y4-Split2,ALGS-Championships,Global,Overview,,,https://apexlegendsstatus.com/algs/Y4-Split2/ALGS-Championships/Global/Overview,overview,83,player_stats,Scores,69,FUR Vaxlon,FURIA,1st,35,42,36,50,38,"21,726","21,352",374,517.29,"2,901",26,7,1.2,2.23,35,11h 52m 47s,16m 58s,71.4%,64%,6.3%
championship_split2,ALGS Year 4 Championship,https://apexlegendsstatus.com/algs/Y4-Split2/ALGS-Championships/Global/Overview,Y4-Split2,ALGS-Championships,Global,Overview,,,https://apexlegendsstatus.com/algs/Y4-Split2/ALGS-Championships/Global/Overview,overview,83,player_stats,Scores,70,Z10 Shex,Zero Tenacity,1st,34,25,22,31,39,"19,833","22,279","-2,446",793.32,"1,900",23,6,0.74,1.38,34,10h 22m 42s,13m 35s,52.9%,33.3%,33.3%
championship_split2,ALGS Year 4 Championship,https://apexlegendsstatus.com/algs/Y4-Split2/ALGS-Championships/Global/Overview,Y4-Split2,ALGS-Championships,Global,Overview,,,https://apexlegendsstatus.com/algs/Y4-Split2/ALGS-Championships/Global/Overview,overview,83,player_stats,Scores,71,ENVY knoqd,Envy,1st,43,36,40,50,55,"25,482","25,605",-123,707.83,"1,745",26,6,0.8,1.69,45,13h 25m 27s,17m 4s,55.8%,50%,16.7%
championship_split2,ALGS Year 4 Championship,https://apexlegendsstatus.com/algs/Y4-Split2/ALGS-Championships/Global/Overview,Y4-Split2,ALGS-Championships,Global,Overview,,,https://apexlegendsstatus.com/algs/Y4-Split2/ALGS-Championships/Global/Overview,overview,83,player_stats,Scores,72,ALL Unlucky,Alliance,1st,35,55,62,71,40,"29,311","23,246","6,065",532.93,"2,591",41,2,1.67,3.55,33,11h 28m 36s,13m 47s,68.6%,75%,16.7%
championship_split2,ALGS Year 4 Championship,https://apexlegendsstatus.com/algs/Y4-Split2/ALGS-Championships/Global/Overview,Y4-Split2,ALGS-Championships,Global,Overview,,,https://apexlegendsstatus.com/algs/Y4-Split2/ALGS-Championships/Global/Overview,overview,83,player_stats,Scores,73,GN Hiarka,GoNext,1st,35,46,39,65,55,"29,336","35,143","-5,807",637.74,"1,867",3,8,1.31,2.43,35,11h 7m 51s,12m 3s,65.7%,47.8%,45.5%
championship_split2,ALGS Year 4 Championship,https://apexlegendsstatus.com/algs/Y4-Split2/ALGS-Championships/Global/Overview,Y4-Split2,ALGS-Championships,Global,Overview,,,https://apexlegendsstatus.com/algs/Y4-Split2/ALGS-Championships/Global/Overview,overview,83,player_stats,Scores,74,NOC RemixPowers,Noctem,1st,43,51,52,62,45,"27,202","30,199","-2,997",533.37,"1,853",30,5,1.28,2.58,40,11h 30m 34s,11m 39s,30.2%,76.9%,60%
championship_split2,ALGS Year 4 Championship,https://apexlegendsstatus.com/algs/Y4-Split2/ALGS-Championships/Global/Overview,Y4-Split2,ALGS-Championships,Global,Overview,,,https://apexlegendsstatus.com/algs/Y4-Split2/ALGS-Championships/Global/Overview,overview,83,player_stats,Scores,75,FLCN Wxltzy,Team Falcons,1st,43,56,71,80,54,"36,014","27,859","8,155",643.11,"4,409",1,6,1.27,2.89,44,13h 23m 20s,14m 33s,55.8%,66.7%,18.8%
championship_split2,ALGS Year 4 Championship,https://apexlegendsstatus.com/algs/Y4-Split2/ALGS-Championships/Global/Overview,Y4-Split2,ALGS-Championships,Global,Overview,,,https://apexlegendsstatus.com/algs/Y4-Split2/ALGS-Championships/Global/Overview,overview,83,player_stats,Scores,76,AUR 9impulse,Aurora,1st,35,40,41,55,57,"29,757","29,273",484,743.93,"6,340",2,1,1.21,2.45,33,11h 27m 32s,15m 50s,74.3%,65.4%,35.3%
championship_split2,ALGS Year 4 Championship,https://apexlegendsstatus.com/algs/Y4-Split2/ALGS-Championships/Global/Overview,Y4-Split2,ALGS-Championships,Global,Overview,,,https://apexlegendsstatus.com/algs/Y4-Split2/ALGS-Championships/Global/Overview,overview,83,player_stats,Scores,77,E36 Cinap,ENTER FORCE.36,1st,35,33,43,41,40,"20,480","18,138","2,342",620.61,"3,162",13,0,1,2.3,33,9h 52m 32s,12m 47s,51.4%,66.7%,33.3%
championship_split2,ALGS Year 4 Championship,https://apexlegendsstatus.com/algs/Y4-Split2/ALGS-Championships/Global/Overview,Y4-Split2,ALGS-Championships,Global,Overview,,,https://apexlegendsstatus.com/algs/Y4-Split2/ALGS-Championships/Global/Overview,overview,83,player_stats,Scores,78,TB Sharky,Team Burger,2nd,43,30,24,45,47,"26,472","23,343","3,129",882.4,"2,398",49,1,0.68,1.23,44,12h 54m 29s,15m 7s,48.8%,28.6%,0%
championship_split2,ALGS Year 4 Championship,https://apexlegendsstatus.com/algs/Y4-Split2/ALGS-Championships/Global/Overview,Y4-Split2,ALGS-Championships,Global,Overview,,,https://apexlegendsstatus.com/algs/Y4-Split2/ALGS-Championships/Global/Overview,overview,83,player_stats,Scores,79,CR SangJoon,CRAZY RACCOON,1st,34,50,42,63,47,"37,217","24,828","12,389",744.34,"1,926",8,0,1.52,2.79,33,10h 15m 59s,13m 13s,44.1%,46.7%,14.3%
championship_split2,ALGS Year 4 Championship,https://apexlegendsstatus.com/algs/Y4-Split2/ALGS-Championships/Global/Overview,Y4-Split2,ALGS-Championships,Global,Overview,,,https://apexlegendsstatus.com/algs/Y4-Split2/ALGS-Championships/Global/Overview,overview,83,player_stats,Scores,80,SN Walking L,Supernova,1st,26,9,9,17,29,"8,627","10,256","-1,629",958.56,"1,340",9,0,0.35,0.69,26,7h 54s,20m 55s,15.4%,50%,50%
championship_split2,ALGS Year 4 Championship,https://apexlegendsstatus.com/algs/Y4-Split2/ALGS-Championships/Global/Overview,Y4-Split2,ALGS-Championships,Global,Overview,,,https://apexlegendsstatus.com/algs/Y4-Split2/ALGS-Championships/Global/Overview,overview,83,player_stats,Scores,81,NOC mohziin,Noctem,1st,43,49,59,60,57,"29,950","26,513","3,437",611.22,"1,722",0,0,1.17,2.57,42,11h 26m 10s,10m 33s,30.2%,76.9%,60%
championship_split2,ALGS Year 4 Championship,https://apexlegendsstatus.com/algs/Y4-Split2/ALGS-Championships/Global/Overview,Y4-Split2,ALGS-Championships,Global,Overview,,,https://apexlegendsstatus.com/algs/Y4-Split2/ALGS-Championships/Global/Overview,overview,83,player_stats,Scores,82,DF iHateTheWorld,DreamFire,3rd,26,12,33,20,42,"20,346","13,722","6,624",1695.5,"1,550",1,0,0.44,1.67,27,7h 31m 53s,12m 58s,46.2%,33.3%,0%
championship_split2,ALGS Year 4 Championship,https://apexlegendsstatus.com/algs/Y4-Split2/ALGS-Championships/Global/Overview,Y4-Split2,ALGS-Championships,Global,Overview,,,https://apexlegendsstatus.com/algs/Y4-Split2/ALGS-Championships/Global/Overview,overview,83,player_stats,Scores,83,LG Sikezz,LG,1st,43,29,51,50,51,"31,346","25,390","5,956",1080.9,696,4,0,0.69,1.9,42,12h 41m 53s,17m 12s,44.2%,57.9%,9.1%
championship_split2,ALGS Year 4 Championship,https://apexlegendsstatus.com/algs/Y4-Split2/ALGS-Championships/Global/Overview,Y4-Split2,ALGS-Championships,Global,Overview,,,https://apexlegendsstatus.com/algs/Y4-Split2/ALGS-Championships/Global/Overview,overview,83,player_stats,Scores,84,E36 Aimbot,ENTER FORCE.36,1st,35,36,39,55,40,"23,259","14,932","8,327",646.08,"4,313",1,0,1.16,2.42,31,9h 52m 35s,12m 42s,51.4%,66.7%,33.3%
championship_split2,ALGS Year 4 Championship,https://apexlegendsstatus.com/algs/Y4-Split2/ALGS-Championships/Global/Overview,Y4-Split2,ALGS-Championships,Global,Overview,,,https://apexlegendsstatus.com/algs/Y4-Split2/ALGS-Championships/Global/Overview,overview,83,player_stats,Scores,85,OAH KIND4,OrglessAndHungry,1st,34,47,37,59,44,"23,902","20,683","3,219",508.55,"2,311",5,2,1.38,2.47,34,10h 13m 16s,13m 34s,50%,29.4%,40%
championship_split2,ALGS Year 4 Championship,https://apexlegendsstatus.com/algs/Y4-Split2/ALGS-Championships/Global/Overview,Y4-Split2,ALGS-Championships,Global,Overview,,,https://apexlegendsstatus.com/algs/Y4-Split2/ALGS-Championships/Global/Overview,overview,83,player_stats,Scores,86,TB Wey,Team Burger,2nd,43,16,24,28,65,"19,114","24,314","-5,200",1194.63,"2,471",1,1,0.36,0.89,45,12h 38m 4s,14m 44s,48.8%,28.6%,0%
championship_split2,ALGS Year 4 Championship,https://apexlegendsstatus.com/algs/Y4-Split2/ALGS-Championships/Global/Overview,Y4-Split2,ALGS-Championships,Global,Overview,,,https://apexlegendsstatus.com/algs/Y4-Split2/ALGS-Championships/Global/Overview,overview,83,player_stats,Scores,87,RIG ShunMi,REIGNITE,2nd,26,15,13,22,65,"13,927","16,529","-2,602",928.47,696,0,0,0.58,1.08,26,8h 4m 21s,14m 33s,42.3%,45.5%,0%
championship_split2,ALGS Year 4 Championship,https://apexlegendsstatus.com/algs/Y4-Split2/ALGS-Championships/Global/Overview,Y4-Split2,ALGS-Championships,Global,Overview,,,https://apexlegendsstatus.com/algs/Y4-Split2/ALGS-Championships/Global/Overview,overview,83,player_stats,Scores,88,SN xKenN,Supernova,1st,26,13,14,20,30,"9,020","11,228","-2,208",693.85,"1,308",0,0,0.5,1.04,26,7h 5m,15m 45s,15.4%,50%,50%
championship_split2,ALGS Year 4 Championship,https://apexlegendsstatus.com/algs/Y4-Split2/ALGS-Championships/Global/Overview,Y4-Split2,ALGS-Championships,Global,Overview,,,https://apexlegendsstatus.com/algs/Y4-Split2/ALGS-Championships/Global/Overview,overview,83,player_stats,Scores,89,STAL scuwry,STALLIONS,2nd,26,13,18,22,29,"18,056","15,081","2,975",1388.92,964,15,3,0.46,1.11,28,8h 16m 25s,16m 6s,46.2%,25%,0%
championship_split2,ALGS Year 4 Championship,https://apexlegendsstatus.com/algs/Y4-Split2/ALGS-Championships/Global/Overview,Y4-Split2,ALGS-Championships,Global,Overview,,,https://apexlegendsstatus.com/algs/Y4-Split2/ALGS-Championships/Global/Overview,overview,83,player_stats,Scores,90,GHS Taida,GHS Professional,1st,34,24,30,37,36,"18,711","17,795",916,779.63,899,20,1,0.71,1.59,34,9h 29m 33s,13m 49s,38.2%,53.8%,14.3%
championship_split2,ALGS Year 4 Championship,https://apexlegendsstatus.com/algs/Y4-Split2/ALGS-Championships/Global/Overview,Y4-Split2,ALGS-Championships,Global,Overview,,,https://apexlegendsstatus.com/algs/Y4-Split2/ALGS-Championships/Global/Overview,overview,83,player_stats,Scores,91,FUR Keon,FURIA,1st,35,39,36,55,47,"22,663","21,683",980,581.1,"3,178",1,1,1.08,2.08,36,11h 52m 27s,16m 4s,71.4%,64%,6.3%
championship_split2,ALGS Year 4 Championship,https://apexlegendsstatus.com/algs/Y4-Split2/ALGS-Championships/Global/Overview,Y4-Split2,ALGS-Championships,Global,Overview,,,https://apexlegendsstatus.com/algs/Y4-Split2/ALGS-Championships/Global/Overview,overview,83,player_stats,Scores,92,ALL Effect,Alliance,1st,35,64,64,77,47,"36,779","28,742","8,037",574.67,"2,080",1,0,1.78,3.56,36,11h 18m 25s,15m 35s,68.6%,75%,16.7%
championship_split2,ALGS Year 4 Championship,https://apexlegendsstatus.com/algs/Y4-Split2/ALGS-Championships/Global/Overview,Y4-Split2,ALGS-Championships,Global,Overview,,,https://apexlegendsstatus.com/algs/Y4-Split2/ALGS-Championships/Global/Overview,overview,83,player_stats,Scores,93,FLCN Zer0,Team Falcons,1st,43,62,70,77,65,"41,034","42,551","-1,517",661.84,"5,347",10,7,1.38,2.93,45,13h 24m 38s,12m 54s,55.8%,66.7%,18.8%
championship_split2,ALGS Year 4 Championship,https://apexlegendsstatus.com/algs/Y4-Split2/ALGS-Championships/Global/Overview,Y4-Split2,ALGS-Championships,Global,Overview,,,https://apexlegendsstatus.com/algs/Y4-Split2/ALGS-Championships/Global/Overview,overview,83,player_stats,Scores,94,ENVY Dropped,Envy,1st,43,34,43,44,57,"26,800","36,316","-9,516",788.24,"1,739",7,5,0.77,1.75,44,13h 26m,15m 35s,55.8%,50%,16.7%
championship_split2,ALGS Year 4 Championship,https://apexlegendsstatus.com/algs/Y4-Split2/ALGS-Championships/Global/Overview,Y4-Split2,ALGS-Championships,Global,Overview,,,https://apexlegendsstatus.com/algs/Y4-Split2/ALGS-Championships/Global/Overview,overview,83,player_stats,Scores,95,AUR kazakh,Aurora,1st,35,30,41,49,44,"26,257","23,859","2,398",875.23,"5,879",41,4,0.88,2.09,34,11h 26m 6s,16m 14s,74.3%,65.4%,35.3%
championship_split2,ALGS Year 4 Championship,https://apexlegendsstatus.com/algs/Y4-Split2/ALGS-Championships/Global/Overview,Y4-Split2,ALGS-Championships,Global,Overview,,,https://apexlegendsstatus.com/algs/Y4-Split2/ALGS-Championships/Global/Overview,overview,83,player_stats,Scores,96,GG lighT,GaiminGladiators,1st,35,26,40,38,48,"33,262","33,301",-39,1279.31,"1,010",5,2,0.76,1.94,34,9h 58m 32s,15m 46s,51.4%,50%,33.3%
championship_split2,ALGS Year 4 Championship,https://apexlegendsstatus.com/algs/Y4-Split2/ALGS-Championships/Global/Overview,Y4-Split2,ALGS-Championships,Global,Overview,,,https://apexlegendsstatus.com/algs/Y4-Split2/ALGS-Championships/Global/Overview,overview,83,player_stats,Scores,97,CR obly,CRAZY RACCOON,1st,34,31,40,41,47,"24,742","17,925","6,817",798.13,"2,021",0,0,0.91,2.09,34,10h 15m 26s,15m 3s,44.1%,46.7%,14.3%
championship_split2,ALGS Year 4 Championship,https://apexlegendsstatus.com/algs/Y4-Split2/ALGS-Championships/Global/Overview,Y4-Split2,ALGS-Championships,Global,Overview,,,https://apexlegendsstatus.com/algs/Y4-Split2/ALGS-Championships/Global/Overview,overview,83,player_stats,Scores,98,GN Uxako,GoNext,1st,35,36,43,48,41,"29,829","25,368","4,461",828.58,"1,476",29,3,1.03,2.26,35,11h 9m 43s,13m 37s,65.7%,47.8%,45.5%
championship_split2,ALGS Year 4 Championship,https://apexlegendsstatus.com/algs/Y4-Split2/ALGS-Championships/Global/Overview,Y4-Split2,ALGS-Championships,Global,Overview,,,https://apexlegendsstatus.com/algs/Y4-Split2/ALGS-Championships/Global/Overview,overview,83,player_stats,Scores,99,Z10 Kyner,Zero Tenacity,1st,34,25,27,39,52,"25,681","23,595","2,086",1027.24,"1,727",8,2,0.68,1.41,37,10h 8m 32s,12m 52s,52.9%,33.3%,33.3%
championship_split2,ALGS Year 4 Championship,https://apexlegendsstatus.com/algs/Y4-Split2/ALGS-Championships/Global/Overview,Y4-Split2,ALGS-Championships,Global,Overview,,,https://apexlegendsstatus.com/algs/Y4-Split2/ALGS-Championships/Global/Overview,overview,83,player_stats,Scores,100,TLAW NeazuI,Liquid Alienware,1st,35,36,41,47,47,"24,485","25,680","-1,195",680.14,"2,507",0,2,1.06,2.26,34,10h 23m 19s,13m 25s,42.9%,60%,22.2%
championship_split2,ALGS Year 4 Championship,https://apexlegendsstatus.com/algs/Y4-Split2/ALGS-Championships/Global/Overview,Y4-Split2,ALGS-Championships,Global,Overview,,,https://apexlegendsstatus.com/algs/Y4-Split2/ALGS-Championships/Global/Overview,overview,83,player_stats,Scores,101,FLCN Imperialhal,Team Falcons,1st,43,68,67,95,55,"43,838","32,845","10,993",644.68,"4,081",39,2,1.48,2.93,46,13h 18m 13s,13m 25s,55.8%,66.7%,18.8%
championship_split2,ALGS Year 4 Championship,https://apexlegendsstatus.com/algs/Y4-Split2/ALGS-Championships/Global/Overview,Y4-Split2,ALGS-Championships,Global,Overview,,,https://apexlegendsstatus.com/algs/Y4-Split2/ALGS-Championships/Global/Overview,overview,83,player_stats,Scores,102,LG Fuhhnq,LG,1st,43,43,34,58,50,"29,335","26,570","2,765",682.21,879,42,0,1.02,1.83,42,12h 48m 20s,15m 2s,44.2%,57.9%,9.1%
championship_split2,ALGS Year 4 Championship,https://apexlegendsstatus.com/algs/Y4-Split2/ALGS-Championships/Global/Overview,Y4-Split2,ALGS-Championships,Global,Overview,,,https://apexlegendsstatus.com/algs/Y4-Split2/ALGS-Championships/Global/Overview,overview,83,player_stats,Scores,103,OAH iHenchman,OrglessAndHungry,1st,34,35,46,42,48,"22,924","28,054","-5,130",654.97,"2,456",13,2,0.97,2.25,36,10h 16m 27s,13m 45s,50%,29.4%,40%
championship_split2,ALGS Year 4 Championship,https://apexlegendsstatus.com/algs/Y4-Split2/ALGS-Championships/Global/Overview,Y4-Split2,ALGS-Championships,Global,Overview,,,https://apexlegendsstatus.com/algs/Y4-Split2/ALGS-Championships/Global/Overview,overview,83,player_stats,Scores,104,E36 ILY,ENTER FORCE.36,1st,35,42,42,51,35,"21,073","17,531","3,542",501.74,"3,211",10,2,1.35,2.71,31,9h 55m 17s,11m 28s,51.4%,66.7%,33.3%
championship_split2,ALGS Year 4 Championship,https://apexlegendsstatus.com/algs/Y4-Split2/ALGS-Championships/Global/Overview,Y4-Split2,ALGS-Championships,Global,Overview,,,https://apexlegendsstatus.com/algs/Y4-Split2/ALGS-Championships/Global/Overview,overview,83,player_stats,Scores,105,DF 3Mz,DreamFire,3rd,26,27,13,36,35,"12,734","16,635","-3,901",471.63,"2,565",3,1,1.04,1.54,26,7h 42m 58s,14m 51s,46.2%,33.3%,0%
championship_split2,ALGS Year 4 Championship,https://apexlegendsstatus.com/algs/Y4-Split2/ALGS-Championships/Global/Overview,Y4-Split2,ALGS-Championships,Global,Overview,,,https://apexlegendsstatus.com/algs/Y4-Split2/ALGS-Championships/Global/Overview,overview,83,player_stats,Scores,106,NOC Atinum,Noctem,1st,43,55,55,74,49,"30,470","34,034","-3,564",554,"1,596",3,4,1.41,2.82,39,11h 36m 39s,13m 6s,30.2%,76.9%,60%
championship_split2,ALGS Year 4 Championship,https://apexlegendsstatus.com/algs/Y4-Split2/ALGS-Championships/Global/Overview,Y4-Split2,ALGS-Championships,Global,Overview,,,https://apexlegendsstatus.com/algs/Y4-Split2/ALGS-Championships/Global/Overview,overview,83,player_stats,Scores,107,STAL Crook,STALLIONS,2nd,26,18,21,27,39,"19,293","21,995","-2,702",1071.83,"1,107",4,2,0.6,1.3,30,8h 11m 53s,15m 59s,46.2%,25%,0%
championship_split2,ALGS Year 4 Championship,https://apexlegendsstatus.com/algs/Y4-Split2/ALGS-Championships/Global/Overview,Y4-Split2,ALGS-Championships,Global,Overview,,,https://apexlegendsstatus.com/algs/Y4-Split2/ALGS-Championships/Global/Overview,overview,83,player_stats,Scores,108,TB Prycyy,Team Burger,2nd,43,39,28,76,66,"39,735","38,927",808,1018.85,"1,978",5,3,0.87,1.49,45,12h 59m 33s,13m 18s,48.8%,28.6%,0%
championship_split2,ALGS Year 4 Championship,https://apexlegendsstatus.com/algs/Y4-Split2/ALGS-Championships/Global/Overview,Y4-Split2,ALGS-Championships,Global,Overview,,,https://apexlegendsstatus.com/algs/Y4-Split2/ALGS-Championships/Global/Overview,overview,83,player_stats,Scores,109,ENVY lYanYal,Envy,1st,43,44,30,53,56,"28,121","30,180","-2,059",639.11,"1,511",5,2,0.94,1.57,47,13h 18m 34s,15m 19s,55.8%,50%,16.7%
championship_split2,ALGS Year 4 Championship,https://apexlegendsstatus.com/algs/Y4-Split2/ALGS-Championships/Global/Overview,Y4-Split2,ALGS-Championships,Global,Overview,,,https://apexlegendsstatus.com/algs/Y4-Split2/ALGS-Championships/Global/Overview,overview,83,player_stats,Scores,110,SN XoyoBda,Supernova,1st,26,16,14,22,30,"10,796","12,435","-1,639",674.75,"1,646",4,2,0.64,1.2,25,7h 5m 51s,16m 43s,15.4%,50%,50%
championship_split2,ALGS Year 4 Championship,https://apexlegendsstatus.com/algs/Y4-Split2/ALGS-Championships/Global/Overview,Y4-Split2,ALGS-Championships,Global,Overview,,,https://apexlegendsstatus.com/algs/Y4-Split2/ALGS-Championships/Global/Overview,overview,83,player_stats,Scores,111,GG Blasts,GaiminGladiators,1st,35,38,20,52,44,"26,873","23,125","3,748",707.18,945,4,3,1.15,1.76,33,9h 56m 33s,15m 27s,51.4%,50%,33.3%
championship_split2,ALGS Year 4 Championship,https://apexlegendsstatus.com/algs/Y4-Split2/ALGS-Championships/Global/Overview,Y4-Split2,ALGS-Championships,Global,Overview,,,https://apexlegendsstatus.com/algs/Y4-Split2/ALGS-Championships/Global/Overview,overview,83,player_stats,Scores,112,GHS 4rufa,GHS Professional,1st,34,37,23,48,38,"25,808","27,807","-1,999",697.51,"1,264",4,1,1.12,1.82,33,9h 42m 22s,11m 38s,38.2%,53.8%,14.3%
championship_split2,ALGS Year 4 Championship,https://apexlegendsstatus.com/algs/Y4-Split2/ALGS-Championships/Global/Overview,Y4-Split2,ALGS-Championships,Global,Overview,,,https://apexlegendsstatus.com/algs/Y4-Split2/ALGS-Championships/Global/Overview,overview,83,player_stats,Scores,113,TLAW Kurev,Liquid Alienware,1st,35,37,44,52,37,"30,483","24,854","5,629",823.86,"1,883",20,1,1.06,2.31,35,10h 20m 45s,12m 59s,42.9%,60%,22.2%
championship_split2,ALGS Year 4 Championship,https://apexlegendsstatus.com/algs/Y4-Split2/ALGS-Championships/Global/Overview,Y4-Split2,ALGS-Championships,Global,Overview,,,https://apexlegendsstatus.com/algs/Y4-Split2/ALGS-Championships/Global/Overview,overview,83,player_stats,Scores,114,FUR ImMadness,FURIA,1st,35,43,44,59,55,"31,418","34,967","-3,549",730.65,"2,278",7,1,1.08,2.18,40,11h 43m 54s,14m 56s,71.4%,64%,6.3%
championship_split2,ALGS Year 4 Championship,https://apexlegendsstatus.com/algs/Y4-Split2/ALGS-Championships/Global/Overview,Y4-Split2,ALGS-Championships,Global,Overview,,,https://apexlegendsstatus.com/algs/Y4-Split2/ALGS-Championships/Global/Overview,overview,83,player_stats,Scores,115,AUR ojrein,Aurora,1st,35,54,46,70,50,"33,921","37,941","-4,020",628.17,"4,868",13,7,1.69,3.13,32,11h 27m 8s,16m 14s,74.3%,65.4%,35.3%
championship_split2,ALGS Year 4 Championship,https://apexlegendsstatus.com/algs/Y4-Split2/ALGS-Championships/Global/Overview,Y4-Split2,ALGS-Championships,Global,Overview,,,https://apexlegendsstatus.com/algs/Y4-Split2/ALGS-Championships/Global/Overview,overview,83,player_stats,Scores,116,Z10 B4mbino,Zero Tenacity,1st,34,29,26,39,44,"21,399","20,262","1,137",737.9,"1,618",2,3,0.81,1.53,36,10h 21m 21s,15m 20s,52.9%,33.3%,33.3%
championship_split2,ALGS Year 4 Championship,https://apexlegendsstatus.com/algs/Y4-Split2/ALGS-Championships/Global/Overview,Y4-Split2,ALGS-Championships,Global,Overview,,,https://apexlegendsstatus.com/algs/Y4-Split2/ALGS-Championships/Global/Overview,overview,83,player_stats,Scores,117,CR Jusna,CRAZY RACCOON,1st,34,28,45,42,36,"25,581","17,155","8,426",913.61,"1,595",28,1,0.85,2.21,33,10h 14m 27s,15m 10s,44.1%,46.7%,14.3%
championship_split2,ALGS Year 4 Championship,https://apexlegendsstatus.com/algs/Y4-Split2/ALGS-Championships/Global/Overview,Y4-Split2,ALGS-Championships,Global,Overview,,,https://apexlegendsstatus.com/algs/Y4-Split2/ALGS-Championships/Global/Overview,overview,83,player_stats,Scores,118,GN lzhidan,GoNext,1st,35,44,36,55,42,"25,860","23,031","2,829",587.73,"2,325",4,3,1.29,2.35,34,11h 9m 31s,13m 55s,65.7%,47.8%,45.5%
championship_split2,ALGS Year 4 Championship,https://apexlegendsstatus.com/algs/Y4-Split2/ALGS-Championships/Global/Overview,Y4-Split2,ALGS-Championships,Global,Overview,,,https://apexlegendsstatus.com/algs/Y4-Split2/ALGS-Championships/Global/Overview,overview,83,player_stats,Scores,119,RIG SudetakiN,REIGNITE,2nd,26,10,15,15,29,"13,842","14,928","-1,086",1384.2,526,50,0,0.37,0.93,27,8h 5m 56s,13m 40s,42.3%,45.5%,0%
championship_split2,ALGS Year 4 Championship,https://apexlegendsstatus.com/algs/Y4-Split2/ALGS-Championships/Global/Overview,Y4-Split2,ALGS-Championships,Global,Overview,,,https://apexlegendsstatus.com/algs/Y4-Split2/ALGS-Championships/Global/Overview,overview,83,player_stats,Scores,120,ALL Hakis,Alliance,1st,35,47,62,61,57,"33,572","38,758","-5,186",714.3,"1,783",7,4,1.42,3.3,33,11h 27m 53s,16m 6s,68.6%,75%,16.7%
