event_slug,event_name,overview_url,split,league,region,day,group,game_id,source_url,source_scope,table_index,table_type,table_heading,row_number,team,storm_point,world_s_edge,total,broken_moon,e_district
playoffs_split1,ALGS Year 4 Split 1 Playoffs,https://apexlegendsstatus.com/algs/Y4-Split1/ALGS-Playoffs/Global/Overview,Y4-Split1,ALGS-Playoffs,Global,Overview,,,https://apexlegendsstatus.com/algs/Y4-Split1/ALGS-Playoffs/Global/Overview,overview,86,team_map_stats,Scores,1,TSM,57 (29.5%),136 (70.5%),193,,
playoffs_split1,ALGS Year 4 Split 1 Playoffs,https://apexlegendsstatus.com/algs/Y4-Split1/ALGS-Playoffs/Global/Overview,Y4-Split1,ALGS-Playoffs,Global,Overview,,,https://apexlegendsstatus.com/algs/Y4-Split1/ALGS-Playoffs/Global/Overview,overview,86,team_map_stats,Scores,2,WMNDY,65 (48.1%),70 (51.9%),135,,
playoffs_split1,ALGS Year 4 Split 1 Playoffs,https://apexlegendsstatus.com/algs/Y4-Split1/ALGS-Playoffs/Global/Overview,Y4-Split1,ALGS-Playoffs,Global,Overview,,,https://apexlegendsstatus.com/algs/Y4-Split1/ALGS-Playoffs/Global/Overview,overview,86,team_map_stats,Scores,3,PassionUA,45 (42.9%),60 (57.1%),105,,
playoffs_split1,ALGS Year 4 Split 1 Playoffs,https://apexlegendsstatus.com/algs/Y4-Split1/ALGS-Playoffs/Global/Overview,Y4-Split1,ALGS-Playoffs,Global,Overview,,,https://apexlegendsstatus.com/algs/Y4-Split1/ALGS-Playoffs/Global/Overview,overview,86,team_map_stats,Scores,4,SSG,109 (47.2%),122 (52.8%),231,,
playoffs_split1,ALGS Year 4 Split 1 Playoffs,https://apexlegendsstatus.com/algs/Y4-Split1/ALGS-Playoffs/Global/Overview,Y4-Split1,ALGS-Playoffs,Global,Overview,,,https://apexlegendsstatus.com/algs/Y4-Split1/ALGS-Playoffs/Global/Overview,overview,86,team_map_stats,Scores,5,RIDDLE ORDER,40 (45.5%),48 (54.5%),88,,
playoffs_split1,ALGS Year 4 Split 1 Playoffs,https://apexlegendsstatus.com/algs/Y4-Split1/ALGS-Playoffs/Global/Overview,Y4-Split1,ALGS-Playoffs,Global,Overview,,,https://apexlegendsstatus.com/algs/Y4-Split1/ALGS-Playoffs/Global/Overview,overview,86,team_map_stats,Scores,6,Made in Heaven,79 (54.9%),65 (45.1%),144,,
playoffs_split1,ALGS Year 4 Split 1 Playoffs,https://apexlegendsstatus.com/algs/Y4-Split1/ALGS-Playoffs/Global/Overview,Y4-Split1,ALGS-Playoffs,Global,Overview,,,https://apexlegendsstatus.com/algs/Y4-Split1/ALGS-Playoffs/Global/Overview,overview,86,team_map_stats,Scores,7,Boogie Boarders,48 (44.4%),60 (55.6%),108,,
playoffs_split1,ALGS Year 4 Split 1 Playoffs,https://apexlegendsstatus.com/algs/Y4-Split1/ALGS-Playoffs/Global/Overview,Y4-Split1,ALGS-Playoffs,Global,Overview,,,https://apexlegendsstatus.com/algs/Y4-Split1/ALGS-Playoffs/Global/Overview,overview,86,team_map_stats,Scores,8,o7,65 (38.2%),105 (61.8%),170,,
playoffs_split1,ALGS Year 4 Split 1 Playoffs,https://apexlegendsstatus.com/algs/Y4-Split1/ALGS-Playoffs/Global/Overview,Y4-Split1,ALGS-Playoffs,Global,Overview,,,https://apexlegendsstatus.com/algs/Y4-Split1/ALGS-Playoffs/Global/Overview,overview,86,team_map_stats,Scores,9,BR DEM0NZ,33 (35.9%),59 (64.1%),92,,
playoffs_split1,ALGS Year 4 Split 1 Playoffs,https://apexlegendsstatus.com/algs/Y4-Split1/ALGS-Playoffs/Global/Overview,Y4-Split1,ALGS-Playoffs,Global,Overview,,,https://apexlegendsstatus.com/algs/Y4-Split1/ALGS-Playoffs/Global/Overview,overview,86,team_map_stats,Scores,10,wonton dumpling,74 (59.2%),51 (40.8%),125,,
playoffs_split1,ALGS Year 4 Split 1 Playoffs,https://apexlegendsstatus.com/algs/Y4-Split1/ALGS-Playoffs/Global/Overview,Y4-Split1,ALGS-Playoffs,Global,Overview,,,https://apexlegendsstatus.com/algs/Y4-Split1/ALGS-Playoffs/Global/Overview,overview,86,team_map_stats,Scores,11,FURIA,88 (54.7%),73 (45.3%),161,,
playoffs_split1,ALGS Year 4 Split 1 Playoffs,https://apexlegendsstatus.com/algs/Y4-Split1/ALGS-Playoffs/Global/Overview,Y4-Split1,ALGS-Playoffs,Global,Overview,,,https://apexlegendsstatus.com/algs/Y4-Split1/ALGS-Playoffs/Global/Overview,overview,86,team_map_stats,Scores,12,Elev8 Gaming,98 (37.1%),166 (62.9%),264,,
playoffs_split1,ALGS Year 4 Split 1 Playoffs,https://apexlegendsstatus.com/algs/Y4-Split1/ALGS-Playoffs/Global/Overview,Y4-Split1,ALGS-Playoffs,Global,Overview,,,https://apexlegendsstatus.com/algs/Y4-Split1/ALGS-Playoffs/Global/Overview,overview,86,team_map_stats,Scores,13,HAO,49 (56.3%),38 (43.7%),87,,
playoffs_split1,ALGS Year 4 Split 1 Playoffs,https://apexlegendsstatus.com/algs/Y4-Split1/ALGS-Playoffs/Global/Overview,Y4-Split1,ALGS-Playoffs,Global,Overview,,,https://apexlegendsstatus.com/algs/Y4-Split1/ALGS-Playoffs/Global/Overview,overview,86,team_map_stats,Scores,14,Complexity,67 (52.3%),61 (47.7%),128,,
playoffs_split1,ALGS Year 4 Split 1 Playoffs,https://apexlegendsstatus.com/algs/Y4-Split1/ALGS-Playoffs/Global/Overview,Y4-Split1,ALGS-Playoffs,Global,Overview,,,https://apexlegendsstatus.com/algs/Y4-Split1/ALGS-Playoffs/Global/Overview,overview,86,team_map_stats,Scores,15,FNATIC,128 (45.2%),155 (54.8%),283,,
playoffs_split1,ALGS Year 4 Split 1 Playoffs,https://apexlegendsstatus.com/algs/Y4-Split1/ALGS-Playoffs/Global/Overview,Y4-Split1,ALGS-Playoffs,Global,Overview,,,https://apexlegendsstatus.com/algs/Y4-Split1/ALGS-Playoffs/Global/Overview,overview,86,team_map_stats,Scores,16,Legends Gaming,73 (32.4%),152 (67.6%),225,,
playoffs_split1,ALGS Year 4 Split 1 Playoffs,https://apexlegendsstatus.com/algs/Y4-Split1/ALGS-Playoffs/Global/Overview,Y4-Split1,ALGS-Playoffs,Global,Overview,,,https://apexlegendsstatus.com/algs/Y4-Split1/ALGS-Playoffs/Global/Overview,overview,86,team_map_stats,Scores,17,HEROEZ,110 (73.3%),40 (26.7%),150,,
playoffs_split1,ALGS Year 4 Split 1 Playoffs,https://apexlegendsstatus.com/algs/Y4-Split1/ALGS-Playoffs/Global/Overview,Y4-Split1,ALGS-Playoffs,Global,Overview,,,https://apexlegendsstatus.com/algs/Y4-Split1/ALGS-Playoffs/Global/Overview,overview,86,team_map_stats,Scores,18,NORTHEPTION,63 (75%),21 (25%),84,,
playoffs_split1,ALGS Year 4 Split 1 Playoffs,https://apexlegendsstatus.com/algs/Y4-Split1/ALGS-Playoffs/Global/Overview,Y4-Split1,ALGS-Playoffs,Global,Overview,,,https://apexlegendsstatus.com/algs/Y4-Split1/ALGS-Playoffs/Global/Overview,overview,86,team_map_stats,Scores,19,Not Moist,108 (51.7%),101 (48.3%),209,,
playoffs_split1,ALGS Year 4 Split 1 Playoffs,https://apexlegendsstatus.com/algs/Y4-Split1/ALGS-Playoffs/Global/Overview,Y4-Split1,ALGS-Playoffs,Global,Overview,,,https://apexlegendsstatus.com/algs/Y4-Split1/ALGS-Playoffs/Global/Overview,overview,86,team_map_stats,Scores,20,Alliance,142 (56.1%),111 (43.9%),253,,
playoffs_split1,ALGS Year 4 Split 1 Playoffs,https://apexlegendsstatus.com/algs/Y4-Split1/ALGS-Playoffs/Global/Overview,Y4-Split1,ALGS-Playoffs,Global,Overview,,,https://apexlegendsstatus.com/algs/Y4-Split1/ALGS-Playoffs/Global/Overview,overview,86,team_map_stats,Scores,21,LG,93 (48.7%),98 (51.3%),191,,
playoffs_split1,ALGS Year 4 Split 1 Playoffs,https://apexlegendsstatus.com/algs/Y4-Split1/ALGS-Playoffs/Global/Overview,Y4-Split1,ALGS-Playoffs,Global,Overview,,,https://apexlegendsstatus.com/algs/Y4-Split1/ALGS-Playoffs/Global/Overview,overview,86,team_map_stats,Scores,22,MDY-White,35 (46.1%),41 (53.9%),76,,
playoffs_split1,ALGS Year 4 Split 1 Playoffs,https://apexlegendsstatus.com/algs/Y4-Split1/ALGS-Playoffs/Global/Overview,Y4-Split1,ALGS-Playoffs,Global,Overview,,,https://apexlegendsstatus.com/algs/Y4-Split1/ALGS-Playoffs/Global/Overview,overview,86,team_map_stats,Scores,23,Liquid Alienware,74 (44.8%),91 (55.2%),165,,
playoffs_split1,ALGS Year 4 Split 1 Playoffs,https://apexlegendsstatus.com/algs/Y4-Split1/ALGS-Playoffs/Global/Overview,Y4-Split1,ALGS-Playoffs,Global,Overview,,,https://apexlegendsstatus.com/algs/Y4-Split1/ALGS-Playoffs/Global/Overview,overview,86,team_map_stats,Scores,24,Serenity,100 (50.8%),97 (49.2%),197,,
playoffs_split1,ALGS Year 4 Split 1 Playoffs,https://apexlegendsstatus.com/algs/Y4-Split1/ALGS-Playoffs/Global/Overview,Y4-Split1,ALGS-Playoffs,Global,Overview,,,https://apexlegendsstatus.com/algs/Y4-Split1/ALGS-Playoffs/Global/Overview,overview,86,team_map_stats,Scores,25,Cloud9,135 (59.2%),93 (40.8%),228,,
playoffs_split1,ALGS Year 4 Split 1 Playoffs,https://apexlegendsstatus.com/algs/Y4-Split1/ALGS-Playoffs/Global/Overview,Y4-Split1,ALGS-Playoffs,Global,Overview,,,https://apexlegendsstatus.com/algs/Y4-Split1/ALGS-Playoffs/Global/Overview,overview,86,team_map_stats,Scores,26,Never To Change,13 (29.5%),31 (70.5%),44,,
playoffs_split1,ALGS Year 4 Split 1 Playoffs,https://apexlegendsstatus.com/algs/Y4-Split1/ALGS-Playoffs/Global/Overview,Y4-Split1,ALGS-Playoffs,Global,Overview,,,https://apexlegendsstatus.com/algs/Y4-Split1/ALGS-Playoffs/Global/Overview,overview,86,team_map_stats,Scores,27,Natus Vincere,93 (58.1%),67 (41.9%),160,,
playoffs_split1,ALGS Year 4 Split 1 Playoffs,https://apexlegendsstatus.com/algs/Y4-Split1/ALGS-Playoffs/Global/Overview,Y4-Split1,ALGS-Playoffs,Global,Overview,,,https://apexlegendsstatus.com/algs/Y4-Split1/ALGS-Playoffs/Global/Overview,overview,86,team_map_stats,Scores,28,Oxygen Esports,51 (41.1%),73 (58.9%),124,,
playoffs_split1,ALGS Year 4 Split 1 Playoffs,https://apexlegendsstatus.com/algs/Y4-Split1/ALGS-Playoffs/Global/Overview,Y4-Split1,ALGS-Playoffs,Global,Overview,,,https://apexlegendsstatus.com/algs/Y4-Split1/ALGS-Playoffs/Global/Overview,overview,86,team_map_stats,Scores,29,DarkZero,174 (48.9%),182 (51.1%),356,,
playoffs_split1,ALGS Year 4 Split 1 Playoffs,https://apexlegendsstatus.com/algs/Y4-Split1/ALGS-Playoffs/Global/Overview,Y4-Split1,ALGS-Playoffs,Global,Overview,,,https://apexlegendsstatus.com/algs/Y4-Split1/ALGS-Playoffs/Global/Overview,overview,86,team_map_stats,Scores,30,REJECT WINNITY,179 (65.8%),93 (34.2%),272,,
playoffs_split1,ALGS Year 4 Split 1 Playoffs,https://apexlegendsstatus.com/algs/Y4-Split1/ALGS-Playoffs/Global/Overview,Y4-Split1,ALGS-Playoffs,Global,Overview,,,https://apexlegendsstatus.com/algs/Y4-Split1/ALGS-Playoffs/Global/Overview,overview,86,team_map_stats,Scores,31,Tom Yum Kung,39 (44.8%),48 (55.2%),87,,
playoffs_split1,ALGS Year 4 Split 1 Playoffs,https://apexlegendsstatus.com/algs/Y4-Split1/ALGS-Playoffs/Global/Overview,Y4-Split1,ALGS-Playoffs,Global,Overview,,,https://apexlegendsstatus.com/algs/Y4-Split1/ALGS-Playoffs/Global/Overview,overview,86,team_map_stats,Scores,32,Disguised,148 (61.7%),92 (38.3%),240,,
playoffs_split1,ALGS Year 4 Split 1 Playoffs,https://apexlegendsstatus.com/algs/Y4-Split1/ALGS-Playoffs/Global/Overview,Y4-Split1,ALGS-Playoffs,Global,Overview,,,https://apexlegendsstatus.com/algs/Y4-Split1/ALGS-Playoffs/Global/Overview,overview,86,team_map_stats,Scores,33,2Rats1Controller,96 (59.6%),65 (40.4%),161,,
playoffs_split1,ALGS Year 4 Split 1 Playoffs,https://apexlegendsstatus.com/algs/Y4-Split1/ALGS-Playoffs/Global/Overview,Y4-Split1,ALGS-Playoffs,Global,Overview,,,https://apexlegendsstatus.com/algs/Y4-Split1/ALGS-Playoffs/Global/Overview,overview,86,team_map_stats,Scores,34,OMiT,77 (36.3%),135 (63.7%),212,,
playoffs_split1,ALGS Year 4 Split 1 Playoffs,https://apexlegendsstatus.com/algs/Y4-Split1/ALGS-Playoffs/Global/Overview,Y4-Split1,ALGS-Playoffs,Global,Overview,,,https://apexlegendsstatus.com/algs/Y4-Split1/ALGS-Playoffs/Global/Overview,overview,86,team_map_stats,Scores,35,RED Rams,88 (72.1%),34 (27.9%),122,,
playoffs_split1,ALGS Year 4 Split 1 Playoffs,https://apexlegendsstatus.com/algs/Y4-Split1/ALGS-Playoffs/Global/Overview,Y4-Split1,ALGS-Playoffs,Global,Overview,,,https://apexlegendsstatus.com/algs/Y4-Split1/ALGS-Playoffs/Global/Overview,overview,86,team_map_stats,Scores,36,Virtus.Pro,120 (58.8%),84 (41.2%),204,,
playoffs_split1,ALGS Year 4 Split 1 Playoffs,https://apexlegendsstatus.com/algs/Y4-Split1/ALGS-Playoffs/Global/Overview,Y4-Split1,ALGS-Playoffs,Global,Overview,,,https://apexlegendsstatus.com/algs/Y4-Split1/ALGS-Playoffs/Global/Overview,overview,86,team_map_stats,Scores,37,Aurora,110 (44.5%),137 (55.5%),247,,
playoffs_split1,ALGS Year 4 Split 1 Playoffs,https://apexlegendsstatus.com/algs/Y4-Split1/ALGS-Playoffs/Global/Overview,Y4-Split1,ALGS-Playoffs,Global,Overview,,,https://apexlegendsstatus.com/algs/Y4-Split1/ALGS-Playoffs/Global/Overview,overview,86,team_map_stats,Scores,38,CRAZY RACCOON,65 (49.6%),66 (50.4%),131,,
playoffs_split1,ALGS Year 4 Split 1 Playoffs,https://apexlegendsstatus.com/algs/Y4-Split1/ALGS-Playoffs/Global/Overview,Y4-Split1,ALGS-Playoffs,Global,Overview,,,https://apexlegendsstatus.com/algs/Y4-Split1/ALGS-Playoffs/Global/Overview,overview,86,team_map_stats,Scores,39,GEARED GAMING,83 (48.3%),89 (51.7%),172,,
playoffs_split1,ALGS Year 4 Split 1 Playoffs,https://apexlegendsstatus.com/algs/Y4-Split1/ALGS-Playoffs/Global/Overview,Y4-Split1,ALGS-Playoffs,Global,Overview,,,https://apexlegendsstatus.com/algs/Y4-Split1/ALGS-Playoffs/Global/Overview,overview,86,team_map_stats,Scores,40,KINOTROPE gaming,113 (51.1%),108 (48.9%),221,,
playoffs_split1,ALGS Year 4 Split 1 Playoffs,https://apexlegendsstatus.com/algs/Y4-Split1/ALGS-Playoffs/Global/Overview,Y4-Split1,ALGS-Playoffs,Global,Overview,,,https://apexlegendsstatus.com/algs/Y4-Split1/ALGS-Playoffs/Global/Overview,overview,87,team_map_stats,Scores,1,TSM,27 (24.8%),82 (75.2%),109,,
playoffs_split1,ALGS Year 4 Split 1 Playoffs,https://apexlegendsstatus.com/algs/Y4-Split1/ALGS-Playoffs/Global/Overview,Y4-Split1,ALGS-Playoffs,Global,Overview,,,https://apexlegendsstatus.com/algs/Y4-Split1/ALGS-Playoffs/Global/Overview,overview,87,team_map_stats,Scores,2,WMNDY,28 (43.8%),36 (56.3%),64,,
playoffs_split1,ALGS Year 4 Split 1 Playoffs,https://apexlegendsstatus.com/algs/Y4-Split1/ALGS-Playoffs/Global/Overview,Y4-Split1,ALGS-Playoffs,Global,Overview,,,https://apexlegendsstatus.com/algs/Y4-Split1/ALGS-Playoffs/Global/Overview,overview,87,team_map_stats,Scores,3,PassionUA,24 (43.6%),31 (56.4%),55,,
playoffs_split1,ALGS Year 4 Split 1 Playoffs,https://apexlegendsstatus.com/algs/Y4-Split1/ALGS-Playoffs/Global/Overview,Y4-Split1,ALGS-Playoffs,Global,Overview,,,https://apexlegendsstatus.com/algs/Y4-Split1/ALGS-Playoffs/Global/Overview,overview,87,team_map_stats,Scores,4,SSG,64 (47.1%),72 (52.9%),136,,
playoffs_split1,ALGS Year 4 Split 1 Playoffs,https://apexlegendsstatus.com/algs/Y4-Split1/ALGS-Playoffs/Global/Overview,Y4-Split1,ALGS-Playoffs,Global,Overview,,,https://apexlegendsstatus.com/algs/Y4-Split1/ALGS-Playoffs/Global/Overview,overview,87,team_map_stats,Scores,5,RIDDLE ORDER,21 (52.5%),19 (47.5%),40,,
playoffs_split1,ALGS Year 4 Split 1 Playoffs,https://apexlegendsstatus.com/algs/Y4-Split1/ALGS-Playoffs/Global/Overview,Y4-Split1,ALGS-Playoffs,Global,Overview,,,https://apexlegendsstatus.com/algs/Y4-Split1/ALGS-Playoffs/Global/Overview,overview,87,team_map_stats,Scores,6,Made in Heaven,38 (46.9%),43 (53.1%),81,,
playoffs_split1,ALGS Year 4 Split 1 Playoffs,https://apexlegendsstatus.com/algs/Y4-Split1/ALGS-Playoffs/Global/Overview,Y4-Split1,ALGS-Playoffs,Global,Overview,,,https://apexlegendsstatus.com/algs/Y4-Split1/ALGS-Playoffs/Global/Overview,overview,87,team_map_stats,Scores,7,Boogie Boarders,15 (31.9%),32 (68.1%),47,,
playoffs_split1,ALGS Year 4 Split 1 Playoffs,https://apexlegendsstatus.com/algs/Y4-Split1/ALGS-Playoffs/Global/Overview,Y4-Split1,ALGS-Playoffs,Global,Overview,,,https://apexlegendsstatus.com/algs/Y4-Split1/ALGS-Playoffs/Global/Overview,overview,87,team_map_stats,Scores,8,o7,44 (44%),56 (56%),100,,
playoffs_split1,ALGS Year 4 Split 1 Playoffs,https://apexlegendsstatus.com/algs/Y4-Split1/ALGS-Playoffs/Global/Overview,Y4-Split1,ALGS-Playoffs,Global,Overview,,,https://apexlegendsstatus.com/algs/Y4-Split1/ALGS-Playoffs/Global/Overview,overview,87,team_map_stats,Scores,9,BR DEM0NZ,23 (47.9%),25 (52.1%),48,,
playoffs_split1,ALGS Year 4 Split 1 Playoffs,https://apexlegendsstatus.com/algs/Y4-Split1/ALGS-Playoffs/Global/Overview,Y4-Split1,ALGS-Playoffs,Global,Overview,,,https://apexlegendsstatus.com/algs/Y4-Split1/ALGS-Playoffs/Global/Overview,overview,87,team_map_stats,Scores,10,wonton dumpling,47 (68.1%),22 (31.9%),69,,
playoffs_split1,ALGS Year 4 Split 1 Playoffs,https://apexlegendsstatus.com/algs/Y4-Split1/ALGS-Playoffs/Global/Overview,Y4-Split1,ALGS-Playoffs,Global,Overview,,,https://apexlegendsstatus.com/algs/Y4-Split1/ALGS-Playoffs/Global/Overview,overview,87,team_map_stats,Scores,11,FURIA,55 (57.9%),40 (42.1%),95,,
playoffs_split1,ALGS Year 4 Split 1 Playoffs,https://apexlegendsstatus.com/algs/Y4-Split1/ALGS-Playoffs/Global/Overview,Y4-Split1,ALGS-Playoffs,Global,Overview,,,https://apexlegendsstatus.com/algs/Y4-Split1/ALGS-Playoffs/Global/Overview,overview,87,team_map_stats,Scores,12,Elev8 Gaming,55 (39%),86 (61%),141,,
playoffs_split1,ALGS Year 4 Split 1 Playoffs,https://apexlegendsstatus.com/algs/Y4-Split1/ALGS-Playoffs/Global/Overview,Y4-Split1,ALGS-Playoffs,Global,Overview,,,https://apexlegendsstatus.com/algs/Y4-Split1/ALGS-Playoffs/Global/Overview,overview,87,team_map_stats,Scores,13,HAO,22 (59.5%),15 (40.5%),37,,
playoffs_split1,ALGS Year 4 Split 1 Playoffs,https://apexlegendsstatus.com/algs/Y4-Split1/ALGS-Playoffs/Global/Overview,Y4-Split1,ALGS-Playoffs,Global,Overview,,,https://apexlegendsstatus.com/algs/Y4-Split1/ALGS-Playoffs/Global/Overview,overview,87,team_map_stats,Scores,14,Complexity,22 (52.4%),20 (47.6%),42,,
playoffs_split1,ALGS Year 4 Split 1 Playoffs,https://apexlegendsstatus.com/algs/Y4-Split1/ALGS-Playoffs/Global/Overview,Y4-Split1,ALGS-Playoffs,Global,Overview,,,https://apexlegendsstatus.com/algs/Y4-Split1/ALGS-Playoffs/Global/Overview,overview,87,team_map_stats,Scores,15,FNATIC,80 (46%),94 (54%),174,,
playoffs_split1,ALGS Year 4 Split 1 Playoffs,https://apexlegendsstatus.com/algs/Y4-Split1/ALGS-Playoffs/Global/Overview,Y4-Split1,ALGS-Playoffs,Global,Overview,,,https://apexlegendsstatus.com/algs/Y4-Split1/ALGS-Playoffs/Global/Overview,overview,87,team_map_stats,Scores,16,Legends Gaming,33 (29.2%),80 (70.8%),113,,
playoffs_split1,ALGS Year 4 Split 1 Playoffs,https://apexlegendsstatus.com/algs/Y4-Split1/ALGS-Playoffs/Global/Overview,Y4-Split1,ALGS-Playoffs,Global,Overview,,,https://apexlegendsstatus.com/algs/Y4-Split1/ALGS-Playoffs/Global/Overview,overview,87,team_map_stats,Scores,17,HEROEZ,48 (71.6%),19 (28.4%),67,,
playoffs_split1,ALGS Year 4 Split 1 Playoffs,https://apexlegendsstatus.com/algs/Y4-Split1/ALGS-Playoffs/Global/Overview,Y4-Split1,ALGS-Playoffs,Global,Overview,,,https://apexlegendsstatus.com/algs/Y4-Split1/ALGS-Playoffs/Global/Overview,overview,87,team_map_stats,Scores,18,NORTHEPTION,34 (75.6%),11 (24.4%),45,,
playoffs_split1,ALGS Year 4 Split 1 Playoffs,https://apexlegendsstatus.com/algs/Y4-Split1/ALGS-Playoffs/Global/Overview,Y4-Split1,ALGS-Playoffs,Global,Overview,,,https://apexlegendsstatus.com/algs/Y4-Split1/ALGS-Playoffs/Global/Overview,overview,87,team_map_stats,Scores,19,Not Moist,59 (55.1%),48 (44.9%),107,,
playoffs_split1,ALGS Year 4 Split 1 Playoffs,https://apexlegendsstatus.com/algs/Y4-Split1/ALGS-Playoffs/Global/Overview,Y4-Split1,ALGS-Playoffs,Global,Overview,,,https://apexlegendsstatus.com/algs/Y4-Split1/ALGS-Playoffs/Global/Overview,overview,87,team_map_stats,Scores,20,Alliance,81 (56.6%),62 (43.4%),143,,
playoffs_split1,ALGS Year 4 Split 1 Playoffs,https://apexlegendsstatus.com/algs/Y4-Split1/ALGS-Playoffs/Global/Overview,Y4-Split1,ALGS-Playoffs,Global,Overview,,,https://apexlegendsstatus.com/algs/Y4-Split1/ALGS-Playoffs/Global/Overview,overview,87,team_map_stats,Scores,21,LG,48 (53.3%),42 (46.7%),90,,
playoffs_split1,ALGS Year 4 Split 1 Playoffs,https://apexlegendsstatus.com/algs/Y4-Split1/ALGS-Playoffs/Global/Overview,Y4-Split1,ALGS-Playoffs,Global,Overview,,,https://apexlegendsstatus.com/algs/Y4-Split1/ALGS-Playoffs/Global/Overview,overview,87,team_map_stats,Scores,22,MDY-White,22 (50%),22 (50%),44,,
playoffs_split1,ALGS Year 4 Split 1 Playoffs,https://apexlegendsstatus.com/algs/Y4-Split1/ALGS-Playoffs/Global/Overview,Y4-Split1,ALGS-Playoffs,Global,Overview,,,https://apexlegendsstatus.com/algs/Y4-Split1/ALGS-Playoffs/Global/Overview,overview,87,team_map_stats,Scores,23,Liquid Alienware,36 (44.4%),45 (55.6%),81,,
playoffs_split1,ALGS Year 4 Split 1 Playoffs,https://apexlegendsstatus.com/algs/Y4-Split1/ALGS-Playoffs/Global/Overview,Y4-Split1,ALGS-Playoffs,Global,Overview,,,https://apexlegendsstatus.com/algs/Y4-Split1/ALGS-Playoffs/Global/Overview,overview,87,team_map_stats,Scores,24,Serenity,44 (53%),39 (47%),83,,
playoffs_split1,ALGS Year 4 Split 1 Playoffs,https://apexlegendsstatus.com/algs/Y4-Split1/ALGS-Playoffs/Global/Overview,Y4-Split1,ALGS-Playoffs,Global,Overview,,,https://apexlegendsstatus.com/algs/Y4-Split1/ALGS-Playoffs/Global/Overview,overview,87,team_map_stats,Scores,25,Cloud9,60 (58.3%),43 (41.7%),103,,
playoffs_split1,ALGS Year 4 Split 1 Playoffs,https://apexlegendsstatus.com/algs/Y4-Split1/ALGS-Playoffs/Global/Overview,Y4-Split1,ALGS-Playoffs,Global,Overview,,,https://apexlegendsstatus.com/algs/Y4-Split1/ALGS-Playoffs/Global/Overview,overview,87,team_map_stats,Scores,26,Never To Change,8 (36.4%),14 (63.6%),22,,
playoffs_split1,ALGS Year 4 Split 1 Playoffs,https://apexlegendsstatus.com/algs/Y4-Split1/ALGS-Playoffs/Global/Overview,Y4-Split1,ALGS-Playoffs,Global,Overview,,,https://apexlegendsstatus.com/algs/Y4-Split1/ALGS-Playoffs/Global/Overview,overview,87,team_map_stats,Scores,27,Natus Vincere,42 (54.5%),35 (45.5%),77,,
playoffs_split1,ALGS Year 4 Split 1 Playoffs,https://apexlegendsstatus.com/algs/Y4-Split1/ALGS-Playoffs/Global/Overview,Y4-Split1,ALGS-Playoffs,Global,Overview,,,https://apexlegendsstatus.com/algs/Y4-Split1/ALGS-Playoffs/Global/Overview,overview,87,team_map_stats,Scores,28,Oxygen Esports,27 (42.9%),36 (57.1%),63,,
playoffs_split1,ALGS Year 4 Split 1 Playoffs,https://apexlegendsstatus.com/algs/Y4-Split1/ALGS-Playoffs/Global/Overview,Y4-Split1,ALGS-Playoffs,Global,Overview,,,https://apexlegendsstatus.com/algs/Y4-Split1/ALGS-Playoffs/Global/Overview,overview,87,team_map_stats,Scores,29,DarkZero,88 (49.7%),89 (50.3%),177,,
playoffs_split1,ALGS Year 4 Split 1 Playoffs,https://apexlegendsstatus.com/algs/Y4-Split1/ALGS-Playoffs/Global/Overview,Y4-Split1,ALGS-Playoffs,Global,Overview,,,https://apexlegendsstatus.com/algs/Y4-Split1/ALGS-Playoffs/Global/Overview,overview,87,team_map_stats,Scores,30,REJECT WINNITY,89 (65%),48 (35%),137,,
playoffs_split1,ALGS Year 4 Split 1 Playoffs,https://apexlegendsstatus.com/algs/Y4-Split1/ALGS-Playoffs/Global/Overview,Y4-Split1,ALGS-Playoffs,Global,Overview,,,https://apexlegendsstatus.com/algs/Y4-Split1/ALGS-Playoffs/Global/Overview,overview,87,team_map_stats,Scores,31,Tom Yum Kung,24 (52.2%),22 (47.8%),46,,
playoffs_split1,ALGS Year 4 Split 1 Playoffs,https://apexlegendsstatus.com/algs/Y4-Split1/ALGS-Playoffs/Global/Overview,Y4-Split1,ALGS-Playoffs,Global,Overview,,,https://apexlegendsstatus.com/algs/Y4-Split1/ALGS-Playoffs/Global/Overview,overview,87,team_map_stats,Scores,32,Disguised,82 (65.6%),43 (34.4%),125,,
playoffs_split1,ALGS Year 4 Split 1 Playoffs,https://apexlegendsstatus.com/algs/Y4-Split1/ALGS-Playoffs/Global/Overview,Y4-Split1,ALGS-Playoffs,Global,Overview,,,https://apexlegendsstatus.com/algs/Y4-Split1/ALGS-Playoffs/Global/Overview,overview,87,team_map_stats,Scores,33,2Rats1Controller,58 (61.1%),37 (38.9%),95,,
playoffs_split1,ALGS Year 4 Split 1 Playoffs,https://apexlegendsstatus.com/algs/Y4-Split1/ALGS-Playoffs/Global/Overview,Y4-Split1,ALGS-Playoffs,Global,Overview,,,https://apexlegendsstatus.com/algs/Y4-Split1/ALGS-Playoffs/Global/Overview,overview,87,team_map_stats,Scores,34,OMiT,36 (35.3%),66 (64.7%),102,,
playoffs_split1,ALGS Year 4 Split 1 Playoffs,https://apexlegendsstatus.com/algs/Y4-Split1/ALGS-Playoffs/Global/Overview,Y4-Split1,ALGS-Playoffs,Global,Overview,,,https://apexlegendsstatus.com/algs/Y4-Split1/ALGS-Playoffs/Global/Overview,overview,87,team_map_stats,Scores,35,RED Rams,45 (67.2%),22 (32.8%),67,,
playoffs_split1,ALGS Year 4 Split 1 Playoffs,https://apexlegendsstatus.com/algs/Y4-Split1/ALGS-Playoffs/Global/Overview,Y4-Split1,ALGS-Playoffs,Global,Overview,,,https://apexlegendsstatus.com/algs/Y4-Split1/ALGS-Playoffs/Global/Overview,overview,87,team_map_stats,Scores,36,Virtus.Pro,47 (57.3%),35 (42.7%),82,,
playoffs_split1,ALGS Year 4 Split 1 Playoffs,https://apexlegendsstatus.com/algs/Y4-Split1/ALGS-Playoffs/Global/Overview,Y4-Split1,ALGS-Playoffs,Global,Overview,,,https://apexlegendsstatus.com/algs/Y4-Split1/ALGS-Playoffs/Global/Overview,overview,87,team_map_stats,Scores,37,Aurora,58 (43%),77 (57%),135,,
playoffs_split1,ALGS Year 4 Split 1 Playoffs,https://apexlegendsstatus.com/algs/Y4-Split1/ALGS-Playoffs/Global/Overview,Y4-Split1,ALGS-Playoffs,Global,Overview,,,https://apexlegendsstatus.com/algs/Y4-Split1/ALGS-Playoffs/Global/Overview,overview,87,team_map_stats,Scores,38,CRAZY RACCOON,26 (40%),39 (60%),65,,
playoffs_split1,ALGS Year 4 Split 1 Playoffs,https://apexlegendsstatus.com/algs/Y4-Split1/ALGS-Playoffs/Global/Overview,Y4-Split1,ALGS-Playoffs,Global,Overview,,,https://apexlegendsstatus.com/algs/Y4-Split1/ALGS-Playoffs/Global/Overview,overview,87,team_map_stats,Scores,39,GEARED GAMING,48 (55.8%),38 (44.2%),86,,
playoffs_split1,ALGS Year 4 Split 1 Playoffs,https://apexlegendsstatus.com/algs/Y4-Split1/ALGS-Playoffs/Global/Overview,Y4-Split1,ALGS-Playoffs,Global,Overview,,,https://apexlegendsstatus.com/algs/Y4-Split1/ALGS-Playoffs/Global/Overview,overview,87,team_map_stats,Scores,40,KINOTROPE gaming,45 (43.3%),59 (56.7%),104,,
playoffs_split1,ALGS Year 4 Split 1 Playoffs,https://apexlegendsstatus.com/algs/Y4-Split1/ALGS-Playoffs/Global/Overview,Y4-Split1,ALGS-Playoffs,Global,Overview,,,https://apexlegendsstatus.com/algs/Y4-Split1/ALGS-Playoffs/Global/Overview,overview,89,team_map_stats,Scores,1,TSM,0 (0%),1 (100%),1,,
playoffs_split1,ALGS Year 4 Split 1 Playoffs,https://apexlegendsstatus.com/algs/Y4-Split1/ALGS-Playoffs/Global/Overview,Y4-Split1,ALGS-Playoffs,Global,Overview,,,https://apexlegendsstatus.com/algs/Y4-Split1/ALGS-Playoffs/Global/Overview,overview,89,team_map_stats,Scores,2,WMNDY,1 (100%),0 (0%),1,,
playoffs_split1,ALGS Year 4 Split 1 Playoffs,https://apexlegendsstatus.com/algs/Y4-Split1/ALGS-Playoffs/Global/Overview,Y4-Split1,ALGS-Playoffs,Global,Overview,,,https://apexlegendsstatus.com/algs/Y4-Split1/ALGS-Playoffs/Global/Overview,overview,89,team_map_stats,Scores,3,PassionUA,0 (0%),0 (0%),0,,
playoffs_split1,ALGS Year 4 Split 1 Playoffs,https://apexlegendsstatus.com/algs/Y4-Split1/ALGS-Playoffs/Global/Overview,Y4-Split1,ALGS-Playoffs,Global,Overview,,,https://apexlegendsstatus.com/algs/Y4-Split1/ALGS-Playoffs/Global/Overview,overview,89,team_map_stats,Scores,4,SSG,0 (0%),0 (0%),0,,
playoffs_split1,ALGS Year 4 Split 1 Playoffs,https://apexlegendsstatus.com/algs/Y4-Split1/ALGS-Playoffs/Global/Overview,Y4-Split1,ALGS-Playoffs,Global,Overview,,,https://apexlegendsstatus.com/algs/Y4-Split1/ALGS-Playoffs/Global/Overview,overview,89,team_map_stats,Scores,5,RIDDLE ORDER,0 (0%),0 (0%),0,,
playoffs_split1,ALGS Year 4 Split 1 Playoffs,https://apexlegendsstatus.com/algs/Y4-Split1/ALGS-Playoffs/Global/Overview,Y4-Split1,ALGS-Playoffs,Global,Overview,,,https://apexlegendsstatus.com/algs/Y4-Split1/ALGS-Playoffs/Global/Overview,overview,89,team_map_stats,Scores,6,Made in Heaven,0 (0%),0 (0%),0,,
playoffs_split1,ALGS Year 4 Split 1 Playoffs,https://apexlegendsstatus.com/algs/Y4-Split1/ALGS-Playoffs/Global/Overview,Y4-Split1,ALGS-Playoffs,Global,Overview,,,https://apexlegendsstatus.com/algs/Y4-Split1/ALGS-Playoffs/Global/Overview,overview,89,team_map_stats,Scores,7,Boogie Boarders,0 (0%),0 (0%),0,,
playoffs_split1,ALGS Year 4 Split 1 Playoffs,https://apexlegendsstatus.com/algs/Y4-Split1/ALGS-Playoffs/Global/Overview,Y4-Split1,ALGS-Playoffs,Global,Overview,,,https://apexlegendsstatus.com/algs/Y4-Split1/ALGS-Playoffs/Global/Overview,overview,89,team_map_stats,Scores,8,o7,1 (33.3%),2 (66.7%),3,,
playoffs_split1,ALGS Year 4 Split 1 Playoffs,https://apexlegendsstatus.com/algs/Y4-Split1/ALGS-Playoffs/Global/Overview,Y4-Split1,ALGS-Playoffs,Global,Overview,,,https://apexlegendsstatus.com/algs/Y4-Split1/ALGS-Playoffs/Global/Overview,overview,89,team_map_stats,Scores,9,BR DEM0NZ,0 (0%),1 (100%),1,,
playoffs_split1,ALGS Year 4 Split 1 Playoffs,https://apexlegendsstatus.com/algs/Y4-Split1/ALGS-Playoffs/Global/Overview,Y4-Split1,ALGS-Playoffs,Global,Overview,,,https://apexlegendsstatus.com/algs/Y4-Split1/ALGS-Playoffs/Global/Overview,overview,89,team_map_stats,Scores,10,wonton dumpling,0 (0%),1 (100%),1,,
playoffs_split1,ALGS Year 4 Split 1 Playoffs,https://apexlegendsstatus.com/algs/Y4-Split1/ALGS-Playoffs/Global/Overview,Y4-Split1,ALGS-Playoffs,Global,Overview,,,https://apexlegendsstatus.com/algs/Y4-Split1/ALGS-Playoffs/Global/Overview,overview,89,team_map_stats,Scores,11,FURIA,1 (100%),0 (0%),1,,
playoffs_split1,ALGS Year 4 Split 1 Playoffs,https://apexlegendsstatus.com/algs/Y4-Split1/ALGS-Playoffs/Global/Overview,Y4-Split1,ALGS-Playoffs,Global,Overview,,,https://apexlegendsstatus.com/algs/Y4-Split1/ALGS-Playoffs/Global/Overview,overview,89,team_map_stats,Scores,12,Elev8 Gaming,1 (20%),4 (80%),5,,
playoffs_split1,ALGS Year 4 Split 1 Playoffs,https://apexlegendsstatus.com/algs/Y4-Split1/ALGS-Playoffs/Global/Overview,Y4-Split1,ALGS-Playoffs,Global,Overview,,,https://apexlegendsstatus.com/algs/Y4-Split1/ALGS-Playoffs/Global/Overview,overview,89,team_map_stats,Scores,13,HAO,0 (0%),0 (0%),0,,
playoffs_split1,ALGS Year 4 Split 1 Playoffs,https://apexlegendsstatus.com/algs/Y4-Split1/ALGS-Playoffs/Global/Overview,Y4-Split1,ALGS-Playoffs,Global,Overview,,,https://apexlegendsstatus.com/algs/Y4-Split1/ALGS-Playoffs/Global/Overview,overview,89,team_map_stats,Scores,14,Complexity,0 (0%),0 (0%),0,,
playoffs_split1,ALGS Year 4 Split 1 Playoffs,https://apexlegendsstatus.com/algs/Y4-Split1/ALGS-Playoffs/Global/Overview,Y4-Split1,ALGS-Playoffs,Global,Overview,,,https://apexlegendsstatus.com/algs/Y4-Split1/ALGS-Playoffs/Global/Overview,overview,89,team_map_stats,Scores,15,FNATIC,0 (0%),2 (100%),2,,
playoffs_split1,ALGS Year 4 Split 1 Playoffs,https://apexlegendsstatus.com/algs/Y4-Split1/ALGS-Playoffs/Global/Overview,Y4-Split1,ALGS-Playoffs,Global,Overview,,,https://apexlegendsstatus.com/algs/Y4-Split1/ALGS-Playoffs/Global/Overview,overview,89,team_map_stats,Scores,16,Legends Gaming,0 (0%),2 (100%),2,,
playoffs_split1,ALGS Year 4 Split 1 Playoffs,https://apexlegendsstatus.com/algs/Y4-Split1/ALGS-Playoffs/Global/Overview,Y4-Split1,ALGS-Playoffs,Global,Overview,,,https://apexlegendsstatus.com/algs/Y4-Split1/ALGS-Playoffs/Global/Overview,overview,89,team_map_stats,Scores,17,HEROEZ,2 (100%),0 (0%),2,,
playoffs_split1,ALGS Year 4 Split 1 Playoffs,https://apexlegendsstatus.com/algs/Y4-Split1/ALGS-Playoffs/Global/Overview,Y4-Split1,ALGS-Playoffs,Global,Overview,,,https://apexlegendsstatus.com/algs/Y4-Split1/ALGS-Playoffs/Global/Overview,overview,89,team_map_stats,Scores,18,NORTHEPTION,0 (0%),0 (0%),0,,
playoffs_split1,ALGS Year 4 Split 1 Playoffs,https://apexlegendsstatus.com/algs/Y4-Split1/ALGS-Playoffs/Global/Overview,Y4-Split1,ALGS-Playoffs,Global,Overview,,,https://apexlegendsstatus.com/algs/Y4-Split1/ALGS-Playoffs/Global/Overview,overview,89,team_map_stats,Scores,19,Not Moist,0 (0%),1 (100%),1,,
playoffs_split1,ALGS Year 4 Split 1 Playoffs,https://apexlegendsstatus.com/algs/Y4-Split1/ALGS-Playoffs/Global/Overview,Y4-Split1,ALGS-Playoffs,Global,Overview,,,https://apexlegendsstatus.com/algs/Y4-Split1/ALGS-Playoffs/Global/Overview,overview,89,team_map_stats,Scores,20,Alliance,2 (50%),2 (50%),4,,
playoffs_split1,ALGS Year 4 Split 1 Playoffs,https://apexlegendsstatus.com/algs/Y4-Split1/ALGS-Playoffs/Global/Overview,Y4-Split1,ALGS-Playoffs,Global,Overview,,,https://apexlegendsstatus.com/algs/Y4-Split1/ALGS-Playoffs/Global/Overview,overview,89,team_map_stats,Scores,21,LG,0 (0%),1 (100%),1,,
playoffs_split1,ALGS Year 4 Split 1 Playoffs,https://apexlegendsstatus.com/algs/Y4-Split1/ALGS-Playoffs/Global/Overview,Y4-Split1,ALGS-Playoffs,Global,Overview,,,https://apexlegendsstatus.com/algs/Y4-Split1/ALGS-Playoffs/Global/Overview,overview,89,team_map_stats,Scores,22,MDY-White,0 (0%),0 (0%),0,,
playoffs_split1,ALGS Year 4 Split 1 Playoffs,https://apexlegendsstatus.com/algs/Y4-Split1/ALGS-Playoffs/Global/Overview,Y4-Split1,ALGS-Playoffs,Global,Overview,,,https://apexlegendsstatus.com/algs/Y4-Split1/ALGS-Playoffs/Global/Overview,overview,89,team_map_stats,Scores,23,Liquid Alienware,1 (50%),1 (50%),2,,
playoffs_split1,ALGS Year 4 Split 1 Playoffs,https://apexlegendsstatus.com/algs/Y4-Split1/ALGS-Playoffs/Global/Overview,Y4-Split1,ALGS-Playoffs,Global,Overview,,,https://apexlegendsstatus.com/algs/Y4-Split1/ALGS-Playoffs/Global/Overview,overview,89,team_map_stats,Scores,24,Serenity,1 (100%),0 (0%),1,,
playoffs_split1,ALGS Year 4 Split 1 Playoffs,https://apexlegendsstatus.com/algs/Y4-Split1/ALGS-Playoffs/Global/Overview,Y4-Split1,ALGS-Playoffs,Global,Overview,,,https://apexlegendsstatus.com/algs/Y4-Split1/ALGS-Playoffs/Global/Overview,overview,89,team_map_stats,Scores,25,Cloud9,2 (100%),0 (0%),2,,
playoffs_split1,ALGS Year 4 Split 1 Playoffs,https://apexlegendsstatus.com/algs/Y4-Split1/ALGS-Playoffs/Global/Overview,Y4-Split1,ALGS-Playoffs,Global,Overview,,,https://apexlegendsstatus.com/algs/Y4-Split1/ALGS-Playoffs/Global/Overview,overview,89,team_map_stats,Scores,26,Never To Change,0 (0%),0 (0%),0,,
playoffs_split1,ALGS Year 4 Split 1 Playoffs,https://apexlegendsstatus.com/algs/Y4-Split1/ALGS-Playoffs/Global/Overview,Y4-Split1,ALGS-Playoffs,Global,Overview,,,https://apexlegendsstatus.com/algs/Y4-Split1/ALGS-Playoffs/Global/Overview,overview,89,team_map_stats,Scores,27,Natus Vincere,1 (50%),1 (50%),2,,
playoffs_split1,ALGS Year 4 Split 1 Playoffs,https://apexlegendsstatus.com/algs/Y4-Split1/ALGS-Playoffs/Global/Overview,Y4-Split1,ALGS-Playoffs,Global,Overview,,,https://apexlegendsstatus.com/algs/Y4-Split1/ALGS-Playoffs/Global/Overview,overview,89,team_map_stats,Scores,28,Oxygen Esports,0 (0%),0 (0%),0,,
playoffs_split1,ALGS Year 4 Split 1 Playoffs,https://apexlegendsstatus.com/algs/Y4-Split1/ALGS-Playoffs/Global/Overview,Y4-Split1,ALGS-Playoffs,Global,Overview,,,https://apexlegendsstatus.com/algs/Y4-Split1/ALGS-Playoffs/Global/Overview,overview,89,team_map_stats,Scores,29,DarkZero,4 (66.7%),2 (33.3%),6,,
playoffs_split1,ALGS Year 4 Split 1 Playoffs,https://apexlegendsstatus.com/algs/Y4-Split1/ALGS-Playoffs/Global/Overview,Y4-Split1,ALGS-Playoffs,Global,Overview,,,https://apexlegendsstatus.com/algs/Y4-Split1/ALGS-Playoffs/Global/Overview,overview,89,team_map_stats,Scores,30,REJECT WINNITY,4 (66.7%),2 (33.3%),6,,
playoffs_split1,ALGS Year 4 Split 1 Playoffs,https://apexlegendsstatus.com/algs/Y4-Split1/ALGS-Playoffs/Global/Overview,Y4-Split1,ALGS-Playoffs,Global,Overview,,,https://apexlegendsstatus.com/algs/Y4-Split1/ALGS-Playoffs/Global/Overview,overview,89,team_map_stats,Scores,31,Tom Yum Kung,0 (0%),0 (0%),0,,
playoffs_split1,ALGS Year 4 Split 1 Playoffs,https://apexlegendsstatus.com/algs/Y4-Split1/ALGS-Playoffs/Global/Overview,Y4-Split1,ALGS-Playoffs,Global,Overview,,,https://apexlegendsstatus.com/algs/Y4-Split1/ALGS-Playoffs/Global/Overview,overview,89,team_map_stats,Scores,32,Disguised,1 (50%),1 (50%),2,,
playoffs_split1,ALGS Year 4 Split 1 Playoffs,https://apexlegendsstatus.com/algs/Y4-Split1/ALGS-Playoffs/Global/Overview,Y4-Split1,ALGS-Playoffs,Global,Overview,,,https://apexlegendsstatus.com/algs/Y4-Split1/ALGS-Playoffs/Global/Overview,overview,89,team_map_stats,Scores,33,2Rats1Controller,1 (50%),1 (50%),2,,
playoffs_split1,ALGS Year 4 Split 1 Playoffs,https://apexlegendsstatus.com/algs/Y4-Split1/ALGS-Playoffs/Global/Overview,Y4-Split1,ALGS-Playoffs,Global,Overview,,,https://apexlegendsstatus.com/algs/Y4-Split1/ALGS-Playoffs/Global/Overview,overview,89,team_map_stats,Scores,34,OMiT,0 (0%),2 (100%),2,,
playoffs_split1,ALGS Year 4 Split 1 Playoffs,https://apexlegendsstatus.com/algs/Y4-Split1/ALGS-Playoffs/Global/Overview,Y4-Split1,ALGS-Playoffs,Global,Overview,,,https://apexlegendsstatus.com/algs/Y4-Split1/ALGS-Playoffs/Global/Overview,overview,89,team_map_stats,Scores,35,RED Rams,1 (100%),0 (0%),1,,
playoffs_split1,ALGS Year 4 Split 1 Playoffs,https://apexlegendsstatus.com/algs/Y4-Split1/ALGS-Playoffs/Global/Overview,Y4-Split1,ALGS-Playoffs,Global,Overview,,,https://apexlegendsstatus.com/algs/Y4-Split1/ALGS-Playoffs/Global/Overview,overview,89,team_map_stats,Scores,36,Virtus.Pro,2 (66.7%),1 (33.3%),3,,
playoffs_split1,ALGS Year 4 Split 1 Playoffs,https://apexlegendsstatus.com/algs/Y4-Split1/ALGS-Playoffs/Global/Overview,Y4-Split1,ALGS-Playoffs,Global,Overview,,,https://apexlegendsstatus.com/algs/Y4-Split1/ALGS-Playoffs/Global/Overview,overview,89,team_map_stats,Scores,37,Aurora,0 (0%),0 (0%),0,,
playoffs_split1,ALGS Year 4 Split 1 Playoffs,https://apexlegendsstatus.com/algs/Y4-Split1/ALGS-Playoffs/Global/Overview,Y4-Split1,ALGS-Playoffs,Global,Overview,,,https://apexlegendsstatus.com/algs/Y4-Split1/ALGS-Playoffs/Global/Overview,overview,89,team_map_stats,Scores,38,CRAZY RACCOON,1 (50%),1 (50%),2,,
playoffs_split1,ALGS Year 4 Split 1 Playoffs,https://apexlegendsstatus.com/algs/Y4-Split1/ALGS-Playoffs/Global/Overview,Y4-Split1,ALGS-Playoffs,Global,Overview,,,https://apexlegendsstatus.com/algs/Y4-Split1/ALGS-Playoffs/Global/Overview,overview,89,team_map_stats,Scores,39,GEARED GAMING,1 (50%),1 (50%),2,,
playoffs_split1,ALGS Year 4 Split 1 Playoffs,https://apexlegendsstatus.com/algs/Y4-Split1/ALGS-Playoffs/Global/Overview,Y4-Split1,ALGS-Playoffs,Global,Overview,,,https://apexlegendsstatus.com/algs/Y4-Split1/ALGS-Playoffs/Global/Overview,overview,89,team_map_stats,Scores,40,KINOTROPE gaming,3 (75%),1 (25%),4,,
playoffs_split1,ALGS Year 4 Split 1 Playoffs,https://apexlegendsstatus.com/algs/Y4-Split1/ALGS-Playoffs/Global/Overview,Y4-Split1,ALGS-Playoffs,Global,Overview,,,https://apexlegendsstatus.com/algs/Y4-Split1/ALGS-Playoffs/Global/Overview,overview,90,team_map_stats,Scores,1,TSM,3 (29.5%),7.2 (70.5%),10.2,,
playoffs_split1,ALGS Year 4 Split 1 Playoffs,https://apexlegendsstatus.com/algs/Y4-Split1/ALGS-Playoffs/Global/Overview,Y4-Split1,ALGS-Playoffs,Global,Overview,,,https://apexlegendsstatus.com/algs/Y4-Split1/ALGS-Playoffs/Global/Overview,overview,90,team_map_stats,Scores,2,WMNDY,4.3 (48.1%),4.7 (51.9%),9,,
playoffs_split1,ALGS Year 4 Split 1 Playoffs,https://apexlegendsstatus.com/algs/Y4-Split1/ALGS-Playoffs/Global/Overview,Y4-Split1,ALGS-Playoffs,Global,Overview,,,https://apexlegendsstatus.com/algs/Y4-Split1/ALGS-Playoffs/Global/Overview,overview,90,team_map_stats,Scores,3,PassionUA,3.8 (42.9%),5 (57.1%),8.8,,
playoffs_split1,ALGS Year 4 Split 1 Playoffs,https://apexlegendsstatus.com/algs/Y4-Split1/ALGS-Playoffs/Global/Overview,Y4-Split1,ALGS-Playoffs,Global,Overview,,,https://apexlegendsstatus.com/algs/Y4-Split1/ALGS-Playoffs/Global/Overview,overview,90,team_map_stats,Scores,4,SSG,5.7 (47.2%),6.4 (52.8%),12.2,,
playoffs_split1,ALGS Year 4 Split 1 Playoffs,https://apexlegendsstatus.com/algs/Y4-Split1/ALGS-Playoffs/Global/Overview,Y4-Split1,ALGS-Playoffs,Global,Overview,,,https://apexlegendsstatus.com/algs/Y4-Split1/ALGS-Playoffs/Global/Overview,overview,90,team_map_stats,Scores,5,RIDDLE ORDER,3.3 (45.5%),4 (54.5%),7.3,,
playoffs_split1,ALGS Year 4 Split 1 Playoffs,https://apexlegendsstatus.com/algs/Y4-Split1/ALGS-Playoffs/Global/Overview,Y4-Split1,ALGS-Playoffs,Global,Overview,,,https://apexlegendsstatus.com/algs/Y4-Split1/ALGS-Playoffs/Global/Overview,overview,90,team_map_stats,Scores,6,Made in Heaven,5.3 (54.9%),4.3 (45.1%),9.6,,
playoffs_split1,ALGS Year 4 Split 1 Playoffs,https://apexlegendsstatus.com/algs/Y4-Split1/ALGS-Playoffs/Global/Overview,Y4-Split1,ALGS-Playoffs,Global,Overview,,,https://apexlegendsstatus.com/algs/Y4-Split1/ALGS-Playoffs/Global/Overview,overview,90,team_map_stats,Scores,7,Boogie Boarders,4 (44.4%),5 (55.6%),9,,
playoffs_split1,ALGS Year 4 Split 1 Playoffs,https://apexlegendsstatus.com/algs/Y4-Split1/ALGS-Playoffs/Global/Overview,Y4-Split1,ALGS-Playoffs,Global,Overview,,,https://apexlegendsstatus.com/algs/Y4-Split1/ALGS-Playoffs/Global/Overview,overview,90,team_map_stats,Scores,8,o7,4.1 (38.2%),6.6 (61.8%),10.6,,
playoffs_split1,ALGS Year 4 Split 1 Playoffs,https://apexlegendsstatus.com/algs/Y4-Split1/ALGS-Playoffs/Global/Overview,Y4-Split1,ALGS-Playoffs,Global,Overview,,,https://apexlegendsstatus.com/algs/Y4-Split1/ALGS-Playoffs/Global/Overview,overview,90,team_map_stats,Scores,9,BR DEM0NZ,2.8 (35.9%),4.9 (64.1%),7.7,,
playoffs_split1,ALGS Year 4 Split 1 Playoffs,https://apexlegendsstatus.com/algs/Y4-Split1/ALGS-Playoffs/Global/Overview,Y4-Split1,ALGS-Playoffs,Global,Overview,,,https://apexlegendsstatus.com/algs/Y4-Split1/ALGS-Playoffs/Global/Overview,overview,90,team_map_stats,Scores,10,wonton dumpling,4.9 (59.2%),3.4 (40.8%),8.3,,
playoffs_split1,ALGS Year 4 Split 1 Playoffs,https://apexlegendsstatus.com/algs/Y4-Split1/ALGS-Playoffs/Global/Overview,Y4-Split1,ALGS-Playoffs,Global,Overview,,,https://apexlegendsstatus.com/algs/Y4-Split1/ALGS-Playoffs/Global/Overview,overview,90,team_map_stats,Scores,11,FURIA,5.9 (54.7%),4.9 (45.3%),10.7,,
playoffs_split1,ALGS Year 4 Split 1 Playoffs,https://apexlegendsstatus.com/algs/Y4-Split1/ALGS-Playoffs/Global/Overview,Y4-Split1,ALGS-Playoffs,Global,Overview,,,https://apexlegendsstatus.com/algs/Y4-Split1/ALGS-Playoffs/Global/Overview,overview,90,team_map_stats,Scores,12,Elev8 Gaming,5.2 (37.1%),8.7 (62.9%),13.9,,
playoffs_split1,ALGS Year 4 Split 1 Playoffs,https://apexlegendsstatus.com/algs/Y4-Split1/ALGS-Playoffs/Global/Overview,Y4-Split1,ALGS-Playoffs,Global,Overview,,,https://apexlegendsstatus.com/algs/Y4-Split1/ALGS-Playoffs/Global/Overview,overview,90,team_map_stats,Scores,13,HAO,4.1 (56.3%),3.2 (43.7%),7.3,,
playoffs_split1,ALGS Year 4 Split 1 Playoffs,https://apexlegendsstatus.com/algs/Y4-Split1/ALGS-Playoffs/Global/Overview,Y4-Split1,ALGS-Playoffs,Global,Overview,,,https://apexlegendsstatus.com/algs/Y4-Split1/ALGS-Playoffs/Global/Overview,overview,90,team_map_stats,Scores,14,Complexity,4.5 (52.3%),4.1 (47.7%),8.5,,
playoffs_split1,ALGS Year 4 Split 1 Playoffs,https://apexlegendsstatus.com/algs/Y4-Split1/ALGS-Playoffs/Global/Overview,Y4-Split1,ALGS-Playoffs,Global,Overview,,,https://apexlegendsstatus.com/algs/Y4-Split1/ALGS-Playoffs/Global/Overview,overview,90,team_map_stats,Scores,15,FNATIC,8 (45.2%),9.7 (54.8%),17.7,,
playoffs_split1,ALGS Year 4 Split 1 Playoffs,https://apexlegendsstatus.com/algs/Y4-Split1/ALGS-Playoffs/Global/Overview,Y4-Split1,ALGS-Playoffs,Global,Overview,,,https://apexlegendsstatus.com/algs/Y4-Split1/ALGS-Playoffs/Global/Overview,overview,90,team_map_stats,Scores,16,Legends Gaming,3.8 (32.4%),8 (67.6%),11.8,,
playoffs_split1,ALGS Year 4 Split 1 Playoffs,https://apexlegendsstatus.com/algs/Y4-Split1/ALGS-Playoffs/Global/Overview,Y4-Split1,ALGS-Playoffs,Global,Overview,,,https://apexlegendsstatus.com/algs/Y4-Split1/ALGS-Playoffs/Global/Overview,overview,90,team_map_stats,Scores,17,HEROEZ,7.3 (73.3%),2.7 (26.7%),10,,
playoffs_split1,ALGS Year 4 Split 1 Playoffs,https://apexlegendsstatus.com/algs/Y4-Split1/ALGS-Playoffs/Global/Overview,Y4-Split1,ALGS-Playoffs,Global,Overview,,,https://apexlegendsstatus.com/algs/Y4-Split1/ALGS-Playoffs/Global/Overview,overview,90,team_map_stats,Scores,18,NORTHEPTION,5.3 (75%),1.8 (25%),7,,
playoffs_split1,ALGS Year 4 Split 1 Playoffs,https://apexlegendsstatus.com/algs/Y4-Split1/ALGS-Playoffs/Global/Overview,Y4-Split1,ALGS-Playoffs,Global,Overview,,,https://apexlegendsstatus.com/algs/Y4-Split1/ALGS-Playoffs/Global/Overview,overview,90,team_map_stats,Scores,19,Not Moist,6.8 (51.7%),6.3 (48.3%),13.1,,
playoffs_split1,ALGS Year 4 Split 1 Playoffs,https://apexlegendsstatus.com/algs/Y4-Split1/ALGS-Playoffs/Global/Overview,Y4-Split1,ALGS-Playoffs,Global,Overview,,,https://apexlegendsstatus.com/algs/Y4-Split1/ALGS-Playoffs/Global/Overview,overview,90,team_map_stats,Scores,20,Alliance,7.5 (56.1%),5.8 (43.9%),13.3,,
playoffs_split1,ALGS Year 4 Split 1 Playoffs,https://apexlegendsstatus.com/algs/Y4-Split1/ALGS-Playoffs/Global/Overview,Y4-Split1,ALGS-Playoffs,Global,Overview,,,https://apexlegendsstatus.com/algs/Y4-Split1/ALGS-Playoffs/Global/Overview,overview,90,team_map_stats,Scores,21,LG,4.9 (48.7%),5.2 (51.3%),10.1,,
playoffs_split1,ALGS Year 4 Split 1 Playoffs,https://apexlegendsstatus.com/algs/Y4-Split1/ALGS-Playoffs/Global/Overview,Y4-Split1,ALGS-Playoffs,Global,Overview,,,https://apexlegendsstatus.com/algs/Y4-Split1/ALGS-Playoffs/Global/Overview,overview,90,team_map_stats,Scores,22,MDY-White,2.9 (46.1%),3.4 (53.9%),6.3,,
playoffs_split1,ALGS Year 4 Split 1 Playoffs,https://apexlegendsstatus.com/algs/Y4-Split1/ALGS-Playoffs/Global/Overview,Y4-Split1,ALGS-Playoffs,Global,Overview,,,https://apexlegendsstatus.com/algs/Y4-Split1/ALGS-Playoffs/Global/Overview,overview,90,team_map_stats,Scores,23,Liquid Alienware,4.6 (44.8%),5.7 (55.2%),10.3,,
playoffs_split1,ALGS Year 4 Split 1 Playoffs,https://apexlegendsstatus.com/algs/Y4-Split1/ALGS-Playoffs/Global/Overview,Y4-Split1,ALGS-Playoffs,Global,Overview,,,https://apexlegendsstatus.com/algs/Y4-Split1/ALGS-Playoffs/Global/Overview,overview,90,team_map_stats,Scores,24,Serenity,6.3 (50.8%),6.1 (49.2%),12.3,,
playoffs_split1,ALGS Year 4 Split 1 Playoffs,https://apexlegendsstatus.com/algs/Y4-Split1/ALGS-Playoffs/Global/Overview,Y4-Split1,ALGS-Playoffs,Global,Overview,,,https://apexlegendsstatus.com/algs/Y4-Split1/ALGS-Playoffs/Global/Overview,overview,90,team_map_stats,Scores,25,Cloud9,7.1 (59.2%),4.9 (40.8%),12,,
playoffs_split1,ALGS Year 4 Split 1 Playoffs,https://apexlegendsstatus.com/algs/Y4-Split1/ALGS-Playoffs/Global/Overview,Y4-Split1,ALGS-Playoffs,Global,Overview,,,https://apexlegendsstatus.com/algs/Y4-Split1/ALGS-Playoffs/Global/Overview,overview,90,team_map_stats,Scores,26,Never To Change,1.1 (29.5%),2.6 (70.5%),3.7,,
playoffs_split1,ALGS Year 4 Split 1 Playoffs,https://apexlegendsstatus.com/algs/Y4-Split1/ALGS-Playoffs/Global/Overview,Y4-Split1,ALGS-Playoffs,Global,Overview,,,https://apexlegendsstatus.com/algs/Y4-Split1/ALGS-Playoffs/Global/Overview,overview,90,team_map_stats,Scores,27,Natus Vincere,6.2 (58.1%),4.5 (41.9%),10.7,,
playoffs_split1,ALGS Year 4 Split 1 Playoffs,https://apexlegendsstatus.com/algs/Y4-Split1/ALGS-Playoffs/Global/Overview,Y4-Split1,ALGS-Playoffs,Global,Overview,,,https://apexlegendsstatus.com/algs/Y4-Split1/ALGS-Playoffs/Global/Overview,overview,90,team_map_stats,Scores,28,Oxygen Esports,4.3 (41.1%),6.1 (58.9%),10.3,,
playoffs_split1,ALGS Year 4 Split 1 Playoffs,https://apexlegendsstatus.com/algs/Y4-Split1/ALGS-Playoffs/Global/Overview,Y4-Split1,ALGS-Playoffs,Global,Overview,,,https://apexlegendsstatus.com/algs/Y4-Split1/ALGS-Playoffs/Global/Overview,overview,90,team_map_stats,Scores,29,DarkZero,10.9 (48.9%),11.4 (51.1%),22.3,,
playoffs_split1,ALGS Year 4 Split 1 Playoffs,https://apexlegendsstatus.com/algs/Y4-Split1/ALGS-Playoffs/Global/Overview,Y4-Split1,ALGS-Playoffs,Global,Overview,,,https://apexlegendsstatus.com/algs/Y4-Split1/ALGS-Playoffs/Global/Overview,overview,90,team_map_stats,Scores,30,REJECT WINNITY,11.2 (65.8%),5.8 (34.2%),17,,
playoffs_split1,ALGS Year 4 Split 1 Playoffs,https://apexlegendsstatus.com/algs/Y4-Split1/ALGS-Playoffs/Global/Overview,Y4-Split1,ALGS-Playoffs,Global,Overview,,,https://apexlegendsstatus.com/algs/Y4-Split1/ALGS-Playoffs/Global/Overview,overview,90,team_map_stats,Scores,31,Tom Yum Kung,3.3 (44.8%),4 (55.2%),7.3,,
playoffs_split1,ALGS Year 4 Split 1 Playoffs,https://apexlegendsstatus.com/algs/Y4-Split1/ALGS-Playoffs/Global/Overview,Y4-Split1,ALGS-Playoffs,Global,Overview,,,https://apexlegendsstatus.com/algs/Y4-Split1/ALGS-Playoffs/Global/Overview,overview,90,team_map_stats,Scores,32,Disguised,7.8 (61.7%),4.8 (38.3%),12.6,,
playoffs_split1,ALGS Year 4 Split 1 Playoffs,https://apexlegendsstatus.com/algs/Y4-Split1/ALGS-Playoffs/Global/Overview,Y4-Split1,ALGS-Playoffs,Global,Overview,,,https://apexlegendsstatus.com/algs/Y4-Split1/ALGS-Playoffs/Global/Overview,overview,90,team_map_stats,Scores,33,2Rats1Controller,6 (59.6%),4.1 (40.4%),10.1,,
playoffs_split1,ALGS Year 4 Split 1 Playoffs,https://apexlegendsstatus.com/algs/Y4-Split1/ALGS-Playoffs/Global/Overview,Y4-Split1,ALGS-Playoffs,Global,Overview,,,https://apexlegendsstatus.com/algs/Y4-Split1/ALGS-Playoffs/Global/Overview,overview,90,team_map_stats,Scores,34,OMiT,4.1 (36.3%),7.1 (63.7%),11.2,,
playoffs_split1,ALGS Year 4 Split 1 Playoffs,https://apexlegendsstatus.com/algs/Y4-Split1/ALGS-Playoffs/Global/Overview,Y4-Split1,ALGS-Playoffs,Global,Overview,,,https://apexlegendsstatus.com/algs/Y4-Split1/ALGS-Playoffs/Global/Overview,overview,90,team_map_stats,Scores,35,RED Rams,5.9 (72.1%),2.3 (27.9%),8.1,,
playoffs_split1,ALGS Year 4 Split 1 Playoffs,https://apexlegendsstatus.com/algs/Y4-Split1/ALGS-Playoffs/Global/Overview,Y4-Split1,ALGS-Playoffs,Global,Overview,,,https://apexlegendsstatus.com/algs/Y4-Split1/ALGS-Playoffs/Global/Overview,overview,90,team_map_stats,Scores,36,Virtus.Pro,7.5 (58.8%),5.3 (41.2%),12.8,,
playoffs_split1,ALGS Year 4 Split 1 Playoffs,https://apexlegendsstatus.com/algs/Y4-Split1/ALGS-Playoffs/Global/Overview,Y4-Split1,ALGS-Playoffs,Global,Overview,,,https://apexlegendsstatus.com/algs/Y4-Split1/ALGS-Playoffs/Global/Overview,overview,90,team_map_stats,Scores,37,Aurora,6.9 (44.5%),8.6 (55.5%),15.4,,
playoffs_split1,ALGS Year 4 Split 1 Playoffs,https://apexlegendsstatus.com/algs/Y4-Split1/ALGS-Playoffs/Global/Overview,Y4-Split1,ALGS-Playoffs,Global,Overview,,,https://apexlegendsstatus.com/algs/Y4-Split1/ALGS-Playoffs/Global/Overview,overview,90,team_map_stats,Scores,38,CRAZY RACCOON,4.3 (49.6%),4.4 (50.4%),8.7,,
playoffs_split1,ALGS Year 4 Split 1 Playoffs,https://apexlegendsstatus.com/algs/Y4-Split1/ALGS-Playoffs/Global/Overview,Y4-Split1,ALGS-Playoffs,Global,Overview,,,https://apexlegendsstatus.com/algs/Y4-Split1/ALGS-Playoffs/Global/Overview,overview,90,team_map_stats,Scores,39,GEARED GAMING,5.5 (48.3%),5.9 (51.7%),11.5,,
playoffs_split1,ALGS Year 4 Split 1 Playoffs,https://apexlegendsstatus.com/algs/Y4-Split1/ALGS-Playoffs/Global/Overview,Y4-Split1,ALGS-Playoffs,Global,Overview,,,https://apexlegendsstatus.com/algs/Y4-Split1/ALGS-Playoffs/Global/Overview,overview,90,team_map_stats,Scores,40,KINOTROPE gaming,5.9 (51.1%),5.7 (48.9%),11.6,,
playoffs_split1,ALGS Year 4 Split 1 Playoffs,https://apexlegendsstatus.com/algs/Y4-Split1/ALGS-Playoffs/Global/Overview,Y4-Split1,ALGS-Playoffs,Global,Overview,,,https://apexlegendsstatus.com/algs/Y4-Split1/ALGS-Playoffs/Global/Overview,overview,91,team_map_stats,Scores,1,TSM,1 (0.6%),4 (2.6%),5 (1.6%),,
playoffs_split1,ALGS Year 4 Split 1 Playoffs,https://apexlegendsstatus.com/algs/Y4-Split1/ALGS-Playoffs/Global/Overview,Y4-Split1,ALGS-Playoffs,Global,Overview,,,https://apexlegendsstatus.com/algs/Y4-Split1/ALGS-Playoffs/Global/Overview,overview,91,team_map_stats,Scores,2,WMNDY,4 (2.6%),3 (1.9%),7 (2.3%),,
playoffs_split1,ALGS Year 4 Split 1 Playoffs,https://apexlegendsstatus.com/algs/Y4-Split1/ALGS-Playoffs/Global/Overview,Y4-Split1,ALGS-Playoffs,Global,Overview,,,https://apexlegendsstatus.com/algs/Y4-Split1/ALGS-Playoffs/Global/Overview,overview,91,team_map_stats,Scores,3,PassionUA,1 (0.6%),2 (1.3%),3 (1%),,
playoffs_split1,ALGS Year 4 Split 1 Playoffs,https://apexlegendsstatus.com/algs/Y4-Split1/ALGS-Playoffs/Global/Overview,Y4-Split1,ALGS-Playoffs,Global,Overview,,,https://apexlegendsstatus.com/algs/Y4-Split1/ALGS-Playoffs/Global/Overview,overview,91,team_map_stats,Scores,4,SSG,4 (2.6%),6 (3.9%),10 (3.2%),,
playoffs_split1,ALGS Year 4 Split 1 Playoffs,https://apexlegendsstatus.com/algs/Y4-Split1/ALGS-Playoffs/Global/Overview,Y4-Split1,ALGS-Playoffs,Global,Overview,,,https://apexlegendsstatus.com/algs/Y4-Split1/ALGS-Playoffs/Global/Overview,overview,91,team_map_stats,Scores,5,RIDDLE ORDER,2 (1.3%),3 (1.9%),5 (1.6%),,
playoffs_split1,ALGS Year 4 Split 1 Playoffs,https://apexlegendsstatus.com/algs/Y4-Split1/ALGS-Playoffs/Global/Overview,Y4-Split1,ALGS-Playoffs,Global,Overview,,,https://apexlegendsstatus.com/algs/Y4-Split1/ALGS-Playoffs/Global/Overview,overview,91,team_map_stats,Scores,6,Made in Heaven,3 (1.9%),2 (1.3%),5 (1.6%),,
playoffs_split1,ALGS Year 4 Split 1 Playoffs,https://apexlegendsstatus.com/algs/Y4-Split1/ALGS-Playoffs/Global/Overview,Y4-Split1,ALGS-Playoffs,Global,Overview,,,https://apexlegendsstatus.com/algs/Y4-Split1/ALGS-Playoffs/Global/Overview,overview,91,team_map_stats,Scores,7,Boogie Boarders,4 (2.6%),1 (0.6%),5 (1.6%),,
playoffs_split1,ALGS Year 4 Split 1 Playoffs,https://apexlegendsstatus.com/algs/Y4-Split1/ALGS-Playoffs/Global/Overview,Y4-Split1,ALGS-Playoffs,Global,Overview,,,https://apexlegendsstatus.com/algs/Y4-Split1/ALGS-Playoffs/Global/Overview,overview,91,team_map_stats,Scores,8,o7,2 (1.3%),4 (2.6%),6 (1.9%),,
playoffs_split1,ALGS Year 4 Split 1 Playoffs,https://apexlegendsstatus.com/algs/Y4-Split1/ALGS-Playoffs/Global/Overview,Y4-Split1,ALGS-Playoffs,Global,Overview,,,https://apexlegendsstatus.com/algs/Y4-Split1/ALGS-Playoffs/Global/Overview,overview,91,team_map_stats,Scores,9,BR DEM0NZ,0 (0%),4 (2.6%),4 (1.3%),,
playoffs_split1,ALGS Year 4 Split 1 Playoffs,https://apexlegendsstatus.com/algs/Y4-Split1/ALGS-Playoffs/Global/Overview,Y4-Split1,ALGS-Playoffs,Global,Overview,,,https://apexlegendsstatus.com/algs/Y4-Split1/ALGS-Playoffs/Global/Overview,overview,91,team_map_stats,Scores,10,wonton dumpling,3 (1.9%),3 (1.9%),6 (1.9%),,
playoffs_split1,ALGS Year 4 Split 1 Playoffs,https://apexlegendsstatus.com/algs/Y4-Split1/ALGS-Playoffs/Global/Overview,Y4-Split1,ALGS-Playoffs,Global,Overview,,,https://apexlegendsstatus.com/algs/Y4-Split1/ALGS-Playoffs/Global/Overview,overview,91,team_map_stats,Scores,11,FURIA,2 (1.3%),3 (1.9%),5 (1.6%),,
playoffs_split1,ALGS Year 4 Split 1 Playoffs,https://apexlegendsstatus.com/algs/Y4-Split1/ALGS-Playoffs/Global/Overview,Y4-Split1,ALGS-Playoffs,Global,Overview,,,https://apexlegendsstatus.com/algs/Y4-Split1/ALGS-Playoffs/Global/Overview,overview,91,team_map_stats,Scores,12,Elev8 Gaming,4 (2.6%),8 (5.2%),12 (3.9%),,
playoffs_split1,ALGS Year 4 Split 1 Playoffs,https://apexlegendsstatus.com/algs/Y4-Split1/ALGS-Playoffs/Global/Overview,Y4-Split1,ALGS-Playoffs,Global,Overview,,,https://apexlegendsstatus.com/algs/Y4-Split1/ALGS-Playoffs/Global/Overview,overview,91,team_map_stats,Scores,13,HAO,2 (1.3%),2 (1.3%),4 (1.3%),,
playoffs_split1,ALGS Year 4 Split 1 Playoffs,https://apexlegendsstatus.com/algs/Y4-Split1/ALGS-Playoffs/Global/Overview,Y4-Split1,ALGS-Playoffs,Global,Overview,,,https://apexlegendsstatus.com/algs/Y4-Split1/ALGS-Playoffs/Global/Overview,overview,91,team_map_stats,Scores,14,Complexity,7 (4.5%),5 (3.2%),12 (3.9%),,
playoffs_split1,ALGS Year 4 Split 1 Playoffs,https://apexlegendsstatus.com/algs/Y4-Split1/ALGS-Playoffs/Global/Overview,Y4-Split1,ALGS-Playoffs,Global,Overview,,,https://apexlegendsstatus.com/algs/Y4-Split1/ALGS-Playoffs/Global/Overview,overview,91,team_map_stats,Scores,15,FNATIC,5 (3.2%),4 (2.6%),9 (2.9%),,
playoffs_split1,ALGS Year 4 Split 1 Playoffs,https://apexlegendsstatus.com/algs/Y4-Split1/ALGS-Playoffs/Global/Overview,Y4-Split1,ALGS-Playoffs,Global,Overview,,,https://apexlegendsstatus.com/algs/Y4-Split1/ALGS-Playoffs/Global/Overview,overview,91,team_map_stats,Scores,16,Legends Gaming,5 (3.2%),7 (4.5%),12 (3.9%),,
playoffs_split1,ALGS Year 4 Split 1 Playoffs,https://apexlegendsstatus.com/algs/Y4-Split1/ALGS-Playoffs/Global/Overview,Y4-Split1,ALGS-Playoffs,Global,Overview,,,https://apexlegendsstatus.com/algs/Y4-Split1/ALGS-Playoffs/Global/Overview,overview,91,team_map_stats,Scores,17,HEROEZ,7 (4.5%),1 (0.6%),8 (2.6%),,
playoffs_split1,ALGS Year 4 Split 1 Playoffs,https://apexlegendsstatus.com/algs/Y4-Split1/ALGS-Playoffs/Global/Overview,Y4-Split1,ALGS-Playoffs,Global,Overview,,,https://apexlegendsstatus.com/algs/Y4-Split1/ALGS-Playoffs/Global/Overview,overview,91,team_map_stats,Scores,18,NORTHEPTION,3 (1.9%),1 (0.6%),4 (1.3%),,
playoffs_split1,ALGS Year 4 Split 1 Playoffs,https://apexlegendsstatus.com/algs/Y4-Split1/ALGS-Playoffs/Global/Overview,Y4-Split1,ALGS-Playoffs,Global,Overview,,,https://apexlegendsstatus.com/algs/Y4-Split1/ALGS-Playoffs/Global/Overview,overview,91,team_map_stats,Scores,19,Not Moist,6 (3.9%),4 (2.6%),10 (3.2%),,
playoffs_split1,ALGS Year 4 Split 1 Playoffs,https://apexlegendsstatus.com/algs/Y4-Split1/ALGS-Playoffs/Global/Overview,Y4-Split1,ALGS-Playoffs,Global,Overview,,,https://apexlegendsstatus.com/algs/Y4-Split1/ALGS-Playoffs/Global/Overview,overview,91,team_map_stats,Scores,20,Alliance,4 (2.6%),4 (2.6%),8 (2.6%),,
playoffs_split1,ALGS Year 4 Split 1 Playoffs,https://apexlegendsstatus.com/algs/Y4-Split1/ALGS-Playoffs/Global/Overview,Y4-Split1,ALGS-Playoffs,Global,Overview,,,https://apexlegendsstatus.com/algs/Y4-Split1/ALGS-Playoffs/Global/Overview,overview,91,team_map_stats,Scores,21,LG,3 (1.9%),5 (3.2%),8 (2.6%),,
playoffs_split1,ALGS Year 4 Split 1 Playoffs,https://apexlegendsstatus.com/algs/Y4-Split1/ALGS-Playoffs/Global/Overview,Y4-Split1,ALGS-Playoffs,Global,Overview,,,https://apexlegendsstatus.com/algs/Y4-Split1/ALGS-Playoffs/Global/Overview,overview,91,team_map_stats,Scores,22,MDY-White,0 (0%),1 (0.6%),1 (0.3%),,
playoffs_split1,ALGS Year 4 Split 1 Playoffs,https://apexlegendsstatus.com/algs/Y4-Split1/ALGS-Playoffs/Global/Overview,Y4-Split1,ALGS-Playoffs,Global,Overview,,,https://apexlegendsstatus.com/algs/Y4-Split1/ALGS-Playoffs/Global/Overview,overview,91,team_map_stats,Scores,23,Liquid Alienware,3 (1.9%),4 (2.6%),7 (2.3%),,
playoffs_split1,ALGS Year 4 Split 1 Playoffs,https://apexlegendsstatus.com/algs/Y4-Split1/ALGS-Playoffs/Global/Overview,Y4-Split1,ALGS-Playoffs,Global,Overview,,,https://apexlegendsstatus.com/algs/Y4-Split1/ALGS-Playoffs/Global/Overview,overview,91,team_map_stats,Scores,24,Serenity,6 (3.9%),8 (5.2%),14 (4.5%),,
playoffs_split1,ALGS Year 4 Split 1 Playoffs,https://apexlegendsstatus.com/algs/Y4-Split1/ALGS-Playoffs/Global/Overview,Y4-Split1,ALGS-Playoffs,Global,Overview,,,https://apexlegendsstatus.com/algs/Y4-Split1/ALGS-Playoffs/Global/Overview,overview,91,team_map_stats,Scores,25,Cloud9,7 (4.5%),5 (3.2%),12 (3.9%),,
playoffs_split1,ALGS Year 4 Split 1 Playoffs,https://apexlegendsstatus.com/algs/Y4-Split1/ALGS-Playoffs/Global/Overview,Y4-Split1,ALGS-Playoffs,Global,Overview,,,https://apexlegendsstatus.com/algs/Y4-Split1/ALGS-Playoffs/Global/Overview,overview,91,team_map_stats,Scores,26,Never To Change,0 (0%),1 (0.6%),1 (0.3%),,
playoffs_split1,ALGS Year 4 Split 1 Playoffs,https://apexlegendsstatus.com/algs/Y4-Split1/ALGS-Playoffs/Global/Overview,Y4-Split1,ALGS-Playoffs,Global,Overview,,,https://apexlegendsstatus.com/algs/Y4-Split1/ALGS-Playoffs/Global/Overview,overview,91,team_map_stats,Scores,27,Natus Vincere,6 (3.9%),2 (1.3%),8 (2.6%),,
playoffs_split1,ALGS Year 4 Split 1 Playoffs,https://apexlegendsstatus.com/algs/Y4-Split1/ALGS-Playoffs/Global/Overview,Y4-Split1,ALGS-Playoffs,Global,Overview,,,https://apexlegendsstatus.com/algs/Y4-Split1/ALGS-Playoffs/Global/Overview,overview,91,team_map_stats,Scores,28,Oxygen Esports,1 (0.6%),6 (3.9%),7 (2.3%),,
playoffs_split1,ALGS Year 4 Split 1 Playoffs,https://apexlegendsstatus.com/algs/Y4-Split1/ALGS-Playoffs/Global/Overview,Y4-Split1,ALGS-Playoffs,Global,Overview,,,https://apexlegendsstatus.com/algs/Y4-Split1/ALGS-Playoffs/Global/Overview,overview,91,team_map_stats,Scores,29,DarkZero,9 (5.8%),9 (5.8%),18 (5.8%),,
playoffs_split1,ALGS Year 4 Split 1 Playoffs,https://apexlegendsstatus.com/algs/Y4-Split1/ALGS-Playoffs/Global/Overview,Y4-Split1,ALGS-Playoffs,Global,Overview,,,https://apexlegendsstatus.com/algs/Y4-Split1/ALGS-Playoffs/Global/Overview,overview,91,team_map_stats,Scores,30,REJECT WINNITY,8 (5.2%),4 (2.6%),12 (3.9%),,
playoffs_split1,ALGS Year 4 Split 1 Playoffs,https://apexlegendsstatus.com/algs/Y4-Split1/ALGS-Playoffs/Global/Overview,Y4-Split1,ALGS-Playoffs,Global,Overview,,,https://apexlegendsstatus.com/algs/Y4-Split1/ALGS-Playoffs/Global/Overview,overview,91,team_map_stats,Scores,31,Tom Yum Kung,0 (0%),3 (1.9%),3 (1%),,
playoffs_split1,ALGS Year 4 Split 1 Playoffs,https://apexlegendsstatus.com/algs/Y4-Split1/ALGS-Playoffs/Global/Overview,Y4-Split1,ALGS-Playoffs,Global,Overview,,,https://apexlegendsstatus.com/algs/Y4-Split1/ALGS-Playoffs/Global/Overview,overview,91,team_map_stats,Scores,32,Disguised,7 (4.5%),4 (2.6%),11 (3.5%),,
playoffs_split1,ALGS Year 4 Split 1 Playoffs,https://apexlegendsstatus.com/algs/Y4-Split1/ALGS-Playoffs/Global/Overview,Y4-Split1,ALGS-Playoffs,Global,Overview,,,https://apexlegendsstatus.com/algs/Y4-Split1/ALGS-Playoffs/Global/Overview,overview,91,team_map_stats,Scores,33,2Rats1Controller,2 (1.3%),2 (1.3%),4 (1.3%),,
playoffs_split1,ALGS Year 4 Split 1 Playoffs,https://apexlegendsstatus.com/algs/Y4-Split1/ALGS-Playoffs/Global/Overview,Y4-Split1,ALGS-Playoffs,Global,Overview,,,https://apexlegendsstatus.com/algs/Y4-Split1/ALGS-Playoffs/Global/Overview,overview,91,team_map_stats,Scores,34,OMiT,2 (1.3%),7 (4.5%),9 (2.9%),,
playoffs_split1,ALGS Year 4 Split 1 Playoffs,https://apexlegendsstatus.com/algs/Y4-Split1/ALGS-Playoffs/Global/Overview,Y4-Split1,ALGS-Playoffs,Global,Overview,,,https://apexlegendsstatus.com/algs/Y4-Split1/ALGS-Playoffs/Global/Overview,overview,91,team_map_stats,Scores,35,RED Rams,4 (2.6%),1 (0.6%),5 (1.6%),,
playoffs_split1,ALGS Year 4 Split 1 Playoffs,https://apexlegendsstatus.com/algs/Y4-Split1/ALGS-Playoffs/Global/Overview,Y4-Split1,ALGS-Playoffs,Global,Overview,,,https://apexlegendsstatus.com/algs/Y4-Split1/ALGS-Playoffs/Global/Overview,overview,91,team_map_stats,Scores,36,Virtus.Pro,9 (5.8%),4 (2.6%),13 (4.2%),,
playoffs_split1,ALGS Year 4 Split 1 Playoffs,https://apexlegendsstatus.com/algs/Y4-Split1/ALGS-Playoffs/Global/Overview,Y4-Split1,ALGS-Playoffs,Global,Overview,,,https://apexlegendsstatus.com/algs/Y4-Split1/ALGS-Playoffs/Global/Overview,overview,91,team_map_stats,Scores,37,Aurora,5 (3.2%),6 (3.9%),11 (3.5%),,
playoffs_split1,ALGS Year 4 Split 1 Playoffs,https://apexlegendsstatus.com/algs/Y4-Split1/ALGS-Playoffs/Global/Overview,Y4-Split1,ALGS-Playoffs,Global,Overview,,,https://apexlegendsstatus.com/algs/Y4-Split1/ALGS-Playoffs/Global/Overview,overview,91,team_map_stats,Scores,38,CRAZY RACCOON,4 (2.6%),2 (1.3%),6 (1.9%),,
playoffs_split1,ALGS Year 4 Split 1 Playoffs,https://apexlegendsstatus.com/algs/Y4-Split1/ALGS-Playoffs/Global/Overview,Y4-Split1,ALGS-Playoffs,Global,Overview,,,https://apexlegendsstatus.com/algs/Y4-Split1/ALGS-Playoffs/Global/Overview,overview,91,team_map_stats,Scores,39,GEARED GAMING,2 (1.3%),4 (2.6%),6 (1.9%),,
playoffs_split1,ALGS Year 4 Split 1 Playoffs,https://apexlegendsstatus.com/algs/Y4-Split1/ALGS-Playoffs/Global/Overview,Y4-Split1,ALGS-Playoffs,Global,Overview,,,https://apexlegendsstatus.com/algs/Y4-Split1/ALGS-Playoffs/Global/Overview,overview,91,team_map_stats,Scores,40,KINOTROPE gaming,8 (5.2%),6 (3.9%),14 (4.5%),,
midseason_ewc_split1,ALGS Year 4 Midseason Playoffs / EWC,https://apexlegendsstatus.com/algs/Y4-Split1/EWC/Global/Overview,Y4-Split1,EWC,Global,Overview,,,https://apexlegendsstatus.com/algs/Y4-Split1/EWC/Global/Overview,overview,101,team_map_stats,Top 10 Teams,1,GEEKAY ESPORTS,20 (44.4%),19 (42.2%),45,6 (13.3%),
midseason_ewc_split1,ALGS Year 4 Midseason Playoffs / EWC,https://apexlegendsstatus.com/algs/Y4-Split1/EWC/Global/Overview,Y4-Split1,EWC,Global,Overview,,,https://apexlegendsstatus.com/algs/Y4-Split1/EWC/Global/Overview,overview,101,team_map_stats,Top 10 Teams,2,Team Falcons,90 (36.7%),111 (45.3%),245,44 (18%),
midseason_ewc_split1,ALGS Year 4 Midseason Playoffs / EWC,https://apexlegendsstatus.com/algs/Y4-Split1/EWC/Global/Overview,Y4-Split1,EWC,Global,Overview,,,https://apexlegendsstatus.com/algs/Y4-Split1/EWC/Global/Overview,overview,101,team_map_stats,Top 10 Teams,3,Red Rams,53 (64.6%),21 (25.6%),82,8 (9.8%),
midseason_ewc_split1,ALGS Year 4 Midseason Playoffs / EWC,https://apexlegendsstatus.com/algs/Y4-Split1/EWC/Global/Overview,Y4-Split1,EWC,Global,Overview,,,https://apexlegendsstatus.com/algs/Y4-Split1/EWC/Global/Overview,overview,101,team_map_stats,Top 10 Teams,4,Reject Winnity,2 (10.5%),14 (73.7%),19,3 (15.8%),
midseason_ewc_split1,ALGS Year 4 Midseason Playoffs / EWC,https://apexlegendsstatus.com/algs/Y4-Split1/EWC/Global/Overview,Y4-Split1,EWC,Global,Overview,,,https://apexlegendsstatus.com/algs/Y4-Split1/EWC/Global/Overview,overview,101,team_map_stats,Top 10 Teams,5,FaZe,64 (46%),60 (43.2%),139,15 (10.8%),
midseason_ewc_split1,ALGS Year 4 Midseason Playoffs / EWC,https://apexlegendsstatus.com/algs/Y4-Split1/EWC/Global/Overview,Y4-Split1,EWC,Global,Overview,,,https://apexlegendsstatus.com/algs/Y4-Split1/EWC/Global/Overview,overview,101,team_map_stats,Top 10 Teams,6,E-XOLOS LAZER,55 (52.4%),35 (33.3%),105,15 (14.3%),
midseason_ewc_split1,ALGS Year 4 Midseason Playoffs / EWC,https://apexlegendsstatus.com/algs/Y4-Split1/EWC/Global/Overview,Y4-Split1,EWC,Global,Overview,,,https://apexlegendsstatus.com/algs/Y4-Split1/EWC/Global/Overview,overview,101,team_map_stats,Top 10 Teams,7,Luminosity Gaming,61 (36.3%),93 (55.4%),168,14 (8.3%),
midseason_ewc_split1,ALGS Year 4 Midseason Playoffs / EWC,https://apexlegendsstatus.com/algs/Y4-Split1/EWC/Global/Overview,Y4-Split1,EWC,Global,Overview,,,https://apexlegendsstatus.com/algs/Y4-Split1/EWC/Global/Overview,overview,101,team_map_stats,Top 10 Teams,8,Evos Esports,29 (46%),29 (46%),63,5 (7.9%),
midseason_ewc_split1,ALGS Year 4 Midseason Playoffs / EWC,https://apexlegendsstatus.com/algs/Y4-Split1/EWC/Global/Overview,Y4-Split1,EWC,Global,Overview,,,https://apexlegendsstatus.com/algs/Y4-Split1/EWC/Global/Overview,overview,101,team_map_stats,Top 10 Teams,9,GUILD ESPORTS,6 (12.5%),21 (43.8%),48,21 (43.8%),
midseason_ewc_split1,ALGS Year 4 Midseason Playoffs / EWC,https://apexlegendsstatus.com/algs/Y4-Split1/EWC/Global/Overview,Y4-Split1,EWC,Global,Overview,,,https://apexlegendsstatus.com/algs/Y4-Split1/EWC/Global/Overview,overview,101,team_map_stats,Top 10 Teams,10,MKERS,18 (62.1%),3 (10.3%),29,8 (27.6%),
midseason_ewc_split1,ALGS Year 4 Midseason Playoffs / EWC,https://apexlegendsstatus.com/algs/Y4-Split1/EWC/Global/Overview,Y4-Split1,EWC,Global,Overview,,,https://apexlegendsstatus.com/algs/Y4-Split1/EWC/Global/Overview,overview,101,team_map_stats,Top 10 Teams,11,Team Liquid,92 (49.5%),85 (45.7%),186,9 (4.8%),
midseason_ewc_split1,ALGS Year 4 Midseason Playoffs / EWC,https://apexlegendsstatus.com/algs/Y4-Split1/EWC/Global/Overview,Y4-Split1,EWC,Global,Overview,,,https://apexlegendsstatus.com/algs/Y4-Split1/EWC/Global/Overview,overview,101,team_map_stats,Top 10 Teams,12,FENNEL,27 (36%),33 (44%),75,15 (20%),
midseason_ewc_split1,ALGS Year 4 Midseason Playoffs / EWC,https://apexlegendsstatus.com/algs/Y4-Split1/EWC/Global/Overview,Y4-Split1,EWC,Global,Overview,,,https://apexlegendsstatus.com/algs/Y4-Split1/EWC/Global/Overview,overview,101,team_map_stats,Top 10 Teams,13,Pioneers,31 (47%),30 (45.5%),66,5 (7.6%),
midseason_ewc_split1,ALGS Year 4 Midseason Playoffs / EWC,https://apexlegendsstatus.com/algs/Y4-Split1/EWC/Global/Overview,Y4-Split1,EWC,Global,Overview,,,https://apexlegendsstatus.com/algs/Y4-Split1/EWC/Global/Overview,overview,101,team_map_stats,Top 10 Teams,14,GaiminGladiators,74 (44%),78 (46.4%),168,16 (9.5%),
midseason_ewc_split1,ALGS Year 4 Midseason Playoffs / EWC,https://apexlegendsstatus.com/algs/Y4-Split1/EWC/Global/Overview,Y4-Split1,EWC,Global,Overview,,,https://apexlegendsstatus.com/algs/Y4-Split1/EWC/Global/Overview,overview,101,team_map_stats,Top 10 Teams,15,Aurora,65 (41.9%),74 (47.7%),155,16 (10.3%),
midseason_ewc_split1,ALGS Year 4 Midseason Playoffs / EWC,https://apexlegendsstatus.com/algs/Y4-Split1/EWC/Global/Overview,Y4-Split1,EWC,Global,Overview,,,https://apexlegendsstatus.com/algs/Y4-Split1/EWC/Global/Overview,overview,101,team_map_stats,Top 10 Teams,16,GHS PROFESSIONAL,23 (43.4%),15 (28.3%),53,15 (28.3%),
midseason_ewc_split1,ALGS Year 4 Midseason Playoffs / EWC,https://apexlegendsstatus.com/algs/Y4-Split1/EWC/Global/Overview,Y4-Split1,EWC,Global,Overview,,,https://apexlegendsstatus.com/algs/Y4-Split1/EWC/Global/Overview,overview,101,team_map_stats,Top 10 Teams,17,Ninjas in Pyjamas,20 (24.7%),30 (37%),81,31 (38.3%),
midseason_ewc_split1,ALGS Year 4 Midseason Playoffs / EWC,https://apexlegendsstatus.com/algs/Y4-Split1/EWC/Global/Overview,Y4-Split1,EWC,Global,Overview,,,https://apexlegendsstatus.com/algs/Y4-Split1/EWC/Global/Overview,overview,101,team_map_stats,Top 10 Teams,18,Disguised,36 (36.7%),47 (48%),98,15 (15.3%),
midseason_ewc_split1,ALGS Year 4 Midseason Playoffs / EWC,https://apexlegendsstatus.com/algs/Y4-Split1/EWC/Global/Overview,Y4-Split1,EWC,Global,Overview,,,https://apexlegendsstatus.com/algs/Y4-Split1/EWC/Global/Overview,overview,101,team_map_stats,Top 10 Teams,19,Crazy Raccoon,32 (64%),11 (22%),50,7 (14%),
midseason_ewc_split1,ALGS Year 4 Midseason Playoffs / EWC,https://apexlegendsstatus.com/algs/Y4-Split1/EWC/Global/Overview,Y4-Split1,EWC,Global,Overview,,,https://apexlegendsstatus.com/algs/Y4-Split1/EWC/Global/Overview,overview,101,team_map_stats,Top 10 Teams,20,Twisted Minds,90 (50.6%),77 (43.3%),178,11 (6.2%),
midseason_ewc_split1,ALGS Year 4 Midseason Playoffs / EWC,https://apexlegendsstatus.com/algs/Y4-Split1/EWC/Global/Overview,Y4-Split1,EWC,Global,Overview,,,https://apexlegendsstatus.com/algs/Y4-Split1/EWC/Global/Overview,overview,101,team_map_stats,Top 10 Teams,21,Natus Vincere,43 (52.4%),31 (37.8%),82,8 (9.8%),
midseason_ewc_split1,ALGS Year 4 Midseason Playoffs / EWC,https://apexlegendsstatus.com/algs/Y4-Split1/EWC/Global/Overview,Y4-Split1,EWC,Global,Overview,,,https://apexlegendsstatus.com/algs/Y4-Split1/EWC/Global/Overview,overview,101,team_map_stats,Top 10 Teams,22,TSM,63 (49.6%),55 (43.3%),127,9 (7.1%),
midseason_ewc_split1,ALGS Year 4 Midseason Playoffs / EWC,https://apexlegendsstatus.com/algs/Y4-Split1/EWC/Global/Overview,Y4-Split1,EWC,Global,Overview,,,https://apexlegendsstatus.com/algs/Y4-Split1/EWC/Global/Overview,overview,101,team_map_stats,Top 10 Teams,23,EXO Clan,62 (42.2%),77 (52.4%),147,8 (5.4%),
midseason_ewc_split1,ALGS Year 4 Midseason Playoffs / EWC,https://apexlegendsstatus.com/algs/Y4-Split1/EWC/Global/Overview,Y4-Split1,EWC,Global,Overview,,,https://apexlegendsstatus.com/algs/Y4-Split1/EWC/Global/Overview,overview,101,team_map_stats,Top 10 Teams,24,Dragons Esports,74 (68.5%),30 (27.8%),108,4 (3.7%),
midseason_ewc_split1,ALGS Year 4 Midseason Playoffs / EWC,https://apexlegendsstatus.com/algs/Y4-Split1/EWC/Global/Overview,Y4-Split1,EWC,Global,Overview,,,https://apexlegendsstatus.com/algs/Y4-Split1/EWC/Global/Overview,overview,101,team_map_stats,Top 10 Teams,25,Alliance,106 (51.7%),87 (42.4%),205,12 (5.9%),
midseason_ewc_split1,ALGS Year 4 Midseason Playoffs / EWC,https://apexlegendsstatus.com/algs/Y4-Split1/EWC/Global/Overview,Y4-Split1,EWC,Global,Overview,,,https://apexlegendsstatus.com/algs/Y4-Split1/EWC/Global/Overview,overview,101,team_map_stats,Top 10 Teams,26,FNATIC,32 (43.8%),37 (50.7%),73,4 (5.5%),
midseason_ewc_split1,ALGS Year 4 Midseason Playoffs / EWC,https://apexlegendsstatus.com/algs/Y4-Split1/EWC/Global/Overview,Y4-Split1,EWC,Global,Overview,,,https://apexlegendsstatus.com/algs/Y4-Split1/EWC/Global/Overview,overview,101,team_map_stats,Top 10 Teams,27,SpaceStation Gaming,87 (51.2%),74 (43.5%),170,9 (5.3%),
midseason_ewc_split1,ALGS Year 4 Midseason Playoffs / EWC,https://apexlegendsstatus.com/algs/Y4-Split1/EWC/Global/Overview,Y4-Split1,EWC,Global,Overview,,,https://apexlegendsstatus.com/algs/Y4-Split1/EWC/Global/Overview,overview,101,team_map_stats,Top 10 Teams,28,Elev8 x BLEED,41 (56.9%),27 (37.5%),72,4 (5.6%),
midseason_ewc_split1,ALGS Year 4 Midseason Playoffs / EWC,https://apexlegendsstatus.com/algs/Y4-Split1/EWC/Global/Overview,Y4-Split1,EWC,Global,Overview,,,https://apexlegendsstatus.com/algs/Y4-Split1/EWC/Global/Overview,overview,101,team_map_stats,Top 10 Teams,29,Mizuchi,44 (31.4%),95 (67.9%),140,1 (0.7%),
midseason_ewc_split1,ALGS Year 4 Midseason Playoffs / EWC,https://apexlegendsstatus.com/algs/Y4-Split1/EWC/Global/Overview,Y4-Split1,EWC,Global,Overview,,,https://apexlegendsstatus.com/algs/Y4-Split1/EWC/Global/Overview,overview,101,team_map_stats,Top 10 Teams,30,NRG,32 (46.4%),31 (44.9%),69,6 (8.7%),
midseason_ewc_split1,ALGS Year 4 Midseason Playoffs / EWC,https://apexlegendsstatus.com/algs/Y4-Split1/EWC/Global/Overview,Y4-Split1,EWC,Global,Overview,,,https://apexlegendsstatus.com/algs/Y4-Split1/EWC/Global/Overview,overview,101,team_map_stats,Top 10 Teams,31,RIDDLE ORDER,11 (52.4%),8 (38.1%),21,2 (9.5%),
midseason_ewc_split1,ALGS Year 4 Midseason Playoffs / EWC,https://apexlegendsstatus.com/algs/Y4-Split1/EWC/Global/Overview,Y4-Split1,EWC,Global,Overview,,,https://apexlegendsstatus.com/algs/Y4-Split1/EWC/Global/Overview,overview,101,team_map_stats,Top 10 Teams,32,Blacklist International,36 (41.4%),38 (43.7%),87,13 (14.9%),
midseason_ewc_split1,ALGS Year 4 Midseason Playoffs / EWC,https://apexlegendsstatus.com/algs/Y4-Split1/EWC/Global/Overview,Y4-Split1,EWC,Global,Overview,,,https://apexlegendsstatus.com/algs/Y4-Split1/EWC/Global/Overview,overview,101,team_map_stats,Top 10 Teams,33,HEROEZ,24 (33.8%),42 (59.2%),71,5 (7%),
midseason_ewc_split1,ALGS Year 4 Midseason Playoffs / EWC,https://apexlegendsstatus.com/algs/Y4-Split1/EWC/Global/Overview,Y4-Split1,EWC,Global,Overview,,,https://apexlegendsstatus.com/algs/Y4-Split1/EWC/Global/Overview,overview,101,team_map_stats,Top 10 Teams,34,Virtus.Pro,46 (42.2%),52 (47.7%),109,11 (10.1%),
midseason_ewc_split1,ALGS Year 4 Midseason Playoffs / EWC,https://apexlegendsstatus.com/algs/Y4-Split1/EWC/Global/Overview,Y4-Split1,EWC,Global,Overview,,,https://apexlegendsstatus.com/algs/Y4-Split1/EWC/Global/Overview,overview,101,team_map_stats,Top 10 Teams,35,NORTHEPTION,63 (61.2%),32 (31.1%),103,8 (7.8%),
midseason_ewc_split1,ALGS Year 4 Midseason Playoffs / EWC,https://apexlegendsstatus.com/algs/Y4-Split1/EWC/Global/Overview,Y4-Split1,EWC,Global,Overview,,,https://apexlegendsstatus.com/algs/Y4-Split1/EWC/Global/Overview,overview,101,team_map_stats,Top 10 Teams,36,HAO,34 (35.1%),46 (47.4%),97,17 (17.5%),
midseason_ewc_split1,ALGS Year 4 Midseason Playoffs / EWC,https://apexlegendsstatus.com/algs/Y4-Split1/EWC/Global/Overview,Y4-Split1,EWC,Global,Overview,,,https://apexlegendsstatus.com/algs/Y4-Split1/EWC/Global/Overview,overview,101,team_map_stats,Top 10 Teams,37,LGD GAMING,47 (43.9%),59 (55.1%),107,1 (0.9%),
midseason_ewc_split1,ALGS Year 4 Midseason Playoffs / EWC,https://apexlegendsstatus.com/algs/Y4-Split1/EWC/Global/Overview,Y4-Split1,EWC,Global,Overview,,,https://apexlegendsstatus.com/algs/Y4-Split1/EWC/Global/Overview,overview,101,team_map_stats,Top 10 Teams,38,DMS,63 (41.4%),88 (57.9%),152,1 (0.7%),
midseason_ewc_split1,ALGS Year 4 Midseason Playoffs / EWC,https://apexlegendsstatus.com/algs/Y4-Split1/EWC/Global/Overview,Y4-Split1,EWC,Global,Overview,,,https://apexlegendsstatus.com/algs/Y4-Split1/EWC/Global/Overview,overview,101,team_map_stats,Top 10 Teams,39,Weibo Gaming,20 (27.4%),28 (38.4%),73,25 (34.2%),
midseason_ewc_split1,ALGS Year 4 Midseason Playoffs / EWC,https://apexlegendsstatus.com/algs/Y4-Split1/EWC/Global/Overview,Y4-Split1,EWC,Global,Overview,,,https://apexlegendsstatus.com/algs/Y4-Split1/EWC/Global/Overview,overview,101,team_map_stats,Top 10 Teams,40,TIE,20 (31.7%),33 (52.4%),63,10 (15.9%),
midseason_ewc_split1,ALGS Year 4 Midseason Playoffs / EWC,https://apexlegendsstatus.com/algs/Y4-Split1/EWC/Global/Overview,Y4-Split1,EWC,Global,Overview,,,https://apexlegendsstatus.com/algs/Y4-Split1/EWC/Global/Overview,overview,101,team_map_stats,Top 10 Teams,41,Guild Esports,50 (29.6%),112 (66.3%),169,7 (4.1%),
midseason_ewc_split1,ALGS Year 4 Midseason Playoffs / EWC,https://apexlegendsstatus.com/algs/Y4-Split1/EWC/Global/Overview,Y4-Split1,EWC,Global,Overview,,,https://apexlegendsstatus.com/algs/Y4-Split1/EWC/Global/Overview,overview,101,team_map_stats,Top 10 Teams,42,Mkers,32 (76.2%),10 (23.8%),42,0 (0%),
midseason_ewc_split1,ALGS Year 4 Midseason Playoffs / EWC,https://apexlegendsstatus.com/algs/Y4-Split1/EWC/Global/Overview,Y4-Split1,EWC,Global,Overview,,,https://apexlegendsstatus.com/algs/Y4-Split1/EWC/Global/Overview,overview,101,team_map_stats,Top 10 Teams,43,CRAZY RACCOON,11 (26.8%),29 (70.7%),41,1 (2.4%),
midseason_ewc_split1,ALGS Year 4 Midseason Playoffs / EWC,https://apexlegendsstatus.com/algs/Y4-Split1/EWC/Global/Overview,Y4-Split1,EWC,Global,Overview,,,https://apexlegendsstatus.com/algs/Y4-Split1/EWC/Global/Overview,overview,101,team_map_stats,Top 10 Teams,44,GeeKay Esports,9 (20.9%),33 (76.7%),43,1 (2.3%),
midseason_ewc_split1,ALGS Year 4 Midseason Playoffs / EWC,https://apexlegendsstatus.com/algs/Y4-Split1/EWC/Global/Overview,Y4-Split1,EWC,Global,Overview,,,https://apexlegendsstatus.com/algs/Y4-Split1/EWC/Global/Overview,overview,101,team_map_stats,Top 10 Teams,45,GHS Professional,14 (37.8%),23 (62.2%),37,(0%),
midseason_ewc_split1,ALGS Year 4 Midseason Playoffs / EWC,https://apexlegendsstatus.com/algs/Y4-Split1/EWC/Global/Overview,Y4-Split1,EWC,Global,Overview,,,https://apexlegendsstatus.com/algs/Y4-Split1/EWC/Global/Overview,overview,101,team_map_stats,Top 10 Teams,46,Elev8 x Bleed,23 (32.4%),48 (67.6%),71,(0%),
midseason_ewc_split1,ALGS Year 4 Midseason Playoffs / EWC,https://apexlegendsstatus.com/algs/Y4-Split1/EWC/Global/Overview,Y4-Split1,EWC,Global,Overview,,,https://apexlegendsstatus.com/algs/Y4-Split1/EWC/Global/Overview,overview,102,team_map_stats,Top 10 Teams,1,GEEKAY ESPORTS,10 (40%),12 (48%),25,3 (12%),
midseason_ewc_split1,ALGS Year 4 Midseason Playoffs / EWC,https://apexlegendsstatus.com/algs/Y4-Split1/EWC/Global/Overview,Y4-Split1,EWC,Global,Overview,,,https://apexlegendsstatus.com/algs/Y4-Split1/EWC/Global/Overview,overview,102,team_map_stats,Top 10 Teams,2,Team Falcons,48 (39.3%),51 (41.8%),122,23 (18.9%),
midseason_ewc_split1,ALGS Year 4 Midseason Playoffs / EWC,https://apexlegendsstatus.com/algs/Y4-Split1/EWC/Global/Overview,Y4-Split1,EWC,Global,Overview,,,https://apexlegendsstatus.com/algs/Y4-Split1/EWC/Global/Overview,overview,102,team_map_stats,Top 10 Teams,3,Red Rams,31 (72.1%),7 (16.3%),43,5 (11.6%),
midseason_ewc_split1,ALGS Year 4 Midseason Playoffs / EWC,https://apexlegendsstatus.com/algs/Y4-Split1/EWC/Global/Overview,Y4-Split1,EWC,Global,Overview,,,https://apexlegendsstatus.com/algs/Y4-Split1/EWC/Global/Overview,overview,102,team_map_stats,Top 10 Teams,4,Reject Winnity,0 (0%),6 (75%),8,2 (25%),
midseason_ewc_split1,ALGS Year 4 Midseason Playoffs / EWC,https://apexlegendsstatus.com/algs/Y4-Split1/EWC/Global/Overview,Y4-Split1,EWC,Global,Overview,,,https://apexlegendsstatus.com/algs/Y4-Split1/EWC/Global/Overview,overview,102,team_map_stats,Top 10 Teams,5,FaZe,31 (46.3%),31 (46.3%),67,5 (7.5%),
midseason_ewc_split1,ALGS Year 4 Midseason Playoffs / EWC,https://apexlegendsstatus.com/algs/Y4-Split1/EWC/Global/Overview,Y4-Split1,EWC,Global,Overview,,,https://apexlegendsstatus.com/algs/Y4-Split1/EWC/Global/Overview,overview,102,team_map_stats,Top 10 Teams,6,E-XOLOS LAZER,27 (45.8%),19 (32.2%),59,13 (22%),
midseason_ewc_split1,ALGS Year 4 Midseason Playoffs / EWC,https://apexlegendsstatus.com/algs/Y4-Split1/EWC/Global/Overview,Y4-Split1,EWC,Global,Overview,,,https://apexlegendsstatus.com/algs/Y4-Split1/EWC/Global/Overview,overview,102,team_map_stats,Top 10 Teams,7,Luminosity Gaming,28 (36.8%),42 (55.3%),76,6 (7.9%),
midseason_ewc_split1,ALGS Year 4 Midseason Playoffs / EWC,https://apexlegendsstatus.com/algs/Y4-Split1/EWC/Global/Overview,Y4-Split1,EWC,Global,Overview,,,https://apexlegendsstatus.com/algs/Y4-Split1/EWC/Global/Overview,overview,102,team_map_stats,Top 10 Teams,8,Evos Esports,13 (44.8%),15 (51.7%),29,1 (3.4%),
midseason_ewc_split1,ALGS Year 4 Midseason Playoffs / EWC,https://apexlegendsstatus.com/algs/Y4-Split1/EWC/Global/Overview,Y4-Split1,EWC,Global,Overview,,,https://apexlegendsstatus.com/algs/Y4-Split1/EWC/Global/Overview,overview,102,team_map_stats,Top 10 Teams,9,GUILD ESPORTS,1 (5.6%),9 (50%),18,8 (44.4%),
midseason_ewc_split1,ALGS Year 4 Midseason Playoffs / EWC,https://apexlegendsstatus.com/algs/Y4-Split1/EWC/Global/Overview,Y4-Split1,EWC,Global,Overview,,,https://apexlegendsstatus.com/algs/Y4-Split1/EWC/Global/Overview,overview,102,team_map_stats,Top 10 Teams,10,MKERS,6 (54.5%),1 (9.1%),11,4 (36.4%),
midseason_ewc_split1,ALGS Year 4 Midseason Playoffs / EWC,https://apexlegendsstatus.com/algs/Y4-Split1/EWC/Global/Overview,Y4-Split1,EWC,Global,Overview,,,https://apexlegendsstatus.com/algs/Y4-Split1/EWC/Global/Overview,overview,102,team_map_stats,Top 10 Teams,11,Team Liquid,56 (52.3%),47 (43.9%),107,4 (3.7%),
midseason_ewc_split1,ALGS Year 4 Midseason Playoffs / EWC,https://apexlegendsstatus.com/algs/Y4-Split1/EWC/Global/Overview,Y4-Split1,EWC,Global,Overview,,,https://apexlegendsstatus.com/algs/Y4-Split1/EWC/Global/Overview,overview,102,team_map_stats,Top 10 Teams,12,FENNEL,14 (35.9%),19 (48.7%),39,6 (15.4%),
midseason_ewc_split1,ALGS Year 4 Midseason Playoffs / EWC,https://apexlegendsstatus.com/algs/Y4-Split1/EWC/Global/Overview,Y4-Split1,EWC,Global,Overview,,,https://apexlegendsstatus.com/algs/Y4-Split1/EWC/Global/Overview,overview,102,team_map_stats,Top 10 Teams,13,Pioneers,16 (45.7%),17 (48.6%),35,2 (5.7%),
midseason_ewc_split1,ALGS Year 4 Midseason Playoffs / EWC,https://apexlegendsstatus.com/algs/Y4-Split1/EWC/Global/Overview,Y4-Split1,EWC,Global,Overview,,,https://apexlegendsstatus.com/algs/Y4-Split1/EWC/Global/Overview,overview,102,team_map_stats,Top 10 Teams,14,GaiminGladiators,32 (36%),50 (56.2%),89,7 (7.9%),
midseason_ewc_split1,ALGS Year 4 Midseason Playoffs / EWC,https://apexlegendsstatus.com/algs/Y4-Split1/EWC/Global/Overview,Y4-Split1,EWC,Global,Overview,,,https://apexlegendsstatus.com/algs/Y4-Split1/EWC/Global/Overview,overview,102,team_map_stats,Top 10 Teams,15,Aurora,30 (37.5%),38 (47.5%),80,12 (15%),
midseason_ewc_split1,ALGS Year 4 Midseason Playoffs / EWC,https://apexlegendsstatus.com/algs/Y4-Split1/EWC/Global/Overview,Y4-Split1,EWC,Global,Overview,,,https://apexlegendsstatus.com/algs/Y4-Split1/EWC/Global/Overview,overview,102,team_map_stats,Top 10 Teams,16,GHS PROFESSIONAL,10 (37%),10 (37%),27,7 (25.9%),
midseason_ewc_split1,ALGS Year 4 Midseason Playoffs / EWC,https://apexlegendsstatus.com/algs/Y4-Split1/EWC/Global/Overview,Y4-Split1,EWC,Global,Overview,,,https://apexlegendsstatus.com/algs/Y4-Split1/EWC/Global/Overview,overview,102,team_map_stats,Top 10 Teams,17,Ninjas in Pyjamas,12 (29.3%),14 (34.1%),41,15 (36.6%),
midseason_ewc_split1,ALGS Year 4 Midseason Playoffs / EWC,https://apexlegendsstatus.com/algs/Y4-Split1/EWC/Global/Overview,Y4-Split1,EWC,Global,Overview,,,https://apexlegendsstatus.com/algs/Y4-Split1/EWC/Global/Overview,overview,102,team_map_stats,Top 10 Teams,18,Disguised,22 (40%),25 (45.5%),55,8 (14.5%),
midseason_ewc_split1,ALGS Year 4 Midseason Playoffs / EWC,https://apexlegendsstatus.com/algs/Y4-Split1/EWC/Global/Overview,Y4-Split1,EWC,Global,Overview,,,https://apexlegendsstatus.com/algs/Y4-Split1/EWC/Global/Overview,overview,102,team_map_stats,Top 10 Teams,19,Crazy Raccoon,17 (60.7%),7 (25%),28,4 (14.3%),
midseason_ewc_split1,ALGS Year 4 Midseason Playoffs / EWC,https://apexlegendsstatus.com/algs/Y4-Split1/EWC/Global/Overview,Y4-Split1,EWC,Global,Overview,,,https://apexlegendsstatus.com/algs/Y4-Split1/EWC/Global/Overview,overview,102,team_map_stats,Top 10 Teams,20,Twisted Minds,47 (51.1%),37 (40.2%),92,8 (8.7%),
midseason_ewc_split1,ALGS Year 4 Midseason Playoffs / EWC,https://apexlegendsstatus.com/algs/Y4-Split1/EWC/Global/Overview,Y4-Split1,EWC,Global,Overview,,,https://apexlegendsstatus.com/algs/Y4-Split1/EWC/Global/Overview,overview,102,team_map_stats,Top 10 Teams,21,Natus Vincere,27 (51.9%),19 (36.5%),52,6 (11.5%),
midseason_ewc_split1,ALGS Year 4 Midseason Playoffs / EWC,https://apexlegendsstatus.com/algs/Y4-Split1/EWC/Global/Overview,Y4-Split1,EWC,Global,Overview,,,https://apexlegendsstatus.com/algs/Y4-Split1/EWC/Global/Overview,overview,102,team_map_stats,Top 10 Teams,22,TSM,28 (42.4%),34 (51.5%),66,4 (6.1%),
midseason_ewc_split1,ALGS Year 4 Midseason Playoffs / EWC,https://apexlegendsstatus.com/algs/Y4-Split1/EWC/Global/Overview,Y4-Split1,EWC,Global,Overview,,,https://apexlegendsstatus.com/algs/Y4-Split1/EWC/Global/Overview,overview,102,team_map_stats,Top 10 Teams,23,EXO Clan,27 (38%),38 (53.5%),71,6 (8.5%),
midseason_ewc_split1,ALGS Year 4 Midseason Playoffs / EWC,https://apexlegendsstatus.com/algs/Y4-Split1/EWC/Global/Overview,Y4-Split1,EWC,Global,Overview,,,https://apexlegendsstatus.com/algs/Y4-Split1/EWC/Global/Overview,overview,102,team_map_stats,Top 10 Teams,24,Dragons Esports,40 (69%),16 (27.6%),58,2 (3.4%),
midseason_ewc_split1,ALGS Year 4 Midseason Playoffs / EWC,https://apexlegendsstatus.com/algs/Y4-Split1/EWC/Global/Overview,Y4-Split1,EWC,Global,Overview,,,https://apexlegendsstatus.com/algs/Y4-Split1/EWC/Global/Overview,overview,102,team_map_stats,Top 10 Teams,25,Alliance,63 (58.3%),42 (38.9%),108,3 (2.8%),
midseason_ewc_split1,ALGS Year 4 Midseason Playoffs / EWC,https://apexlegendsstatus.com/algs/Y4-Split1/EWC/Global/Overview,Y4-Split1,EWC,Global,Overview,,,https://apexlegendsstatus.com/algs/Y4-Split1/EWC/Global/Overview,overview,102,team_map_stats,Top 10 Teams,26,FNATIC,19 (42.2%),23 (51.1%),45,3 (6.7%),
midseason_ewc_split1,ALGS Year 4 Midseason Playoffs / EWC,https://apexlegendsstatus.com/algs/Y4-Split1/EWC/Global/Overview,Y4-Split1,EWC,Global,Overview,,,https://apexlegendsstatus.com/algs/Y4-Split1/EWC/Global/Overview,overview,102,team_map_stats,Top 10 Teams,27,SpaceStation Gaming,53 (54.6%),36 (37.1%),97,8 (8.2%),
midseason_ewc_split1,ALGS Year 4 Midseason Playoffs / EWC,https://apexlegendsstatus.com/algs/Y4-Split1/EWC/Global/Overview,Y4-Split1,EWC,Global,Overview,,,https://apexlegendsstatus.com/algs/Y4-Split1/EWC/Global/Overview,overview,102,team_map_stats,Top 10 Teams,28,Elev8 x BLEED,24 (55.8%),15 (34.9%),43,4 (9.3%),
midseason_ewc_split1,ALGS Year 4 Midseason Playoffs / EWC,https://apexlegendsstatus.com/algs/Y4-Split1/EWC/Global/Overview,Y4-Split1,EWC,Global,Overview,,,https://apexlegendsstatus.com/algs/Y4-Split1/EWC/Global/Overview,overview,102,team_map_stats,Top 10 Teams,29,Mizuchi,20 (30.8%),44 (67.7%),65,1 (1.5%),
midseason_ewc_split1,ALGS Year 4 Midseason Playoffs / EWC,https://apexlegendsstatus.com/algs/Y4-Split1/EWC/Global/Overview,Y4-Split1,EWC,Global,Overview,,,https://apexlegendsstatus.com/algs/Y4-Split1/EWC/Global/Overview,overview,102,team_map_stats,Top 10 Teams,30,NRG,14 (41.2%),20 (58.8%),34,0 (0%),
midseason_ewc_split1,ALGS Year 4 Midseason Playoffs / EWC,https://apexlegendsstatus.com/algs/Y4-Split1/EWC/Global/Overview,Y4-Split1,EWC,Global,Overview,,,https://apexlegendsstatus.com/algs/Y4-Split1/EWC/Global/Overview,overview,102,team_map_stats,Top 10 Teams,31,RIDDLE ORDER,7 (63.6%),3 (27.3%),11,1 (9.1%),
midseason_ewc_split1,ALGS Year 4 Midseason Playoffs / EWC,https://apexlegendsstatus.com/algs/Y4-Split1/EWC/Global/Overview,Y4-Split1,EWC,Global,Overview,,,https://apexlegendsstatus.com/algs/Y4-Split1/EWC/Global/Overview,overview,102,team_map_stats,Top 10 Teams,32,Blacklist International,17 (37%),23 (50%),46,6 (13%),
midseason_ewc_split1,ALGS Year 4 Midseason Playoffs / EWC,https://apexlegendsstatus.com/algs/Y4-Split1/EWC/Global/Overview,Y4-Split1,EWC,Global,Overview,,,https://apexlegendsstatus.com/algs/Y4-Split1/EWC/Global/Overview,overview,102,team_map_stats,Top 10 Teams,33,HEROEZ,11 (35.5%),19 (61.3%),31,1 (3.2%),
midseason_ewc_split1,ALGS Year 4 Midseason Playoffs / EWC,https://apexlegendsstatus.com/algs/Y4-Split1/EWC/Global/Overview,Y4-Split1,EWC,Global,Overview,,,https://apexlegendsstatus.com/algs/Y4-Split1/EWC/Global/Overview,overview,102,team_map_stats,Top 10 Teams,34,Virtus.Pro,16 (29.6%),31 (57.4%),54,7 (13%),
midseason_ewc_split1,ALGS Year 4 Midseason Playoffs / EWC,https://apexlegendsstatus.com/algs/Y4-Split1/EWC/Global/Overview,Y4-Split1,EWC,Global,Overview,,,https://apexlegendsstatus.com/algs/Y4-Split1/EWC/Global/Overview,overview,102,team_map_stats,Top 10 Teams,35,NORTHEPTION,27 (51.9%),20 (38.5%),52,5 (9.6%),
midseason_ewc_split1,ALGS Year 4 Midseason Playoffs / EWC,https://apexlegendsstatus.com/algs/Y4-Split1/EWC/Global/Overview,Y4-Split1,EWC,Global,Overview,,,https://apexlegendsstatus.com/algs/Y4-Split1/EWC/Global/Overview,overview,102,team_map_stats,Top 10 Teams,36,HAO,16 (32%),26 (52%),50,8 (16%),
midseason_ewc_split1,ALGS Year 4 Midseason Playoffs / EWC,https://apexlegendsstatus.com/algs/Y4-Split1/EWC/Global/Overview,Y4-Split1,EWC,Global,Overview,,,https://apexlegendsstatus.com/algs/Y4-Split1/EWC/Global/Overview,overview,102,team_map_stats,Top 10 Teams,37,LGD GAMING,27 (47.4%),30 (52.6%),57,0 (0%),
midseason_ewc_split1,ALGS Year 4 Midseason Playoffs / EWC,https://apexlegendsstatus.com/algs/Y4-Split1/EWC/Global/Overview,Y4-Split1,EWC,Global,Overview,,,https://apexlegendsstatus.com/algs/Y4-Split1/EWC/Global/Overview,overview,102,team_map_stats,Top 10 Teams,38,DMS,28 (45.9%),33 (54.1%),61,0 (0%),
midseason_ewc_split1,ALGS Year 4 Midseason Playoffs / EWC,https://apexlegendsstatus.com/algs/Y4-Split1/EWC/Global/Overview,Y4-Split1,EWC,Global,Overview,,,https://apexlegendsstatus.com/algs/Y4-Split1/EWC/Global/Overview,overview,102,team_map_stats,Top 10 Teams,39,Weibo Gaming,15 (33.3%),17 (37.8%),45,13 (28.9%),
midseason_ewc_split1,ALGS Year 4 Midseason Playoffs / EWC,https://apexlegendsstatus.com/algs/Y4-Split1/EWC/Global/Overview,Y4-Split1,EWC,Global,Overview,,,https://apexlegendsstatus.com/algs/Y4-Split1/EWC/Global/Overview,overview,102,team_map_stats,Top 10 Teams,40,TIE,7 (24.1%),17 (58.6%),29,5 (17.2%),
midseason_ewc_split1,ALGS Year 4 Midseason Playoffs / EWC,https://apexlegendsstatus.com/algs/Y4-Split1/EWC/Global/Overview,Y4-Split1,EWC,Global,Overview,,,https://apexlegendsstatus.com/algs/Y4-Split1/EWC/Global/Overview,overview,102,team_map_stats,Top 10 Teams,41,Guild Esports,17 (24.6%),49 (71%),69,3 (4.3%),
midseason_ewc_split1,ALGS Year 4 Midseason Playoffs / EWC,https://apexlegendsstatus.com/algs/Y4-Split1/EWC/Global/Overview,Y4-Split1,EWC,Global,Overview,,,https://apexlegendsstatus.com/algs/Y4-Split1/EWC/Global/Overview,overview,102,team_map_stats,Top 10 Teams,42,Mkers,16 (69.6%),7 (30.4%),23,0 (0%),
midseason_ewc_split1,ALGS Year 4 Midseason Playoffs / EWC,https://apexlegendsstatus.com/algs/Y4-Split1/EWC/Global/Overview,Y4-Split1,EWC,Global,Overview,,,https://apexlegendsstatus.com/algs/Y4-Split1/EWC/Global/Overview,overview,102,team_map_stats,Top 10 Teams,43,CRAZY RACCOON,8 (36.4%),14 (63.6%),22,0 (0%),
midseason_ewc_split1,ALGS Year 4 Midseason Playoffs / EWC,https://apexlegendsstatus.com/algs/Y4-Split1/EWC/Global/Overview,Y4-Split1,EWC,Global,Overview,,,https://apexlegendsstatus.com/algs/Y4-Split1/EWC/Global/Overview,overview,102,team_map_stats,Top 10 Teams,44,GeeKay Esports,8 (33.3%),15 (62.5%),24,1 (4.2%),
midseason_ewc_split1,ALGS Year 4 Midseason Playoffs / EWC,https://apexlegendsstatus.com/algs/Y4-Split1/EWC/Global/Overview,Y4-Split1,EWC,Global,Overview,,,https://apexlegendsstatus.com/algs/Y4-Split1/EWC/Global/Overview,overview,102,team_map_stats,Top 10 Teams,45,GHS Professional,6 (35.3%),11 (64.7%),17,(0%),
midseason_ewc_split1,ALGS Year 4 Midseason Playoffs / EWC,https://apexlegendsstatus.com/algs/Y4-Split1/EWC/Global/Overview,Y4-Split1,EWC,Global,Overview,,,https://apexlegendsstatus.com/algs/Y4-Split1/EWC/Global/Overview,overview,102,team_map_stats,Top 10 Teams,46,Elev8 x Bleed,11 (29.7%),26 (70.3%),37,(0%),
midseason_ewc_split1,ALGS Year 4 Midseason Playoffs / EWC,https://apexlegendsstatus.com/algs/Y4-Split1/EWC/Global/Overview,Y4-Split1,EWC,Global,Overview,,,https://apexlegendsstatus.com/algs/Y4-Split1/EWC/Global/Overview,overview,104,team_map_stats,Top 10 Teams,1,GEEKAY ESPORTS,0 (0%),0 (0%),0,0 (0%),
midseason_ewc_split1,ALGS Year 4 Midseason Playoffs / EWC,https://apexlegendsstatus.com/algs/Y4-Split1/EWC/Global/Overview,Y4-Split1,EWC,Global,Overview,,,https://apexlegendsstatus.com/algs/Y4-Split1/EWC/Global/Overview,overview,104,team_map_stats,Top 10 Teams,2,Team Falcons,1 (25%),2 (50%),4,1 (25%),
midseason_ewc_split1,ALGS Year 4 Midseason Playoffs / EWC,https://apexlegendsstatus.com/algs/Y4-Split1/EWC/Global/Overview,Y4-Split1,EWC,Global,Overview,,,https://apexlegendsstatus.com/algs/Y4-Split1/EWC/Global/Overview,overview,104,team_map_stats,Top 10 Teams,3,Red Rams,1 (100%),0 (0%),1,0 (0%),
midseason_ewc_split1,ALGS Year 4 Midseason Playoffs / EWC,https://apexlegendsstatus.com/algs/Y4-Split1/EWC/Global/Overview,Y4-Split1,EWC,Global,Overview,,,https://apexlegendsstatus.com/algs/Y4-Split1/EWC/Global/Overview,overview,104,team_map_stats,Top 10 Teams,4,Reject Winnity,0 (0%),0 (0%),0,0 (0%),
midseason_ewc_split1,ALGS Year 4 Midseason Playoffs / EWC,https://apexlegendsstatus.com/algs/Y4-Split1/EWC/Global/Overview,Y4-Split1,EWC,Global,Overview,,,https://apexlegendsstatus.com/algs/Y4-Split1/EWC/Global/Overview,overview,104,team_map_stats,Top 10 Teams,5,FaZe,1 (50%),1 (50%),2,0 (0%),
midseason_ewc_split1,ALGS Year 4 Midseason Playoffs / EWC,https://apexlegendsstatus.com/algs/Y4-Split1/EWC/Global/Overview,Y4-Split1,EWC,Global,Overview,,,https://apexlegendsstatus.com/algs/Y4-Split1/EWC/Global/Overview,overview,104,team_map_stats,Top 10 Teams,6,E-XOLOS LAZER,0 (0%),0 (0%),0,0 (0%),
midseason_ewc_split1,ALGS Year 4 Midseason Playoffs / EWC,https://apexlegendsstatus.com/algs/Y4-Split1/EWC/Global/Overview,Y4-Split1,EWC,Global,Overview,,,https://apexlegendsstatus.com/algs/Y4-Split1/EWC/Global/Overview,overview,104,team_map_stats,Top 10 Teams,7,Luminosity Gaming,0 (0%),1 (100%),1,0 (0%),
midseason_ewc_split1,ALGS Year 4 Midseason Playoffs / EWC,https://apexlegendsstatus.com/algs/Y4-Split1/EWC/Global/Overview,Y4-Split1,EWC,Global,Overview,,,https://apexlegendsstatus.com/algs/Y4-Split1/EWC/Global/Overview,overview,104,team_map_stats,Top 10 Teams,8,Evos Esports,0 (0%),0 (0%),0,0 (0%),
midseason_ewc_split1,ALGS Year 4 Midseason Playoffs / EWC,https://apexlegendsstatus.com/algs/Y4-Split1/EWC/Global/Overview,Y4-Split1,EWC,Global,Overview,,,https://apexlegendsstatus.com/algs/Y4-Split1/EWC/Global/Overview,overview,104,team_map_stats,Top 10 Teams,9,GUILD ESPORTS,0 (0%),0 (0%),1,1 (100%),
midseason_ewc_split1,ALGS Year 4 Midseason Playoffs / EWC,https://apexlegendsstatus.com/algs/Y4-Split1/EWC/Global/Overview,Y4-Split1,EWC,Global,Overview,,,https://apexlegendsstatus.com/algs/Y4-Split1/EWC/Global/Overview,overview,104,team_map_stats,Top 10 Teams,10,MKERS,0 (0%),0 (0%),0,0 (0%),
midseason_ewc_split1,ALGS Year 4 Midseason Playoffs / EWC,https://apexlegendsstatus.com/algs/Y4-Split1/EWC/Global/Overview,Y4-Split1,EWC,Global,Overview,,,https://apexlegendsstatus.com/algs/Y4-Split1/EWC/Global/Overview,overview,104,team_map_stats,Top 10 Teams,11,Team Liquid,1 (50%),1 (50%),2,0 (0%),
midseason_ewc_split1,ALGS Year 4 Midseason Playoffs / EWC,https://apexlegendsstatus.com/algs/Y4-Split1/EWC/Global/Overview,Y4-Split1,EWC,Global,Overview,,,https://apexlegendsstatus.com/algs/Y4-Split1/EWC/Global/Overview,overview,104,team_map_stats,Top 10 Teams,12,FENNEL,0 (0%),0 (0%),0,0 (0%),
midseason_ewc_split1,ALGS Year 4 Midseason Playoffs / EWC,https://apexlegendsstatus.com/algs/Y4-Split1/EWC/Global/Overview,Y4-Split1,EWC,Global,Overview,,,https://apexlegendsstatus.com/algs/Y4-Split1/EWC/Global/Overview,overview,104,team_map_stats,Top 10 Teams,13,Pioneers,0 (0%),0 (0%),0,0 (0%),
midseason_ewc_split1,ALGS Year 4 Midseason Playoffs / EWC,https://apexlegendsstatus.com/algs/Y4-Split1/EWC/Global/Overview,Y4-Split1,EWC,Global,Overview,,,https://apexlegendsstatus.com/algs/Y4-Split1/EWC/Global/Overview,overview,104,team_map_stats,Top 10 Teams,14,GaiminGladiators,1 (50%),1 (50%),2,0 (0%),
midseason_ewc_split1,ALGS Year 4 Midseason Playoffs / EWC,https://apexlegendsstatus.com/algs/Y4-Split1/EWC/Global/Overview,Y4-Split1,EWC,Global,Overview,,,https://apexlegendsstatus.com/algs/Y4-Split1/EWC/Global/Overview,overview,104,team_map_stats,Top 10 Teams,15,Aurora,2 (66.7%),1 (33.3%),3,0 (0%),
midseason_ewc_split1,ALGS Year 4 Midseason Playoffs / EWC,https://apexlegendsstatus.com/algs/Y4-Split1/EWC/Global/Overview,Y4-Split1,EWC,Global,Overview,,,https://apexlegendsstatus.com/algs/Y4-Split1/EWC/Global/Overview,overview,104,team_map_stats,Top 10 Teams,16,GHS PROFESSIONAL,0 (0%),0 (0%),0,0 (0%),
midseason_ewc_split1,ALGS Year 4 Midseason Playoffs / EWC,https://apexlegendsstatus.com/algs/Y4-Split1/EWC/Global/Overview,Y4-Split1,EWC,Global,Overview,,,https://apexlegendsstatus.com/algs/Y4-Split1/EWC/Global/Overview,overview,104,team_map_stats,Top 10 Teams,17,Ninjas in Pyjamas,0 (0%),0 (0%),1,1 (100%),
midseason_ewc_split1,ALGS Year 4 Midseason Playoffs / EWC,https://apexlegendsstatus.com/algs/Y4-Split1/EWC/Global/Overview,Y4-Split1,EWC,Global,Overview,,,https://apexlegendsstatus.com/algs/Y4-Split1/EWC/Global/Overview,overview,104,team_map_stats,Top 10 Teams,18,Disguised,0 (0%),0 (0%),0,0 (0%),
midseason_ewc_split1,ALGS Year 4 Midseason Playoffs / EWC,https://apexlegendsstatus.com/algs/Y4-Split1/EWC/Global/Overview,Y4-Split1,EWC,Global,Overview,,,https://apexlegendsstatus.com/algs/Y4-Split1/EWC/Global/Overview,overview,104,team_map_stats,Top 10 Teams,19,Crazy Raccoon,1 (100%),0 (0%),1,0 (0%),
midseason_ewc_split1,ALGS Year 4 Midseason Playoffs / EWC,https://apexlegendsstatus.com/algs/Y4-Split1/EWC/Global/Overview,Y4-Split1,EWC,Global,Overview,,,https://apexlegendsstatus.com/algs/Y4-Split1/EWC/Global/Overview,overview,104,team_map_stats,Top 10 Teams,20,Twisted Minds,2 (66.7%),1 (33.3%),3,0 (0%),
midseason_ewc_split1,ALGS Year 4 Midseason Playoffs / EWC,https://apexlegendsstatus.com/algs/Y4-Split1/EWC/Global/Overview,Y4-Split1,EWC,Global,Overview,,,https://apexlegendsstatus.com/algs/Y4-Split1/EWC/Global/Overview,overview,104,team_map_stats,Top 10 Teams,21,Natus Vincere,0 (0%),0 (0%),0,0 (0%),
midseason_ewc_split1,ALGS Year 4 Midseason Playoffs / EWC,https://apexlegendsstatus.com/algs/Y4-Split1/EWC/Global/Overview,Y4-Split1,EWC,Global,Overview,,,https://apexlegendsstatus.com/algs/Y4-Split1/EWC/Global/Overview,overview,104,team_map_stats,Top 10 Teams,22,TSM,1 (100%),0 (0%),1,0 (0%),
midseason_ewc_split1,ALGS Year 4 Midseason Playoffs / EWC,https://apexlegendsstatus.com/algs/Y4-Split1/EWC/Global/Overview,Y4-Split1,EWC,Global,Overview,,,https://apexlegendsstatus.com/algs/Y4-Split1/EWC/Global/Overview,overview,104,team_map_stats,Top 10 Teams,23,EXO Clan,1 (50%),1 (50%),2,0 (0%),
midseason_ewc_split1,ALGS Year 4 Midseason Playoffs / EWC,https://apexlegendsstatus.com/algs/Y4-Split1/EWC/Global/Overview,Y4-Split1,EWC,Global,Overview,,,https://apexlegendsstatus.com/algs/Y4-Split1/EWC/Global/Overview,overview,104,team_map_stats,Top 10 Teams,24,Dragons Esports,1 (100%),0 (0%),1,0 (0%),
midseason_ewc_split1,ALGS Year 4 Midseason Playoffs / EWC,https://apexlegendsstatus.com/algs/Y4-Split1/EWC/Global/Overview,Y4-Split1,EWC,Global,Overview,,,https://apexlegendsstatus.com/algs/Y4-Split1/EWC/Global/Overview,overview,104,team_map_stats,Top 10 Teams,25,Alliance,1 (50%),1 (50%),2,0 (0%),
midseason_ewc_split1,ALGS Year 4 Midseason Playoffs / EWC,https://apexlegendsstatus.com/algs/Y4-Split1/EWC/Global/Overview,Y4-Split1,EWC,Global,Overview,,,https://apexlegendsstatus.com/algs/Y4-Split1/EWC/Global/Overview,overview,104,team_map_stats,Top 10 Teams,26,FNATIC,0 (0%),0 (0%),0,0 (0%),
midseason_ewc_split1,ALGS Year 4 Midseason Playoffs / EWC,https://apexlegendsstatus.com/algs/Y4-Split1/EWC/Global/Overview,Y4-Split1,EWC,Global,Overview,,,https://apexlegendsstatus.com/algs/Y4-Split1/EWC/Global/Overview,overview,104,team_map_stats,Top 10 Teams,27,SpaceStation Gaming,1 (50%),1 (50%),2,0 (0%),
midseason_ewc_split1,ALGS Year 4 Midseason Playoffs / EWC,https://apexlegendsstatus.com/algs/Y4-Split1/EWC/Global/Overview,Y4-Split1,EWC,Global,Overview,,,https://apexlegendsstatus.com/algs/Y4-Split1/EWC/Global/Overview,overview,104,team_map_stats,Top 10 Teams,28,Elev8 x BLEED,1 (100%),0 (0%),1,0 (0%),
midseason_ewc_split1,ALGS Year 4 Midseason Playoffs / EWC,https://apexlegendsstatus.com/algs/Y4-Split1/EWC/Global/Overview,Y4-Split1,EWC,Global,Overview,,,https://apexlegendsstatus.com/algs/Y4-Split1/EWC/Global/Overview,overview,104,team_map_stats,Top 10 Teams,29,Mizuchi,0 (0%),2 (100%),2,0 (0%),
midseason_ewc_split1,ALGS Year 4 Midseason Playoffs / EWC,https://apexlegendsstatus.com/algs/Y4-Split1/EWC/Global/Overview,Y4-Split1,EWC,Global,Overview,,,https://apexlegendsstatus.com/algs/Y4-Split1/EWC/Global/Overview,overview,104,team_map_stats,Top 10 Teams,30,NRG,0 (0%),0 (0%),0,0 (0%),
midseason_ewc_split1,ALGS Year 4 Midseason Playoffs / EWC,https://apexlegendsstatus.com/algs/Y4-Split1/EWC/Global/Overview,Y4-Split1,EWC,Global,Overview,,,https://apexlegendsstatus.com/algs/Y4-Split1/EWC/Global/Overview,overview,104,team_map_stats,Top 10 Teams,31,RIDDLE ORDER,0 (0%),0 (0%),0,0 (0%),
midseason_ewc_split1,ALGS Year 4 Midseason Playoffs / EWC,https://apexlegendsstatus.com/algs/Y4-Split1/EWC/Global/Overview,Y4-Split1,EWC,Global,Overview,,,https://apexlegendsstatus.com/algs/Y4-Split1/EWC/Global/Overview,overview,104,team_map_stats,Top 10 Teams,32,Blacklist International,0 (0%),0 (0%),0,0 (0%),
midseason_ewc_split1,ALGS Year 4 Midseason Playoffs / EWC,https://apexlegendsstatus.com/algs/Y4-Split1/EWC/Global/Overview,Y4-Split1,EWC,Global,Overview,,,https://apexlegendsstatus.com/algs/Y4-Split1/EWC/Global/Overview,overview,104,team_map_stats,Top 10 Teams,33,HEROEZ,0 (0%),0 (0%),0,0 (0%),
midseason_ewc_split1,ALGS Year 4 Midseason Playoffs / EWC,https://apexlegendsstatus.com/algs/Y4-Split1/EWC/Global/Overview,Y4-Split1,EWC,Global,Overview,,,https://apexlegendsstatus.com/algs/Y4-Split1/EWC/Global/Overview,overview,104,team_map_stats,Top 10 Teams,34,Virtus.Pro,1 (100%),0 (0%),1,0 (0%),
midseason_ewc_split1,ALGS Year 4 Midseason Playoffs / EWC,https://apexlegendsstatus.com/algs/Y4-Split1/EWC/Global/Overview,Y4-Split1,EWC,Global,Overview,,,https://apexlegendsstatus.com/algs/Y4-Split1/EWC/Global/Overview,overview,104,team_map_stats,Top 10 Teams,35,NORTHEPTION,0 (0%),0 (0%),0,0 (0%),
midseason_ewc_split1,ALGS Year 4 Midseason Playoffs / EWC,https://apexlegendsstatus.com/algs/Y4-Split1/EWC/Global/Overview,Y4-Split1,EWC,Global,Overview,,,https://apexlegendsstatus.com/algs/Y4-Split1/EWC/Global/Overview,overview,104,team_map_stats,Top 10 Teams,36,HAO,0 (0%),0 (0%),0,0 (0%),
midseason_ewc_split1,ALGS Year 4 Midseason Playoffs / EWC,https://apexlegendsstatus.com/algs/Y4-Split1/EWC/Global/Overview,Y4-Split1,EWC,Global,Overview,,,https://apexlegendsstatus.com/algs/Y4-Split1/EWC/Global/Overview,overview,104,team_map_stats,Top 10 Teams,37,LGD GAMING,0 (0%),1 (100%),1,0 (0%),
midseason_ewc_split1,ALGS Year 4 Midseason Playoffs / EWC,https://apexlegendsstatus.com/algs/Y4-Split1/EWC/Global/Overview,Y4-Split1,EWC,Global,Overview,,,https://apexlegendsstatus.com/algs/Y4-Split1/EWC/Global/Overview,overview,104,team_map_stats,Top 10 Teams,38,DMS,0 (0%),2 (100%),2,0 (0%),
midseason_ewc_split1,ALGS Year 4 Midseason Playoffs / EWC,https://apexlegendsstatus.com/algs/Y4-Split1/EWC/Global/Overview,Y4-Split1,EWC,Global,Overview,,,https://apexlegendsstatus.com/algs/Y4-Split1/EWC/Global/Overview,overview,104,team_map_stats,Top 10 Teams,39,Weibo Gaming,0 (0%),0 (0%),1,1 (100%),
midseason_ewc_split1,ALGS Year 4 Midseason Playoffs / EWC,https://apexlegendsstatus.com/algs/Y4-Split1/EWC/Global/Overview,Y4-Split1,EWC,Global,Overview,,,https://apexlegendsstatus.com/algs/Y4-Split1/EWC/Global/Overview,overview,104,team_map_stats,Top 10 Teams,40,TIE,0 (0%),0 (0%),0,0 (0%),
midseason_ewc_split1,ALGS Year 4 Midseason Playoffs / EWC,https://apexlegendsstatus.com/algs/Y4-Split1/EWC/Global/Overview,Y4-Split1,EWC,Global,Overview,,,https://apexlegendsstatus.com/algs/Y4-Split1/EWC/Global/Overview,overview,104,team_map_stats,Top 10 Teams,41,Guild Esports,0 (0%),2 (100%),2,0 (0%),
midseason_ewc_split1,ALGS Year 4 Midseason Playoffs / EWC,https://apexlegendsstatus.com/algs/Y4-Split1/EWC/Global/Overview,Y4-Split1,EWC,Global,Overview,,,https://apexlegendsstatus.com/algs/Y4-Split1/EWC/Global/Overview,overview,104,team_map_stats,Top 10 Teams,42,Mkers,1 (100%),0 (0%),1,0 (0%),
midseason_ewc_split1,ALGS Year 4 Midseason Playoffs / EWC,https://apexlegendsstatus.com/algs/Y4-Split1/EWC/Global/Overview,Y4-Split1,EWC,Global,Overview,,,https://apexlegendsstatus.com/algs/Y4-Split1/EWC/Global/Overview,overview,104,team_map_stats,Top 10 Teams,43,CRAZY RACCOON,0 (0%),1 (100%),1,0 (0%),
midseason_ewc_split1,ALGS Year 4 Midseason Playoffs / EWC,https://apexlegendsstatus.com/algs/Y4-Split1/EWC/Global/Overview,Y4-Split1,EWC,Global,Overview,,,https://apexlegendsstatus.com/algs/Y4-Split1/EWC/Global/Overview,overview,104,team_map_stats,Top 10 Teams,44,GeeKay Esports,0 (0%),0 (0%),0,0 (0%),
midseason_ewc_split1,ALGS Year 4 Midseason Playoffs / EWC,https://apexlegendsstatus.com/algs/Y4-Split1/EWC/Global/Overview,Y4-Split1,EWC,Global,Overview,,,https://apexlegendsstatus.com/algs/Y4-Split1/EWC/Global/Overview,overview,104,team_map_stats,Top 10 Teams,45,GHS Professional,0 (0%),0 (0%),0,(0%),
midseason_ewc_split1,ALGS Year 4 Midseason Playoffs / EWC,https://apexlegendsstatus.com/algs/Y4-Split1/EWC/Global/Overview,Y4-Split1,EWC,Global,Overview,,,https://apexlegendsstatus.com/algs/Y4-Split1/EWC/Global/Overview,overview,104,team_map_stats,Top 10 Teams,46,Elev8 x Bleed,0 (0%),0 (0%),0,(0%),
midseason_ewc_split1,ALGS Year 4 Midseason Playoffs / EWC,https://apexlegendsstatus.com/algs/Y4-Split1/EWC/Global/Overview,Y4-Split1,EWC,Global,Overview,,,https://apexlegendsstatus.com/algs/Y4-Split1/EWC/Global/Overview,overview,105,team_map_stats,Top 10 Teams,1,GEEKAY ESPORTS,5 (44.4%),4.8 (42.2%),22.5,3 (13.3%),
midseason_ewc_split1,ALGS Year 4 Midseason Playoffs / EWC,https://apexlegendsstatus.com/algs/Y4-Split1/EWC/Global/Overview,Y4-Split1,EWC,Global,Overview,,,https://apexlegendsstatus.com/algs/Y4-Split1/EWC/Global/Overview,overview,105,team_map_stats,Top 10 Teams,2,Team Falcons,9 (36.7%),10.1 (45.3%),122.5,22 (18%),
midseason_ewc_split1,ALGS Year 4 Midseason Playoffs / EWC,https://apexlegendsstatus.com/algs/Y4-Split1/EWC/Global/Overview,Y4-Split1,EWC,Global,Overview,,,https://apexlegendsstatus.com/algs/Y4-Split1/EWC/Global/Overview,overview,105,team_map_stats,Top 10 Teams,3,Red Rams,6.6 (64.6%),2.6 (25.6%),27.3,2.7 (9.8%),
midseason_ewc_split1,ALGS Year 4 Midseason Playoffs / EWC,https://apexlegendsstatus.com/algs/Y4-Split1/EWC/Global/Overview,Y4-Split1,EWC,Global,Overview,,,https://apexlegendsstatus.com/algs/Y4-Split1/EWC/Global/Overview,overview,105,team_map_stats,Top 10 Teams,4,Reject Winnity,0.5 (10.5%),3.5 (73.7%),9.5,1.5 (15.8%),
midseason_ewc_split1,ALGS Year 4 Midseason Playoffs / EWC,https://apexlegendsstatus.com/algs/Y4-Split1/EWC/Global/Overview,Y4-Split1,EWC,Global,Overview,,,https://apexlegendsstatus.com/algs/Y4-Split1/EWC/Global/Overview,overview,105,team_map_stats,Top 10 Teams,5,FaZe,6.4 (46%),5.5 (43.2%),69.5,7.5 (10.8%),
midseason_ewc_split1,ALGS Year 4 Midseason Playoffs / EWC,https://apexlegendsstatus.com/algs/Y4-Split1/EWC/Global/Overview,Y4-Split1,EWC,Global,Overview,,,https://apexlegendsstatus.com/algs/Y4-Split1/EWC/Global/Overview,overview,105,team_map_stats,Top 10 Teams,6,E-XOLOS LAZER,5.5 (52.4%),3.2 (33.3%),52.5,7.5 (14.3%),
midseason_ewc_split1,ALGS Year 4 Midseason Playoffs / EWC,https://apexlegendsstatus.com/algs/Y4-Split1/EWC/Global/Overview,Y4-Split1,EWC,Global,Overview,,,https://apexlegendsstatus.com/algs/Y4-Split1/EWC/Global/Overview,overview,105,team_map_stats,Top 10 Teams,7,Luminosity Gaming,6.1 (36.3%),8.5 (55.4%),84,7 (8.3%),
midseason_ewc_split1,ALGS Year 4 Midseason Playoffs / EWC,https://apexlegendsstatus.com/algs/Y4-Split1/EWC/Global/Overview,Y4-Split1,EWC,Global,Overview,,,https://apexlegendsstatus.com/algs/Y4-Split1/EWC/Global/Overview,overview,105,team_map_stats,Top 10 Teams,8,Evos Esports,3.6 (46%),3.6 (46%),21,1.7 (7.9%),
midseason_ewc_split1,ALGS Year 4 Midseason Playoffs / EWC,https://apexlegendsstatus.com/algs/Y4-Split1/EWC/Global/Overview,Y4-Split1,EWC,Global,Overview,,,https://apexlegendsstatus.com/algs/Y4-Split1/EWC/Global/Overview,overview,105,team_map_stats,Top 10 Teams,9,GUILD ESPORTS,1.5 (12.5%),5.3 (43.8%),24,10.5 (43.8%),
midseason_ewc_split1,ALGS Year 4 Midseason Playoffs / EWC,https://apexlegendsstatus.com/algs/Y4-Split1/EWC/Global/Overview,Y4-Split1,EWC,Global,Overview,,,https://apexlegendsstatus.com/algs/Y4-Split1/EWC/Global/Overview,overview,105,team_map_stats,Top 10 Teams,10,MKERS,4.5 (62.1%),0.8 (10.3%),14.5,4 (27.6%),
midseason_ewc_split1,ALGS Year 4 Midseason Playoffs / EWC,https://apexlegendsstatus.com/algs/Y4-Split1/EWC/Global/Overview,Y4-Split1,EWC,Global,Overview,,,https://apexlegendsstatus.com/algs/Y4-Split1/EWC/Global/Overview,overview,105,team_map_stats,Top 10 Teams,11,Team Liquid,9.2 (49.5%),7.7 (45.7%),93,4.5 (4.8%),
midseason_ewc_split1,ALGS Year 4 Midseason Playoffs / EWC,https://apexlegendsstatus.com/algs/Y4-Split1/EWC/Global/Overview,Y4-Split1,EWC,Global,Overview,,,https://apexlegendsstatus.com/algs/Y4-Split1/EWC/Global/Overview,overview,105,team_map_stats,Top 10 Teams,12,FENNEL,3.4 (36%),4.1 (44%),25,5 (20%),
midseason_ewc_split1,ALGS Year 4 Midseason Playoffs / EWC,https://apexlegendsstatus.com/algs/Y4-Split1/EWC/Global/Overview,Y4-Split1,EWC,Global,Overview,,,https://apexlegendsstatus.com/algs/Y4-Split1/EWC/Global/Overview,overview,105,team_map_stats,Top 10 Teams,13,Pioneers,3.9 (47%),3.8 (45.5%),22,1.7 (7.6%),
midseason_ewc_split1,ALGS Year 4 Midseason Playoffs / EWC,https://apexlegendsstatus.com/algs/Y4-Split1/EWC/Global/Overview,Y4-Split1,EWC,Global,Overview,,,https://apexlegendsstatus.com/algs/Y4-Split1/EWC/Global/Overview,overview,105,team_map_stats,Top 10 Teams,14,GaiminGladiators,7.4 (44%),7.1 (46.4%),84,8 (9.5%),
midseason_ewc_split1,ALGS Year 4 Midseason Playoffs / EWC,https://apexlegendsstatus.com/algs/Y4-Split1/EWC/Global/Overview,Y4-Split1,EWC,Global,Overview,,,https://apexlegendsstatus.com/algs/Y4-Split1/EWC/Global/Overview,overview,105,team_map_stats,Top 10 Teams,15,Aurora,6.5 (41.9%),6.7 (47.7%),77.5,8 (10.3%),
midseason_ewc_split1,ALGS Year 4 Midseason Playoffs / EWC,https://apexlegendsstatus.com/algs/Y4-Split1/EWC/Global/Overview,Y4-Split1,EWC,Global,Overview,,,https://apexlegendsstatus.com/algs/Y4-Split1/EWC/Global/Overview,overview,105,team_map_stats,Top 10 Teams,16,GHS PROFESSIONAL,5.8 (43.4%),3.8 (28.3%),26.5,7.5 (28.3%),
midseason_ewc_split1,ALGS Year 4 Midseason Playoffs / EWC,https://apexlegendsstatus.com/algs/Y4-Split1/EWC/Global/Overview,Y4-Split1,EWC,Global,Overview,,,https://apexlegendsstatus.com/algs/Y4-Split1/EWC/Global/Overview,overview,105,team_map_stats,Top 10 Teams,17,Ninjas in Pyjamas,2.5 (24.7%),3.8 (37%),27,10.3 (38.3%),
midseason_ewc_split1,ALGS Year 4 Midseason Playoffs / EWC,https://apexlegendsstatus.com/algs/Y4-Split1/EWC/Global/Overview,Y4-Split1,EWC,Global,Overview,,,https://apexlegendsstatus.com/algs/Y4-Split1/EWC/Global/Overview,overview,105,team_map_stats,Top 10 Teams,18,Disguised,4.5 (36.7%),5.9 (48%),32.7,5 (15.3%),
midseason_ewc_split1,ALGS Year 4 Midseason Playoffs / EWC,https://apexlegendsstatus.com/algs/Y4-Split1/EWC/Global/Overview,Y4-Split1,EWC,Global,Overview,,,https://apexlegendsstatus.com/algs/Y4-Split1/EWC/Global/Overview,overview,105,team_map_stats,Top 10 Teams,19,Crazy Raccoon,8 (64%),2.8 (22%),25,3.5 (14%),
midseason_ewc_split1,ALGS Year 4 Midseason Playoffs / EWC,https://apexlegendsstatus.com/algs/Y4-Split1/EWC/Global/Overview,Y4-Split1,EWC,Global,Overview,,,https://apexlegendsstatus.com/algs/Y4-Split1/EWC/Global/Overview,overview,105,team_map_stats,Top 10 Teams,20,Twisted Minds,9 (50.6%),7 (43.3%),89,5.5 (6.2%),
midseason_ewc_split1,ALGS Year 4 Midseason Playoffs / EWC,https://apexlegendsstatus.com/algs/Y4-Split1/EWC/Global/Overview,Y4-Split1,EWC,Global,Overview,,,https://apexlegendsstatus.com/algs/Y4-Split1/EWC/Global/Overview,overview,105,team_map_stats,Top 10 Teams,21,Natus Vincere,5.4 (52.4%),3.9 (37.8%),41,4 (9.8%),
midseason_ewc_split1,ALGS Year 4 Midseason Playoffs / EWC,https://apexlegendsstatus.com/algs/Y4-Split1/EWC/Global/Overview,Y4-Split1,EWC,Global,Overview,,,https://apexlegendsstatus.com/algs/Y4-Split1/EWC/Global/Overview,overview,105,team_map_stats,Top 10 Teams,22,TSM,7.9 (49.6%),6.9 (43.3%),63.5,4.5 (7.1%),
midseason_ewc_split1,ALGS Year 4 Midseason Playoffs / EWC,https://apexlegendsstatus.com/algs/Y4-Split1/EWC/Global/Overview,Y4-Split1,EWC,Global,Overview,,,https://apexlegendsstatus.com/algs/Y4-Split1/EWC/Global/Overview,overview,105,team_map_stats,Top 10 Teams,23,EXO Clan,6.2 (42.2%),7 (52.4%),147,8 (5.4%),
midseason_ewc_split1,ALGS Year 4 Midseason Playoffs / EWC,https://apexlegendsstatus.com/algs/Y4-Split1/EWC/Global/Overview,Y4-Split1,EWC,Global,Overview,,,https://apexlegendsstatus.com/algs/Y4-Split1/EWC/Global/Overview,overview,105,team_map_stats,Top 10 Teams,24,Dragons Esports,7.4 (68.5%),2.7 (27.8%),108,4 (3.7%),
midseason_ewc_split1,ALGS Year 4 Midseason Playoffs / EWC,https://apexlegendsstatus.com/algs/Y4-Split1/EWC/Global/Overview,Y4-Split1,EWC,Global,Overview,,,https://apexlegendsstatus.com/algs/Y4-Split1/EWC/Global/Overview,overview,105,team_map_stats,Top 10 Teams,25,Alliance,10.6 (51.7%),7.9 (42.4%),205,12 (5.9%),
midseason_ewc_split1,ALGS Year 4 Midseason Playoffs / EWC,https://apexlegendsstatus.com/algs/Y4-Split1/EWC/Global/Overview,Y4-Split1,EWC,Global,Overview,,,https://apexlegendsstatus.com/algs/Y4-Split1/EWC/Global/Overview,overview,105,team_map_stats,Top 10 Teams,26,FNATIC,3.2 (43.8%),3.4 (50.7%),73,4 (5.5%),
midseason_ewc_split1,ALGS Year 4 Midseason Playoffs / EWC,https://apexlegendsstatus.com/algs/Y4-Split1/EWC/Global/Overview,Y4-Split1,EWC,Global,Overview,,,https://apexlegendsstatus.com/algs/Y4-Split1/EWC/Global/Overview,overview,105,team_map_stats,Top 10 Teams,27,SpaceStation Gaming,6.2 (51.2%),4.9 (43.5%),85,4.5 (5.3%),
midseason_ewc_split1,ALGS Year 4 Midseason Playoffs / EWC,https://apexlegendsstatus.com/algs/Y4-Split1/EWC/Global/Overview,Y4-Split1,EWC,Global,Overview,,,https://apexlegendsstatus.com/algs/Y4-Split1/EWC/Global/Overview,overview,105,team_map_stats,Top 10 Teams,28,Elev8 x BLEED,10.3 (56.9%),6.8 (37.5%),72,4 (5.6%),
midseason_ewc_split1,ALGS Year 4 Midseason Playoffs / EWC,https://apexlegendsstatus.com/algs/Y4-Split1/EWC/Global/Overview,Y4-Split1,EWC,Global,Overview,,,https://apexlegendsstatus.com/algs/Y4-Split1/EWC/Global/Overview,overview,105,team_map_stats,Top 10 Teams,29,Mizuchi,4.4 (31.4%),8.6 (67.9%),140,1 (0.7%),
midseason_ewc_split1,ALGS Year 4 Midseason Playoffs / EWC,https://apexlegendsstatus.com/algs/Y4-Split1/EWC/Global/Overview,Y4-Split1,EWC,Global,Overview,,,https://apexlegendsstatus.com/algs/Y4-Split1/EWC/Global/Overview,overview,105,team_map_stats,Top 10 Teams,30,NRG,4 (46.4%),3.9 (44.9%),34.5,3 (8.7%),
midseason_ewc_split1,ALGS Year 4 Midseason Playoffs / EWC,https://apexlegendsstatus.com/algs/Y4-Split1/EWC/Global/Overview,Y4-Split1,EWC,Global,Overview,,,https://apexlegendsstatus.com/algs/Y4-Split1/EWC/Global/Overview,overview,105,team_map_stats,Top 10 Teams,31,RIDDLE ORDER,2.8 (52.4%),2 (38.1%),21,2 (9.5%),
midseason_ewc_split1,ALGS Year 4 Midseason Playoffs / EWC,https://apexlegendsstatus.com/algs/Y4-Split1/EWC/Global/Overview,Y4-Split1,EWC,Global,Overview,,,https://apexlegendsstatus.com/algs/Y4-Split1/EWC/Global/Overview,overview,105,team_map_stats,Top 10 Teams,32,Blacklist International,3.6 (41.4%),3.5 (43.7%),87,13 (14.9%),
midseason_ewc_split1,ALGS Year 4 Midseason Playoffs / EWC,https://apexlegendsstatus.com/algs/Y4-Split1/EWC/Global/Overview,Y4-Split1,EWC,Global,Overview,,,https://apexlegendsstatus.com/algs/Y4-Split1/EWC/Global/Overview,overview,105,team_map_stats,Top 10 Teams,33,HEROEZ,3 (33.8%),5.3 (59.2%),35.5,2.5 (7%),
midseason_ewc_split1,ALGS Year 4 Midseason Playoffs / EWC,https://apexlegendsstatus.com/algs/Y4-Split1/EWC/Global/Overview,Y4-Split1,EWC,Global,Overview,,,https://apexlegendsstatus.com/algs/Y4-Split1/EWC/Global/Overview,overview,105,team_map_stats,Top 10 Teams,34,Virtus.Pro,5.8 (42.2%),6.5 (47.7%),54.5,5.5 (10.1%),
midseason_ewc_split1,ALGS Year 4 Midseason Playoffs / EWC,https://apexlegendsstatus.com/algs/Y4-Split1/EWC/Global/Overview,Y4-Split1,EWC,Global,Overview,,,https://apexlegendsstatus.com/algs/Y4-Split1/EWC/Global/Overview,overview,105,team_map_stats,Top 10 Teams,35,NORTHEPTION,7.9 (61.2%),4 (31.1%),51.5,4 (7.8%),
midseason_ewc_split1,ALGS Year 4 Midseason Playoffs / EWC,https://apexlegendsstatus.com/algs/Y4-Split1/EWC/Global/Overview,Y4-Split1,EWC,Global,Overview,,,https://apexlegendsstatus.com/algs/Y4-Split1/EWC/Global/Overview,overview,105,team_map_stats,Top 10 Teams,36,HAO,4.3 (35.1%),5.8 (47.4%),48.5,8.5 (17.5%),
midseason_ewc_split1,ALGS Year 4 Midseason Playoffs / EWC,https://apexlegendsstatus.com/algs/Y4-Split1/EWC/Global/Overview,Y4-Split1,EWC,Global,Overview,,,https://apexlegendsstatus.com/algs/Y4-Split1/EWC/Global/Overview,overview,105,team_map_stats,Top 10 Teams,37,LGD GAMING,4.7 (43.9%),5.4 (55.1%),107,1 (0.9%),
midseason_ewc_split1,ALGS Year 4 Midseason Playoffs / EWC,https://apexlegendsstatus.com/algs/Y4-Split1/EWC/Global/Overview,Y4-Split1,EWC,Global,Overview,,,https://apexlegendsstatus.com/algs/Y4-Split1/EWC/Global/Overview,overview,105,team_map_stats,Top 10 Teams,38,DMS,6.3 (41.4%),8 (57.9%),152,1 (0.7%),
midseason_ewc_split1,ALGS Year 4 Midseason Playoffs / EWC,https://apexlegendsstatus.com/algs/Y4-Split1/EWC/Global/Overview,Y4-Split1,EWC,Global,Overview,,,https://apexlegendsstatus.com/algs/Y4-Split1/EWC/Global/Overview,overview,105,team_map_stats,Top 10 Teams,39,Weibo Gaming,2.5 (27.4%),3.5 (38.4%),36.5,12.5 (34.2%),
midseason_ewc_split1,ALGS Year 4 Midseason Playoffs / EWC,https://apexlegendsstatus.com/algs/Y4-Split1/EWC/Global/Overview,Y4-Split1,EWC,Global,Overview,,,https://apexlegendsstatus.com/algs/Y4-Split1/EWC/Global/Overview,overview,105,team_map_stats,Top 10 Teams,40,TIE,2.5 (31.7%),4.1 (52.4%),31.5,5 (15.9%),
midseason_ewc_split1,ALGS Year 4 Midseason Playoffs / EWC,https://apexlegendsstatus.com/algs/Y4-Split1/EWC/Global/Overview,Y4-Split1,EWC,Global,Overview,,,https://apexlegendsstatus.com/algs/Y4-Split1/EWC/Global/Overview,overview,105,team_map_stats,Top 10 Teams,41,Guild Esports,5 (29.6%),10.2 (66.3%),169,7 (4.1%),
midseason_ewc_split1,ALGS Year 4 Midseason Playoffs / EWC,https://apexlegendsstatus.com/algs/Y4-Split1/EWC/Global/Overview,Y4-Split1,EWC,Global,Overview,,,https://apexlegendsstatus.com/algs/Y4-Split1/EWC/Global/Overview,overview,105,team_map_stats,Top 10 Teams,42,Mkers,8 (76.2%),2.5 (23.8%),42,0 (0%),
midseason_ewc_split1,ALGS Year 4 Midseason Playoffs / EWC,https://apexlegendsstatus.com/algs/Y4-Split1/EWC/Global/Overview,Y4-Split1,EWC,Global,Overview,,,https://apexlegendsstatus.com/algs/Y4-Split1/EWC/Global/Overview,overview,105,team_map_stats,Top 10 Teams,43,CRAZY RACCOON,2.8 (26.8%),7.3 (70.7%),41,1 (2.4%),
midseason_ewc_split1,ALGS Year 4 Midseason Playoffs / EWC,https://apexlegendsstatus.com/algs/Y4-Split1/EWC/Global/Overview,Y4-Split1,EWC,Global,Overview,,,https://apexlegendsstatus.com/algs/Y4-Split1/EWC/Global/Overview,overview,105,team_map_stats,Top 10 Teams,44,GeeKay Esports,2.3 (20.9%),8.3 (76.7%),43,1 (2.3%),
midseason_ewc_split1,ALGS Year 4 Midseason Playoffs / EWC,https://apexlegendsstatus.com/algs/Y4-Split1/EWC/Global/Overview,Y4-Split1,EWC,Global,Overview,,,https://apexlegendsstatus.com/algs/Y4-Split1/EWC/Global/Overview,overview,105,team_map_stats,Top 10 Teams,45,GHS Professional,2.3 (37.8%),3.3 (62.2%),INF,NAN (0%),
midseason_ewc_split1,ALGS Year 4 Midseason Playoffs / EWC,https://apexlegendsstatus.com/algs/Y4-Split1/EWC/Global/Overview,Y4-Split1,EWC,Global,Overview,,,https://apexlegendsstatus.com/algs/Y4-Split1/EWC/Global/Overview,overview,105,team_map_stats,Top 10 Teams,46,Elev8 x Bleed,3.8 (32.4%),6.9 (67.6%),INF,NAN (0%),
midseason_ewc_split1,ALGS Year 4 Midseason Playoffs / EWC,https://apexlegendsstatus.com/algs/Y4-Split1/EWC/Global/Overview,Y4-Split1,EWC,Global,Overview,,,https://apexlegendsstatus.com/algs/Y4-Split1/EWC/Global/Overview,overview,106,team_map_stats,Top 10 Teams,1,GEEKAY ESPORTS,1 (1.1%),1 (1.1%),2 (1%),0 (0%),
midseason_ewc_split1,ALGS Year 4 Midseason Playoffs / EWC,https://apexlegendsstatus.com/algs/Y4-Split1/EWC/Global/Overview,Y4-Split1,EWC,Global,Overview,,,https://apexlegendsstatus.com/algs/Y4-Split1/EWC/Global/Overview,overview,106,team_map_stats,Top 10 Teams,2,Team Falcons,4 (4.4%),6 (6.3%),12 (5.9%),2 (10%),
midseason_ewc_split1,ALGS Year 4 Midseason Playoffs / EWC,https://apexlegendsstatus.com/algs/Y4-Split1/EWC/Global/Overview,Y4-Split1,EWC,Global,Overview,,,https://apexlegendsstatus.com/algs/Y4-Split1/EWC/Global/Overview,overview,106,team_map_stats,Top 10 Teams,3,Red Rams,2 (2.2%),2 (2.1%),4 (2%),0 (0%),
midseason_ewc_split1,ALGS Year 4 Midseason Playoffs / EWC,https://apexlegendsstatus.com/algs/Y4-Split1/EWC/Global/Overview,Y4-Split1,EWC,Global,Overview,,,https://apexlegendsstatus.com/algs/Y4-Split1/EWC/Global/Overview,overview,106,team_map_stats,Top 10 Teams,4,Reject Winnity,0 (0%),1 (1.1%),1 (0.5%),0 (0%),
midseason_ewc_split1,ALGS Year 4 Midseason Playoffs / EWC,https://apexlegendsstatus.com/algs/Y4-Split1/EWC/Global/Overview,Y4-Split1,EWC,Global,Overview,,,https://apexlegendsstatus.com/algs/Y4-Split1/EWC/Global/Overview,overview,106,team_map_stats,Top 10 Teams,5,FaZe,5 (5.6%),2 (2.1%),8 (3.9%),1 (5%),
midseason_ewc_split1,ALGS Year 4 Midseason Playoffs / EWC,https://apexlegendsstatus.com/algs/Y4-Split1/EWC/Global/Overview,Y4-Split1,EWC,Global,Overview,,,https://apexlegendsstatus.com/algs/Y4-Split1/EWC/Global/Overview,overview,106,team_map_stats,Top 10 Teams,6,E-XOLOS LAZER,3 (3.3%),0 (0%),3 (1.5%),0 (0%),
midseason_ewc_split1,ALGS Year 4 Midseason Playoffs / EWC,https://apexlegendsstatus.com/algs/Y4-Split1/EWC/Global/Overview,Y4-Split1,EWC,Global,Overview,,,https://apexlegendsstatus.com/algs/Y4-Split1/EWC/Global/Overview,overview,106,team_map_stats,Top 10 Teams,7,Luminosity Gaming,3 (3.3%),6 (6.3%),10 (4.9%),1 (5%),
midseason_ewc_split1,ALGS Year 4 Midseason Playoffs / EWC,https://apexlegendsstatus.com/algs/Y4-Split1/EWC/Global/Overview,Y4-Split1,EWC,Global,Overview,,,https://apexlegendsstatus.com/algs/Y4-Split1/EWC/Global/Overview,overview,106,team_map_stats,Top 10 Teams,8,Evos Esports,1 (1.1%),1 (1.1%),2 (1%),0 (0%),
midseason_ewc_split1,ALGS Year 4 Midseason Playoffs / EWC,https://apexlegendsstatus.com/algs/Y4-Split1/EWC/Global/Overview,Y4-Split1,EWC,Global,Overview,,,https://apexlegendsstatus.com/algs/Y4-Split1/EWC/Global/Overview,overview,106,team_map_stats,Top 10 Teams,9,GUILD ESPORTS,0 (0%),1 (1.1%),2 (1%),1 (5%),
midseason_ewc_split1,ALGS Year 4 Midseason Playoffs / EWC,https://apexlegendsstatus.com/algs/Y4-Split1/EWC/Global/Overview,Y4-Split1,EWC,Global,Overview,,,https://apexlegendsstatus.com/algs/Y4-Split1/EWC/Global/Overview,overview,106,team_map_stats,Top 10 Teams,10,MKERS,1 (1.1%),0 (0%),2 (1%),1 (5%),
midseason_ewc_split1,ALGS Year 4 Midseason Playoffs / EWC,https://apexlegendsstatus.com/algs/Y4-Split1/EWC/Global/Overview,Y4-Split1,EWC,Global,Overview,,,https://apexlegendsstatus.com/algs/Y4-Split1/EWC/Global/Overview,overview,106,team_map_stats,Top 10 Teams,11,Team Liquid,5 (5.6%),3 (3.2%),9 (4.4%),1 (5%),
midseason_ewc_split1,ALGS Year 4 Midseason Playoffs / EWC,https://apexlegendsstatus.com/algs/Y4-Split1/EWC/Global/Overview,Y4-Split1,EWC,Global,Overview,,,https://apexlegendsstatus.com/algs/Y4-Split1/EWC/Global/Overview,overview,106,team_map_stats,Top 10 Teams,12,FENNEL,0 (0%),1 (1.1%),2 (1%),1 (5%),
midseason_ewc_split1,ALGS Year 4 Midseason Playoffs / EWC,https://apexlegendsstatus.com/algs/Y4-Split1/EWC/Global/Overview,Y4-Split1,EWC,Global,Overview,,,https://apexlegendsstatus.com/algs/Y4-Split1/EWC/Global/Overview,overview,106,team_map_stats,Top 10 Teams,13,Pioneers,3 (3.3%),2 (2.1%),5 (2.4%),0 (0%),
midseason_ewc_split1,ALGS Year 4 Midseason Playoffs / EWC,https://apexlegendsstatus.com/algs/Y4-Split1/EWC/Global/Overview,Y4-Split1,EWC,Global,Overview,,,https://apexlegendsstatus.com/algs/Y4-Split1/EWC/Global/Overview,overview,106,team_map_stats,Top 10 Teams,14,GaiminGladiators,4 (4.4%),3 (3.2%),8 (3.9%),1 (5%),
midseason_ewc_split1,ALGS Year 4 Midseason Playoffs / EWC,https://apexlegendsstatus.com/algs/Y4-Split1/EWC/Global/Overview,Y4-Split1,EWC,Global,Overview,,,https://apexlegendsstatus.com/algs/Y4-Split1/EWC/Global/Overview,overview,106,team_map_stats,Top 10 Teams,15,Aurora,2 (2.2%),4 (4.2%),6 (2.9%),0 (0%),
midseason_ewc_split1,ALGS Year 4 Midseason Playoffs / EWC,https://apexlegendsstatus.com/algs/Y4-Split1/EWC/Global/Overview,Y4-Split1,EWC,Global,Overview,,,https://apexlegendsstatus.com/algs/Y4-Split1/EWC/Global/Overview,overview,106,team_map_stats,Top 10 Teams,16,GHS PROFESSIONAL,1 (1.1%),0 (0%),2 (1%),1 (5%),
midseason_ewc_split1,ALGS Year 4 Midseason Playoffs / EWC,https://apexlegendsstatus.com/algs/Y4-Split1/EWC/Global/Overview,Y4-Split1,EWC,Global,Overview,,,https://apexlegendsstatus.com/algs/Y4-Split1/EWC/Global/Overview,overview,106,team_map_stats,Top 10 Teams,17,Ninjas in Pyjamas,1 (1.1%),1 (1.1%),4 (2%),2 (10%),
midseason_ewc_split1,ALGS Year 4 Midseason Playoffs / EWC,https://apexlegendsstatus.com/algs/Y4-Split1/EWC/Global/Overview,Y4-Split1,EWC,Global,Overview,,,https://apexlegendsstatus.com/algs/Y4-Split1/EWC/Global/Overview,overview,106,team_map_stats,Top 10 Teams,18,Disguised,0 (0%),2 (2.1%),3 (1.5%),1 (5%),
midseason_ewc_split1,ALGS Year 4 Midseason Playoffs / EWC,https://apexlegendsstatus.com/algs/Y4-Split1/EWC/Global/Overview,Y4-Split1,EWC,Global,Overview,,,https://apexlegendsstatus.com/algs/Y4-Split1/EWC/Global/Overview,overview,106,team_map_stats,Top 10 Teams,19,Crazy Raccoon,1 (1.1%),0 (0%),1 (0.5%),0 (0%),
midseason_ewc_split1,ALGS Year 4 Midseason Playoffs / EWC,https://apexlegendsstatus.com/algs/Y4-Split1/EWC/Global/Overview,Y4-Split1,EWC,Global,Overview,,,https://apexlegendsstatus.com/algs/Y4-Split1/EWC/Global/Overview,overview,106,team_map_stats,Top 10 Teams,20,Twisted Minds,4 (4.4%),3 (3.2%),7 (3.4%),0 (0%),
midseason_ewc_split1,ALGS Year 4 Midseason Playoffs / EWC,https://apexlegendsstatus.com/algs/Y4-Split1/EWC/Global/Overview,Y4-Split1,EWC,Global,Overview,,,https://apexlegendsstatus.com/algs/Y4-Split1/EWC/Global/Overview,overview,106,team_map_stats,Top 10 Teams,21,Natus Vincere,1 (1.1%),1 (1.1%),2 (1%),0 (0%),
midseason_ewc_split1,ALGS Year 4 Midseason Playoffs / EWC,https://apexlegendsstatus.com/algs/Y4-Split1/EWC/Global/Overview,Y4-Split1,EWC,Global,Overview,,,https://apexlegendsstatus.com/algs/Y4-Split1/EWC/Global/Overview,overview,106,team_map_stats,Top 10 Teams,22,TSM,3 (3.3%),2 (2.1%),6 (2.9%),1 (5%),
midseason_ewc_split1,ALGS Year 4 Midseason Playoffs / EWC,https://apexlegendsstatus.com/algs/Y4-Split1/EWC/Global/Overview,Y4-Split1,EWC,Global,Overview,,,https://apexlegendsstatus.com/algs/Y4-Split1/EWC/Global/Overview,overview,106,team_map_stats,Top 10 Teams,23,EXO Clan,2 (2.2%),3 (3.2%),5 (2.4%),0 (0%),
midseason_ewc_split1,ALGS Year 4 Midseason Playoffs / EWC,https://apexlegendsstatus.com/algs/Y4-Split1/EWC/Global/Overview,Y4-Split1,EWC,Global,Overview,,,https://apexlegendsstatus.com/algs/Y4-Split1/EWC/Global/Overview,overview,106,team_map_stats,Top 10 Teams,24,Dragons Esports,3 (3.3%),1 (1.1%),4 (2%),0 (0%),
midseason_ewc_split1,ALGS Year 4 Midseason Playoffs / EWC,https://apexlegendsstatus.com/algs/Y4-Split1/EWC/Global/Overview,Y4-Split1,EWC,Global,Overview,,,https://apexlegendsstatus.com/algs/Y4-Split1/EWC/Global/Overview,overview,106,team_map_stats,Top 10 Teams,25,Alliance,5 (5.6%),5 (5.3%),11 (5.4%),1 (5%),
midseason_ewc_split1,ALGS Year 4 Midseason Playoffs / EWC,https://apexlegendsstatus.com/algs/Y4-Split1/EWC/Global/Overview,Y4-Split1,EWC,Global,Overview,,,https://apexlegendsstatus.com/algs/Y4-Split1/EWC/Global/Overview,overview,106,team_map_stats,Top 10 Teams,26,FNATIC,1 (1.1%),2 (2.1%),3 (1.5%),0 (0%),
midseason_ewc_split1,ALGS Year 4 Midseason Playoffs / EWC,https://apexlegendsstatus.com/algs/Y4-Split1/EWC/Global/Overview,Y4-Split1,EWC,Global,Overview,,,https://apexlegendsstatus.com/algs/Y4-Split1/EWC/Global/Overview,overview,106,team_map_stats,Top 10 Teams,27,SpaceStation Gaming,2 (2.2%),4 (4.2%),6 (2.9%),0 (0%),
midseason_ewc_split1,ALGS Year 4 Midseason Playoffs / EWC,https://apexlegendsstatus.com/algs/Y4-Split1/EWC/Global/Overview,Y4-Split1,EWC,Global,Overview,,,https://apexlegendsstatus.com/algs/Y4-Split1/EWC/Global/Overview,overview,106,team_map_stats,Top 10 Teams,28,Elev8 x BLEED,1 (1.1%),1 (1.1%),2 (1%),0 (0%),
midseason_ewc_split1,ALGS Year 4 Midseason Playoffs / EWC,https://apexlegendsstatus.com/algs/Y4-Split1/EWC/Global/Overview,Y4-Split1,EWC,Global,Overview,,,https://apexlegendsstatus.com/algs/Y4-Split1/EWC/Global/Overview,overview,106,team_map_stats,Top 10 Teams,29,Mizuchi,3 (3.3%),5 (5.3%),8 (3.9%),0 (0%),
midseason_ewc_split1,ALGS Year 4 Midseason Playoffs / EWC,https://apexlegendsstatus.com/algs/Y4-Split1/EWC/Global/Overview,Y4-Split1,EWC,Global,Overview,,,https://apexlegendsstatus.com/algs/Y4-Split1/EWC/Global/Overview,overview,106,team_map_stats,Top 10 Teams,30,NRG,3 (3.3%),0 (0%),4 (2%),1 (5%),
midseason_ewc_split1,ALGS Year 4 Midseason Playoffs / EWC,https://apexlegendsstatus.com/algs/Y4-Split1/EWC/Global/Overview,Y4-Split1,EWC,Global,Overview,,,https://apexlegendsstatus.com/algs/Y4-Split1/EWC/Global/Overview,overview,106,team_map_stats,Top 10 Teams,31,RIDDLE ORDER,0 (0%),0 (0%),0 (0%),0 (0%),
midseason_ewc_split1,ALGS Year 4 Midseason Playoffs / EWC,https://apexlegendsstatus.com/algs/Y4-Split1/EWC/Global/Overview,Y4-Split1,EWC,Global,Overview,,,https://apexlegendsstatus.com/algs/Y4-Split1/EWC/Global/Overview,overview,106,team_map_stats,Top 10 Teams,32,Blacklist International,2 (2.2%),2 (2.1%),5 (2.4%),1 (5%),
midseason_ewc_split1,ALGS Year 4 Midseason Playoffs / EWC,https://apexlegendsstatus.com/algs/Y4-Split1/EWC/Global/Overview,Y4-Split1,EWC,Global,Overview,,,https://apexlegendsstatus.com/algs/Y4-Split1/EWC/Global/Overview,overview,106,team_map_stats,Top 10 Teams,33,HEROEZ,1 (1.1%),3 (3.2%),4 (2%),0 (0%),
midseason_ewc_split1,ALGS Year 4 Midseason Playoffs / EWC,https://apexlegendsstatus.com/algs/Y4-Split1/EWC/Global/Overview,Y4-Split1,EWC,Global,Overview,,,https://apexlegendsstatus.com/algs/Y4-Split1/EWC/Global/Overview,overview,106,team_map_stats,Top 10 Teams,34,Virtus.Pro,3 (3.3%),2 (2.1%),5 (2.4%),0 (0%),
midseason_ewc_split1,ALGS Year 4 Midseason Playoffs / EWC,https://apexlegendsstatus.com/algs/Y4-Split1/EWC/Global/Overview,Y4-Split1,EWC,Global,Overview,,,https://apexlegendsstatus.com/algs/Y4-Split1/EWC/Global/Overview,overview,106,team_map_stats,Top 10 Teams,35,NORTHEPTION,5 (5.6%),1 (1.1%),6 (2.9%),0 (0%),
midseason_ewc_split1,ALGS Year 4 Midseason Playoffs / EWC,https://apexlegendsstatus.com/algs/Y4-Split1/EWC/Global/Overview,Y4-Split1,EWC,Global,Overview,,,https://apexlegendsstatus.com/algs/Y4-Split1/EWC/Global/Overview,overview,106,team_map_stats,Top 10 Teams,36,HAO,1 (1.1%),1 (1.1%),3 (1.5%),1 (5%),
midseason_ewc_split1,ALGS Year 4 Midseason Playoffs / EWC,https://apexlegendsstatus.com/algs/Y4-Split1/EWC/Global/Overview,Y4-Split1,EWC,Global,Overview,,,https://apexlegendsstatus.com/algs/Y4-Split1/EWC/Global/Overview,overview,106,team_map_stats,Top 10 Teams,37,LGD GAMING,1 (1.1%),3 (3.2%),4 (2%),0 (0%),
midseason_ewc_split1,ALGS Year 4 Midseason Playoffs / EWC,https://apexlegendsstatus.com/algs/Y4-Split1/EWC/Global/Overview,Y4-Split1,EWC,Global,Overview,,,https://apexlegendsstatus.com/algs/Y4-Split1/EWC/Global/Overview,overview,106,team_map_stats,Top 10 Teams,38,DMS,4 (4.4%),5 (5.3%),9 (4.4%),0 (0%),
midseason_ewc_split1,ALGS Year 4 Midseason Playoffs / EWC,https://apexlegendsstatus.com/algs/Y4-Split1/EWC/Global/Overview,Y4-Split1,EWC,Global,Overview,,,https://apexlegendsstatus.com/algs/Y4-Split1/EWC/Global/Overview,overview,106,team_map_stats,Top 10 Teams,39,Weibo Gaming,0 (0%),1 (1.1%),2 (1%),1 (5%),
midseason_ewc_split1,ALGS Year 4 Midseason Playoffs / EWC,https://apexlegendsstatus.com/algs/Y4-Split1/EWC/Global/Overview,Y4-Split1,EWC,Global,Overview,,,https://apexlegendsstatus.com/algs/Y4-Split1/EWC/Global/Overview,overview,106,team_map_stats,Top 10 Teams,40,TIE,1 (1.1%),2 (2.1%),3 (1.5%),0 (0%),
midseason_ewc_split1,ALGS Year 4 Midseason Playoffs / EWC,https://apexlegendsstatus.com/algs/Y4-Split1/EWC/Global/Overview,Y4-Split1,EWC,Global,Overview,,,https://apexlegendsstatus.com/algs/Y4-Split1/EWC/Global/Overview,overview,106,team_map_stats,Top 10 Teams,41,Guild Esports,4 (4.4%),6 (6.3%),11 (5.4%),1 (5%),
midseason_ewc_split1,ALGS Year 4 Midseason Playoffs / EWC,https://apexlegendsstatus.com/algs/Y4-Split1/EWC/Global/Overview,Y4-Split1,EWC,Global,Overview,,,https://apexlegendsstatus.com/algs/Y4-Split1/EWC/Global/Overview,overview,106,team_map_stats,Top 10 Teams,42,Mkers,1 (1.1%),0 (0%),1 (0.5%),0 (0%),
midseason_ewc_split1,ALGS Year 4 Midseason Playoffs / EWC,https://apexlegendsstatus.com/algs/Y4-Split1/EWC/Global/Overview,Y4-Split1,EWC,Global,Overview,,,https://apexlegendsstatus.com/algs/Y4-Split1/EWC/Global/Overview,overview,106,team_map_stats,Top 10 Teams,43,CRAZY RACCOON,0 (0%),1 (1.1%),1 (0.5%),0 (0%),
midseason_ewc_split1,ALGS Year 4 Midseason Playoffs / EWC,https://apexlegendsstatus.com/algs/Y4-Split1/EWC/Global/Overview,Y4-Split1,EWC,Global,Overview,,,https://apexlegendsstatus.com/algs/Y4-Split1/EWC/Global/Overview,overview,106,team_map_stats,Top 10 Teams,44,GeeKay Esports,0 (0%),2 (2.1%),2 (1%),0 (0%),
midseason_ewc_split1,ALGS Year 4 Midseason Playoffs / EWC,https://apexlegendsstatus.com/algs/Y4-Split1/EWC/Global/Overview,Y4-Split1,EWC,Global,Overview,,,https://apexlegendsstatus.com/algs/Y4-Split1/EWC/Global/Overview,overview,106,team_map_stats,Top 10 Teams,45,GHS Professional,1 (1.1%),1 (1.1%),2 (1%),0 (0%),
midseason_ewc_split1,ALGS Year 4 Midseason Playoffs / EWC,https://apexlegendsstatus.com/algs/Y4-Split1/EWC/Global/Overview,Y4-Split1,EWC,Global,Overview,,,https://apexlegendsstatus.com/algs/Y4-Split1/EWC/Global/Overview,overview,106,team_map_stats,Top 10 Teams,46,Elev8 x Bleed,1 (1.1%),2 (2.1%),3 (1.5%),0 (0%),
playoffs_split2,ALGS Year 4 Split 2 Playoffs,https://apexlegendsstatus.com/algs/Y4-Split2/ALGS-Playoffs/Global/Overview,Y4-Split2,ALGS-Playoffs,Global,Overview,,,https://apexlegendsstatus.com/algs/Y4-Split2/ALGS-Playoffs/Global/Overview,overview,88,team_map_stats,Scores,1,ENTER FORCE.36,73 (37.2%),123 (62.8%),196,,
playoffs_split2,ALGS Year 4 Split 2 Playoffs,https://apexlegendsstatus.com/algs/Y4-Split2/ALGS-Playoffs/Global/Overview,Y4-Split2,ALGS-Playoffs,Global,Overview,,,https://apexlegendsstatus.com/algs/Y4-Split2/ALGS-Playoffs/Global/Overview,overview,88,team_map_stats,Scores,2,DreamFire,111 (55.5%),89 (44.5%),200,,
playoffs_split2,ALGS Year 4 Split 2 Playoffs,https://apexlegendsstatus.com/algs/Y4-Split2/ALGS-Playoffs/Global/Overview,Y4-Split2,ALGS-Playoffs,Global,Overview,,,https://apexlegendsstatus.com/algs/Y4-Split2/ALGS-Playoffs/Global/Overview,overview,88,team_map_stats,Scores,3,XNY,39 (72.2%),15 (27.8%),54,,
playoffs_split2,ALGS Year 4 Split 2 Playoffs,https://apexlegendsstatus.com/algs/Y4-Split2/ALGS-Playoffs/Global/Overview,Y4-Split2,ALGS-Playoffs,Global,Overview,,,https://apexlegendsstatus.com/algs/Y4-Split2/ALGS-Playoffs/Global/Overview,overview,88,team_map_stats,Scores,4,HAO,98 (74.2%),34 (25.8%),132,,
playoffs_split2,ALGS Year 4 Split 2 Playoffs,https://apexlegendsstatus.com/algs/Y4-Split2/ALGS-Playoffs/Global/Overview,Y4-Split2,ALGS-Playoffs,Global,Overview,,,https://apexlegendsstatus.com/algs/Y4-Split2/ALGS-Playoffs/Global/Overview,overview,88,team_map_stats,Scores,5,LG,131 (64.5%),72 (35.5%),203,,
playoffs_split2,ALGS Year 4 Split 2 Playoffs,https://apexlegendsstatus.com/algs/Y4-Split2/ALGS-Playoffs/Global/Overview,Y4-Split2,ALGS-Playoffs,Global,Overview,,,https://apexlegendsstatus.com/algs/Y4-Split2/ALGS-Playoffs/Global/Overview,overview,88,team_map_stats,Scores,6,Team Falcons,103 (48.4%),110 (51.6%),213,,
playoffs_split2,ALGS Year 4 Split 2 Playoffs,https://apexlegendsstatus.com/algs/Y4-Split2/ALGS-Playoffs/Global/Overview,Y4-Split2,ALGS-Playoffs,Global,Overview,,,https://apexlegendsstatus.com/algs/Y4-Split2/ALGS-Playoffs/Global/Overview,overview,88,team_map_stats,Scores,7,FNATIC,136 (54.2%),115 (45.8%),251,,
playoffs_split2,ALGS Year 4 Split 2 Playoffs,https://apexlegendsstatus.com/algs/Y4-Split2/ALGS-Playoffs/Global/Overview,Y4-Split2,ALGS-Playoffs,Global,Overview,,,https://apexlegendsstatus.com/algs/Y4-Split2/ALGS-Playoffs/Global/Overview,overview,88,team_map_stats,Scores,8,GUILD,125 (45.8%),148 (54.2%),273,,
playoffs_split2,ALGS Year 4 Split 2 Playoffs,https://apexlegendsstatus.com/algs/Y4-Split2/ALGS-Playoffs/Global/Overview,Y4-Split2,ALGS-Playoffs,Global,Overview,,,https://apexlegendsstatus.com/algs/Y4-Split2/ALGS-Playoffs/Global/Overview,overview,88,team_map_stats,Scores,9,NRG,115 (52.8%),103 (47.2%),218,,
playoffs_split2,ALGS Year 4 Split 2 Playoffs,https://apexlegendsstatus.com/algs/Y4-Split2/ALGS-Playoffs/Global/Overview,Y4-Split2,ALGS-Playoffs,Global,Overview,,,https://apexlegendsstatus.com/algs/Y4-Split2/ALGS-Playoffs/Global/Overview,overview,88,team_map_stats,Scores,10,SSG,96 (39.2%),149 (60.8%),245,,
playoffs_split2,ALGS Year 4 Split 2 Playoffs,https://apexlegendsstatus.com/algs/Y4-Split2/ALGS-Playoffs/Global/Overview,Y4-Split2,ALGS-Playoffs,Global,Overview,,,https://apexlegendsstatus.com/algs/Y4-Split2/ALGS-Playoffs/Global/Overview,overview,88,team_map_stats,Scores,11,GHS Professional,41 (48.8%),43 (51.2%),84,,
playoffs_split2,ALGS Year 4 Split 2 Playoffs,https://apexlegendsstatus.com/algs/Y4-Split2/ALGS-Playoffs/Global/Overview,Y4-Split2,ALGS-Playoffs,Global,Overview,,,https://apexlegendsstatus.com/algs/Y4-Split2/ALGS-Playoffs/Global/Overview,overview,88,team_map_stats,Scores,12,STRIDERZ,36 (69.2%),16 (30.8%),52,,
playoffs_split2,ALGS Year 4 Split 2 Playoffs,https://apexlegendsstatus.com/algs/Y4-Split2/ALGS-Playoffs/Global/Overview,Y4-Split2,ALGS-Playoffs,Global,Overview,,,https://apexlegendsstatus.com/algs/Y4-Split2/ALGS-Playoffs/Global/Overview,overview,88,team_map_stats,Scores,13,Not Moist,144 (44.2%),182 (55.8%),326,,
playoffs_split2,ALGS Year 4 Split 2 Playoffs,https://apexlegendsstatus.com/algs/Y4-Split2/ALGS-Playoffs/Global/Overview,Y4-Split2,ALGS-Playoffs,Global,Overview,,,https://apexlegendsstatus.com/algs/Y4-Split2/ALGS-Playoffs/Global/Overview,overview,88,team_map_stats,Scores,14,Liquid Alienware,76 (43.2%),100 (56.8%),176,,
playoffs_split2,ALGS Year 4 Split 2 Playoffs,https://apexlegendsstatus.com/algs/Y4-Split2/ALGS-Playoffs/Global/Overview,Y4-Split2,ALGS-Playoffs,Global,Overview,,,https://apexlegendsstatus.com/algs/Y4-Split2/ALGS-Playoffs/Global/Overview,overview,88,team_map_stats,Scores,15,shadow3690,77 (50.3%),76 (49.7%),153,,
playoffs_split2,ALGS Year 4 Split 2 Playoffs,https://apexlegendsstatus.com/algs/Y4-Split2/ALGS-Playoffs/Global/Overview,Y4-Split2,ALGS-Playoffs,Global,Overview,,,https://apexlegendsstatus.com/algs/Y4-Split2/ALGS-Playoffs/Global/Overview,overview,88,team_map_stats,Scores,16,FaZe,45 (50%),45 (50%),90,,
playoffs_split2,ALGS Year 4 Split 2 Playoffs,https://apexlegendsstatus.com/algs/Y4-Split2/ALGS-Playoffs/Global/Overview,Y4-Split2,ALGS-Playoffs,Global,Overview,,,https://apexlegendsstatus.com/algs/Y4-Split2/ALGS-Playoffs/Global/Overview,overview,88,team_map_stats,Scores,17,Natus Vincere,115 (54.5%),96 (45.5%),211,,
playoffs_split2,ALGS Year 4 Split 2 Playoffs,https://apexlegendsstatus.com/algs/Y4-Split2/ALGS-Playoffs/Global/Overview,Y4-Split2,ALGS-Playoffs,Global,Overview,,,https://apexlegendsstatus.com/algs/Y4-Split2/ALGS-Playoffs/Global/Overview,overview,88,team_map_stats,Scores,18,E-Xolos LAZER,102 (53.4%),89 (46.6%),191,,
playoffs_split2,ALGS Year 4 Split 2 Playoffs,https://apexlegendsstatus.com/algs/Y4-Split2/ALGS-Playoffs/Global/Overview,Y4-Split2,ALGS-Playoffs,Global,Overview,,,https://apexlegendsstatus.com/algs/Y4-Split2/ALGS-Playoffs/Global/Overview,overview,88,team_map_stats,Scores,19,Alliance,85 (29.5%),203 (70.5%),288,,
playoffs_split2,ALGS Year 4 Split 2 Playoffs,https://apexlegendsstatus.com/algs/Y4-Split2/ALGS-Playoffs/Global/Overview,Y4-Split2,ALGS-Playoffs,Global,Overview,,,https://apexlegendsstatus.com/algs/Y4-Split2/ALGS-Playoffs/Global/Overview,overview,88,team_map_stats,Scores,20,FA KIDS,62 (62%),38 (38%),100,,
playoffs_split2,ALGS Year 4 Split 2 Playoffs,https://apexlegendsstatus.com/algs/Y4-Split2/ALGS-Playoffs/Global/Overview,Y4-Split2,ALGS-Playoffs,Global,Overview,,,https://apexlegendsstatus.com/algs/Y4-Split2/ALGS-Playoffs/Global/Overview,overview,88,team_map_stats,Scores,21,Team 8,(0%),4 (100%),4,,
playoffs_split2,ALGS Year 4 Split 2 Playoffs,https://apexlegendsstatus.com/algs/Y4-Split2/ALGS-Playoffs/Global/Overview,Y4-Split2,ALGS-Playoffs,Global,Overview,,,https://apexlegendsstatus.com/algs/Y4-Split2/ALGS-Playoffs/Global/Overview,overview,88,team_map_stats,Scores,22,SSE-Xray,46 (53.5%),40 (46.5%),86,,
playoffs_split2,ALGS Year 4 Split 2 Playoffs,https://apexlegendsstatus.com/algs/Y4-Split2/ALGS-Playoffs/Global/Overview,Y4-Split2,ALGS-Playoffs,Global,Overview,,,https://apexlegendsstatus.com/algs/Y4-Split2/ALGS-Playoffs/Global/Overview,overview,88,team_map_stats,Scores,23,FENNEL,52 (55.3%),42 (44.7%),94,,
playoffs_split2,ALGS Year 4 Split 2 Playoffs,https://apexlegendsstatus.com/algs/Y4-Split2/ALGS-Playoffs/Global/Overview,Y4-Split2,ALGS-Playoffs,Global,Overview,,,https://apexlegendsstatus.com/algs/Y4-Split2/ALGS-Playoffs/Global/Overview,overview,88,team_map_stats,Scores,24,GoNext Esports,78 (52.7%),70 (47.3%),148,,
playoffs_split2,ALGS Year 4 Split 2 Playoffs,https://apexlegendsstatus.com/algs/Y4-Split2/ALGS-Playoffs/Global/Overview,Y4-Split2,ALGS-Playoffs,Global,Overview,,,https://apexlegendsstatus.com/algs/Y4-Split2/ALGS-Playoffs/Global/Overview,overview,88,team_map_stats,Scores,25,Noctem Scan,89 (41%),128 (59%),217,,
playoffs_split2,ALGS Year 4 Split 2 Playoffs,https://apexlegendsstatus.com/algs/Y4-Split2/ALGS-Playoffs/Global/Overview,Y4-Split2,ALGS-Playoffs,Global,Overview,,,https://apexlegendsstatus.com/algs/Y4-Split2/ALGS-Playoffs/Global/Overview,overview,88,team_map_stats,Scores,26,VK GAMING,112 (55.4%),90 (44.6%),202,,
playoffs_split2,ALGS Year 4 Split 2 Playoffs,https://apexlegendsstatus.com/algs/Y4-Split2/ALGS-Playoffs/Global/Overview,Y4-Split2,ALGS-Playoffs,Global,Overview,,,https://apexlegendsstatus.com/algs/Y4-Split2/ALGS-Playoffs/Global/Overview,overview,88,team_map_stats,Scores,27,MKERS,73 (42%),101 (58%),174,,
playoffs_split2,ALGS Year 4 Split 2 Playoffs,https://apexlegendsstatus.com/algs/Y4-Split2/ALGS-Playoffs/Global/Overview,Y4-Split2,ALGS-Playoffs,Global,Overview,,,https://apexlegendsstatus.com/algs/Y4-Split2/ALGS-Playoffs/Global/Overview,overview,88,team_map_stats,Scores,28,REJECT WINNITYJP,59 (50%),59 (50%),118,,
playoffs_split2,ALGS Year 4 Split 2 Playoffs,https://apexlegendsstatus.com/algs/Y4-Split2/ALGS-Playoffs/Global/Overview,Y4-Split2,ALGS-Playoffs,Global,Overview,,,https://apexlegendsstatus.com/algs/Y4-Split2/ALGS-Playoffs/Global/Overview,overview,88,team_map_stats,Scores,29,GaiminGladiators,120 (38.5%),192 (61.5%),312,,
playoffs_split2,ALGS Year 4 Split 2 Playoffs,https://apexlegendsstatus.com/algs/Y4-Split2/ALGS-Playoffs/Global/Overview,Y4-Split2,ALGS-Playoffs,Global,Overview,,,https://apexlegendsstatus.com/algs/Y4-Split2/ALGS-Playoffs/Global/Overview,overview,88,team_map_stats,Scores,30,TSM,147 (52.7%),132 (47.3%),279,,
playoffs_split2,ALGS Year 4 Split 2 Playoffs,https://apexlegendsstatus.com/algs/Y4-Split2/ALGS-Playoffs/Global/Overview,Y4-Split2,ALGS-Playoffs,Global,Overview,,,https://apexlegendsstatus.com/algs/Y4-Split2/ALGS-Playoffs/Global/Overview,overview,88,team_map_stats,Scores,31,Exo Clan,76 (36.9%),130 (63.1%),206,,
playoffs_split2,ALGS Year 4 Split 2 Playoffs,https://apexlegendsstatus.com/algs/Y4-Split2/ALGS-Playoffs/Global/Overview,Y4-Split2,ALGS-Playoffs,Global,Overview,,,https://apexlegendsstatus.com/algs/Y4-Split2/ALGS-Playoffs/Global/Overview,overview,88,team_map_stats,Scores,32,Pioneers,44 (40%),66 (60%),110,,
playoffs_split2,ALGS Year 4 Split 2 Playoffs,https://apexlegendsstatus.com/algs/Y4-Split2/ALGS-Playoffs/Global/Overview,Y4-Split2,ALGS-Playoffs,Global,Overview,,,https://apexlegendsstatus.com/algs/Y4-Split2/ALGS-Playoffs/Global/Overview,overview,88,team_map_stats,Scores,33,Legends Gaming,75 (46.6%),86 (53.4%),161,,
playoffs_split2,ALGS Year 4 Split 2 Playoffs,https://apexlegendsstatus.com/algs/Y4-Split2/ALGS-Playoffs/Global/Overview,Y4-Split2,ALGS-Playoffs,Global,Overview,,,https://apexlegendsstatus.com/algs/Y4-Split2/ALGS-Playoffs/Global/Overview,overview,88,team_map_stats,Scores,34,OLIMPO,47 (52.8%),42 (47.2%),89,,
playoffs_split2,ALGS Year 4 Split 2 Playoffs,https://apexlegendsstatus.com/algs/Y4-Split2/ALGS-Playoffs/Global/Overview,Y4-Split2,ALGS-Playoffs,Global,Overview,,,https://apexlegendsstatus.com/algs/Y4-Split2/ALGS-Playoffs/Global/Overview,overview,88,team_map_stats,Scores,35,BLEED Esports,145 (59.7%),98 (40.3%),243,,
playoffs_split2,ALGS Year 4 Split 2 Playoffs,https://apexlegendsstatus.com/algs/Y4-Split2/ALGS-Playoffs/Global/Overview,Y4-Split2,ALGS-Playoffs,Global,Overview,,,https://apexlegendsstatus.com/algs/Y4-Split2/ALGS-Playoffs/Global/Overview,overview,88,team_map_stats,Scores,36,Cloud9,123 (48.8%),129 (51.2%),252,,
playoffs_split2,ALGS Year 4 Split 2 Playoffs,https://apexlegendsstatus.com/algs/Y4-Split2/ALGS-Playoffs/Global/Overview,Y4-Split2,ALGS-Playoffs,Global,Overview,,,https://apexlegendsstatus.com/algs/Y4-Split2/ALGS-Playoffs/Global/Overview,overview,88,team_map_stats,Scores,37,NORTHEPTION,65 (54.2%),55 (45.8%),120,,
playoffs_split2,ALGS Year 4 Split 2 Playoffs,https://apexlegendsstatus.com/algs/Y4-Split2/ALGS-Playoffs/Global/Overview,Y4-Split2,ALGS-Playoffs,Global,Overview,,,https://apexlegendsstatus.com/algs/Y4-Split2/ALGS-Playoffs/Global/Overview,overview,88,team_map_stats,Scores,38,SWQ,40 (43.5%),52 (56.5%),92,,
playoffs_split2,ALGS Year 4 Split 2 Playoffs,https://apexlegendsstatus.com/algs/Y4-Split2/ALGS-Playoffs/Global/Overview,Y4-Split2,ALGS-Playoffs,Global,Overview,,,https://apexlegendsstatus.com/algs/Y4-Split2/ALGS-Playoffs/Global/Overview,overview,88,team_map_stats,Scores,39,Complexity,130 (51.4%),123 (48.6%),253,,
playoffs_split2,ALGS Year 4 Split 2 Playoffs,https://apexlegendsstatus.com/algs/Y4-Split2/ALGS-Playoffs/Global/Overview,Y4-Split2,ALGS-Playoffs,Global,Overview,,,https://apexlegendsstatus.com/algs/Y4-Split2/ALGS-Playoffs/Global/Overview,overview,88,team_map_stats,Scores,40,NOEZ FOXX,19 (21.8%),68 (78.2%),87,,
playoffs_split2,ALGS Year 4 Split 2 Playoffs,https://apexlegendsstatus.com/algs/Y4-Split2/ALGS-Playoffs/Global/Overview,Y4-Split2,ALGS-Playoffs,Global,Overview,,,https://apexlegendsstatus.com/algs/Y4-Split2/ALGS-Playoffs/Global/Overview,overview,88,team_map_stats,Scores,41,FURIA,112 (46.5%),129 (53.5%),241,,
playoffs_split2,ALGS Year 4 Split 2 Playoffs,https://apexlegendsstatus.com/algs/Y4-Split2/ALGS-Playoffs/Global/Overview,Y4-Split2,ALGS-Playoffs,Global,Overview,,,https://apexlegendsstatus.com/algs/Y4-Split2/ALGS-Playoffs/Global/Overview,overview,89,team_map_stats,Scores,1,ENTER FORCE.36,34 (33.3%),68 (66.7%),102,,
playoffs_split2,ALGS Year 4 Split 2 Playoffs,https://apexlegendsstatus.com/algs/Y4-Split2/ALGS-Playoffs/Global/Overview,Y4-Split2,ALGS-Playoffs,Global,Overview,,,https://apexlegendsstatus.com/algs/Y4-Split2/ALGS-Playoffs/Global/Overview,overview,89,team_map_stats,Scores,2,DreamFire,52 (49.1%),54 (50.9%),106,,
playoffs_split2,ALGS Year 4 Split 2 Playoffs,https://apexlegendsstatus.com/algs/Y4-Split2/ALGS-Playoffs/Global/Overview,Y4-Split2,ALGS-Playoffs,Global,Overview,,,https://apexlegendsstatus.com/algs/Y4-Split2/ALGS-Playoffs/Global/Overview,overview,89,team_map_stats,Scores,3,XNY,29 (78.4%),8 (21.6%),37,,
playoffs_split2,ALGS Year 4 Split 2 Playoffs,https://apexlegendsstatus.com/algs/Y4-Split2/ALGS-Playoffs/Global/Overview,Y4-Split2,ALGS-Playoffs,Global,Overview,,,https://apexlegendsstatus.com/algs/Y4-Split2/ALGS-Playoffs/Global/Overview,overview,89,team_map_stats,Scores,4,HAO,57 (76%),18 (24%),75,,
playoffs_split2,ALGS Year 4 Split 2 Playoffs,https://apexlegendsstatus.com/algs/Y4-Split2/ALGS-Playoffs/Global/Overview,Y4-Split2,ALGS-Playoffs,Global,Overview,,,https://apexlegendsstatus.com/algs/Y4-Split2/ALGS-Playoffs/Global/Overview,overview,89,team_map_stats,Scores,5,LG,62 (62%),38 (38%),100,,
playoffs_split2,ALGS Year 4 Split 2 Playoffs,https://apexlegendsstatus.com/algs/Y4-Split2/ALGS-Playoffs/Global/Overview,Y4-Split2,ALGS-Playoffs,Global,Overview,,,https://apexlegendsstatus.com/algs/Y4-Split2/ALGS-Playoffs/Global/Overview,overview,89,team_map_stats,Scores,6,Team Falcons,53 (42.7%),71 (57.3%),124,,
playoffs_split2,ALGS Year 4 Split 2 Playoffs,https://apexlegendsstatus.com/algs/Y4-Split2/ALGS-Playoffs/Global/Overview,Y4-Split2,ALGS-Playoffs,Global,Overview,,,https://apexlegendsstatus.com/algs/Y4-Split2/ALGS-Playoffs/Global/Overview,overview,89,team_map_stats,Scores,7,FNATIC,73 (52.9%),65 (47.1%),138,,
playoffs_split2,ALGS Year 4 Split 2 Playoffs,https://apexlegendsstatus.com/algs/Y4-Split2/ALGS-Playoffs/Global/Overview,Y4-Split2,ALGS-Playoffs,Global,Overview,,,https://apexlegendsstatus.com/algs/Y4-Split2/ALGS-Playoffs/Global/Overview,overview,89,team_map_stats,Scores,8,GUILD,61 (49.6%),62 (50.4%),123,,
playoffs_split2,ALGS Year 4 Split 2 Playoffs,https://apexlegendsstatus.com/algs/Y4-Split2/ALGS-Playoffs/Global/Overview,Y4-Split2,ALGS-Playoffs,Global,Overview,,,https://apexlegendsstatus.com/algs/Y4-Split2/ALGS-Playoffs/Global/Overview,overview,89,team_map_stats,Scores,9,NRG,45 (50.6%),44 (49.4%),89,,
playoffs_split2,ALGS Year 4 Split 2 Playoffs,https://apexlegendsstatus.com/algs/Y4-Split2/ALGS-Playoffs/Global/Overview,Y4-Split2,ALGS-Playoffs,Global,Overview,,,https://apexlegendsstatus.com/algs/Y4-Split2/ALGS-Playoffs/Global/Overview,overview,89,team_map_stats,Scores,10,SSG,49 (39.2%),76 (60.8%),125,,
playoffs_split2,ALGS Year 4 Split 2 Playoffs,https://apexlegendsstatus.com/algs/Y4-Split2/ALGS-Playoffs/Global/Overview,Y4-Split2,ALGS-Playoffs,Global,Overview,,,https://apexlegendsstatus.com/algs/Y4-Split2/ALGS-Playoffs/Global/Overview,overview,89,team_map_stats,Scores,11,GHS Professional,22 (55%),18 (45%),40,,
playoffs_split2,ALGS Year 4 Split 2 Playoffs,https://apexlegendsstatus.com/algs/Y4-Split2/ALGS-Playoffs/Global/Overview,Y4-Split2,ALGS-Playoffs,Global,Overview,,,https://apexlegendsstatus.com/algs/Y4-Split2/ALGS-Playoffs/Global/Overview,overview,89,team_map_stats,Scores,12,STRIDERZ,21 (80.8%),5 (19.2%),26,,
playoffs_split2,ALGS Year 4 Split 2 Playoffs,https://apexlegendsstatus.com/algs/Y4-Split2/ALGS-Playoffs/Global/Overview,Y4-Split2,ALGS-Playoffs,Global,Overview,,,https://apexlegendsstatus.com/algs/Y4-Split2/ALGS-Playoffs/Global/Overview,overview,89,team_map_stats,Scores,13,Not Moist,84 (44.9%),103 (55.1%),187,,
playoffs_split2,ALGS Year 4 Split 2 Playoffs,https://apexlegendsstatus.com/algs/Y4-Split2/ALGS-Playoffs/Global/Overview,Y4-Split2,ALGS-Playoffs,Global,Overview,,,https://apexlegendsstatus.com/algs/Y4-Split2/ALGS-Playoffs/Global/Overview,overview,89,team_map_stats,Scores,14,Liquid Alienware,41 (43.2%),54 (56.8%),95,,
playoffs_split2,ALGS Year 4 Split 2 Playoffs,https://apexlegendsstatus.com/algs/Y4-Split2/ALGS-Playoffs/Global/Overview,Y4-Split2,ALGS-Playoffs,Global,Overview,,,https://apexlegendsstatus.com/algs/Y4-Split2/ALGS-Playoffs/Global/Overview,overview,89,team_map_stats,Scores,15,shadow3690,52 (62.7%),31 (37.3%),83,,
playoffs_split2,ALGS Year 4 Split 2 Playoffs,https://apexlegendsstatus.com/algs/Y4-Split2/ALGS-Playoffs/Global/Overview,Y4-Split2,ALGS-Playoffs,Global,Overview,,,https://apexlegendsstatus.com/algs/Y4-Split2/ALGS-Playoffs/Global/Overview,overview,89,team_map_stats,Scores,16,FaZe,20 (51.3%),19 (48.7%),39,,
playoffs_split2,ALGS Year 4 Split 2 Playoffs,https://apexlegendsstatus.com/algs/Y4-Split2/ALGS-Playoffs/Global/Overview,Y4-Split2,ALGS-Playoffs,Global,Overview,,,https://apexlegendsstatus.com/algs/Y4-Split2/ALGS-Playoffs/Global/Overview,overview,89,team_map_stats,Scores,17,Natus Vincere,45 (46.4%),52 (53.6%),97,,
playoffs_split2,ALGS Year 4 Split 2 Playoffs,https://apexlegendsstatus.com/algs/Y4-Split2/ALGS-Playoffs/Global/Overview,Y4-Split2,ALGS-Playoffs,Global,Overview,,,https://apexlegendsstatus.com/algs/Y4-Split2/ALGS-Playoffs/Global/Overview,overview,89,team_map_stats,Scores,18,E-Xolos LAZER,46 (54.1%),39 (45.9%),85,,
playoffs_split2,ALGS Year 4 Split 2 Playoffs,https://apexlegendsstatus.com/algs/Y4-Split2/ALGS-Playoffs/Global/Overview,Y4-Split2,ALGS-Playoffs,Global,Overview,,,https://apexlegendsstatus.com/algs/Y4-Split2/ALGS-Playoffs/Global/Overview,overview,89,team_map_stats,Scores,19,Alliance,55 (31.6%),119 (68.4%),174,,
playoffs_split2,ALGS Year 4 Split 2 Playoffs,https://apexlegendsstatus.com/algs/Y4-Split2/ALGS-Playoffs/Global/Overview,Y4-Split2,ALGS-Playoffs,Global,Overview,,,https://apexlegendsstatus.com/algs/Y4-Split2/ALGS-Playoffs/Global/Overview,overview,89,team_map_stats,Scores,20,FA KIDS,43 (66.2%),22 (33.8%),65,,
playoffs_split2,ALGS Year 4 Split 2 Playoffs,https://apexlegendsstatus.com/algs/Y4-Split2/ALGS-Playoffs/Global/Overview,Y4-Split2,ALGS-Playoffs,Global,Overview,,,https://apexlegendsstatus.com/algs/Y4-Split2/ALGS-Playoffs/Global/Overview,overview,89,team_map_stats,Scores,21,Team 8,(0%),3 (100%),3,,
playoffs_split2,ALGS Year 4 Split 2 Playoffs,https://apexlegendsstatus.com/algs/Y4-Split2/ALGS-Playoffs/Global/Overview,Y4-Split2,ALGS-Playoffs,Global,Overview,,,https://apexlegendsstatus.com/algs/Y4-Split2/ALGS-Playoffs/Global/Overview,overview,89,team_map_stats,Scores,22,SSE-Xray,23 (53.5%),20 (46.5%),43,,
playoffs_split2,ALGS Year 4 Split 2 Playoffs,https://apexlegendsstatus.com/algs/Y4-Split2/ALGS-Playoffs/Global/Overview,Y4-Split2,ALGS-Playoffs,Global,Overview,,,https://apexlegendsstatus.com/algs/Y4-Split2/ALGS-Playoffs/Global/Overview,overview,89,team_map_stats,Scores,23,FENNEL,27 (50%),27 (50%),54,,
playoffs_split2,ALGS Year 4 Split 2 Playoffs,https://apexlegendsstatus.com/algs/Y4-Split2/ALGS-Playoffs/Global/Overview,Y4-Split2,ALGS-Playoffs,Global,Overview,,,https://apexlegendsstatus.com/algs/Y4-Split2/ALGS-Playoffs/Global/Overview,overview,89,team_map_stats,Scores,24,GoNext Esports,38 (45.2%),46 (54.8%),84,,
playoffs_split2,ALGS Year 4 Split 2 Playoffs,https://apexlegendsstatus.com/algs/Y4-Split2/ALGS-Playoffs/Global/Overview,Y4-Split2,ALGS-Playoffs,Global,Overview,,,https://apexlegendsstatus.com/algs/Y4-Split2/ALGS-Playoffs/Global/Overview,overview,89,team_map_stats,Scores,25,Noctem Scan,58 (48.3%),62 (51.7%),120,,
playoffs_split2,ALGS Year 4 Split 2 Playoffs,https://apexlegendsstatus.com/algs/Y4-Split2/ALGS-Playoffs/Global/Overview,Y4-Split2,ALGS-Playoffs,Global,Overview,,,https://apexlegendsstatus.com/algs/Y4-Split2/ALGS-Playoffs/Global/Overview,overview,89,team_map_stats,Scores,26,VK GAMING,56 (59.6%),38 (40.4%),94,,
playoffs_split2,ALGS Year 4 Split 2 Playoffs,https://apexlegendsstatus.com/algs/Y4-Split2/ALGS-Playoffs/Global/Overview,Y4-Split2,ALGS-Playoffs,Global,Overview,,,https://apexlegendsstatus.com/algs/Y4-Split2/ALGS-Playoffs/Global/Overview,overview,89,team_map_stats,Scores,27,MKERS,36 (42.9%),48 (57.1%),84,,
playoffs_split2,ALGS Year 4 Split 2 Playoffs,https://apexlegendsstatus.com/algs/Y4-Split2/ALGS-Playoffs/Global/Overview,Y4-Split2,ALGS-Playoffs,Global,Overview,,,https://apexlegendsstatus.com/algs/Y4-Split2/ALGS-Playoffs/Global/Overview,overview,89,team_map_stats,Scores,28,REJECT WINNITYJP,27 (56.3%),21 (43.8%),48,,
playoffs_split2,ALGS Year 4 Split 2 Playoffs,https://apexlegendsstatus.com/algs/Y4-Split2/ALGS-Playoffs/Global/Overview,Y4-Split2,ALGS-Playoffs,Global,Overview,,,https://apexlegendsstatus.com/algs/Y4-Split2/ALGS-Playoffs/Global/Overview,overview,89,team_map_stats,Scores,29,GaiminGladiators,59 (39.9%),89 (60.1%),148,,
playoffs_split2,ALGS Year 4 Split 2 Playoffs,https://apexlegendsstatus.com/algs/Y4-Split2/ALGS-Playoffs/Global/Overview,Y4-Split2,ALGS-Playoffs,Global,Overview,,,https://apexlegendsstatus.com/algs/Y4-Split2/ALGS-Playoffs/Global/Overview,overview,89,team_map_stats,Scores,30,TSM,88 (56.4%),68 (43.6%),156,,
playoffs_split2,ALGS Year 4 Split 2 Playoffs,https://apexlegendsstatus.com/algs/Y4-Split2/ALGS-Playoffs/Global/Overview,Y4-Split2,ALGS-Playoffs,Global,Overview,,,https://apexlegendsstatus.com/algs/Y4-Split2/ALGS-Playoffs/Global/Overview,overview,89,team_map_stats,Scores,31,Exo Clan,44 (38.9%),69 (61.1%),113,,
playoffs_split2,ALGS Year 4 Split 2 Playoffs,https://apexlegendsstatus.com/algs/Y4-Split2/ALGS-Playoffs/Global/Overview,Y4-Split2,ALGS-Playoffs,Global,Overview,,,https://apexlegendsstatus.com/algs/Y4-Split2/ALGS-Playoffs/Global/Overview,overview,89,team_map_stats,Scores,32,Pioneers,18 (31%),40 (69%),58,,
playoffs_split2,ALGS Year 4 Split 2 Playoffs,https://apexlegendsstatus.com/algs/Y4-Split2/ALGS-Playoffs/Global/Overview,Y4-Split2,ALGS-Playoffs,Global,Overview,,,https://apexlegendsstatus.com/algs/Y4-Split2/ALGS-Playoffs/Global/Overview,overview,89,team_map_stats,Scores,33,Legends Gaming,33 (41.3%),47 (58.8%),80,,
playoffs_split2,ALGS Year 4 Split 2 Playoffs,https://apexlegendsstatus.com/algs/Y4-Split2/ALGS-Playoffs/Global/Overview,Y4-Split2,ALGS-Playoffs,Global,Overview,,,https://apexlegendsstatus.com/algs/Y4-Split2/ALGS-Playoffs/Global/Overview,overview,89,team_map_stats,Scores,34,OLIMPO,23 (50%),23 (50%),46,,
playoffs_split2,ALGS Year 4 Split 2 Playoffs,https://apexlegendsstatus.com/algs/Y4-Split2/ALGS-Playoffs/Global/Overview,Y4-Split2,ALGS-Playoffs,Global,Overview,,,https://apexlegendsstatus.com/algs/Y4-Split2/ALGS-Playoffs/Global/Overview,overview,89,team_map_stats,Scores,35,BLEED Esports,66 (58.9%),46 (41.1%),112,,
playoffs_split2,ALGS Year 4 Split 2 Playoffs,https://apexlegendsstatus.com/algs/Y4-Split2/ALGS-Playoffs/Global/Overview,Y4-Split2,ALGS-Playoffs,Global,Overview,,,https://apexlegendsstatus.com/algs/Y4-Split2/ALGS-Playoffs/Global/Overview,overview,89,team_map_stats,Scores,36,Cloud9,56 (46.3%),65 (53.7%),121,,
playoffs_split2,ALGS Year 4 Split 2 Playoffs,https://apexlegendsstatus.com/algs/Y4-Split2/ALGS-Playoffs/Global/Overview,Y4-Split2,ALGS-Playoffs,Global,Overview,,,https://apexlegendsstatus.com/algs/Y4-Split2/ALGS-Playoffs/Global/Overview,overview,89,team_map_stats,Scores,37,NORTHEPTION,32 (57.1%),24 (42.9%),56,,
playoffs_split2,ALGS Year 4 Split 2 Playoffs,https://apexlegendsstatus.com/algs/Y4-Split2/ALGS-Playoffs/Global/Overview,Y4-Split2,ALGS-Playoffs,Global,Overview,,,https://apexlegendsstatus.com/algs/Y4-Split2/ALGS-Playoffs/Global/Overview,overview,89,team_map_stats,Scores,38,SWQ,27 (48.2%),29 (51.8%),56,,
playoffs_split2,ALGS Year 4 Split 2 Playoffs,https://apexlegendsstatus.com/algs/Y4-Split2/ALGS-Playoffs/Global/Overview,Y4-Split2,ALGS-Playoffs,Global,Overview,,,https://apexlegendsstatus.com/algs/Y4-Split2/ALGS-Playoffs/Global/Overview,overview,89,team_map_stats,Scores,39,Complexity,67 (46.2%),78 (53.8%),145,,
playoffs_split2,ALGS Year 4 Split 2 Playoffs,https://apexlegendsstatus.com/algs/Y4-Split2/ALGS-Playoffs/Global/Overview,Y4-Split2,ALGS-Playoffs,Global,Overview,,,https://apexlegendsstatus.com/algs/Y4-Split2/ALGS-Playoffs/Global/Overview,overview,89,team_map_stats,Scores,40,NOEZ FOXX,12 (30%),28 (70%),40,,
playoffs_split2,ALGS Year 4 Split 2 Playoffs,https://apexlegendsstatus.com/algs/Y4-Split2/ALGS-Playoffs/Global/Overview,Y4-Split2,ALGS-Playoffs,Global,Overview,,,https://apexlegendsstatus.com/algs/Y4-Split2/ALGS-Playoffs/Global/Overview,overview,89,team_map_stats,Scores,41,FURIA,54 (46.2%),63 (53.8%),117,,
playoffs_split2,ALGS Year 4 Split 2 Playoffs,https://apexlegendsstatus.com/algs/Y4-Split2/ALGS-Playoffs/Global/Overview,Y4-Split2,ALGS-Playoffs,Global,Overview,,,https://apexlegendsstatus.com/algs/Y4-Split2/ALGS-Playoffs/Global/Overview,overview,91,team_map_stats,Scores,1,ENTER FORCE.36,1 (100%),0 (0%),1,,
playoffs_split2,ALGS Year 4 Split 2 Playoffs,https://apexlegendsstatus.com/algs/Y4-Split2/ALGS-Playoffs/Global/Overview,Y4-Split2,ALGS-Playoffs,Global,Overview,,,https://apexlegendsstatus.com/algs/Y4-Split2/ALGS-Playoffs/Global/Overview,overview,91,team_map_stats,Scores,2,DreamFire,1 (100%),0 (0%),1,,
playoffs_split2,ALGS Year 4 Split 2 Playoffs,https://apexlegendsstatus.com/algs/Y4-Split2/ALGS-Playoffs/Global/Overview,Y4-Split2,ALGS-Playoffs,Global,Overview,,,https://apexlegendsstatus.com/algs/Y4-Split2/ALGS-Playoffs/Global/Overview,overview,91,team_map_stats,Scores,3,XNY,0 (0%),0 (0%),0,,
playoffs_split2,ALGS Year 4 Split 2 Playoffs,https://apexlegendsstatus.com/algs/Y4-Split2/ALGS-Playoffs/Global/Overview,Y4-Split2,ALGS-Playoffs,Global,Overview,,,https://apexlegendsstatus.com/algs/Y4-Split2/ALGS-Playoffs/Global/Overview,overview,91,team_map_stats,Scores,4,HAO,0 (0%),0 (0%),0,,
playoffs_split2,ALGS Year 4 Split 2 Playoffs,https://apexlegendsstatus.com/algs/Y4-Split2/ALGS-Playoffs/Global/Overview,Y4-Split2,ALGS-Playoffs,Global,Overview,,,https://apexlegendsstatus.com/algs/Y4-Split2/ALGS-Playoffs/Global/Overview,overview,91,team_map_stats,Scores,5,LG,1 (50%),1 (50%),2,,
playoffs_split2,ALGS Year 4 Split 2 Playoffs,https://apexlegendsstatus.com/algs/Y4-Split2/ALGS-Playoffs/Global/Overview,Y4-Split2,ALGS-Playoffs,Global,Overview,,,https://apexlegendsstatus.com/algs/Y4-Split2/ALGS-Playoffs/Global/Overview,overview,91,team_map_stats,Scores,6,Team Falcons,1 (33.3%),2 (66.7%),3,,
playoffs_split2,ALGS Year 4 Split 2 Playoffs,https://apexlegendsstatus.com/algs/Y4-Split2/ALGS-Playoffs/Global/Overview,Y4-Split2,ALGS-Playoffs,Global,Overview,,,https://apexlegendsstatus.com/algs/Y4-Split2/ALGS-Playoffs/Global/Overview,overview,91,team_map_stats,Scores,7,FNATIC,1 (50%),1 (50%),2,,
playoffs_split2,ALGS Year 4 Split 2 Playoffs,https://apexlegendsstatus.com/algs/Y4-Split2/ALGS-Playoffs/Global/Overview,Y4-Split2,ALGS-Playoffs,Global,Overview,,,https://apexlegendsstatus.com/algs/Y4-Split2/ALGS-Playoffs/Global/Overview,overview,91,team_map_stats,Scores,8,GUILD,1 (33.3%),2 (66.7%),3,,
playoffs_split2,ALGS Year 4 Split 2 Playoffs,https://apexlegendsstatus.com/algs/Y4-Split2/ALGS-Playoffs/Global/Overview,Y4-Split2,ALGS-Playoffs,Global,Overview,,,https://apexlegendsstatus.com/algs/Y4-Split2/ALGS-Playoffs/Global/Overview,overview,91,team_map_stats,Scores,9,NRG,2 (100%),0 (0%),2,,
playoffs_split2,ALGS Year 4 Split 2 Playoffs,https://apexlegendsstatus.com/algs/Y4-Split2/ALGS-Playoffs/Global/Overview,Y4-Split2,ALGS-Playoffs,Global,Overview,,,https://apexlegendsstatus.com/algs/Y4-Split2/ALGS-Playoffs/Global/Overview,overview,91,team_map_stats,Scores,10,SSG,1 (20%),4 (80%),5,,
playoffs_split2,ALGS Year 4 Split 2 Playoffs,https://apexlegendsstatus.com/algs/Y4-Split2/ALGS-Playoffs/Global/Overview,Y4-Split2,ALGS-Playoffs,Global,Overview,,,https://apexlegendsstatus.com/algs/Y4-Split2/ALGS-Playoffs/Global/Overview,overview,91,team_map_stats,Scores,11,GHS Professional,0 (0%),0 (0%),0,,
playoffs_split2,ALGS Year 4 Split 2 Playoffs,https://apexlegendsstatus.com/algs/Y4-Split2/ALGS-Playoffs/Global/Overview,Y4-Split2,ALGS-Playoffs,Global,Overview,,,https://apexlegendsstatus.com/algs/Y4-Split2/ALGS-Playoffs/Global/Overview,overview,91,team_map_stats,Scores,12,STRIDERZ,0 (0%),0 (0%),0,,
playoffs_split2,ALGS Year 4 Split 2 Playoffs,https://apexlegendsstatus.com/algs/Y4-Split2/ALGS-Playoffs/Global/Overview,Y4-Split2,ALGS-Playoffs,Global,Overview,,,https://apexlegendsstatus.com/algs/Y4-Split2/ALGS-Playoffs/Global/Overview,overview,91,team_map_stats,Scores,13,Not Moist,1 (33.3%),2 (66.7%),3,,
playoffs_split2,ALGS Year 4 Split 2 Playoffs,https://apexlegendsstatus.com/algs/Y4-Split2/ALGS-Playoffs/Global/Overview,Y4-Split2,ALGS-Playoffs,Global,Overview,,,https://apexlegendsstatus.com/algs/Y4-Split2/ALGS-Playoffs/Global/Overview,overview,91,team_map_stats,Scores,14,Liquid Alienware,1 (50%),1 (50%),2,,
playoffs_split2,ALGS Year 4 Split 2 Playoffs,https://apexlegendsstatus.com/algs/Y4-Split2/ALGS-Playoffs/Global/Overview,Y4-Split2,ALGS-Playoffs,Global,Overview,,,https://apexlegendsstatus.com/algs/Y4-Split2/ALGS-Playoffs/Global/Overview,overview,91,team_map_stats,Scores,15,shadow3690,1 (100%),0 (0%),1,,
playoffs_split2,ALGS Year 4 Split 2 Playoffs,https://apexlegendsstatus.com/algs/Y4-Split2/ALGS-Playoffs/Global/Overview,Y4-Split2,ALGS-Playoffs,Global,Overview,,,https://apexlegendsstatus.com/algs/Y4-Split2/ALGS-Playoffs/Global/Overview,overview,91,team_map_stats,Scores,16,FaZe,0 (0%),1 (100%),1,,
playoffs_split2,ALGS Year 4 Split 2 Playoffs,https://apexlegendsstatus.com/algs/Y4-Split2/ALGS-Playoffs/Global/Overview,Y4-Split2,ALGS-Playoffs,Global,Overview,,,https://apexlegendsstatus.com/algs/Y4-Split2/ALGS-Playoffs/Global/Overview,overview,91,team_map_stats,Scores,17,Natus Vincere,3 (60%),2 (40%),5,,
playoffs_split2,ALGS Year 4 Split 2 Playoffs,https://apexlegendsstatus.com/algs/Y4-Split2/ALGS-Playoffs/Global/Overview,Y4-Split2,ALGS-Playoffs,Global,Overview,,,https://apexlegendsstatus.com/algs/Y4-Split2/ALGS-Playoffs/Global/Overview,overview,91,team_map_stats,Scores,18,E-Xolos LAZER,1 (50%),1 (50%),2,,
playoffs_split2,ALGS Year 4 Split 2 Playoffs,https://apexlegendsstatus.com/algs/Y4-Split2/ALGS-Playoffs/Global/Overview,Y4-Split2,ALGS-Playoffs,Global,Overview,,,https://apexlegendsstatus.com/algs/Y4-Split2/ALGS-Playoffs/Global/Overview,overview,91,team_map_stats,Scores,19,Alliance,0 (0%),3 (100%),3,,
playoffs_split2,ALGS Year 4 Split 2 Playoffs,https://apexlegendsstatus.com/algs/Y4-Split2/ALGS-Playoffs/Global/Overview,Y4-Split2,ALGS-Playoffs,Global,Overview,,,https://apexlegendsstatus.com/algs/Y4-Split2/ALGS-Playoffs/Global/Overview,overview,91,team_map_stats,Scores,20,FA KIDS,0 (0%),0 (0%),0,,
playoffs_split2,ALGS Year 4 Split 2 Playoffs,https://apexlegendsstatus.com/algs/Y4-Split2/ALGS-Playoffs/Global/Overview,Y4-Split2,ALGS-Playoffs,Global,Overview,,,https://apexlegendsstatus.com/algs/Y4-Split2/ALGS-Playoffs/Global/Overview,overview,91,team_map_stats,Scores,21,Team 8,(0%),0 (0%),0,,
playoffs_split2,ALGS Year 4 Split 2 Playoffs,https://apexlegendsstatus.com/algs/Y4-Split2/ALGS-Playoffs/Global/Overview,Y4-Split2,ALGS-Playoffs,Global,Overview,,,https://apexlegendsstatus.com/algs/Y4-Split2/ALGS-Playoffs/Global/Overview,overview,91,team_map_stats,Scores,22,SSE-Xray,0 (0%),0 (0%),0,,
playoffs_split2,ALGS Year 4 Split 2 Playoffs,https://apexlegendsstatus.com/algs/Y4-Split2/ALGS-Playoffs/Global/Overview,Y4-Split2,ALGS-Playoffs,Global,Overview,,,https://apexlegendsstatus.com/algs/Y4-Split2/ALGS-Playoffs/Global/Overview,overview,91,team_map_stats,Scores,23,FENNEL,0 (0%),0 (0%),0,,
playoffs_split2,ALGS Year 4 Split 2 Playoffs,https://apexlegendsstatus.com/algs/Y4-Split2/ALGS-Playoffs/Global/Overview,Y4-Split2,ALGS-Playoffs,Global,Overview,,,https://apexlegendsstatus.com/algs/Y4-Split2/ALGS-Playoffs/Global/Overview,overview,91,team_map_stats,Scores,24,GoNext Esports,1 (100%),0 (0%),1,,
playoffs_split2,ALGS Year 4 Split 2 Playoffs,https://apexlegendsstatus.com/algs/Y4-Split2/ALGS-Playoffs/Global/Overview,Y4-Split2,ALGS-Playoffs,Global,Overview,,,https://apexlegendsstatus.com/algs/Y4-Split2/ALGS-Playoffs/Global/Overview,overview,91,team_map_stats,Scores,25,Noctem Scan,0 (0%),1 (100%),1,,
playoffs_split2,ALGS Year 4 Split 2 Playoffs,https://apexlegendsstatus.com/algs/Y4-Split2/ALGS-Playoffs/Global/Overview,Y4-Split2,ALGS-Playoffs,Global,Overview,,,https://apexlegendsstatus.com/algs/Y4-Split2/ALGS-Playoffs/Global/Overview,overview,91,team_map_stats,Scores,26,VK GAMING,1 (100%),0 (0%),1,,
playoffs_split2,ALGS Year 4 Split 2 Playoffs,https://apexlegendsstatus.com/algs/Y4-Split2/ALGS-Playoffs/Global/Overview,Y4-Split2,ALGS-Playoffs,Global,Overview,,,https://apexlegendsstatus.com/algs/Y4-Split2/ALGS-Playoffs/Global/Overview,overview,91,team_map_stats,Scores,27,MKERS,0 (0%),1 (100%),1,,
playoffs_split2,ALGS Year 4 Split 2 Playoffs,https://apexlegendsstatus.com/algs/Y4-Split2/ALGS-Playoffs/Global/Overview,Y4-Split2,ALGS-Playoffs,Global,Overview,,,https://apexlegendsstatus.com/algs/Y4-Split2/ALGS-Playoffs/Global/Overview,overview,91,team_map_stats,Scores,28,REJECT WINNITYJP,1 (100%),0 (0%),1,,
playoffs_split2,ALGS Year 4 Split 2 Playoffs,https://apexlegendsstatus.com/algs/Y4-Split2/ALGS-Playoffs/Global/Overview,Y4-Split2,ALGS-Playoffs,Global,Overview,,,https://apexlegendsstatus.com/algs/Y4-Split2/ALGS-Playoffs/Global/Overview,overview,91,team_map_stats,Scores,29,GaiminGladiators,1 (16.7%),5 (83.3%),6,,
playoffs_split2,ALGS Year 4 Split 2 Playoffs,https://apexlegendsstatus.com/algs/Y4-Split2/ALGS-Playoffs/Global/Overview,Y4-Split2,ALGS-Playoffs,Global,Overview,,,https://apexlegendsstatus.com/algs/Y4-Split2/ALGS-Playoffs/Global/Overview,overview,91,team_map_stats,Scores,30,TSM,2 (100%),0 (0%),2,,
playoffs_split2,ALGS Year 4 Split 2 Playoffs,https://apexlegendsstatus.com/algs/Y4-Split2/ALGS-Playoffs/Global/Overview,Y4-Split2,ALGS-Playoffs,Global,Overview,,,https://apexlegendsstatus.com/algs/Y4-Split2/ALGS-Playoffs/Global/Overview,overview,91,team_map_stats,Scores,31,Exo Clan,0 (0%),1 (100%),1,,
playoffs_split2,ALGS Year 4 Split 2 Playoffs,https://apexlegendsstatus.com/algs/Y4-Split2/ALGS-Playoffs/Global/Overview,Y4-Split2,ALGS-Playoffs,Global,Overview,,,https://apexlegendsstatus.com/algs/Y4-Split2/ALGS-Playoffs/Global/Overview,overview,91,team_map_stats,Scores,32,Pioneers,0 (0%),0 (0%),0,,
playoffs_split2,ALGS Year 4 Split 2 Playoffs,https://apexlegendsstatus.com/algs/Y4-Split2/ALGS-Playoffs/Global/Overview,Y4-Split2,ALGS-Playoffs,Global,Overview,,,https://apexlegendsstatus.com/algs/Y4-Split2/ALGS-Playoffs/Global/Overview,overview,91,team_map_stats,Scores,33,Legends Gaming,1 (100%),0 (0%),1,,
playoffs_split2,ALGS Year 4 Split 2 Playoffs,https://apexlegendsstatus.com/algs/Y4-Split2/ALGS-Playoffs/Global/Overview,Y4-Split2,ALGS-Playoffs,Global,Overview,,,https://apexlegendsstatus.com/algs/Y4-Split2/ALGS-Playoffs/Global/Overview,overview,91,team_map_stats,Scores,34,OLIMPO,0 (0%),0 (0%),0,,
playoffs_split2,ALGS Year 4 Split 2 Playoffs,https://apexlegendsstatus.com/algs/Y4-Split2/ALGS-Playoffs/Global/Overview,Y4-Split2,ALGS-Playoffs,Global,Overview,,,https://apexlegendsstatus.com/algs/Y4-Split2/ALGS-Playoffs/Global/Overview,overview,91,team_map_stats,Scores,35,BLEED Esports,3 (100%),0 (0%),3,,
playoffs_split2,ALGS Year 4 Split 2 Playoffs,https://apexlegendsstatus.com/algs/Y4-Split2/ALGS-Playoffs/Global/Overview,Y4-Split2,ALGS-Playoffs,Global,Overview,,,https://apexlegendsstatus.com/algs/Y4-Split2/ALGS-Playoffs/Global/Overview,overview,91,team_map_stats,Scores,36,Cloud9,1 (33.3%),2 (66.7%),3,,
playoffs_split2,ALGS Year 4 Split 2 Playoffs,https://apexlegendsstatus.com/algs/Y4-Split2/ALGS-Playoffs/Global/Overview,Y4-Split2,ALGS-Playoffs,Global,Overview,,,https://apexlegendsstatus.com/algs/Y4-Split2/ALGS-Playoffs/Global/Overview,overview,91,team_map_stats,Scores,37,NORTHEPTION,1 (100%),0 (0%),1,,
playoffs_split2,ALGS Year 4 Split 2 Playoffs,https://apexlegendsstatus.com/algs/Y4-Split2/ALGS-Playoffs/Global/Overview,Y4-Split2,ALGS-Playoffs,Global,Overview,,,https://apexlegendsstatus.com/algs/Y4-Split2/ALGS-Playoffs/Global/Overview,overview,91,team_map_stats,Scores,38,SWQ,0 (0%),1 (100%),1,,
playoffs_split2,ALGS Year 4 Split 2 Playoffs,https://apexlegendsstatus.com/algs/Y4-Split2/ALGS-Playoffs/Global/Overview,Y4-Split2,ALGS-Playoffs,Global,Overview,,,https://apexlegendsstatus.com/algs/Y4-Split2/ALGS-Playoffs/Global/Overview,overview,91,team_map_stats,Scores,39,Complexity,1 (100%),0 (0%),1,,
playoffs_split2,ALGS Year 4 Split 2 Playoffs,https://apexlegendsstatus.com/algs/Y4-Split2/ALGS-Playoffs/Global/Overview,Y4-Split2,ALGS-Playoffs,Global,Overview,,,https://apexlegendsstatus.com/algs/Y4-Split2/ALGS-Playoffs/Global/Overview,overview,91,team_map_stats,Scores,40,NOEZ FOXX,0 (0%),1 (100%),1,,
playoffs_split2,ALGS Year 4 Split 2 Playoffs,https://apexlegendsstatus.com/algs/Y4-Split2/ALGS-Playoffs/Global/Overview,Y4-Split2,ALGS-Playoffs,Global,Overview,,,https://apexlegendsstatus.com/algs/Y4-Split2/ALGS-Playoffs/Global/Overview,overview,91,team_map_stats,Scores,41,FURIA,2 (66.7%),1 (33.3%),3,,
playoffs_split2,ALGS Year 4 Split 2 Playoffs,https://apexlegendsstatus.com/algs/Y4-Split2/ALGS-Playoffs/Global/Overview,Y4-Split2,ALGS-Playoffs,Global,Overview,,,https://apexlegendsstatus.com/algs/Y4-Split2/ALGS-Playoffs/Global/Overview,overview,92,team_map_stats,Scores,1,ENTER FORCE.36,4.6 (37.2%),6.8 (62.8%),12.3,,
playoffs_split2,ALGS Year 4 Split 2 Playoffs,https://apexlegendsstatus.com/algs/Y4-Split2/ALGS-Playoffs/Global/Overview,Y4-Split2,ALGS-Playoffs,Global,Overview,,,https://apexlegendsstatus.com/algs/Y4-Split2/ALGS-Playoffs/Global/Overview,overview,92,team_map_stats,Scores,2,DreamFire,5.8 (55.5%),4.2 (44.5%),10.5,,
playoffs_split2,ALGS Year 4 Split 2 Playoffs,https://apexlegendsstatus.com/algs/Y4-Split2/ALGS-Playoffs/Global/Overview,Y4-Split2,ALGS-Playoffs,Global,Overview,,,https://apexlegendsstatus.com/algs/Y4-Split2/ALGS-Playoffs/Global/Overview,overview,92,team_map_stats,Scores,3,XNY,3.3 (72.2%),1.3 (27.8%),4.5,,
playoffs_split2,ALGS Year 4 Split 2 Playoffs,https://apexlegendsstatus.com/algs/Y4-Split2/ALGS-Playoffs/Global/Overview,Y4-Split2,ALGS-Playoffs,Global,Overview,,,https://apexlegendsstatus.com/algs/Y4-Split2/ALGS-Playoffs/Global/Overview,overview,92,team_map_stats,Scores,4,HAO,6.5 (74.2%),2.4 (25.8%),8.8,,
playoffs_split2,ALGS Year 4 Split 2 Playoffs,https://apexlegendsstatus.com/algs/Y4-Split2/ALGS-Playoffs/Global/Overview,Y4-Split2,ALGS-Playoffs,Global,Overview,,,https://apexlegendsstatus.com/algs/Y4-Split2/ALGS-Playoffs/Global/Overview,overview,92,team_map_stats,Scores,5,LG,8.7 (64.5%),4.8 (35.5%),13.5,,
playoffs_split2,ALGS Year 4 Split 2 Playoffs,https://apexlegendsstatus.com/algs/Y4-Split2/ALGS-Playoffs/Global/Overview,Y4-Split2,ALGS-Playoffs,Global,Overview,,,https://apexlegendsstatus.com/algs/Y4-Split2/ALGS-Playoffs/Global/Overview,overview,92,team_map_stats,Scores,6,Team Falcons,6.4 (48.4%),6.1 (51.6%),13.3,,
playoffs_split2,ALGS Year 4 Split 2 Playoffs,https://apexlegendsstatus.com/algs/Y4-Split2/ALGS-Playoffs/Global/Overview,Y4-Split2,ALGS-Playoffs,Global,Overview,,,https://apexlegendsstatus.com/algs/Y4-Split2/ALGS-Playoffs/Global/Overview,overview,92,team_map_stats,Scores,7,FNATIC,7.2 (54.2%),5.5 (45.8%),13.2,,
playoffs_split2,ALGS Year 4 Split 2 Playoffs,https://apexlegendsstatus.com/algs/Y4-Split2/ALGS-Playoffs/Global/Overview,Y4-Split2,ALGS-Playoffs,Global,Overview,,,https://apexlegendsstatus.com/algs/Y4-Split2/ALGS-Playoffs/Global/Overview,overview,92,team_map_stats,Scores,8,GUILD,6.6 (45.8%),7 (54.2%),14.4,,
playoffs_split2,ALGS Year 4 Split 2 Playoffs,https://apexlegendsstatus.com/algs/Y4-Split2/ALGS-Playoffs/Global/Overview,Y4-Split2,ALGS-Playoffs,Global,Overview,,,https://apexlegendsstatus.com/algs/Y4-Split2/ALGS-Playoffs/Global/Overview,overview,92,team_map_stats,Scores,9,NRG,7.2 (52.8%),5.7 (47.2%),13.6,,
playoffs_split2,ALGS Year 4 Split 2 Playoffs,https://apexlegendsstatus.com/algs/Y4-Split2/ALGS-Playoffs/Global/Overview,Y4-Split2,ALGS-Playoffs,Global,Overview,,,https://apexlegendsstatus.com/algs/Y4-Split2/ALGS-Playoffs/Global/Overview,overview,92,team_map_stats,Scores,10,SSG,6 (39.2%),8.3 (60.8%),15.3,,
playoffs_split2,ALGS Year 4 Split 2 Playoffs,https://apexlegendsstatus.com/algs/Y4-Split2/ALGS-Playoffs/Global/Overview,Y4-Split2,ALGS-Playoffs,Global,Overview,,,https://apexlegendsstatus.com/algs/Y4-Split2/ALGS-Playoffs/Global/Overview,overview,92,team_map_stats,Scores,11,GHS Professional,3.4 (48.8%),3.6 (51.2%),7,,
playoffs_split2,ALGS Year 4 Split 2 Playoffs,https://apexlegendsstatus.com/algs/Y4-Split2/ALGS-Playoffs/Global/Overview,Y4-Split2,ALGS-Playoffs,Global,Overview,,,https://apexlegendsstatus.com/algs/Y4-Split2/ALGS-Playoffs/Global/Overview,overview,92,team_map_stats,Scores,12,STRIDERZ,3 (69.2%),1.3 (30.8%),4.3,,
playoffs_split2,ALGS Year 4 Split 2 Playoffs,https://apexlegendsstatus.com/algs/Y4-Split2/ALGS-Playoffs/Global/Overview,Y4-Split2,ALGS-Playoffs,Global,Overview,,,https://apexlegendsstatus.com/algs/Y4-Split2/ALGS-Playoffs/Global/Overview,overview,92,team_map_stats,Scores,13,Not Moist,9 (44.2%),10.1 (55.8%),20.4,,
playoffs_split2,ALGS Year 4 Split 2 Playoffs,https://apexlegendsstatus.com/algs/Y4-Split2/ALGS-Playoffs/Global/Overview,Y4-Split2,ALGS-Playoffs,Global,Overview,,,https://apexlegendsstatus.com/algs/Y4-Split2/ALGS-Playoffs/Global/Overview,overview,92,team_map_stats,Scores,14,Liquid Alienware,4 (43.2%),4.8 (56.8%),9.3,,
playoffs_split2,ALGS Year 4 Split 2 Playoffs,https://apexlegendsstatus.com/algs/Y4-Split2/ALGS-Playoffs/Global/Overview,Y4-Split2,ALGS-Playoffs,Global,Overview,,,https://apexlegendsstatus.com/algs/Y4-Split2/ALGS-Playoffs/Global/Overview,overview,92,team_map_stats,Scores,15,shadow3690,5.1 (50.3%),5.1 (49.7%),10.2,,
playoffs_split2,ALGS Year 4 Split 2 Playoffs,https://apexlegendsstatus.com/algs/Y4-Split2/ALGS-Playoffs/Global/Overview,Y4-Split2,ALGS-Playoffs,Global,Overview,,,https://apexlegendsstatus.com/algs/Y4-Split2/ALGS-Playoffs/Global/Overview,overview,92,team_map_stats,Scores,16,FaZe,3.8 (50%),3.8 (50%),7.5,,
playoffs_split2,ALGS Year 4 Split 2 Playoffs,https://apexlegendsstatus.com/algs/Y4-Split2/ALGS-Playoffs/Global/Overview,Y4-Split2,ALGS-Playoffs,Global,Overview,,,https://apexlegendsstatus.com/algs/Y4-Split2/ALGS-Playoffs/Global/Overview,overview,92,team_map_stats,Scores,17,Natus Vincere,7.7 (54.5%),6.4 (45.5%),14.1,,
playoffs_split2,ALGS Year 4 Split 2 Playoffs,https://apexlegendsstatus.com/algs/Y4-Split2/ALGS-Playoffs/Global/Overview,Y4-Split2,ALGS-Playoffs,Global,Overview,,,https://apexlegendsstatus.com/algs/Y4-Split2/ALGS-Playoffs/Global/Overview,overview,92,team_map_stats,Scores,18,E-Xolos LAZER,6.8 (53.4%),5.9 (46.6%),12.7,,
playoffs_split2,ALGS Year 4 Split 2 Playoffs,https://apexlegendsstatus.com/algs/Y4-Split2/ALGS-Playoffs/Global/Overview,Y4-Split2,ALGS-Playoffs,Global,Overview,,,https://apexlegendsstatus.com/algs/Y4-Split2/ALGS-Playoffs/Global/Overview,overview,92,team_map_stats,Scores,19,Alliance,4.5 (29.5%),9.7 (70.5%),15.2,,
playoffs_split2,ALGS Year 4 Split 2 Playoffs,https://apexlegendsstatus.com/algs/Y4-Split2/ALGS-Playoffs/Global/Overview,Y4-Split2,ALGS-Playoffs,Global,Overview,,,https://apexlegendsstatus.com/algs/Y4-Split2/ALGS-Playoffs/Global/Overview,overview,92,team_map_stats,Scores,20,FA KIDS,5.2 (62%),3.2 (38%),8.3,,
playoffs_split2,ALGS Year 4 Split 2 Playoffs,https://apexlegendsstatus.com/algs/Y4-Split2/ALGS-Playoffs/Global/Overview,Y4-Split2,ALGS-Playoffs,Global,Overview,,,https://apexlegendsstatus.com/algs/Y4-Split2/ALGS-Playoffs/Global/Overview,overview,92,team_map_stats,Scores,21,Team 8,NAN (0%),4 (100%),INF,,
playoffs_split2,ALGS Year 4 Split 2 Playoffs,https://apexlegendsstatus.com/algs/Y4-Split2/ALGS-Playoffs/Global/Overview,Y4-Split2,ALGS-Playoffs,Global,Overview,,,https://apexlegendsstatus.com/algs/Y4-Split2/ALGS-Playoffs/Global/Overview,overview,92,team_map_stats,Scores,22,SSE-Xray,3.8 (53.5%),3.3 (46.5%),7.2,,
playoffs_split2,ALGS Year 4 Split 2 Playoffs,https://apexlegendsstatus.com/algs/Y4-Split2/ALGS-Playoffs/Global/Overview,Y4-Split2,ALGS-Playoffs,Global,Overview,,,https://apexlegendsstatus.com/algs/Y4-Split2/ALGS-Playoffs/Global/Overview,overview,92,team_map_stats,Scores,23,FENNEL,4.3 (55.3%),3.5 (44.7%),7.8,,
playoffs_split2,ALGS Year 4 Split 2 Playoffs,https://apexlegendsstatus.com/algs/Y4-Split2/ALGS-Playoffs/Global/Overview,Y4-Split2,ALGS-Playoffs,Global,Overview,,,https://apexlegendsstatus.com/algs/Y4-Split2/ALGS-Playoffs/Global/Overview,overview,92,team_map_stats,Scores,24,GoNext Esports,5.2 (52.7%),4.7 (47.3%),9.9,,
playoffs_split2,ALGS Year 4 Split 2 Playoffs,https://apexlegendsstatus.com/algs/Y4-Split2/ALGS-Playoffs/Global/Overview,Y4-Split2,ALGS-Playoffs,Global,Overview,,,https://apexlegendsstatus.com/algs/Y4-Split2/ALGS-Playoffs/Global/Overview,overview,92,team_map_stats,Scores,25,Noctem Scan,4.7 (41%),6.1 (59%),11.4,,
playoffs_split2,ALGS Year 4 Split 2 Playoffs,https://apexlegendsstatus.com/algs/Y4-Split2/ALGS-Playoffs/Global/Overview,Y4-Split2,ALGS-Playoffs,Global,Overview,,,https://apexlegendsstatus.com/algs/Y4-Split2/ALGS-Playoffs/Global/Overview,overview,92,team_map_stats,Scores,26,VK GAMING,7 (55.4%),5 (44.6%),12.6,,
playoffs_split2,ALGS Year 4 Split 2 Playoffs,https://apexlegendsstatus.com/algs/Y4-Split2/ALGS-Playoffs/Global/Overview,Y4-Split2,ALGS-Playoffs,Global,Overview,,,https://apexlegendsstatus.com/algs/Y4-Split2/ALGS-Playoffs/Global/Overview,overview,92,team_map_stats,Scores,27,MKERS,3.8 (42%),4.8 (58%),9.2,,
playoffs_split2,ALGS Year 4 Split 2 Playoffs,https://apexlegendsstatus.com/algs/Y4-Split2/ALGS-Playoffs/Global/Overview,Y4-Split2,ALGS-Playoffs,Global,Overview,,,https://apexlegendsstatus.com/algs/Y4-Split2/ALGS-Playoffs/Global/Overview,overview,92,team_map_stats,Scores,28,REJECT WINNITYJP,3.9 (50%),3.9 (50%),7.9,,
playoffs_split2,ALGS Year 4 Split 2 Playoffs,https://apexlegendsstatus.com/algs/Y4-Split2/ALGS-Playoffs/Global/Overview,Y4-Split2,ALGS-Playoffs,Global,Overview,,,https://apexlegendsstatus.com/algs/Y4-Split2/ALGS-Playoffs/Global/Overview,overview,92,team_map_stats,Scores,29,GaiminGladiators,7.5 (38.5%),10.7 (61.5%),19.5,,
playoffs_split2,ALGS Year 4 Split 2 Playoffs,https://apexlegendsstatus.com/algs/Y4-Split2/ALGS-Playoffs/Global/Overview,Y4-Split2,ALGS-Playoffs,Global,Overview,,,https://apexlegendsstatus.com/algs/Y4-Split2/ALGS-Playoffs/Global/Overview,overview,92,team_map_stats,Scores,30,TSM,9.2 (52.7%),7.3 (47.3%),17.4,,
playoffs_split2,ALGS Year 4 Split 2 Playoffs,https://apexlegendsstatus.com/algs/Y4-Split2/ALGS-Playoffs/Global/Overview,Y4-Split2,ALGS-Playoffs,Global,Overview,,,https://apexlegendsstatus.com/algs/Y4-Split2/ALGS-Playoffs/Global/Overview,overview,92,team_map_stats,Scores,31,Exo Clan,4 (36.9%),6.2 (63.1%),10.8,,
playoffs_split2,ALGS Year 4 Split 2 Playoffs,https://apexlegendsstatus.com/algs/Y4-Split2/ALGS-Playoffs/Global/Overview,Y4-Split2,ALGS-Playoffs,Global,Overview,,,https://apexlegendsstatus.com/algs/Y4-Split2/ALGS-Playoffs/Global/Overview,overview,92,team_map_stats,Scores,32,Pioneers,3.7 (40%),5.5 (60%),9.2,,
playoffs_split2,ALGS Year 4 Split 2 Playoffs,https://apexlegendsstatus.com/algs/Y4-Split2/ALGS-Playoffs/Global/Overview,Y4-Split2,ALGS-Playoffs,Global,Overview,,,https://apexlegendsstatus.com/algs/Y4-Split2/ALGS-Playoffs/Global/Overview,overview,92,team_map_stats,Scores,33,Legends Gaming,5 (46.6%),5.7 (53.4%),10.7,,
playoffs_split2,ALGS Year 4 Split 2 Playoffs,https://apexlegendsstatus.com/algs/Y4-Split2/ALGS-Playoffs/Global/Overview,Y4-Split2,ALGS-Playoffs,Global,Overview,,,https://apexlegendsstatus.com/algs/Y4-Split2/ALGS-Playoffs/Global/Overview,overview,92,team_map_stats,Scores,34,OLIMPO,3.9 (52.8%),3.5 (47.2%),7.4,,
playoffs_split2,ALGS Year 4 Split 2 Playoffs,https://apexlegendsstatus.com/algs/Y4-Split2/ALGS-Playoffs/Global/Overview,Y4-Split2,ALGS-Playoffs,Global,Overview,,,https://apexlegendsstatus.com/algs/Y4-Split2/ALGS-Playoffs/Global/Overview,overview,92,team_map_stats,Scores,35,BLEED Esports,9.1 (59.7%),5.4 (40.3%),15.2,,
playoffs_split2,ALGS Year 4 Split 2 Playoffs,https://apexlegendsstatus.com/algs/Y4-Split2/ALGS-Playoffs/Global/Overview,Y4-Split2,ALGS-Playoffs,Global,Overview,,,https://apexlegendsstatus.com/algs/Y4-Split2/ALGS-Playoffs/Global/Overview,overview,92,team_map_stats,Scores,36,Cloud9,6.5 (48.8%),6.1 (51.2%),13.3,,
playoffs_split2,ALGS Year 4 Split 2 Playoffs,https://apexlegendsstatus.com/algs/Y4-Split2/ALGS-Playoffs/Global/Overview,Y4-Split2,ALGS-Playoffs,Global,Overview,,,https://apexlegendsstatus.com/algs/Y4-Split2/ALGS-Playoffs/Global/Overview,overview,92,team_map_stats,Scores,37,NORTHEPTION,4.3 (54.2%),3.7 (45.8%),8,,
playoffs_split2,ALGS Year 4 Split 2 Playoffs,https://apexlegendsstatus.com/algs/Y4-Split2/ALGS-Playoffs/Global/Overview,Y4-Split2,ALGS-Playoffs,Global,Overview,,,https://apexlegendsstatus.com/algs/Y4-Split2/ALGS-Playoffs/Global/Overview,overview,92,team_map_stats,Scores,38,SWQ,2.7 (43.5%),3.5 (56.5%),6.1,,
playoffs_split2,ALGS Year 4 Split 2 Playoffs,https://apexlegendsstatus.com/algs/Y4-Split2/ALGS-Playoffs/Global/Overview,Y4-Split2,ALGS-Playoffs,Global,Overview,,,https://apexlegendsstatus.com/algs/Y4-Split2/ALGS-Playoffs/Global/Overview,overview,92,team_map_stats,Scores,39,Complexity,6.8 (51.4%),5.9 (48.6%),13.3,,
playoffs_split2,ALGS Year 4 Split 2 Playoffs,https://apexlegendsstatus.com/algs/Y4-Split2/ALGS-Playoffs/Global/Overview,Y4-Split2,ALGS-Playoffs,Global,Overview,,,https://apexlegendsstatus.com/algs/Y4-Split2/ALGS-Playoffs/Global/Overview,overview,92,team_map_stats,Scores,40,NOEZ FOXX,1.6 (21.8%),5.7 (78.2%),7.3,,
playoffs_split2,ALGS Year 4 Split 2 Playoffs,https://apexlegendsstatus.com/algs/Y4-Split2/ALGS-Playoffs/Global/Overview,Y4-Split2,ALGS-Playoffs,Global,Overview,,,https://apexlegendsstatus.com/algs/Y4-Split2/ALGS-Playoffs/Global/Overview,overview,92,team_map_stats,Scores,41,FURIA,7 (46.5%),7.2 (53.5%),15.1,,
playoffs_split2,ALGS Year 4 Split 2 Playoffs,https://apexlegendsstatus.com/algs/Y4-Split2/ALGS-Playoffs/Global/Overview,Y4-Split2,ALGS-Playoffs,Global,Overview,,,https://apexlegendsstatus.com/algs/Y4-Split2/ALGS-Playoffs/Global/Overview,overview,93,team_map_stats,Scores,1,ENTER FORCE.36,3 (1.9%),6 (3.6%),9 (2.8%),,
playoffs_split2,ALGS Year 4 Split 2 Playoffs,https://apexlegendsstatus.com/algs/Y4-Split2/ALGS-Playoffs/Global/Overview,Y4-Split2,ALGS-Playoffs,Global,Overview,,,https://apexlegendsstatus.com/algs/Y4-Split2/ALGS-Playoffs/Global/Overview,overview,93,team_map_stats,Scores,2,DreamFire,6 (3.9%),3 (1.8%),9 (2.8%),,
playoffs_split2,ALGS Year 4 Split 2 Playoffs,https://apexlegendsstatus.com/algs/Y4-Split2/ALGS-Playoffs/Global/Overview,Y4-Split2,ALGS-Playoffs,Global,Overview,,,https://apexlegendsstatus.com/algs/Y4-Split2/ALGS-Playoffs/Global/Overview,overview,93,team_map_stats,Scores,3,XNY,0 (0%),0 (0%),0 (0%),,
playoffs_split2,ALGS Year 4 Split 2 Playoffs,https://apexlegendsstatus.com/algs/Y4-Split2/ALGS-Playoffs/Global/Overview,Y4-Split2,ALGS-Playoffs,Global,Overview,,,https://apexlegendsstatus.com/algs/Y4-Split2/ALGS-Playoffs/Global/Overview,overview,93,team_map_stats,Scores,4,HAO,4 (2.6%),2 (1.2%),6 (1.9%),,
playoffs_split2,ALGS Year 4 Split 2 Playoffs,https://apexlegendsstatus.com/algs/Y4-Split2/ALGS-Playoffs/Global/Overview,Y4-Split2,ALGS-Playoffs,Global,Overview,,,https://apexlegendsstatus.com/algs/Y4-Split2/ALGS-Playoffs/Global/Overview,overview,93,team_map_stats,Scores,5,LG,7 (4.5%),3 (1.8%),10 (3.1%),,
playoffs_split2,ALGS Year 4 Split 2 Playoffs,https://apexlegendsstatus.com/algs/Y4-Split2/ALGS-Playoffs/Global/Overview,Y4-Split2,ALGS-Playoffs,Global,Overview,,,https://apexlegendsstatus.com/algs/Y4-Split2/ALGS-Playoffs/Global/Overview,overview,93,team_map_stats,Scores,6,Team Falcons,5 (3.2%),2 (1.2%),7 (2.2%),,
playoffs_split2,ALGS Year 4 Split 2 Playoffs,https://apexlegendsstatus.com/algs/Y4-Split2/ALGS-Playoffs/Global/Overview,Y4-Split2,ALGS-Playoffs,Global,Overview,,,https://apexlegendsstatus.com/algs/Y4-Split2/ALGS-Playoffs/Global/Overview,overview,93,team_map_stats,Scores,7,FNATIC,7 (4.5%),6 (3.6%),13 (4.1%),,
playoffs_split2,ALGS Year 4 Split 2 Playoffs,https://apexlegendsstatus.com/algs/Y4-Split2/ALGS-Playoffs/Global/Overview,Y4-Split2,ALGS-Playoffs,Global,Overview,,,https://apexlegendsstatus.com/algs/Y4-Split2/ALGS-Playoffs/Global/Overview,overview,93,team_map_stats,Scores,8,GUILD,7 (4.5%),9 (5.5%),16 (5%),,
playoffs_split2,ALGS Year 4 Split 2 Playoffs,https://apexlegendsstatus.com/algs/Y4-Split2/ALGS-Playoffs/Global/Overview,Y4-Split2,ALGS-Playoffs,Global,Overview,,,https://apexlegendsstatus.com/algs/Y4-Split2/ALGS-Playoffs/Global/Overview,overview,93,team_map_stats,Scores,9,NRG,7 (4.5%),5 (3%),12 (3.8%),,
playoffs_split2,ALGS Year 4 Split 2 Playoffs,https://apexlegendsstatus.com/algs/Y4-Split2/ALGS-Playoffs/Global/Overview,Y4-Split2,ALGS-Playoffs,Global,Overview,,,https://apexlegendsstatus.com/algs/Y4-Split2/ALGS-Playoffs/Global/Overview,overview,93,team_map_stats,Scores,10,SSG,6 (3.9%),6 (3.6%),12 (3.8%),,
playoffs_split2,ALGS Year 4 Split 2 Playoffs,https://apexlegendsstatus.com/algs/Y4-Split2/ALGS-Playoffs/Global/Overview,Y4-Split2,ALGS-Playoffs,Global,Overview,,,https://apexlegendsstatus.com/algs/Y4-Split2/ALGS-Playoffs/Global/Overview,overview,93,team_map_stats,Scores,11,GHS Professional,1 (0.6%),2 (1.2%),3 (0.9%),,
playoffs_split2,ALGS Year 4 Split 2 Playoffs,https://apexlegendsstatus.com/algs/Y4-Split2/ALGS-Playoffs/Global/Overview,Y4-Split2,ALGS-Playoffs,Global,Overview,,,https://apexlegendsstatus.com/algs/Y4-Split2/ALGS-Playoffs/Global/Overview,overview,93,team_map_stats,Scores,12,STRIDERZ,1 (0.6%),1 (0.6%),2 (0.6%),,
playoffs_split2,ALGS Year 4 Split 2 Playoffs,https://apexlegendsstatus.com/algs/Y4-Split2/ALGS-Playoffs/Global/Overview,Y4-Split2,ALGS-Playoffs,Global,Overview,,,https://apexlegendsstatus.com/algs/Y4-Split2/ALGS-Playoffs/Global/Overview,overview,93,team_map_stats,Scores,13,Not Moist,6 (3.9%),7 (4.2%),13 (4.1%),,
playoffs_split2,ALGS Year 4 Split 2 Playoffs,https://apexlegendsstatus.com/algs/Y4-Split2/ALGS-Playoffs/Global/Overview,Y4-Split2,ALGS-Playoffs,Global,Overview,,,https://apexlegendsstatus.com/algs/Y4-Split2/ALGS-Playoffs/Global/Overview,overview,93,team_map_stats,Scores,14,Liquid Alienware,4 (2.6%),4 (2.4%),8 (2.5%),,
playoffs_split2,ALGS Year 4 Split 2 Playoffs,https://apexlegendsstatus.com/algs/Y4-Split2/ALGS-Playoffs/Global/Overview,Y4-Split2,ALGS-Playoffs,Global,Overview,,,https://apexlegendsstatus.com/algs/Y4-Split2/ALGS-Playoffs/Global/Overview,overview,93,team_map_stats,Scores,15,shadow3690,1 (0.6%),5 (3%),6 (1.9%),,
playoffs_split2,ALGS Year 4 Split 2 Playoffs,https://apexlegendsstatus.com/algs/Y4-Split2/ALGS-Playoffs/Global/Overview,Y4-Split2,ALGS-Playoffs,Global,Overview,,,https://apexlegendsstatus.com/algs/Y4-Split2/ALGS-Playoffs/Global/Overview,overview,93,team_map_stats,Scores,16,FaZe,3 (1.9%),2 (1.2%),5 (1.6%),,
playoffs_split2,ALGS Year 4 Split 2 Playoffs,https://apexlegendsstatus.com/algs/Y4-Split2/ALGS-Playoffs/Global/Overview,Y4-Split2,ALGS-Playoffs,Global,Overview,,,https://apexlegendsstatus.com/algs/Y4-Split2/ALGS-Playoffs/Global/Overview,overview,93,team_map_stats,Scores,17,Natus Vincere,8 (5.2%),4 (2.4%),12 (3.8%),,
playoffs_split2,ALGS Year 4 Split 2 Playoffs,https://apexlegendsstatus.com/algs/Y4-Split2/ALGS-Playoffs/Global/Overview,Y4-Split2,ALGS-Playoffs,Global,Overview,,,https://apexlegendsstatus.com/algs/Y4-Split2/ALGS-Playoffs/Global/Overview,overview,93,team_map_stats,Scores,18,E-Xolos LAZER,6 (3.9%),5 (3%),11 (3.4%),,
playoffs_split2,ALGS Year 4 Split 2 Playoffs,https://apexlegendsstatus.com/algs/Y4-Split2/ALGS-Playoffs/Global/Overview,Y4-Split2,ALGS-Playoffs,Global,Overview,,,https://apexlegendsstatus.com/algs/Y4-Split2/ALGS-Playoffs/Global/Overview,overview,93,team_map_stats,Scores,19,Alliance,2 (1.3%),9 (5.5%),11 (3.4%),,
playoffs_split2,ALGS Year 4 Split 2 Playoffs,https://apexlegendsstatus.com/algs/Y4-Split2/ALGS-Playoffs/Global/Overview,Y4-Split2,ALGS-Playoffs,Global,Overview,,,https://apexlegendsstatus.com/algs/Y4-Split2/ALGS-Playoffs/Global/Overview,overview,93,team_map_stats,Scores,20,FA KIDS,0 (0%),1 (0.6%),1 (0.3%),,
playoffs_split2,ALGS Year 4 Split 2 Playoffs,https://apexlegendsstatus.com/algs/Y4-Split2/ALGS-Playoffs/Global/Overview,Y4-Split2,ALGS-Playoffs,Global,Overview,,,https://apexlegendsstatus.com/algs/Y4-Split2/ALGS-Playoffs/Global/Overview,overview,93,team_map_stats,Scores,21,Team 8,0 (0%),0 (0%),0 (0%),,
playoffs_split2,ALGS Year 4 Split 2 Playoffs,https://apexlegendsstatus.com/algs/Y4-Split2/ALGS-Playoffs/Global/Overview,Y4-Split2,ALGS-Playoffs,Global,Overview,,,https://apexlegendsstatus.com/algs/Y4-Split2/ALGS-Playoffs/Global/Overview,overview,93,team_map_stats,Scores,22,SSE-Xray,1 (0.6%),2 (1.2%),3 (0.9%),,
playoffs_split2,ALGS Year 4 Split 2 Playoffs,https://apexlegendsstatus.com/algs/Y4-Split2/ALGS-Playoffs/Global/Overview,Y4-Split2,ALGS-Playoffs,Global,Overview,,,https://apexlegendsstatus.com/algs/Y4-Split2/ALGS-Playoffs/Global/Overview,overview,93,team_map_stats,Scores,23,FENNEL,3 (1.9%),0 (0%),3 (0.9%),,
playoffs_split2,ALGS Year 4 Split 2 Playoffs,https://apexlegendsstatus.com/algs/Y4-Split2/ALGS-Playoffs/Global/Overview,Y4-Split2,ALGS-Playoffs,Global,Overview,,,https://apexlegendsstatus.com/algs/Y4-Split2/ALGS-Playoffs/Global/Overview,overview,93,team_map_stats,Scores,24,GoNext Esports,4 (2.6%),1 (0.6%),5 (1.6%),,
playoffs_split2,ALGS Year 4 Split 2 Playoffs,https://apexlegendsstatus.com/algs/Y4-Split2/ALGS-Playoffs/Global/Overview,Y4-Split2,ALGS-Playoffs,Global,Overview,,,https://apexlegendsstatus.com/algs/Y4-Split2/ALGS-Playoffs/Global/Overview,overview,93,team_map_stats,Scores,25,Noctem Scan,2 (1.3%),7 (4.2%),9 (2.8%),,
playoffs_split2,ALGS Year 4 Split 2 Playoffs,https://apexlegendsstatus.com/algs/Y4-Split2/ALGS-Playoffs/Global/Overview,Y4-Split2,ALGS-Playoffs,Global,Overview,,,https://apexlegendsstatus.com/algs/Y4-Split2/ALGS-Playoffs/Global/Overview,overview,93,team_map_stats,Scores,26,VK GAMING,6 (3.9%),6 (3.6%),12 (3.8%),,
playoffs_split2,ALGS Year 4 Split 2 Playoffs,https://apexlegendsstatus.com/algs/Y4-Split2/ALGS-Playoffs/Global/Overview,Y4-Split2,ALGS-Playoffs,Global,Overview,,,https://apexlegendsstatus.com/algs/Y4-Split2/ALGS-Playoffs/Global/Overview,overview,93,team_map_stats,Scores,27,MKERS,2 (1.3%),5 (3%),7 (2.2%),,
playoffs_split2,ALGS Year 4 Split 2 Playoffs,https://apexlegendsstatus.com/algs/Y4-Split2/ALGS-Playoffs/Global/Overview,Y4-Split2,ALGS-Playoffs,Global,Overview,,,https://apexlegendsstatus.com/algs/Y4-Split2/ALGS-Playoffs/Global/Overview,overview,93,team_map_stats,Scores,28,REJECT WINNITYJP,2 (1.3%),5 (3%),7 (2.2%),,
playoffs_split2,ALGS Year 4 Split 2 Playoffs,https://apexlegendsstatus.com/algs/Y4-Split2/ALGS-Playoffs/Global/Overview,Y4-Split2,ALGS-Playoffs,Global,Overview,,,https://apexlegendsstatus.com/algs/Y4-Split2/ALGS-Playoffs/Global/Overview,overview,93,team_map_stats,Scores,29,GaiminGladiators,8 (5.2%),10 (6.1%),18 (5.6%),,
playoffs_split2,ALGS Year 4 Split 2 Playoffs,https://apexlegendsstatus.com/algs/Y4-Split2/ALGS-Playoffs/Global/Overview,Y4-Split2,ALGS-Playoffs,Global,Overview,,,https://apexlegendsstatus.com/algs/Y4-Split2/ALGS-Playoffs/Global/Overview,overview,93,team_map_stats,Scores,30,TSM,5 (3.2%),8 (4.8%),13 (4.1%),,
playoffs_split2,ALGS Year 4 Split 2 Playoffs,https://apexlegendsstatus.com/algs/Y4-Split2/ALGS-Playoffs/Global/Overview,Y4-Split2,ALGS-Playoffs,Global,Overview,,,https://apexlegendsstatus.com/algs/Y4-Split2/ALGS-Playoffs/Global/Overview,overview,93,team_map_stats,Scores,31,Exo Clan,2 (1.3%),5 (3%),7 (2.2%),,
playoffs_split2,ALGS Year 4 Split 2 Playoffs,https://apexlegendsstatus.com/algs/Y4-Split2/ALGS-Playoffs/Global/Overview,Y4-Split2,ALGS-Playoffs,Global,Overview,,,https://apexlegendsstatus.com/algs/Y4-Split2/ALGS-Playoffs/Global/Overview,overview,93,team_map_stats,Scores,32,Pioneers,4 (2.6%),1 (0.6%),5 (1.6%),,
playoffs_split2,ALGS Year 4 Split 2 Playoffs,https://apexlegendsstatus.com/algs/Y4-Split2/ALGS-Playoffs/Global/Overview,Y4-Split2,ALGS-Playoffs,Global,Overview,,,https://apexlegendsstatus.com/algs/Y4-Split2/ALGS-Playoffs/Global/Overview,overview,93,team_map_stats,Scores,33,Legends Gaming,4 (2.6%),4 (2.4%),8 (2.5%),,
playoffs_split2,ALGS Year 4 Split 2 Playoffs,https://apexlegendsstatus.com/algs/Y4-Split2/ALGS-Playoffs/Global/Overview,Y4-Split2,ALGS-Playoffs,Global,Overview,,,https://apexlegendsstatus.com/algs/Y4-Split2/ALGS-Playoffs/Global/Overview,overview,93,team_map_stats,Scores,34,OLIMPO,2 (1.3%),2 (1.2%),4 (1.3%),,
playoffs_split2,ALGS Year 4 Split 2 Playoffs,https://apexlegendsstatus.com/algs/Y4-Split2/ALGS-Playoffs/Global/Overview,Y4-Split2,ALGS-Playoffs,Global,Overview,,,https://apexlegendsstatus.com/algs/Y4-Split2/ALGS-Playoffs/Global/Overview,overview,93,team_map_stats,Scores,35,BLEED Esports,7 (4.5%),4 (2.4%),11 (3.4%),,
playoffs_split2,ALGS Year 4 Split 2 Playoffs,https://apexlegendsstatus.com/algs/Y4-Split2/ALGS-Playoffs/Global/Overview,Y4-Split2,ALGS-Playoffs,Global,Overview,,,https://apexlegendsstatus.com/algs/Y4-Split2/ALGS-Playoffs/Global/Overview,overview,93,team_map_stats,Scores,36,Cloud9,6 (3.9%),4 (2.4%),10 (3.1%),,
playoffs_split2,ALGS Year 4 Split 2 Playoffs,https://apexlegendsstatus.com/algs/Y4-Split2/ALGS-Playoffs/Global/Overview,Y4-Split2,ALGS-Playoffs,Global,Overview,,,https://apexlegendsstatus.com/algs/Y4-Split2/ALGS-Playoffs/Global/Overview,overview,93,team_map_stats,Scores,37,NORTHEPTION,2 (1.3%),3 (1.8%),5 (1.6%),,
playoffs_split2,ALGS Year 4 Split 2 Playoffs,https://apexlegendsstatus.com/algs/Y4-Split2/ALGS-Playoffs/Global/Overview,Y4-Split2,ALGS-Playoffs,Global,Overview,,,https://apexlegendsstatus.com/algs/Y4-Split2/ALGS-Playoffs/Global/Overview,overview,93,team_map_stats,Scores,38,SWQ,0 (0%),1 (0.6%),1 (0.3%),,
playoffs_split2,ALGS Year 4 Split 2 Playoffs,https://apexlegendsstatus.com/algs/Y4-Split2/ALGS-Playoffs/Global/Overview,Y4-Split2,ALGS-Playoffs,Global,Overview,,,https://apexlegendsstatus.com/algs/Y4-Split2/ALGS-Playoffs/Global/Overview,overview,93,team_map_stats,Scores,39,Complexity,6 (3.9%),4 (2.4%),10 (3.1%),,
playoffs_split2,ALGS Year 4 Split 2 Playoffs,https://apexlegendsstatus.com/algs/Y4-Split2/ALGS-Playoffs/Global/Overview,Y4-Split2,ALGS-Playoffs,Global,Overview,,,https://apexlegendsstatus.com/algs/Y4-Split2/ALGS-Playoffs/Global/Overview,overview,93,team_map_stats,Scores,40,NOEZ FOXX,0 (0%),3 (1.8%),3 (0.9%),,
playoffs_split2,ALGS Year 4 Split 2 Playoffs,https://apexlegendsstatus.com/algs/Y4-Split2/ALGS-Playoffs/Global/Overview,Y4-Split2,ALGS-Playoffs,Global,Overview,,,https://apexlegendsstatus.com/algs/Y4-Split2/ALGS-Playoffs/Global/Overview,overview,93,team_map_stats,Scores,41,FURIA,5 (3.2%),8 (4.8%),13 (4.1%),,
championship_split2,ALGS Year 4 Championship,https://apexlegendsstatus.com/algs/Y4-Split2/ALGS-Championships/Global/Overview,Y4-Split2,ALGS-Championships,Global,Overview,,,https://apexlegendsstatus.com/algs/Y4-Split2/ALGS-Championships/Global/Overview,overview,87,team_map_stats,Scores,1,VK GAMING,97 (37.3%),79 (30.4%),260,,84 (32.3%)
championship_split2,ALGS Year 4 Championship,https://apexlegendsstatus.com/algs/Y4-Split2/ALGS-Championships/Global/Overview,Y4-Split2,ALGS-Championships,Global,Overview,,,https://apexlegendsstatus.com/algs/Y4-Split2/ALGS-Championships/Global/Overview,overview,87,team_map_stats,Scores,2,TSM,110 (48.7%),65 (28.8%),226,,51 (22.6%)
championship_split2,ALGS Year 4 Championship,https://apexlegendsstatus.com/algs/Y4-Split2/ALGS-Championships/Global/Overview,Y4-Split2,ALGS-Championships,Global,Overview,,,https://apexlegendsstatus.com/algs/Y4-Split2/ALGS-Championships/Global/Overview,overview,87,team_map_stats,Scores,3,ShopifyRebellion,119 (43.4%),74 (27%),274,,81 (29.6%)
championship_split2,ALGS Year 4 Championship,https://apexlegendsstatus.com/algs/Y4-Split2/ALGS-Championships/Global/Overview,Y4-Split2,ALGS-Championships,Global,Overview,,,https://apexlegendsstatus.com/algs/Y4-Split2/ALGS-Championships/Global/Overview,overview,87,team_map_stats,Scores,4,NRG,38 (35.8%),23 (21.7%),106,,45 (42.5%)
championship_split2,ALGS Year 4 Championship,https://apexlegendsstatus.com/algs/Y4-Split2/ALGS-Championships/Global/Overview,Y4-Split2,ALGS-Championships,Global,Overview,,,https://apexlegendsstatus.com/algs/Y4-Split2/ALGS-Championships/Global/Overview,overview,87,team_map_stats,Scores,5,Meteor,13 (16.9%),35 (45.5%),77,,29 (37.7%)
championship_split2,ALGS Year 4 Championship,https://apexlegendsstatus.com/algs/Y4-Split2/ALGS-Championships/Global/Overview,Y4-Split2,ALGS-Championships,Global,Overview,,,https://apexlegendsstatus.com/algs/Y4-Split2/ALGS-Championships/Global/Overview,overview,87,team_map_stats,Scores,6,100 Thieves,69 (34.7%),76 (38.2%),199,,54 (27.1%)
championship_split2,ALGS Year 4 Championship,https://apexlegendsstatus.com/algs/Y4-Split2/ALGS-Championships/Global/Overview,Y4-Split2,ALGS-Championships,Global,Overview,,,https://apexlegendsstatus.com/algs/Y4-Split2/ALGS-Championships/Global/Overview,overview,87,team_map_stats,Scores,7,GREEN STEGO,49 (30.6%),48 (30%),160,,63 (39.4%)
championship_split2,ALGS Year 4 Championship,https://apexlegendsstatus.com/algs/Y4-Split2/ALGS-Championships/Global/Overview,Y4-Split2,ALGS-Championships,Global,Overview,,,https://apexlegendsstatus.com/algs/Y4-Split2/ALGS-Championships/Global/Overview,overview,87,team_map_stats,Scores,8,GUILD,73 (29.8%),92 (37.6%),245,,80 (32.7%)
championship_split2,ALGS Year 4 Championship,https://apexlegendsstatus.com/algs/Y4-Split2/ALGS-Championships/Global/Overview,Y4-Split2,ALGS-Championships,Global,Overview,,,https://apexlegendsstatus.com/algs/Y4-Split2/ALGS-Championships/Global/Overview,overview,87,team_map_stats,Scores,9,Exo Clan,58 (26.2%),104 (47.1%),221,,59 (26.7%)
championship_split2,ALGS Year 4 Championship,https://apexlegendsstatus.com/algs/Y4-Split2/ALGS-Championships/Global/Overview,Y4-Split2,ALGS-Championships,Global,Overview,,,https://apexlegendsstatus.com/algs/Y4-Split2/ALGS-Championships/Global/Overview,overview,87,team_map_stats,Scores,10,Ninjas,27 (26%),33 (31.7%),104,,44 (42.3%)
championship_split2,ALGS Year 4 Championship,https://apexlegendsstatus.com/algs/Y4-Split2/ALGS-Championships/Global/Overview,Y4-Split2,ALGS-Championships,Global,Overview,,,https://apexlegendsstatus.com/algs/Y4-Split2/ALGS-Championships/Global/Overview,overview,87,team_map_stats,Scores,11,shadow3690,38 (41.8%),10 (11%),91,,43 (47.3%)
championship_split2,ALGS Year 4 Championship,https://apexlegendsstatus.com/algs/Y4-Split2/ALGS-Championships/Global/Overview,Y4-Split2,ALGS-Championships,Global,Overview,,,https://apexlegendsstatus.com/algs/Y4-Split2/ALGS-Championships/Global/Overview,overview,87,team_map_stats,Scores,12,SOURCE XNY,43 (34.4%),32 (25.6%),125,,50 (40%)
championship_split2,ALGS Year 4 Championship,https://apexlegendsstatus.com/algs/Y4-Split2/ALGS-Championships/Global/Overview,Y4-Split2,ALGS-Championships,Global,Overview,,,https://apexlegendsstatus.com/algs/Y4-Split2/ALGS-Championships/Global/Overview,overview,87,team_map_stats,Scores,13,FNATIC,99 (36%),67 (24.4%),275,,109 (39.6%)
championship_split2,ALGS Year 4 Championship,https://apexlegendsstatus.com/algs/Y4-Split2/ALGS-Championships/Global/Overview,Y4-Split2,ALGS-Championships,Global,Overview,,,https://apexlegendsstatus.com/algs/Y4-Split2/ALGS-Championships/Global/Overview,overview,87,team_map_stats,Scores,14,Complexity,74 (30%),76 (30.8%),247,,97 (39.3%)
championship_split2,ALGS Year 4 Championship,https://apexlegendsstatus.com/algs/Y4-Split2/ALGS-Championships/Global/Overview,Y4-Split2,ALGS-Championships,Global,Overview,,,https://apexlegendsstatus.com/algs/Y4-Split2/ALGS-Championships/Global/Overview,overview,87,team_map_stats,Scores,15,FaZe,37 (29.8%),39 (31.5%),124,,48 (38.7%)
championship_split2,ALGS Year 4 Championship,https://apexlegendsstatus.com/algs/Y4-Split2/ALGS-Championships/Global/Overview,Y4-Split2,ALGS-Championships,Global,Overview,,,https://apexlegendsstatus.com/algs/Y4-Split2/ALGS-Championships/Global/Overview,overview,87,team_map_stats,Scores,16,DRAGONS,27 (19.4%),83 (59.7%),139,,29 (20.9%)
championship_split2,ALGS Year 4 Championship,https://apexlegendsstatus.com/algs/Y4-Split2/ALGS-Championships/Global/Overview,Y4-Split2,ALGS-Championships,Global,Overview,,,https://apexlegendsstatus.com/algs/Y4-Split2/ALGS-Championships/Global/Overview,overview,87,team_map_stats,Scores,17,disguised,42 (26.4%),65 (40.9%),159,,52 (32.7%)
championship_split2,ALGS Year 4 Championship,https://apexlegendsstatus.com/algs/Y4-Split2/ALGS-Championships/Global/Overview,Y4-Split2,ALGS-Championships,Global,Overview,,,https://apexlegendsstatus.com/algs/Y4-Split2/ALGS-Championships/Global/Overview,overview,87,team_map_stats,Scores,18,Virtus.pro,85 (32.8%),93 (35.9%),259,,81 (31.3%)
championship_split2,ALGS Year 4 Championship,https://apexlegendsstatus.com/algs/Y4-Split2/ALGS-Championships/Global/Overview,Y4-Split2,ALGS-Championships,Global,Overview,,,https://apexlegendsstatus.com/algs/Y4-Split2/ALGS-Championships/Global/Overview,overview,87,team_map_stats,Scores,19,Cloud9,72 (35.3%),61 (29.9%),204,,71 (34.8%)
championship_split2,ALGS Year 4 Championship,https://apexlegendsstatus.com/algs/Y4-Split2/ALGS-Championships/Global/Overview,Y4-Split2,ALGS-Championships,Global,Overview,,,https://apexlegendsstatus.com/algs/Y4-Split2/ALGS-Championships/Global/Overview,overview,87,team_map_stats,Scores,20,Oblivion,68 (57.1%),24 (20.2%),119,,27 (22.7%)
championship_split2,ALGS Year 4 Championship,https://apexlegendsstatus.com/algs/Y4-Split2/ALGS-Championships/Global/Overview,Y4-Split2,ALGS-Championships,Global,Overview,,,https://apexlegendsstatus.com/algs/Y4-Split2/ALGS-Championships/Global/Overview,overview,87,team_map_stats,Scores,21,LG,59 (25.1%),93 (39.6%),235,,83 (35.3%)
championship_split2,ALGS Year 4 Championship,https://apexlegendsstatus.com/algs/Y4-Split2/ALGS-Championships/Global/Overview,Y4-Split2,ALGS-Championships,Global,Overview,,,https://apexlegendsstatus.com/algs/Y4-Split2/ALGS-Championships/Global/Overview,overview,87,team_map_stats,Scores,22,REIGNITE,34 (33.7%),43 (42.6%),101,,24 (23.8%)
championship_split2,ALGS Year 4 Championship,https://apexlegendsstatus.com/algs/Y4-Split2/ALGS-Championships/Global/Overview,Y4-Split2,ALGS-Championships,Global,Overview,,,https://apexlegendsstatus.com/algs/Y4-Split2/ALGS-Championships/Global/Overview,overview,87,team_map_stats,Scores,23,GHS Professional,62 (39.7%),65 (41.7%),156,,29 (18.6%)
championship_split2,ALGS Year 4 Championship,https://apexlegendsstatus.com/algs/Y4-Split2/ALGS-Championships/Global/Overview,Y4-Split2,ALGS-Championships,Global,Overview,,,https://apexlegendsstatus.com/algs/Y4-Split2/ALGS-Championships/Global/Overview,overview,87,team_map_stats,Scores,24,DreamFire,31 (30.1%),35 (34%),103,,37 (35.9%)
championship_split2,ALGS Year 4 Championship,https://apexlegendsstatus.com/algs/Y4-Split2/ALGS-Championships/Global/Overview,Y4-Split2,ALGS-Championships,Global,Overview,,,https://apexlegendsstatus.com/algs/Y4-Split2/ALGS-Championships/Global/Overview,overview,87,team_map_stats,Scores,25,GaiminGladiators,57 (30.8%),52 (28.1%),185,,76 (41.1%)
championship_split2,ALGS Year 4 Championship,https://apexlegendsstatus.com/algs/Y4-Split2/ALGS-Championships/Global/Overview,Y4-Split2,ALGS-Championships,Global,Overview,,,https://apexlegendsstatus.com/algs/Y4-Split2/ALGS-Championships/Global/Overview,overview,87,team_map_stats,Scores,26,STALLIONS,29 (25.4%),34 (29.8%),114,,51 (44.7%)
championship_split2,ALGS Year 4 Championship,https://apexlegendsstatus.com/algs/Y4-Split2/ALGS-Championships/Global/Overview,Y4-Split2,ALGS-Championships,Global,Overview,,,https://apexlegendsstatus.com/algs/Y4-Split2/ALGS-Championships/Global/Overview,overview,87,team_map_stats,Scores,27,Liquid Alienware,87 (45.1%),67 (34.7%),193,,39 (20.2%)
championship_split2,ALGS Year 4 Championship,https://apexlegendsstatus.com/algs/Y4-Split2/ALGS-Championships/Global/Overview,Y4-Split2,ALGS-Championships,Global,Overview,,,https://apexlegendsstatus.com/algs/Y4-Split2/ALGS-Championships/Global/Overview,overview,87,team_map_stats,Scores,28,OrglessAndHungry,46 (23.7%),73 (37.6%),194,,75 (38.7%)
championship_split2,ALGS Year 4 Championship,https://apexlegendsstatus.com/algs/Y4-Split2/ALGS-Championships/Global/Overview,Y4-Split2,ALGS-Championships,Global,Overview,,,https://apexlegendsstatus.com/algs/Y4-Split2/ALGS-Championships/Global/Overview,overview,87,team_map_stats,Scores,29,FURIA,92 (37.2%),78 (31.6%),247,,77 (31.2%)
championship_split2,ALGS Year 4 Championship,https://apexlegendsstatus.com/algs/Y4-Split2/ALGS-Championships/Global/Overview,Y4-Split2,ALGS-Championships,Global,Overview,,,https://apexlegendsstatus.com/algs/Y4-Split2/ALGS-Championships/Global/Overview,overview,87,team_map_stats,Scores,30,Zero Tenacity,48 (29.3%),57 (34.8%),164,,59 (36%)
championship_split2,ALGS Year 4 Championship,https://apexlegendsstatus.com/algs/Y4-Split2/ALGS-Championships/Global/Overview,Y4-Split2,ALGS-Championships,Global,Overview,,,https://apexlegendsstatus.com/algs/Y4-Split2/ALGS-Championships/Global/Overview,overview,87,team_map_stats,Scores,31,Envy,57 (23.5%),141 (58%),243,,45 (18.5%)
championship_split2,ALGS Year 4 Championship,https://apexlegendsstatus.com/algs/Y4-Split2/ALGS-Championships/Global/Overview,Y4-Split2,ALGS-Championships,Global,Overview,,,https://apexlegendsstatus.com/algs/Y4-Split2/ALGS-Championships/Global/Overview,overview,87,team_map_stats,Scores,32,Alliance,117 (36.8%),82 (25.8%),318,,119 (37.4%)
championship_split2,ALGS Year 4 Championship,https://apexlegendsstatus.com/algs/Y4-Split2/ALGS-Championships/Global/Overview,Y4-Split2,ALGS-Championships,Global,Overview,,,https://apexlegendsstatus.com/algs/Y4-Split2/ALGS-Championships/Global/Overview,overview,87,team_map_stats,Scores,33,GoNext,72 (28.3%),85 (33.5%),254,,97 (38.2%)
championship_split2,ALGS Year 4 Championship,https://apexlegendsstatus.com/algs/Y4-Split2/ALGS-Championships/Global/Overview,Y4-Split2,ALGS-Championships,Global,Overview,,,https://apexlegendsstatus.com/algs/Y4-Split2/ALGS-Championships/Global/Overview,overview,87,team_map_stats,Scores,34,Noctem,78 (29.4%),75 (28.3%),265,,112 (42.3%)
championship_split2,ALGS Year 4 Championship,https://apexlegendsstatus.com/algs/Y4-Split2/ALGS-Championships/Global/Overview,Y4-Split2,ALGS-Championships,Global,Overview,,,https://apexlegendsstatus.com/algs/Y4-Split2/ALGS-Championships/Global/Overview,overview,87,team_map_stats,Scores,35,Team Falcons,154 (44.3%),128 (36.8%),348,,66 (19%)
championship_split2,ALGS Year 4 Championship,https://apexlegendsstatus.com/algs/Y4-Split2/ALGS-Championships/Global/Overview,Y4-Split2,ALGS-Championships,Global,Overview,,,https://apexlegendsstatus.com/algs/Y4-Split2/ALGS-Championships/Global/Overview,overview,87,team_map_stats,Scores,36,Aurora,106 (36.2%),99 (33.8%),293,,88 (30%)
championship_split2,ALGS Year 4 Championship,https://apexlegendsstatus.com/algs/Y4-Split2/ALGS-Championships/Global/Overview,Y4-Split2,ALGS-Championships,Global,Overview,,,https://apexlegendsstatus.com/algs/Y4-Split2/ALGS-Championships/Global/Overview,overview,87,team_map_stats,Scores,37,ENTER FORCE.36,74 (32.6%),57 (25.1%),227,,96 (42.3%)
championship_split2,ALGS Year 4 Championship,https://apexlegendsstatus.com/algs/Y4-Split2/ALGS-Championships/Global/Overview,Y4-Split2,ALGS-Championships,Global,Overview,,,https://apexlegendsstatus.com/algs/Y4-Split2/ALGS-Championships/Global/Overview,overview,87,team_map_stats,Scores,38,Team Burger,56 (31.8%),55 (31.3%),176,,65 (36.9%)
championship_split2,ALGS Year 4 Championship,https://apexlegendsstatus.com/algs/Y4-Split2/ALGS-Championships/Global/Overview,Y4-Split2,ALGS-Championships,Global,Overview,,,https://apexlegendsstatus.com/algs/Y4-Split2/ALGS-Championships/Global/Overview,overview,87,team_map_stats,Scores,39,CRAZY RACCOON,58 (31.7%),45 (24.6%),183,,80 (43.7%)
championship_split2,ALGS Year 4 Championship,https://apexlegendsstatus.com/algs/Y4-Split2/ALGS-Championships/Global/Overview,Y4-Split2,ALGS-Championships,Global,Overview,,,https://apexlegendsstatus.com/algs/Y4-Split2/ALGS-Championships/Global/Overview,overview,87,team_map_stats,Scores,40,Supernova,15 (20.5%),15 (20.5%),73,,43 (58.9%)
championship_split2,ALGS Year 4 Championship,https://apexlegendsstatus.com/algs/Y4-Split2/ALGS-Championships/Global/Overview,Y4-Split2,ALGS-Championships,Global,Overview,,,https://apexlegendsstatus.com/algs/Y4-Split2/ALGS-Championships/Global/Overview,overview,88,team_map_stats,Scores,1,VK GAMING,50 (39.1%),33 (25.8%),128,,45 (35.2%)
championship_split2,ALGS Year 4 Championship,https://apexlegendsstatus.com/algs/Y4-Split2/ALGS-Championships/Global/Overview,Y4-Split2,ALGS-Championships,Global,Overview,,,https://apexlegendsstatus.com/algs/Y4-Split2/ALGS-Championships/Global/Overview,overview,88,team_map_stats,Scores,2,TSM,53 (43.4%),39 (32%),122,,30 (24.6%)
championship_split2,ALGS Year 4 Championship,https://apexlegendsstatus.com/algs/Y4-Split2/ALGS-Championships/Global/Overview,Y4-Split2,ALGS-Championships,Global,Overview,,,https://apexlegendsstatus.com/algs/Y4-Split2/ALGS-Championships/Global/Overview,overview,88,team_map_stats,Scores,3,ShopifyRebellion,57 (41.9%),37 (27.2%),136,,42 (30.9%)
championship_split2,ALGS Year 4 Championship,https://apexlegendsstatus.com/algs/Y4-Split2/ALGS-Championships/Global/Overview,Y4-Split2,ALGS-Championships,Global,Overview,,,https://apexlegendsstatus.com/algs/Y4-Split2/ALGS-Championships/Global/Overview,overview,88,team_map_stats,Scores,4,NRG,17 (29.8%),14 (24.6%),57,,26 (45.6%)
championship_split2,ALGS Year 4 Championship,https://apexlegendsstatus.com/algs/Y4-Split2/ALGS-Championships/Global/Overview,Y4-Split2,ALGS-Championships,Global,Overview,,,https://apexlegendsstatus.com/algs/Y4-Split2/ALGS-Championships/Global/Overview,overview,88,team_map_stats,Scores,5,Meteor,6 (15.4%),23 (59%),39,,10 (25.6%)
championship_split2,ALGS Year 4 Championship,https://apexlegendsstatus.com/algs/Y4-Split2/ALGS-Championships/Global/Overview,Y4-Split2,ALGS-Championships,Global,Overview,,,https://apexlegendsstatus.com/algs/Y4-Split2/ALGS-Championships/Global/Overview,overview,88,team_map_stats,Scores,6,100 Thieves,37 (37.8%),36 (36.7%),98,,25 (25.5%)
championship_split2,ALGS Year 4 Championship,https://apexlegendsstatus.com/algs/Y4-Split2/ALGS-Championships/Global/Overview,Y4-Split2,ALGS-Championships,Global,Overview,,,https://apexlegendsstatus.com/algs/Y4-Split2/ALGS-Championships/Global/Overview,overview,88,team_map_stats,Scores,7,GREEN STEGO,22 (25.3%),24 (27.6%),87,,41 (47.1%)
championship_split2,ALGS Year 4 Championship,https://apexlegendsstatus.com/algs/Y4-Split2/ALGS-Championships/Global/Overview,Y4-Split2,ALGS-Championships,Global,Overview,,,https://apexlegendsstatus.com/algs/Y4-Split2/ALGS-Championships/Global/Overview,overview,88,team_map_stats,Scores,8,GUILD,32 (25.8%),53 (42.7%),124,,39 (31.5%)
championship_split2,ALGS Year 4 Championship,https://apexlegendsstatus.com/algs/Y4-Split2/ALGS-Championships/Global/Overview,Y4-Split2,ALGS-Championships,Global,Overview,,,https://apexlegendsstatus.com/algs/Y4-Split2/ALGS-Championships/Global/Overview,overview,88,team_map_stats,Scores,9,Exo Clan,36 (29.8%),51 (42.1%),121,,34 (28.1%)
championship_split2,ALGS Year 4 Championship,https://apexlegendsstatus.com/algs/Y4-Split2/ALGS-Championships/Global/Overview,Y4-Split2,ALGS-Championships,Global,Overview,,,https://apexlegendsstatus.com/algs/Y4-Split2/ALGS-Championships/Global/Overview,overview,88,team_map_stats,Scores,10,Ninjas,14 (23.7%),19 (32.2%),59,,26 (44.1%)
championship_split2,ALGS Year 4 Championship,https://apexlegendsstatus.com/algs/Y4-Split2/ALGS-Championships/Global/Overview,Y4-Split2,ALGS-Championships,Global,Overview,,,https://apexlegendsstatus.com/algs/Y4-Split2/ALGS-Championships/Global/Overview,overview,88,team_map_stats,Scores,11,shadow3690,23 (46%),5 (10%),50,,22 (44%)
championship_split2,ALGS Year 4 Championship,https://apexlegendsstatus.com/algs/Y4-Split2/ALGS-Championships/Global/Overview,Y4-Split2,ALGS-Championships,Global,Overview,,,https://apexlegendsstatus.com/algs/Y4-Split2/ALGS-Championships/Global/Overview,overview,88,team_map_stats,Scores,12,SOURCE XNY,23 (35.9%),16 (25%),64,,25 (39.1%)
championship_split2,ALGS Year 4 Championship,https://apexlegendsstatus.com/algs/Y4-Split2/ALGS-Championships/Global/Overview,Y4-Split2,ALGS-Championships,Global,Overview,,,https://apexlegendsstatus.com/algs/Y4-Split2/ALGS-Championships/Global/Overview,overview,88,team_map_stats,Scores,13,FNATIC,51 (34.7%),38 (25.9%),147,,58 (39.5%)
championship_split2,ALGS Year 4 Championship,https://apexlegendsstatus.com/algs/Y4-Split2/ALGS-Championships/Global/Overview,Y4-Split2,ALGS-Championships,Global,Overview,,,https://apexlegendsstatus.com/algs/Y4-Split2/ALGS-Championships/Global/Overview,overview,88,team_map_stats,Scores,14,Complexity,35 (31.8%),40 (36.4%),110,,35 (31.8%)
championship_split2,ALGS Year 4 Championship,https://apexlegendsstatus.com/algs/Y4-Split2/ALGS-Championships/Global/Overview,Y4-Split2,ALGS-Championships,Global,Overview,,,https://apexlegendsstatus.com/algs/Y4-Split2/ALGS-Championships/Global/Overview,overview,88,team_map_stats,Scores,15,FaZe,13 (22.4%),24 (41.4%),58,,21 (36.2%)
championship_split2,ALGS Year 4 Championship,https://apexlegendsstatus.com/algs/Y4-Split2/ALGS-Championships/Global/Overview,Y4-Split2,ALGS-Championships,Global,Overview,,,https://apexlegendsstatus.com/algs/Y4-Split2/ALGS-Championships/Global/Overview,overview,88,team_map_stats,Scores,16,DRAGONS,16 (25.8%),34 (54.8%),62,,12 (19.4%)
championship_split2,ALGS Year 4 Championship,https://apexlegendsstatus.com/algs/Y4-Split2/ALGS-Championships/Global/Overview,Y4-Split2,ALGS-Championships,Global,Overview,,,https://apexlegendsstatus.com/algs/Y4-Split2/ALGS-Championships/Global/Overview,overview,88,team_map_stats,Scores,17,disguised,18 (21.2%),35 (41.2%),85,,32 (37.6%)
championship_split2,ALGS Year 4 Championship,https://apexlegendsstatus.com/algs/Y4-Split2/ALGS-Championships/Global/Overview,Y4-Split2,ALGS-Championships,Global,Overview,,,https://apexlegendsstatus.com/algs/Y4-Split2/ALGS-Championships/Global/Overview,overview,88,team_map_stats,Scores,18,Virtus.pro,44 (28.8%),59 (38.6%),153,,50 (32.7%)
championship_split2,ALGS Year 4 Championship,https://apexlegendsstatus.com/algs/Y4-Split2/ALGS-Championships/Global/Overview,Y4-Split2,ALGS-Championships,Global,Overview,,,https://apexlegendsstatus.com/algs/Y4-Split2/ALGS-Championships/Global/Overview,overview,88,team_map_stats,Scores,19,Cloud9,40 (37.7%),34 (32.1%),106,,32 (30.2%)
championship_split2,ALGS Year 4 Championship,https://apexlegendsstatus.com/algs/Y4-Split2/ALGS-Championships/Global/Overview,Y4-Split2,ALGS-Championships,Global,Overview,,,https://apexlegendsstatus.com/algs/Y4-Split2/ALGS-Championships/Global/Overview,overview,88,team_map_stats,Scores,20,Oblivion,40 (51.9%),16 (20.8%),77,,21 (27.3%)
championship_split2,ALGS Year 4 Championship,https://apexlegendsstatus.com/algs/Y4-Split2/ALGS-Championships/Global/Overview,Y4-Split2,ALGS-Championships,Global,Overview,,,https://apexlegendsstatus.com/algs/Y4-Split2/ALGS-Championships/Global/Overview,overview,88,team_map_stats,Scores,21,LG,33 (26.8%),44 (35.8%),123,,46 (37.4%)
championship_split2,ALGS Year 4 Championship,https://apexlegendsstatus.com/algs/Y4-Split2/ALGS-Championships/Global/Overview,Y4-Split2,ALGS-Championships,Global,Overview,,,https://apexlegendsstatus.com/algs/Y4-Split2/ALGS-Championships/Global/Overview,overview,88,team_map_stats,Scores,22,REIGNITE,15 (37.5%),16 (40%),40,,9 (22.5%)
championship_split2,ALGS Year 4 Championship,https://apexlegendsstatus.com/algs/Y4-Split2/ALGS-Championships/Global/Overview,Y4-Split2,ALGS-Championships,Global,Overview,,,https://apexlegendsstatus.com/algs/Y4-Split2/ALGS-Championships/Global/Overview,overview,88,team_map_stats,Scores,23,GHS Professional,28 (35.4%),31 (39.2%),79,,20 (25.3%)
championship_split2,ALGS Year 4 Championship,https://apexlegendsstatus.com/algs/Y4-Split2/ALGS-Championships/Global/Overview,Y4-Split2,ALGS-Championships,Global,Overview,,,https://apexlegendsstatus.com/algs/Y4-Split2/ALGS-Championships/Global/Overview,overview,88,team_map_stats,Scores,24,DreamFire,18 (34%),19 (35.8%),53,,16 (30.2%)
championship_split2,ALGS Year 4 Championship,https://apexlegendsstatus.com/algs/Y4-Split2/ALGS-Championships/Global/Overview,Y4-Split2,ALGS-Championships,Global,Overview,,,https://apexlegendsstatus.com/algs/Y4-Split2/ALGS-Championships/Global/Overview,overview,88,team_map_stats,Scores,25,GaiminGladiators,24 (27.6%),25 (28.7%),87,,38 (43.7%)
championship_split2,ALGS Year 4 Championship,https://apexlegendsstatus.com/algs/Y4-Split2/ALGS-Championships/Global/Overview,Y4-Split2,ALGS-Championships,Global,Overview,,,https://apexlegendsstatus.com/algs/Y4-Split2/ALGS-Championships/Global/Overview,overview,88,team_map_stats,Scores,26,STALLIONS,19 (29.7%),18 (28.1%),64,,27 (42.2%)
championship_split2,ALGS Year 4 Championship,https://apexlegendsstatus.com/algs/Y4-Split2/ALGS-Championships/Global/Overview,Y4-Split2,ALGS-Championships,Global,Overview,,,https://apexlegendsstatus.com/algs/Y4-Split2/ALGS-Championships/Global/Overview,overview,88,team_map_stats,Scores,27,Liquid Alienware,46 (45.1%),36 (35.3%),102,,20 (19.6%)
championship_split2,ALGS Year 4 Championship,https://apexlegendsstatus.com/algs/Y4-Split2/ALGS-Championships/Global/Overview,Y4-Split2,ALGS-Championships,Global,Overview,,,https://apexlegendsstatus.com/algs/Y4-Split2/ALGS-Championships/Global/Overview,overview,88,team_map_stats,Scores,28,OrglessAndHungry,28 (25%),43 (38.4%),112,,41 (36.6%)
championship_split2,ALGS Year 4 Championship,https://apexlegendsstatus.com/algs/Y4-Split2/ALGS-Championships/Global/Overview,Y4-Split2,ALGS-Championships,Global,Overview,,,https://apexlegendsstatus.com/algs/Y4-Split2/ALGS-Championships/Global/Overview,overview,88,team_map_stats,Scores,29,FURIA,47 (37.9%),38 (30.6%),124,,39 (31.5%)
championship_split2,ALGS Year 4 Championship,https://apexlegendsstatus.com/algs/Y4-Split2/ALGS-Championships/Global/Overview,Y4-Split2,ALGS-Championships,Global,Overview,,,https://apexlegendsstatus.com/algs/Y4-Split2/ALGS-Championships/Global/Overview,overview,88,team_map_stats,Scores,30,Zero Tenacity,22 (27.8%),23 (29.1%),79,,34 (43%)
championship_split2,ALGS Year 4 Championship,https://apexlegendsstatus.com/algs/Y4-Split2/ALGS-Championships/Global/Overview,Y4-Split2,ALGS-Championships,Global,Overview,,,https://apexlegendsstatus.com/algs/Y4-Split2/ALGS-Championships/Global/Overview,overview,88,team_map_stats,Scores,31,Envy,33 (28.9%),64 (56.1%),114,,17 (14.9%)
championship_split2,ALGS Year 4 Championship,https://apexlegendsstatus.com/algs/Y4-Split2/ALGS-Championships/Global/Overview,Y4-Split2,ALGS-Championships,Global,Overview,,,https://apexlegendsstatus.com/algs/Y4-Split2/ALGS-Championships/Global/Overview,overview,88,team_map_stats,Scores,32,Alliance,55 (33.1%),46 (27.7%),166,,65 (39.2%)
championship_split2,ALGS Year 4 Championship,https://apexlegendsstatus.com/algs/Y4-Split2/ALGS-Championships/Global/Overview,Y4-Split2,ALGS-Championships,Global,Overview,,,https://apexlegendsstatus.com/algs/Y4-Split2/ALGS-Championships/Global/Overview,overview,88,team_map_stats,Scores,33,GoNext,43 (34.1%),42 (33.3%),126,,41 (32.5%)
championship_split2,ALGS Year 4 Championship,https://apexlegendsstatus.com/algs/Y4-Split2/ALGS-Championships/Global/Overview,Y4-Split2,ALGS-Championships,Global,Overview,,,https://apexlegendsstatus.com/algs/Y4-Split2/ALGS-Championships/Global/Overview,overview,88,team_map_stats,Scores,34,Noctem,50 (32.3%),48 (31%),155,,57 (36.8%)
championship_split2,ALGS Year 4 Championship,https://apexlegendsstatus.com/algs/Y4-Split2/ALGS-Championships/Global/Overview,Y4-Split2,ALGS-Championships,Global,Overview,,,https://apexlegendsstatus.com/algs/Y4-Split2/ALGS-Championships/Global/Overview,overview,88,team_map_stats,Scores,35,Team Falcons,78 (41.9%),68 (36.6%),186,,40 (21.5%)
championship_split2,ALGS Year 4 Championship,https://apexlegendsstatus.com/algs/Y4-Split2/ALGS-Championships/Global/Overview,Y4-Split2,ALGS-Championships,Global,Overview,,,https://apexlegendsstatus.com/algs/Y4-Split2/ALGS-Championships/Global/Overview,overview,88,team_map_stats,Scores,36,Aurora,45 (36.3%),44 (35.5%),124,,35 (28.2%)
championship_split2,ALGS Year 4 Championship,https://apexlegendsstatus.com/algs/Y4-Split2/ALGS-Championships/Global/Overview,Y4-Split2,ALGS-Championships,Global,Overview,,,https://apexlegendsstatus.com/algs/Y4-Split2/ALGS-Championships/Global/Overview,overview,88,team_map_stats,Scores,37,ENTER FORCE.36,41 (36.9%),19 (17.1%),111,,51 (45.9%)
championship_split2,ALGS Year 4 Championship,https://apexlegendsstatus.com/algs/Y4-Split2/ALGS-Championships/Global/Overview,Y4-Split2,ALGS-Championships,Global,Overview,,,https://apexlegendsstatus.com/algs/Y4-Split2/ALGS-Championships/Global/Overview,overview,88,team_map_stats,Scores,38,Team Burger,30 (35.3%),27 (31.8%),85,,28 (32.9%)
championship_split2,ALGS Year 4 Championship,https://apexlegendsstatus.com/algs/Y4-Split2/ALGS-Championships/Global/Overview,Y4-Split2,ALGS-Championships,Global,Overview,,,https://apexlegendsstatus.com/algs/Y4-Split2/ALGS-Championships/Global/Overview,overview,88,team_map_stats,Scores,39,CRAZY RACCOON,40 (36.7%),26 (23.9%),109,,43 (39.4%)
championship_split2,ALGS Year 4 Championship,https://apexlegendsstatus.com/algs/Y4-Split2/ALGS-Championships/Global/Overview,Y4-Split2,ALGS-Championships,Global,Overview,,,https://apexlegendsstatus.com/algs/Y4-Split2/ALGS-Championships/Global/Overview,overview,88,team_map_stats,Scores,40,Supernova,6 (15.8%),9 (23.7%),38,,23 (60.5%)
championship_split2,ALGS Year 4 Championship,https://apexlegendsstatus.com/algs/Y4-Split2/ALGS-Championships/Global/Overview,Y4-Split2,ALGS-Championships,Global,Overview,,,https://apexlegendsstatus.com/algs/Y4-Split2/ALGS-Championships/Global/Overview,overview,90,team_map_stats,Scores,1,VK GAMING,1 (100%),0 (0%),1,,0 (0%)
championship_split2,ALGS Year 4 Championship,https://apexlegendsstatus.com/algs/Y4-Split2/ALGS-Championships/Global/Overview,Y4-Split2,ALGS-Championships,Global,Overview,,,https://apexlegendsstatus.com/algs/Y4-Split2/ALGS-Championships/Global/Overview,overview,90,team_map_stats,Scores,2,TSM,1 (50%),1 (50%),2,,0 (0%)
championship_split2,ALGS Year 4 Championship,https://apexlegendsstatus.com/algs/Y4-Split2/ALGS-Championships/Global/Overview,Y4-Split2,ALGS-Championships,Global,Overview,,,https://apexlegendsstatus.com/algs/Y4-Split2/ALGS-Championships/Global/Overview,overview,90,team_map_stats,Scores,3,ShopifyRebellion,2 (50%),1 (25%),4,,1 (25%)
championship_split2,ALGS Year 4 Championship,https://apexlegendsstatus.com/algs/Y4-Split2/ALGS-Championships/Global/Overview,Y4-Split2,ALGS-Championships,Global,Overview,,,https://apexlegendsstatus.com/algs/Y4-Split2/ALGS-Championships/Global/Overview,overview,90,team_map_stats,Scores,4,NRG,1 (100%),0 (0%),1,,0 (0%)
championship_split2,ALGS Year 4 Championship,https://apexlegendsstatus.com/algs/Y4-Split2/ALGS-Championships/Global/Overview,Y4-Split2,ALGS-Championships,Global,Overview,,,https://apexlegendsstatus.com/algs/Y4-Split2/ALGS-Championships/Global/Overview,overview,90,team_map_stats,Scores,5,Meteor,0 (0%),0 (0%),0,,0 (0%)
championship_split2,ALGS Year 4 Championship,https://apexlegendsstatus.com/algs/Y4-Split2/ALGS-Championships/Global/Overview,Y4-Split2,ALGS-Championships,Global,Overview,,,https://apexlegendsstatus.com/algs/Y4-Split2/ALGS-Championships/Global/Overview,overview,90,team_map_stats,Scores,6,100 Thieves,0 (0%),1 (50%),2,,1 (50%)
championship_split2,ALGS Year 4 Championship,https://apexlegendsstatus.com/algs/Y4-Split2/ALGS-Championships/Global/Overview,Y4-Split2,ALGS-Championships,Global,Overview,,,https://apexlegendsstatus.com/algs/Y4-Split2/ALGS-Championships/Global/Overview,overview,90,team_map_stats,Scores,7,GREEN STEGO,0 (0%),0 (0%),0,,0 (0%)
championship_split2,ALGS Year 4 Championship,https://apexlegendsstatus.com/algs/Y4-Split2/ALGS-Championships/Global/Overview,Y4-Split2,ALGS-Championships,Global,Overview,,,https://apexlegendsstatus.com/algs/Y4-Split2/ALGS-Championships/Global/Overview,overview,90,team_map_stats,Scores,8,GUILD,1 (33.3%),1 (33.3%),3,,1 (33.3%)
championship_split2,ALGS Year 4 Championship,https://apexlegendsstatus.com/algs/Y4-Split2/ALGS-Championships/Global/Overview,Y4-Split2,ALGS-Championships,Global,Overview,,,https://apexlegendsstatus.com/algs/Y4-Split2/ALGS-Championships/Global/Overview,overview,90,team_map_stats,Scores,9,Exo Clan,0 (0%),1 (100%),1,,0 (0%)
championship_split2,ALGS Year 4 Championship,https://apexlegendsstatus.com/algs/Y4-Split2/ALGS-Championships/Global/Overview,Y4-Split2,ALGS-Championships,Global,Overview,,,https://apexlegendsstatus.com/algs/Y4-Split2/ALGS-Championships/Global/Overview,overview,90,team_map_stats,Scores,10,Ninjas,0 (0%),0 (0%),0,,0 (0%)
championship_split2,ALGS Year 4 Championship,https://apexlegendsstatus.com/algs/Y4-Split2/ALGS-Championships/Global/Overview,Y4-Split2,ALGS-Championships,Global,Overview,,,https://apexlegendsstatus.com/algs/Y4-Split2/ALGS-Championships/Global/Overview,overview,90,team_map_stats,Scores,11,shadow3690,0 (0%),0 (0%),1,,1 (100%)
championship_split2,ALGS Year 4 Championship,https://apexlegendsstatus.com/algs/Y4-Split2/ALGS-Championships/Global/Overview,Y4-Split2,ALGS-Championships,Global,Overview,,,https://apexlegendsstatus.com/algs/Y4-Split2/ALGS-Championships/Global/Overview,overview,90,team_map_stats,Scores,12,SOURCE XNY,0 (0%),0 (0%),0,,0 (0%)
championship_split2,ALGS Year 4 Championship,https://apexlegendsstatus.com/algs/Y4-Split2/ALGS-Championships/Global/Overview,Y4-Split2,ALGS-Championships,Global,Overview,,,https://apexlegendsstatus.com/algs/Y4-Split2/ALGS-Championships/Global/Overview,overview,90,team_map_stats,Scores,13,FNATIC,2 (40%),1 (20%),5,,2 (40%)
championship_split2,ALGS Year 4 Championship,https://apexlegendsstatus.com/algs/Y4-Split2/ALGS-Championships/Global/Overview,Y4-Split2,ALGS-Championships,Global,Overview,,,https://apexlegendsstatus.com/algs/Y4-Split2/ALGS-Championships/Global/Overview,overview,90,team_map_stats,Scores,14,Complexity,0 (0%),0 (0%),1,,1 (100%)
championship_split2,ALGS Year 4 Championship,https://apexlegendsstatus.com/algs/Y4-Split2/ALGS-Championships/Global/Overview,Y4-Split2,ALGS-Championships,Global,Overview,,,https://apexlegendsstatus.com/algs/Y4-Split2/ALGS-Championships/Global/Overview,overview,90,team_map_stats,Scores,15,FaZe,1 (100%),0 (0%),1,,0 (0%)
championship_split2,ALGS Year 4 Championship,https://apexlegendsstatus.com/algs/Y4-Split2/ALGS-Championships/Global/Overview,Y4-Split2,ALGS-Championships,Global,Overview,,,https://apexlegendsstatus.com/algs/Y4-Split2/ALGS-Championships/Global/Overview,overview,90,team_map_stats,Scores,16,DRAGONS,0 (0%),1 (100%),1,,0 (0%)
championship_split2,ALGS Year 4 Championship,https://apexlegendsstatus.com/algs/Y4-Split2/ALGS-Championships/Global/Overview,Y4-Split2,ALGS-Championships,Global,Overview,,,https://apexlegendsstatus.com/algs/Y4-Split2/ALGS-Championships/Global/Overview,overview,90,team_map_stats,Scores,17,disguised,0 (0%),1 (100%),1,,0 (0%)
championship_split2,ALGS Year 4 Championship,https://apexlegendsstatus.com/algs/Y4-Split2/ALGS-Championships/Global/Overview,Y4-Split2,ALGS-Championships,Global,Overview,,,https://apexlegendsstatus.com/algs/Y4-Split2/ALGS-Championships/Global/Overview,overview,90,team_map_stats,Scores,18,Virtus.pro,1 (100%),0 (0%),1,,0 (0%)
championship_split2,ALGS Year 4 Championship,https://apexlegendsstatus.com/algs/Y4-Split2/ALGS-Championships/Global/Overview,Y4-Split2,ALGS-Championships,Global,Overview,,,https://apexlegendsstatus.com/algs/Y4-Split2/ALGS-Championships/Global/Overview,overview,90,team_map_stats,Scores,19,Cloud9,0 (0%),0 (0%),1,,1 (100%)
championship_split2,ALGS Year 4 Championship,https://apexlegendsstatus.com/algs/Y4-Split2/ALGS-Championships/Global/Overview,Y4-Split2,ALGS-Championships,Global,Overview,,,https://apexlegendsstatus.com/algs/Y4-Split2/ALGS-Championships/Global/Overview,overview,90,team_map_stats,Scores,20,Oblivion,0 (0%),0 (0%),0,,0 (0%)
championship_split2,ALGS Year 4 Championship,https://apexlegendsstatus.com/algs/Y4-Split2/ALGS-Championships/Global/Overview,Y4-Split2,ALGS-Championships,Global,Overview,,,https://apexlegendsstatus.com/algs/Y4-Split2/ALGS-Championships/Global/Overview,overview,90,team_map_stats,Scores,21,LG,0 (0%),1 (100%),1,,0 (0%)
championship_split2,ALGS Year 4 Championship,https://apexlegendsstatus.com/algs/Y4-Split2/ALGS-Championships/Global/Overview,Y4-Split2,ALGS-Championships,Global,Overview,,,https://apexlegendsstatus.com/algs/Y4-Split2/ALGS-Championships/Global/Overview,overview,90,team_map_stats,Scores,22,REIGNITE,0 (0%),0 (0%),0,,0 (0%)
championship_split2,ALGS Year 4 Championship,https://apexlegendsstatus.com/algs/Y4-Split2/ALGS-Championships/Global/Overview,Y4-Split2,ALGS-Championships,Global,Overview,,,https://apexlegendsstatus.com/algs/Y4-Split2/ALGS-Championships/Global/Overview,overview,90,team_map_stats,Scores,23,GHS Professional,0 (0%),1 (100%),1,,0 (0%)
championship_split2,ALGS Year 4 Championship,https://apexlegendsstatus.com/algs/Y4-Split2/ALGS-Championships/Global/Overview,Y4-Split2,ALGS-Championships,Global,Overview,,,https://apexlegendsstatus.com/algs/Y4-Split2/ALGS-Championships/Global/Overview,overview,90,team_map_stats,Scores,24,DreamFire,0 (0%),0 (0%),0,,0 (0%)
championship_split2,ALGS Year 4 Championship,https://apexlegendsstatus.com/algs/Y4-Split2/ALGS-Championships/Global/Overview,Y4-Split2,ALGS-Championships,Global,Overview,,,https://apexlegendsstatus.com/algs/Y4-Split2/ALGS-Championships/Global/Overview,overview,90,team_map_stats,Scores,25,GaiminGladiators,1 (33.3%),1 (33.3%),3,,1 (33.3%)
championship_split2,ALGS Year 4 Championship,https://apexlegendsstatus.com/algs/Y4-Split2/ALGS-Championships/Global/Overview,Y4-Split2,ALGS-Championships,Global,Overview,,,https://apexlegendsstatus.com/algs/Y4-Split2/ALGS-Championships/Global/Overview,overview,90,team_map_stats,Scores,26,STALLIONS,0 (0%),0 (0%),0,,0 (0%)
championship_split2,ALGS Year 4 Championship,https://apexlegendsstatus.com/algs/Y4-Split2/ALGS-Championships/Global/Overview,Y4-Split2,ALGS-Championships,Global,Overview,,,https://apexlegendsstatus.com/algs/Y4-Split2/ALGS-Championships/Global/Overview,overview,90,team_map_stats,Scores,27,Liquid Alienware,1 (50%),1 (50%),2,,0 (0%)
championship_split2,ALGS Year 4 Championship,https://apexlegendsstatus.com/algs/Y4-Split2/ALGS-Championships/Global/Overview,Y4-Split2,ALGS-Championships,Global,Overview,,,https://apexlegendsstatus.com/algs/Y4-Split2/ALGS-Championships/Global/Overview,overview,90,team_map_stats,Scores,28,OrglessAndHungry,0 (0%),1 (50%),2,,1 (50%)
championship_split2,ALGS Year 4 Championship,https://apexlegendsstatus.com/algs/Y4-Split2/ALGS-Championships/Global/Overview,Y4-Split2,ALGS-Championships,Global,Overview,,,https://apexlegendsstatus.com/algs/Y4-Split2/ALGS-Championships/Global/Overview,overview,90,team_map_stats,Scores,29,FURIA,1 (100%),0 (0%),1,,0 (0%)
championship_split2,ALGS Year 4 Championship,https://apexlegendsstatus.com/algs/Y4-Split2/ALGS-Championships/Global/Overview,Y4-Split2,ALGS-Championships,Global,Overview,,,https://apexlegendsstatus.com/algs/Y4-Split2/ALGS-Championships/Global/Overview,overview,90,team_map_stats,Scores,30,Zero Tenacity,0 (0%),1 (50%),2,,1 (50%)
championship_split2,ALGS Year 4 Championship,https://apexlegendsstatus.com/algs/Y4-Split2/ALGS-Championships/Global/Overview,Y4-Split2,ALGS-Championships,Global,Overview,,,https://apexlegendsstatus.com/algs/Y4-Split2/ALGS-Championships/Global/Overview,overview,90,team_map_stats,Scores,31,Envy,0 (0%),2 (100%),2,,0 (0%)
championship_split2,ALGS Year 4 Championship,https://apexlegendsstatus.com/algs/Y4-Split2/ALGS-Championships/Global/Overview,Y4-Split2,ALGS-Championships,Global,Overview,,,https://apexlegendsstatus.com/algs/Y4-Split2/ALGS-Championships/Global/Overview,overview,90,team_map_stats,Scores,32,Alliance,2 (66.7%),1 (33.3%),3,,0 (0%)
championship_split2,ALGS Year 4 Championship,https://apexlegendsstatus.com/algs/Y4-Split2/ALGS-Championships/Global/Overview,Y4-Split2,ALGS-Championships,Global,Overview,,,https://apexlegendsstatus.com/algs/Y4-Split2/ALGS-Championships/Global/Overview,overview,90,team_map_stats,Scores,33,GoNext,0 (0%),2 (40%),5,,3 (60%)
championship_split2,ALGS Year 4 Championship,https://apexlegendsstatus.com/algs/Y4-Split2/ALGS-Championships/Global/Overview,Y4-Split2,ALGS-Championships,Global,Overview,,,https://apexlegendsstatus.com/algs/Y4-Split2/ALGS-Championships/Global/Overview,overview,90,team_map_stats,Scores,34,Noctem,1 (16.7%),1 (16.7%),6,,4 (66.7%)
championship_split2,ALGS Year 4 Championship,https://apexlegendsstatus.com/algs/Y4-Split2/ALGS-Championships/Global/Overview,Y4-Split2,ALGS-Championships,Global,Overview,,,https://apexlegendsstatus.com/algs/Y4-Split2/ALGS-Championships/Global/Overview,overview,90,team_map_stats,Scores,35,Team Falcons,2 (66.7%),1 (33.3%),3,,0 (0%)
championship_split2,ALGS Year 4 Championship,https://apexlegendsstatus.com/algs/Y4-Split2/ALGS-Championships/Global/Overview,Y4-Split2,ALGS-Championships,Global,Overview,,,https://apexlegendsstatus.com/algs/Y4-Split2/ALGS-Championships/Global/Overview,overview,90,team_map_stats,Scores,36,Aurora,3 (50%),2 (33.3%),6,,1 (16.7%)
championship_split2,ALGS Year 4 Championship,https://apexlegendsstatus.com/algs/Y4-Split2/ALGS-Championships/Global/Overview,Y4-Split2,ALGS-Championships,Global,Overview,,,https://apexlegendsstatus.com/algs/Y4-Split2/ALGS-Championships/Global/Overview,overview,90,team_map_stats,Scores,37,ENTER FORCE.36,2 (50%),0 (0%),4,,2 (50%)
championship_split2,ALGS Year 4 Championship,https://apexlegendsstatus.com/algs/Y4-Split2/ALGS-Championships/Global/Overview,Y4-Split2,ALGS-Championships,Global,Overview,,,https://apexlegendsstatus.com/algs/Y4-Split2/ALGS-Championships/Global/Overview,overview,90,team_map_stats,Scores,38,Team Burger,0 (0%),0 (0%),0,,0 (0%)
championship_split2,ALGS Year 4 Championship,https://apexlegendsstatus.com/algs/Y4-Split2/ALGS-Championships/Global/Overview,Y4-Split2,ALGS-Championships,Global,Overview,,,https://apexlegendsstatus.com/algs/Y4-Split2/ALGS-Championships/Global/Overview,overview,90,team_map_stats,Scores,39,CRAZY RACCOON,0 (0%),0 (0%),1,,1 (100%)
championship_split2,ALGS Year 4 Championship,https://apexlegendsstatus.com/algs/Y4-Split2/ALGS-Championships/Global/Overview,Y4-Split2,ALGS-Championships,Global,Overview,,,https://apexlegendsstatus.com/algs/Y4-Split2/ALGS-Championships/Global/Overview,overview,90,team_map_stats,Scores,40,Supernova,0 (0%),0 (0%),1,,1 (100%)
championship_split2,ALGS Year 4 Championship,https://apexlegendsstatus.com/algs/Y4-Split2/ALGS-Championships/Global/Overview,Y4-Split2,ALGS-Championships,Global,Overview,,,https://apexlegendsstatus.com/algs/Y4-Split2/ALGS-Championships/Global/Overview,overview,91,team_map_stats,Scores,1,VK GAMING,6.9 (37.3%),5.3 (30.4%),17.3,,6 (32.3%)
championship_split2,ALGS Year 4 Championship,https://apexlegendsstatus.com/algs/Y4-Split2/ALGS-Championships/Global/Overview,Y4-Split2,ALGS-Championships,Global,Overview,,,https://apexlegendsstatus.com/algs/Y4-Split2/ALGS-Championships/Global/Overview,overview,91,team_map_stats,Scores,2,TSM,9.2 (48.7%),5.9 (28.8%),20.5,,4.3 (22.6%)
championship_split2,ALGS Year 4 Championship,https://apexlegendsstatus.com/algs/Y4-Split2/ALGS-Championships/Global/Overview,Y4-Split2,ALGS-Championships,Global,Overview,,,https://apexlegendsstatus.com/algs/Y4-Split2/ALGS-Championships/Global/Overview,overview,91,team_map_stats,Scores,3,ShopifyRebellion,9.9 (43.4%),6.7 (27%),24.9,,6.8 (29.6%)
championship_split2,ALGS Year 4 Championship,https://apexlegendsstatus.com/algs/Y4-Split2/ALGS-Championships/Global/Overview,Y4-Split2,ALGS-Championships,Global,Overview,,,https://apexlegendsstatus.com/algs/Y4-Split2/ALGS-Championships/Global/Overview,overview,91,team_map_stats,Scores,4,NRG,4.8 (35.8%),2.6 (21.7%),11.8,,5 (42.5%)
championship_split2,ALGS Year 4 Championship,https://apexlegendsstatus.com/algs/Y4-Split2/ALGS-Championships/Global/Overview,Y4-Split2,ALGS-Championships,Global,Overview,,,https://apexlegendsstatus.com/algs/Y4-Split2/ALGS-Championships/Global/Overview,overview,91,team_map_stats,Scores,5,Meteor,1.6 (16.9%),3.9 (45.5%),8.6,,3.2 (37.7%)
championship_split2,ALGS Year 4 Championship,https://apexlegendsstatus.com/algs/Y4-Split2/ALGS-Championships/Global/Overview,Y4-Split2,ALGS-Championships,Global,Overview,,,https://apexlegendsstatus.com/algs/Y4-Split2/ALGS-Championships/Global/Overview,overview,91,team_map_stats,Scores,6,100 Thieves,5.8 (34.7%),6.9 (38.2%),18.1,,4.9 (27.1%)
championship_split2,ALGS Year 4 Championship,https://apexlegendsstatus.com/algs/Y4-Split2/ALGS-Championships/Global/Overview,Y4-Split2,ALGS-Championships,Global,Overview,,,https://apexlegendsstatus.com/algs/Y4-Split2/ALGS-Championships/Global/Overview,overview,91,team_map_stats,Scores,7,GREEN STEGO,4.1 (30.6%),4.4 (30%),14.5,,5.7 (39.4%)
championship_split2,ALGS Year 4 Championship,https://apexlegendsstatus.com/algs/Y4-Split2/ALGS-Championships/Global/Overview,Y4-Split2,ALGS-Championships,Global,Overview,,,https://apexlegendsstatus.com/algs/Y4-Split2/ALGS-Championships/Global/Overview,overview,91,team_map_stats,Scores,8,GUILD,6.1 (29.8%),8.4 (37.6%),22.3,,6.7 (32.7%)
championship_split2,ALGS Year 4 Championship,https://apexlegendsstatus.com/algs/Y4-Split2/ALGS-Championships/Global/Overview,Y4-Split2,ALGS-Championships,Global,Overview,,,https://apexlegendsstatus.com/algs/Y4-Split2/ALGS-Championships/Global/Overview,overview,91,team_map_stats,Scores,9,Exo Clan,3.9 (26.2%),7.4 (47.1%),15.8,,4.2 (26.7%)
championship_split2,ALGS Year 4 Championship,https://apexlegendsstatus.com/algs/Y4-Split2/ALGS-Championships/Global/Overview,Y4-Split2,ALGS-Championships,Global,Overview,,,https://apexlegendsstatus.com/algs/Y4-Split2/ALGS-Championships/Global/Overview,overview,91,team_map_stats,Scores,10,Ninjas,3.4 (26%),3.7 (31.7%),11.6,,4.9 (42.3%)
championship_split2,ALGS Year 4 Championship,https://apexlegendsstatus.com/algs/Y4-Split2/ALGS-Championships/Global/Overview,Y4-Split2,ALGS-Championships,Global,Overview,,,https://apexlegendsstatus.com/algs/Y4-Split2/ALGS-Championships/Global/Overview,overview,91,team_map_stats,Scores,11,shadow3690,4.8 (41.8%),1.1 (11%),10.1,,4.8 (47.3%)
championship_split2,ALGS Year 4 Championship,https://apexlegendsstatus.com/algs/Y4-Split2/ALGS-Championships/Global/Overview,Y4-Split2,ALGS-Championships,Global,Overview,,,https://apexlegendsstatus.com/algs/Y4-Split2/ALGS-Championships/Global/Overview,overview,91,team_map_stats,Scores,12,SOURCE XNY,5.4 (34.4%),3.6 (25.6%),13.9,,5.6 (40%)
championship_split2,ALGS Year 4 Championship,https://apexlegendsstatus.com/algs/Y4-Split2/ALGS-Championships/Global/Overview,Y4-Split2,ALGS-Championships,Global,Overview,,,https://apexlegendsstatus.com/algs/Y4-Split2/ALGS-Championships/Global/Overview,overview,91,team_map_stats,Scores,13,FNATIC,6.6 (36%),4.8 (24.4%),19.6,,7.8 (39.6%)
championship_split2,ALGS Year 4 Championship,https://apexlegendsstatus.com/algs/Y4-Split2/ALGS-Championships/Global/Overview,Y4-Split2,ALGS-Championships,Global,Overview,,,https://apexlegendsstatus.com/algs/Y4-Split2/ALGS-Championships/Global/Overview,overview,91,team_map_stats,Scores,14,Complexity,4.9 (30%),5.4 (30.8%),17.6,,6.9 (39.3%)
championship_split2,ALGS Year 4 Championship,https://apexlegendsstatus.com/algs/Y4-Split2/ALGS-Championships/Global/Overview,Y4-Split2,ALGS-Championships,Global,Overview,,,https://apexlegendsstatus.com/algs/Y4-Split2/ALGS-Championships/Global/Overview,overview,91,team_map_stats,Scores,15,FaZe,3.4 (29.8%),3.3 (31.5%),10.3,,4.4 (38.7%)
championship_split2,ALGS Year 4 Championship,https://apexlegendsstatus.com/algs/Y4-Split2/ALGS-Championships/Global/Overview,Y4-Split2,ALGS-Championships,Global,Overview,,,https://apexlegendsstatus.com/algs/Y4-Split2/ALGS-Championships/Global/Overview,overview,91,team_map_stats,Scores,16,DRAGONS,2.5 (19.4%),6.9 (59.7%),11.6,,2.6 (20.9%)
championship_split2,ALGS Year 4 Championship,https://apexlegendsstatus.com/algs/Y4-Split2/ALGS-Championships/Global/Overview,Y4-Split2,ALGS-Championships,Global,Overview,,,https://apexlegendsstatus.com/algs/Y4-Split2/ALGS-Championships/Global/Overview,overview,91,team_map_stats,Scores,17,disguised,3.8 (26.4%),5.4 (40.9%),13.3,,4.7 (32.7%)
championship_split2,ALGS Year 4 Championship,https://apexlegendsstatus.com/algs/Y4-Split2/ALGS-Championships/Global/Overview,Y4-Split2,ALGS-Championships,Global,Overview,,,https://apexlegendsstatus.com/algs/Y4-Split2/ALGS-Championships/Global/Overview,overview,91,team_map_stats,Scores,18,Virtus.pro,5.7 (32.8%),6.6 (35.9%),18.5,,5.8 (31.3%)
championship_split2,ALGS Year 4 Championship,https://apexlegendsstatus.com/algs/Y4-Split2/ALGS-Championships/Global/Overview,Y4-Split2,ALGS-Championships,Global,Overview,,,https://apexlegendsstatus.com/algs/Y4-Split2/ALGS-Championships/Global/Overview,overview,91,team_map_stats,Scores,19,Cloud9,6 (35.3%),5.5 (29.9%),18.5,,6.5 (34.8%)
championship_split2,ALGS Year 4 Championship,https://apexlegendsstatus.com/algs/Y4-Split2/ALGS-Championships/Global/Overview,Y4-Split2,ALGS-Championships,Global,Overview,,,https://apexlegendsstatus.com/algs/Y4-Split2/ALGS-Championships/Global/Overview,overview,91,team_map_stats,Scores,20,Oblivion,8.5 (57.1%),2.7 (20.2%),13.2,,3 (22.7%)
championship_split2,ALGS Year 4 Championship,https://apexlegendsstatus.com/algs/Y4-Split2/ALGS-Championships/Global/Overview,Y4-Split2,ALGS-Championships,Global,Overview,,,https://apexlegendsstatus.com/algs/Y4-Split2/ALGS-Championships/Global/Overview,overview,91,team_map_stats,Scores,21,LG,4.2 (25.1%),6.2 (39.6%),15.7,,5.9 (35.3%)
championship_split2,ALGS Year 4 Championship,https://apexlegendsstatus.com/algs/Y4-Split2/ALGS-Championships/Global/Overview,Y4-Split2,ALGS-Championships,Global,Overview,,,https://apexlegendsstatus.com/algs/Y4-Split2/ALGS-Championships/Global/Overview,overview,91,team_map_stats,Scores,22,REIGNITE,4.3 (33.7%),4.8 (42.6%),11.2,,2.7 (23.8%)
championship_split2,ALGS Year 4 Championship,https://apexlegendsstatus.com/algs/Y4-Split2/ALGS-Championships/Global/Overview,Y4-Split2,ALGS-Championships,Global,Overview,,,https://apexlegendsstatus.com/algs/Y4-Split2/ALGS-Championships/Global/Overview,overview,91,team_map_stats,Scores,23,GHS Professional,5.6 (39.7%),5.4 (41.7%),13,,2.6 (18.6%)
championship_split2,ALGS Year 4 Championship,https://apexlegendsstatus.com/algs/Y4-Split2/ALGS-Championships/Global/Overview,Y4-Split2,ALGS-Championships,Global,Overview,,,https://apexlegendsstatus.com/algs/Y4-Split2/ALGS-Championships/Global/Overview,overview,91,team_map_stats,Scores,24,DreamFire,3.9 (30.1%),3.9 (34%),11.4,,4.1 (35.9%)
championship_split2,ALGS Year 4 Championship,https://apexlegendsstatus.com/algs/Y4-Split2/ALGS-Championships/Global/Overview,Y4-Split2,ALGS-Championships,Global,Overview,,,https://apexlegendsstatus.com/algs/Y4-Split2/ALGS-Championships/Global/Overview,overview,91,team_map_stats,Scores,25,GaiminGladiators,4.8 (30.8%),4.7 (28.1%),16.8,,6.3 (41.1%)
championship_split2,ALGS Year 4 Championship,https://apexlegendsstatus.com/algs/Y4-Split2/ALGS-Championships/Global/Overview,Y4-Split2,ALGS-Championships,Global,Overview,,,https://apexlegendsstatus.com/algs/Y4-Split2/ALGS-Championships/Global/Overview,overview,91,team_map_stats,Scores,26,STALLIONS,3.6 (25.4%),3.8 (29.8%),12.7,,5.7 (44.7%)
championship_split2,ALGS Year 4 Championship,https://apexlegendsstatus.com/algs/Y4-Split2/ALGS-Championships/Global/Overview,Y4-Split2,ALGS-Championships,Global,Overview,,,https://apexlegendsstatus.com/algs/Y4-Split2/ALGS-Championships/Global/Overview,overview,91,team_map_stats,Scores,27,Liquid Alienware,7.3 (45.1%),6.1 (34.7%),17.5,,3.3 (20.2%)
championship_split2,ALGS Year 4 Championship,https://apexlegendsstatus.com/algs/Y4-Split2/ALGS-Championships/Global/Overview,Y4-Split2,ALGS-Championships,Global,Overview,,,https://apexlegendsstatus.com/algs/Y4-Split2/ALGS-Championships/Global/Overview,overview,91,team_map_stats,Scores,28,OrglessAndHungry,4.2 (23.7%),6.1 (37.6%),16.2,,6.8 (38.7%)
championship_split2,ALGS Year 4 Championship,https://apexlegendsstatus.com/algs/Y4-Split2/ALGS-Championships/Global/Overview,Y4-Split2,ALGS-Championships,Global,Overview,,,https://apexlegendsstatus.com/algs/Y4-Split2/ALGS-Championships/Global/Overview,overview,91,team_map_stats,Scores,29,FURIA,7.7 (37.2%),7.1 (31.6%),22.5,,6.4 (31.2%)
championship_split2,ALGS Year 4 Championship,https://apexlegendsstatus.com/algs/Y4-Split2/ALGS-Championships/Global/Overview,Y4-Split2,ALGS-Championships,Global,Overview,,,https://apexlegendsstatus.com/algs/Y4-Split2/ALGS-Championships/Global/Overview,overview,91,team_map_stats,Scores,30,Zero Tenacity,4.4 (29.3%),4.8 (34.8%),13.7,,5.4 (36%)
championship_split2,ALGS Year 4 Championship,https://apexlegendsstatus.com/algs/Y4-Split2/ALGS-Championships/Global/Overview,Y4-Split2,ALGS-Championships,Global,Overview,,,https://apexlegendsstatus.com/algs/Y4-Split2/ALGS-Championships/Global/Overview,overview,91,team_map_stats,Scores,31,Envy,4.1 (23.5%),9.4 (58%),16.2,,3.2 (18.5%)
championship_split2,ALGS Year 4 Championship,https://apexlegendsstatus.com/algs/Y4-Split2/ALGS-Championships/Global/Overview,Y4-Split2,ALGS-Championships,Global,Overview,,,https://apexlegendsstatus.com/algs/Y4-Split2/ALGS-Championships/Global/Overview,overview,91,team_map_stats,Scores,32,Alliance,9.8 (36.8%),7.5 (25.8%),28.9,,9.9 (37.4%)
championship_split2,ALGS Year 4 Championship,https://apexlegendsstatus.com/algs/Y4-Split2/ALGS-Championships/Global/Overview,Y4-Split2,ALGS-Championships,Global,Overview,,,https://apexlegendsstatus.com/algs/Y4-Split2/ALGS-Championships/Global/Overview,overview,91,team_map_stats,Scores,33,GoNext,6 (28.3%),7.7 (33.5%),23.1,,8.1 (38.2%)
championship_split2,ALGS Year 4 Championship,https://apexlegendsstatus.com/algs/Y4-Split2/ALGS-Championships/Global/Overview,Y4-Split2,ALGS-Championships,Global,Overview,,,https://apexlegendsstatus.com/algs/Y4-Split2/ALGS-Championships/Global/Overview,overview,91,team_map_stats,Scores,34,Noctem,5.2 (29.4%),5.4 (28.3%),18.9,,8 (42.3%)
championship_split2,ALGS Year 4 Championship,https://apexlegendsstatus.com/algs/Y4-Split2/ALGS-Championships/Global/Overview,Y4-Split2,ALGS-Championships,Global,Overview,,,https://apexlegendsstatus.com/algs/Y4-Split2/ALGS-Championships/Global/Overview,overview,91,team_map_stats,Scores,35,Team Falcons,10.3 (44.3%),9.1 (36.8%),24.9,,4.7 (19%)
championship_split2,ALGS Year 4 Championship,https://apexlegendsstatus.com/algs/Y4-Split2/ALGS-Championships/Global/Overview,Y4-Split2,ALGS-Championships,Global,Overview,,,https://apexlegendsstatus.com/algs/Y4-Split2/ALGS-Championships/Global/Overview,overview,91,team_map_stats,Scores,36,Aurora,8.8 (36.2%),9 (33.8%),26.6,,7.3 (30%)
championship_split2,ALGS Year 4 Championship,https://apexlegendsstatus.com/algs/Y4-Split2/ALGS-Championships/Global/Overview,Y4-Split2,ALGS-Championships,Global,Overview,,,https://apexlegendsstatus.com/algs/Y4-Split2/ALGS-Championships/Global/Overview,overview,91,team_map_stats,Scores,37,ENTER FORCE.36,6.2 (32.6%),5.2 (25.1%),20.6,,8 (42.3%)
championship_split2,ALGS Year 4 Championship,https://apexlegendsstatus.com/algs/Y4-Split2/ALGS-Championships/Global/Overview,Y4-Split2,ALGS-Championships,Global,Overview,,,https://apexlegendsstatus.com/algs/Y4-Split2/ALGS-Championships/Global/Overview,overview,91,team_map_stats,Scores,38,Team Burger,4 (31.8%),3.7 (31.3%),11.7,,4.6 (36.9%)
championship_split2,ALGS Year 4 Championship,https://apexlegendsstatus.com/algs/Y4-Split2/ALGS-Championships/Global/Overview,Y4-Split2,ALGS-Championships,Global,Overview,,,https://apexlegendsstatus.com/algs/Y4-Split2/ALGS-Championships/Global/Overview,overview,91,team_map_stats,Scores,39,CRAZY RACCOON,4.8 (31.7%),4.1 (24.6%),16.6,,7.3 (43.7%)
championship_split2,ALGS Year 4 Championship,https://apexlegendsstatus.com/algs/Y4-Split2/ALGS-Championships/Global/Overview,Y4-Split2,ALGS-Championships,Global,Overview,,,https://apexlegendsstatus.com/algs/Y4-Split2/ALGS-Championships/Global/Overview,overview,91,team_map_stats,Scores,40,Supernova,1.9 (20.5%),1.7 (20.5%),8.1,,4.8 (58.9%)
championship_split2,ALGS Year 4 Championship,https://apexlegendsstatus.com/algs/Y4-Split2/ALGS-Championships/Global/Overview,Y4-Split2,ALGS-Championships,Global,Overview,,,https://apexlegendsstatus.com/algs/Y4-Split2/ALGS-Championships/Global/Overview,overview,92,team_map_stats,Scores,1,VK GAMING,5 (4.3%),7 (6.1%),16 (4.6%),,4 (3.5%)
championship_split2,ALGS Year 4 Championship,https://apexlegendsstatus.com/algs/Y4-Split2/ALGS-Championships/Global/Overview,Y4-Split2,ALGS-Championships,Global,Overview,,,https://apexlegendsstatus.com/algs/Y4-Split2/ALGS-Championships/Global/Overview,overview,92,team_map_stats,Scores,2,TSM,6 (5.2%),1 (0.9%),9 (2.6%),,2 (1.7%)
championship_split2,ALGS Year 4 Championship,https://apexlegendsstatus.com/algs/Y4-Split2/ALGS-Championships/Global/Overview,Y4-Split2,ALGS-Championships,Global,Overview,,,https://apexlegendsstatus.com/algs/Y4-Split2/ALGS-Championships/Global/Overview,overview,92,team_map_stats,Scores,3,ShopifyRebellion,6 (5.2%),3 (2.6%),13 (3.8%),,4 (3.5%)
championship_split2,ALGS Year 4 Championship,https://apexlegendsstatus.com/algs/Y4-Split2/ALGS-Championships/Global/Overview,Y4-Split2,ALGS-Championships,Global,Overview,,,https://apexlegendsstatus.com/algs/Y4-Split2/ALGS-Championships/Global/Overview,overview,92,team_map_stats,Scores,4,NRG,1 (0.9%),0 (0%),2 (0.6%),,1 (0.9%)
championship_split2,ALGS Year 4 Championship,https://apexlegendsstatus.com/algs/Y4-Split2/ALGS-Championships/Global/Overview,Y4-Split2,ALGS-Championships,Global,Overview,,,https://apexlegendsstatus.com/algs/Y4-Split2/ALGS-Championships/Global/Overview,overview,92,team_map_stats,Scores,5,Meteor,0 (0%),1 (0.9%),3 (0.9%),,2 (1.7%)
championship_split2,ALGS Year 4 Championship,https://apexlegendsstatus.com/algs/Y4-Split2/ALGS-Championships/Global/Overview,Y4-Split2,ALGS-Championships,Global,Overview,,,https://apexlegendsstatus.com/algs/Y4-Split2/ALGS-Championships/Global/Overview,overview,92,team_map_stats,Scores,6,100 Thieves,5 (4.3%),3 (2.6%),10 (2.9%),,2 (1.7%)
championship_split2,ALGS Year 4 Championship,https://apexlegendsstatus.com/algs/Y4-Split2/ALGS-Championships/Global/Overview,Y4-Split2,ALGS-Championships,Global,Overview,,,https://apexlegendsstatus.com/algs/Y4-Split2/ALGS-Championships/Global/Overview,overview,92,team_map_stats,Scores,7,GREEN STEGO,3 (2.6%),2 (1.7%),6 (1.7%),,1 (0.9%)
championship_split2,ALGS Year 4 Championship,https://apexlegendsstatus.com/algs/Y4-Split2/ALGS-Championships/Global/Overview,Y4-Split2,ALGS-Championships,Global,Overview,,,https://apexlegendsstatus.com/algs/Y4-Split2/ALGS-Championships/Global/Overview,overview,92,team_map_stats,Scores,8,GUILD,3 (2.6%),5 (4.3%),12 (3.5%),,4 (3.5%)
championship_split2,ALGS Year 4 Championship,https://apexlegendsstatus.com/algs/Y4-Split2/ALGS-Championships/Global/Overview,Y4-Split2,ALGS-Championships,Global,Overview,,,https://apexlegendsstatus.com/algs/Y4-Split2/ALGS-Championships/Global/Overview,overview,92,team_map_stats,Scores,9,Exo Clan,0 (0%),6 (5.2%),8 (2.3%),,2 (1.7%)
championship_split2,ALGS Year 4 Championship,https://apexlegendsstatus.com/algs/Y4-Split2/ALGS-Championships/Global/Overview,Y4-Split2,ALGS-Championships,Global,Overview,,,https://apexlegendsstatus.com/algs/Y4-Split2/ALGS-Championships/Global/Overview,overview,92,team_map_stats,Scores,10,Ninjas,1 (0.9%),1 (0.9%),4 (1.2%),,2 (1.7%)
championship_split2,ALGS Year 4 Championship,https://apexlegendsstatus.com/algs/Y4-Split2/ALGS-Championships/Global/Overview,Y4-Split2,ALGS-Championships,Global,Overview,,,https://apexlegendsstatus.com/algs/Y4-Split2/ALGS-Championships/Global/Overview,overview,92,team_map_stats,Scores,11,shadow3690,1 (0.9%),0 (0%),2 (0.6%),,1 (0.9%)
championship_split2,ALGS Year 4 Championship,https://apexlegendsstatus.com/algs/Y4-Split2/ALGS-Championships/Global/Overview,Y4-Split2,ALGS-Championships,Global,Overview,,,https://apexlegendsstatus.com/algs/Y4-Split2/ALGS-Championships/Global/Overview,overview,92,team_map_stats,Scores,12,SOURCE XNY,3 (2.6%),1 (0.9%),7 (2%),,3 (2.6%)
championship_split2,ALGS Year 4 Championship,https://apexlegendsstatus.com/algs/Y4-Split2/ALGS-Championships/Global/Overview,Y4-Split2,ALGS-Championships,Global,Overview,,,https://apexlegendsstatus.com/algs/Y4-Split2/ALGS-Championships/Global/Overview,overview,92,team_map_stats,Scores,13,FNATIC,6 (5.2%),2 (1.7%),12 (3.5%),,4 (3.5%)
championship_split2,ALGS Year 4 Championship,https://apexlegendsstatus.com/algs/Y4-Split2/ALGS-Championships/Global/Overview,Y4-Split2,ALGS-Championships,Global,Overview,,,https://apexlegendsstatus.com/algs/Y4-Split2/ALGS-Championships/Global/Overview,overview,92,team_map_stats,Scores,14,Complexity,3 (2.6%),3 (2.6%),12 (3.5%),,6 (5.2%)
championship_split2,ALGS Year 4 Championship,https://apexlegendsstatus.com/algs/Y4-Split2/ALGS-Championships/Global/Overview,Y4-Split2,ALGS-Championships,Global,Overview,,,https://apexlegendsstatus.com/algs/Y4-Split2/ALGS-Championships/Global/Overview,overview,92,team_map_stats,Scores,15,FaZe,1 (0.9%),1 (0.9%),5 (1.4%),,3 (2.6%)
championship_split2,ALGS Year 4 Championship,https://apexlegendsstatus.com/algs/Y4-Split2/ALGS-Championships/Global/Overview,Y4-Split2,ALGS-Championships,Global,Overview,,,https://apexlegendsstatus.com/algs/Y4-Split2/ALGS-Championships/Global/Overview,overview,92,team_map_stats,Scores,16,DRAGONS,1 (0.9%),5 (4.3%),7 (2%),,1 (0.9%)
championship_split2,ALGS Year 4 Championship,https://apexlegendsstatus.com/algs/Y4-Split2/ALGS-Championships/Global/Overview,Y4-Split2,ALGS-Championships,Global,Overview,,,https://apexlegendsstatus.com/algs/Y4-Split2/ALGS-Championships/Global/Overview,overview,92,team_map_stats,Scores,17,disguised,2 (1.7%),3 (2.6%),8 (2.3%),,3 (2.6%)
championship_split2,ALGS Year 4 Championship,https://apexlegendsstatus.com/algs/Y4-Split2/ALGS-Championships/Global/Overview,Y4-Split2,ALGS-Championships,Global,Overview,,,https://apexlegendsstatus.com/algs/Y4-Split2/ALGS-Championships/Global/Overview,overview,92,team_map_stats,Scores,18,Virtus.pro,4 (3.5%),3 (2.6%),10 (2.9%),,3 (2.6%)
championship_split2,ALGS Year 4 Championship,https://apexlegendsstatus.com/algs/Y4-Split2/ALGS-Championships/Global/Overview,Y4-Split2,ALGS-Championships,Global,Overview,,,https://apexlegendsstatus.com/algs/Y4-Split2/ALGS-Championships/Global/Overview,overview,92,team_map_stats,Scores,19,Cloud9,3 (2.6%),2 (1.7%),9 (2.6%),,4 (3.5%)
championship_split2,ALGS Year 4 Championship,https://apexlegendsstatus.com/algs/Y4-Split2/ALGS-Championships/Global/Overview,Y4-Split2,ALGS-Championships,Global,Overview,,,https://apexlegendsstatus.com/algs/Y4-Split2/ALGS-Championships/Global/Overview,overview,92,team_map_stats,Scores,20,Oblivion,3 (2.6%),1 (0.9%),4 (1.2%),,0 (0%)
championship_split2,ALGS Year 4 Championship,https://apexlegendsstatus.com/algs/Y4-Split2/ALGS-Championships/Global/Overview,Y4-Split2,ALGS-Championships,Global,Overview,,,https://apexlegendsstatus.com/algs/Y4-Split2/ALGS-Championships/Global/Overview,overview,92,team_map_stats,Scores,21,LG,2 (1.7%),6 (5.2%),11 (3.2%),,3 (2.6%)
championship_split2,ALGS Year 4 Championship,https://apexlegendsstatus.com/algs/Y4-Split2/ALGS-Championships/Global/Overview,Y4-Split2,ALGS-Championships,Global,Overview,,,https://apexlegendsstatus.com/algs/Y4-Split2/ALGS-Championships/Global/Overview,overview,92,team_map_stats,Scores,22,REIGNITE,1 (0.9%),2 (1.7%),5 (1.4%),,2 (1.7%)
championship_split2,ALGS Year 4 Championship,https://apexlegendsstatus.com/algs/Y4-Split2/ALGS-Championships/Global/Overview,Y4-Split2,ALGS-Championships,Global,Overview,,,https://apexlegendsstatus.com/algs/Y4-Split2/ALGS-Championships/Global/Overview,overview,92,team_map_stats,Scores,23,GHS Professional,3 (2.6%),4 (3.5%),7 (2%),,0 (0%)
championship_split2,ALGS Year 4 Championship,https://apexlegendsstatus.com/algs/Y4-Split2/ALGS-Championships/Global/Overview,Y4-Split2,ALGS-Championships,Global,Overview,,,https://apexlegendsstatus.com/algs/Y4-Split2/ALGS-Championships/Global/Overview,overview,92,team_map_stats,Scores,24,DreamFire,1 (0.9%),1 (0.9%),4 (1.2%),,2 (1.7%)
championship_split2,ALGS Year 4 Championship,https://apexlegendsstatus.com/algs/Y4-Split2/ALGS-Championships/Global/Overview,Y4-Split2,ALGS-Championships,Global,Overview,,,https://apexlegendsstatus.com/algs/Y4-Split2/ALGS-Championships/Global/Overview,overview,92,team_map_stats,Scores,25,GaiminGladiators,4 (3.5%),1 (0.9%),9 (2.6%),,4 (3.5%)
championship_split2,ALGS Year 4 Championship,https://apexlegendsstatus.com/algs/Y4-Split2/ALGS-Championships/Global/Overview,Y4-Split2,ALGS-Championships,Global,Overview,,,https://apexlegendsstatus.com/algs/Y4-Split2/ALGS-Championships/Global/Overview,overview,92,team_map_stats,Scores,26,STALLIONS,0 (0%),1 (0.9%),3 (0.9%),,2 (1.7%)
championship_split2,ALGS Year 4 Championship,https://apexlegendsstatus.com/algs/Y4-Split2/ALGS-Championships/Global/Overview,Y4-Split2,ALGS-Championships,Global,Overview,,,https://apexlegendsstatus.com/algs/Y4-Split2/ALGS-Championships/Global/Overview,overview,92,team_map_stats,Scores,27,Liquid Alienware,4 (3.5%),3 (2.6%),9 (2.6%),,2 (1.7%)
championship_split2,ALGS Year 4 Championship,https://apexlegendsstatus.com/algs/Y4-Split2/ALGS-Championships/Global/Overview,Y4-Split2,ALGS-Championships,Global,Overview,,,https://apexlegendsstatus.com/algs/Y4-Split2/ALGS-Championships/Global/Overview,overview,92,team_map_stats,Scores,28,OrglessAndHungry,0 (0%),2 (1.7%),5 (1.4%),,3 (2.6%)
championship_split2,ALGS Year 4 Championship,https://apexlegendsstatus.com/algs/Y4-Split2/ALGS-Championships/Global/Overview,Y4-Split2,ALGS-Championships,Global,Overview,,,https://apexlegendsstatus.com/algs/Y4-Split2/ALGS-Championships/Global/Overview,overview,92,team_map_stats,Scores,29,FURIA,5 (4.3%),6 (5.2%),16 (4.6%),,5 (4.3%)
championship_split2,ALGS Year 4 Championship,https://apexlegendsstatus.com/algs/Y4-Split2/ALGS-Championships/Global/Overview,Y4-Split2,ALGS-Championships,Global,Overview,,,https://apexlegendsstatus.com/algs/Y4-Split2/ALGS-Championships/Global/Overview,overview,92,team_map_stats,Scores,30,Zero Tenacity,3 (2.6%),2 (1.7%),6 (1.7%),,1 (0.9%)
championship_split2,ALGS Year 4 Championship,https://apexlegendsstatus.com/algs/Y4-Split2/ALGS-Championships/Global/Overview,Y4-Split2,ALGS-Championships,Global,Overview,,,https://apexlegendsstatus.com/algs/Y4-Split2/ALGS-Championships/Global/Overview,overview,92,team_map_stats,Scores,31,Envy,3 (2.6%),7 (6.1%),12 (3.5%),,2 (1.7%)
championship_split2,ALGS Year 4 Championship,https://apexlegendsstatus.com/algs/Y4-Split2/ALGS-Championships/Global/Overview,Y4-Split2,ALGS-Championships,Global,Overview,,,https://apexlegendsstatus.com/algs/Y4-Split2/ALGS-Championships/Global/Overview,overview,92,team_map_stats,Scores,32,Alliance,7 (6.1%),4 (3.5%),18 (5.2%),,7 (6.1%)
championship_split2,ALGS Year 4 Championship,https://apexlegendsstatus.com/algs/Y4-Split2/ALGS-Championships/Global/Overview,Y4-Split2,ALGS-Championships,Global,Overview,,,https://apexlegendsstatus.com/algs/Y4-Split2/ALGS-Championships/Global/Overview,overview,92,team_map_stats,Scores,33,GoNext,3 (2.6%),4 (3.5%),11 (3.2%),,4 (3.5%)
championship_split2,ALGS Year 4 Championship,https://apexlegendsstatus.com/algs/Y4-Split2/ALGS-Championships/Global/Overview,Y4-Split2,ALGS-Championships,Global,Overview,,,https://apexlegendsstatus.com/algs/Y4-Split2/ALGS-Championships/Global/Overview,overview,92,team_map_stats,Scores,34,Noctem,2 (1.7%),3 (2.6%),10 (2.9%),,5 (4.3%)
championship_split2,ALGS Year 4 Championship,https://apexlegendsstatus.com/algs/Y4-Split2/ALGS-Championships/Global/Overview,Y4-Split2,ALGS-Championships,Global,Overview,,,https://apexlegendsstatus.com/algs/Y4-Split2/ALGS-Championships/Global/Overview,overview,92,team_map_stats,Scores,35,Team Falcons,8 (7%),6 (5.2%),16 (4.6%),,2 (1.7%)
championship_split2,ALGS Year 4 Championship,https://apexlegendsstatus.com/algs/Y4-Split2/ALGS-Championships/Global/Overview,Y4-Split2,ALGS-Championships,Global,Overview,,,https://apexlegendsstatus.com/algs/Y4-Split2/ALGS-Championships/Global/Overview,overview,92,team_map_stats,Scores,36,Aurora,5 (4.3%),6 (5.2%),17 (4.9%),,6 (5.2%)
championship_split2,ALGS Year 4 Championship,https://apexlegendsstatus.com/algs/Y4-Split2/ALGS-Championships/Global/Overview,Y4-Split2,ALGS-Championships,Global,Overview,,,https://apexlegendsstatus.com/algs/Y4-Split2/ALGS-Championships/Global/Overview,overview,92,team_map_stats,Scores,37,ENTER FORCE.36,3 (2.6%),4 (3.5%),12 (3.5%),,5 (4.3%)
championship_split2,ALGS Year 4 Championship,https://apexlegendsstatus.com/algs/Y4-Split2/ALGS-Championships/Global/Overview,Y4-Split2,ALGS-Championships,Global,Overview,,,https://apexlegendsstatus.com/algs/Y4-Split2/ALGS-Championships/Global/Overview,overview,92,team_map_stats,Scores,38,Team Burger,1 (0.9%),2 (1.7%),6 (1.7%),,3 (2.6%)
championship_split2,ALGS Year 4 Championship,https://apexlegendsstatus.com/algs/Y4-Split2/ALGS-Championships/Global/Overview,Y4-Split2,ALGS-Championships,Global,Overview,,,https://apexlegendsstatus.com/algs/Y4-Split2/ALGS-Championships/Global/Overview,overview,92,team_map_stats,Scores,39,CRAZY RACCOON,2 (1.7%),1 (0.9%),7 (2%),,4 (3.5%)
championship_split2,ALGS Year 4 Championship,https://apexlegendsstatus.com/algs/Y4-Split2/ALGS-Championships/Global/Overview,Y4-Split2,ALGS-Championships,Global,Overview,,,https://apexlegendsstatus.com/algs/Y4-Split2/ALGS-Championships/Global/Overview,overview,92,team_map_stats,Scores,40,Supernova,1 (0.9%),0 (0%),2 (0.6%),,1 (0.9%)
