event_slug,event_name,overview_url,split,league,region,day,group,game_id,source_url,source_scope,table_index,table_type,table_heading,row_number,team,storm_point,world_s_edge,overall_max,storm_point_fastest,storm_point_fastest_avg,storm_point_avg,world_s_edge_fastest,world_s_edge_fastest_avg,world_s_edge_avg,overall_fastest,overall_fastest_avg,overall_avg,player,legend,perk,pick_rate_pct_per_legend,number_of_picks,level_2_blue,level_3_purple,level_4_red,col_1,pv_rank,player_value,carry_value,absolute_pv,kills_per_game,damage_per_game,damage_ratio,rank,tv,avg_placement,broken_moon,broken_moon_fastest,broken_moon_fastest_avg,broken_moon_avg,e_district,e_district_fastest,e_district_fastest_avg,e_district_avg
playoffs_split1,ALGS Year 4 Split 1 Playoffs,https://apexlegendsstatus.com/algs/Y4-Split1/ALGS-Playoffs/Global/Overview,Y4-Split1,ALGS-Playoffs,Global,Overview,,,https://apexlegendsstatus.com/algs/Y4-Split1/ALGS-Playoffs/Global/Overview,overview,88,other,Scores,1,TSM,5,11,11,,,,,,,,,,,,,,,,,,,,,,,,,,,,,,,,,,,,
playoffs_split1,ALGS Year 4 Split 1 Playoffs,https://apexlegendsstatus.com/algs/Y4-Split1/ALGS-Playoffs/Global/Overview,Y4-Split1,ALGS-Playoffs,Global,Overview,,,https://apexlegendsstatus.com/algs/Y4-Split1/ALGS-Playoffs/Global/Overview,overview,88,other,Scores,2,WMNDY,8,9,9,,,,,,,,,,,,,,,,,,,,,,,,,,,,,,,,,,,,
playoffs_split1,ALGS Year 4 Split 1 Playoffs,https://apexlegendsstatus.com/algs/Y4-Split1/ALGS-Playoffs/Global/Overview,Y4-Split1,ALGS-Playoffs,Global,Overview,,,https://apexlegendsstatus.com/algs/Y4-Split1/ALGS-Playoffs/Global/Overview,overview,88,other,Scores,3,PassionUA,8,6,8,,,,,,,,,,,,,,,,,,,,,,,,,,,,,,,,,,,,
playoffs_split1,ALGS Year 4 Split 1 Playoffs,https://apexlegendsstatus.com/algs/Y4-Split1/ALGS-Playoffs/Global/Overview,Y4-Split1,ALGS-Playoffs,Global,Overview,,,https://apexlegendsstatus.com/algs/Y4-Split1/ALGS-Playoffs/Global/Overview,overview,88,other,Scores,4,SSG,11,11,11,,,,,,,,,,,,,,,,,,,,,,,,,,,,,,,,,,,,
playoffs_split1,ALGS Year 4 Split 1 Playoffs,https://apexlegendsstatus.com/algs/Y4-Split1/ALGS-Playoffs/Global/Overview,Y4-Split1,ALGS-Playoffs,Global,Overview,,,https://apexlegendsstatus.com/algs/Y4-Split1/ALGS-Playoffs/Global/Overview,overview,88,other,Scores,5,RIDDLE ORDER,9,6,9,,,,,,,,,,,,,,,,,,,,,,,,,,,,,,,,,,,,
playoffs_split1,ALGS Year 4 Split 1 Playoffs,https://apexlegendsstatus.com/algs/Y4-Split1/ALGS-Playoffs/Global/Overview,Y4-Split1,ALGS-Playoffs,Global,Overview,,,https://apexlegendsstatus.com/algs/Y4-Split1/ALGS-Playoffs/Global/Overview,overview,88,other,Scores,6,Made in Heaven,6,7,7,,,,,,,,,,,,,,,,,,,,,,,,,,,,,,,,,,,,
playoffs_split1,ALGS Year 4 Split 1 Playoffs,https://apexlegendsstatus.com/algs/Y4-Split1/ALGS-Playoffs/Global/Overview,Y4-Split1,ALGS-Playoffs,Global,Overview,,,https://apexlegendsstatus.com/algs/Y4-Split1/ALGS-Playoffs/Global/Overview,overview,88,other,Scores,7,Boogie Boarders,5,6,6,,,,,,,,,,,,,,,,,,,,,,,,,,,,,,,,,,,,
playoffs_split1,ALGS Year 4 Split 1 Playoffs,https://apexlegendsstatus.com/algs/Y4-Split1/ALGS-Playoffs/Global/Overview,Y4-Split1,ALGS-Playoffs,Global,Overview,,,https://apexlegendsstatus.com/algs/Y4-Split1/ALGS-Playoffs/Global/Overview,overview,88,other,Scores,8,o7,20,12,20,,,,,,,,,,,,,,,,,,,,,,,,,,,,,,,,,,,,
playoffs_split1,ALGS Year 4 Split 1 Playoffs,https://apexlegendsstatus.com/algs/Y4-Split1/ALGS-Playoffs/Global/Overview,Y4-Split1,ALGS-Playoffs,Global,Overview,,,https://apexlegendsstatus.com/algs/Y4-Split1/ALGS-Playoffs/Global/Overview,overview,88,other,Scores,9,BR DEM0NZ,10,5,10,,,,,,,,,,,,,,,,,,,,,,,,,,,,,,,,,,,,
playoffs_split1,ALGS Year 4 Split 1 Playoffs,https://apexlegendsstatus.com/algs/Y4-Split1/ALGS-Playoffs/Global/Overview,Y4-Split1,ALGS-Playoffs,Global,Overview,,,https://apexlegendsstatus.com/algs/Y4-Split1/ALGS-Playoffs/Global/Overview,overview,88,other,Scores,10,wonton dumpling,9,7,9,,,,,,,,,,,,,,,,,,,,,,,,,,,,,,,,,,,,
playoffs_split1,ALGS Year 4 Split 1 Playoffs,https://apexlegendsstatus.com/algs/Y4-Split1/ALGS-Playoffs/Global/Overview,Y4-Split1,ALGS-Playoffs,Global,Overview,,,https://apexlegendsstatus.com/algs/Y4-Split1/ALGS-Playoffs/Global/Overview,overview,88,other,Scores,11,FURIA,18,7,18,,,,,,,,,,,,,,,,,,,,,,,,,,,,,,,,,,,,
playoffs_split1,ALGS Year 4 Split 1 Playoffs,https://apexlegendsstatus.com/algs/Y4-Split1/ALGS-Playoffs/Global/Overview,Y4-Split1,ALGS-Playoffs,Global,Overview,,,https://apexlegendsstatus.com/algs/Y4-Split1/ALGS-Playoffs/Global/Overview,overview,88,other,Scores,12,Elev8 Gaming,18,13,18,,,,,,,,,,,,,,,,,,,,,,,,,,,,,,,,,,,,
playoffs_split1,ALGS Year 4 Split 1 Playoffs,https://apexlegendsstatus.com/algs/Y4-Split1/ALGS-Playoffs/Global/Overview,Y4-Split1,ALGS-Playoffs,Global,Overview,,,https://apexlegendsstatus.com/algs/Y4-Split1/ALGS-Playoffs/Global/Overview,overview,88,other,Scores,13,HAO,6,3,6,,,,,,,,,,,,,,,,,,,,,,,,,,,,,,,,,,,,
playoffs_split1,ALGS Year 4 Split 1 Playoffs,https://apexlegendsstatus.com/algs/Y4-Split1/ALGS-Playoffs/Global/Overview,Y4-Split1,ALGS-Playoffs,Global,Overview,,,https://apexlegendsstatus.com/algs/Y4-Split1/ALGS-Playoffs/Global/Overview,overview,88,other,Scores,14,Complexity,5,3,5,,,,,,,,,,,,,,,,,,,,,,,,,,,,,,,,,,,,
playoffs_split1,ALGS Year 4 Split 1 Playoffs,https://apexlegendsstatus.com/algs/Y4-Split1/ALGS-Playoffs/Global/Overview,Y4-Split1,ALGS-Playoffs,Global,Overview,,,https://apexlegendsstatus.com/algs/Y4-Split1/ALGS-Playoffs/Global/Overview,overview,88,other,Scores,15,FNATIC,18,15,18,,,,,,,,,,,,,,,,,,,,,,,,,,,,,,,,,,,,
playoffs_split1,ALGS Year 4 Split 1 Playoffs,https://apexlegendsstatus.com/algs/Y4-Split1/ALGS-Playoffs/Global/Overview,Y4-Split1,ALGS-Playoffs,Global,Overview,,,https://apexlegendsstatus.com/algs/Y4-Split1/ALGS-Playoffs/Global/Overview,overview,88,other,Scores,16,Legends Gaming,7,14,14,,,,,,,,,,,,,,,,,,,,,,,,,,,,,,,,,,,,
playoffs_split1,ALGS Year 4 Split 1 Playoffs,https://apexlegendsstatus.com/algs/Y4-Split1/ALGS-Playoffs/Global/Overview,Y4-Split1,ALGS-Playoffs,Global,Overview,,,https://apexlegendsstatus.com/algs/Y4-Split1/ALGS-Playoffs/Global/Overview,overview,88,other,Scores,17,HEROEZ,11,5,11,,,,,,,,,,,,,,,,,,,,,,,,,,,,,,,,,,,,
playoffs_split1,ALGS Year 4 Split 1 Playoffs,https://apexlegendsstatus.com/algs/Y4-Split1/ALGS-Playoffs/Global/Overview,Y4-Split1,ALGS-Playoffs,Global,Overview,,,https://apexlegendsstatus.com/algs/Y4-Split1/ALGS-Playoffs/Global/Overview,overview,88,other,Scores,18,NORTHEPTION,12,3,12,,,,,,,,,,,,,,,,,,,,,,,,,,,,,,,,,,,,
playoffs_split1,ALGS Year 4 Split 1 Playoffs,https://apexlegendsstatus.com/algs/Y4-Split1/ALGS-Playoffs/Global/Overview,Y4-Split1,ALGS-Playoffs,Global,Overview,,,https://apexlegendsstatus.com/algs/Y4-Split1/ALGS-Playoffs/Global/Overview,overview,88,other,Scores,19,Not Moist,12,12,12,,,,,,,,,,,,,,,,,,,,,,,,,,,,,,,,,,,,
playoffs_split1,ALGS Year 4 Split 1 Playoffs,https://apexlegendsstatus.com/algs/Y4-Split1/ALGS-Playoffs/Global/Overview,Y4-Split1,ALGS-Playoffs,Global,Overview,,,https://apexlegendsstatus.com/algs/Y4-Split1/ALGS-Playoffs/Global/Overview,overview,88,other,Scores,20,Alliance,18,24,24,,,,,,,,,,,,,,,,,,,,,,,,,,,,,,,,,,,,
playoffs_split1,ALGS Year 4 Split 1 Playoffs,https://apexlegendsstatus.com/algs/Y4-Split1/ALGS-Playoffs/Global/Overview,Y4-Split1,ALGS-Playoffs,Global,Overview,,,https://apexlegendsstatus.com/algs/Y4-Split1/ALGS-Playoffs/Global/Overview,overview,88,other,Scores,21,LG,14,10,14,,,,,,,,,,,,,,,,,,,,,,,,,,,,,,,,,,,,
playoffs_split1,ALGS Year 4 Split 1 Playoffs,https://apexlegendsstatus.com/algs/Y4-Split1/ALGS-Playoffs/Global/Overview,Y4-Split1,ALGS-Playoffs,Global,Overview,,,https://apexlegendsstatus.com/algs/Y4-Split1/ALGS-Playoffs/Global/Overview,overview,88,other,Scores,22,MDY-White,6,4,6,,,,,,,,,,,,,,,,,,,,,,,,,,,,,,,,,,,,
playoffs_split1,ALGS Year 4 Split 1 Playoffs,https://apexlegendsstatus.com/algs/Y4-Split1/ALGS-Playoffs/Global/Overview,Y4-Split1,ALGS-Playoffs,Global,Overview,,,https://apexlegendsstatus.com/algs/Y4-Split1/ALGS-Playoffs/Global/Overview,overview,88,other,Scores,23,Liquid Alienware,8,6,8,,,,,,,,,,,,,,,,,,,,,,,,,,,,,,,,,,,,
playoffs_split1,ALGS Year 4 Split 1 Playoffs,https://apexlegendsstatus.com/algs/Y4-Split1/ALGS-Playoffs/Global/Overview,Y4-Split1,ALGS-Playoffs,Global,Overview,,,https://apexlegendsstatus.com/algs/Y4-Split1/ALGS-Playoffs/Global/Overview,overview,88,other,Scores,24,Serenity,9,6,9,,,,,,,,,,,,,,,,,,,,,,,,,,,,,,,,,,,,
playoffs_split1,ALGS Year 4 Split 1 Playoffs,https://apexlegendsstatus.com/algs/Y4-Split1/ALGS-Playoffs/Global/Overview,Y4-Split1,ALGS-Playoffs,Global,Overview,,,https://apexlegendsstatus.com/algs/Y4-Split1/ALGS-Playoffs/Global/Overview,overview,88,other,Scores,25,Cloud9,9,8,9,,,,,,,,,,,,,,,,,,,,,,,,,,,,,,,,,,,,
playoffs_split1,ALGS Year 4 Split 1 Playoffs,https://apexlegendsstatus.com/algs/Y4-Split1/ALGS-Playoffs/Global/Overview,Y4-Split1,ALGS-Playoffs,Global,Overview,,,https://apexlegendsstatus.com/algs/Y4-Split1/ALGS-Playoffs/Global/Overview,overview,88,other,Scores,26,Never To Change,3,5,5,,,,,,,,,,,,,,,,,,,,,,,,,,,,,,,,,,,,
playoffs_split1,ALGS Year 4 Split 1 Playoffs,https://apexlegendsstatus.com/algs/Y4-Split1/ALGS-Playoffs/Global/Overview,Y4-Split1,ALGS-Playoffs,Global,Overview,,,https://apexlegendsstatus.com/algs/Y4-Split1/ALGS-Playoffs/Global/Overview,overview,88,other,Scores,27,Natus Vincere,8,7,8,,,,,,,,,,,,,,,,,,,,,,,,,,,,,,,,,,,,
playoffs_split1,ALGS Year 4 Split 1 Playoffs,https://apexlegendsstatus.com/algs/Y4-Split1/ALGS-Playoffs/Global/Overview,Y4-Split1,ALGS-Playoffs,Global,Overview,,,https://apexlegendsstatus.com/algs/Y4-Split1/ALGS-Playoffs/Global/Overview,overview,88,other,Scores,28,Oxygen Esports,7,11,11,,,,,,,,,,,,,,,,,,,,,,,,,,,,,,,,,,,,
playoffs_split1,ALGS Year 4 Split 1 Playoffs,https://apexlegendsstatus.com/algs/Y4-Split1/ALGS-Playoffs/Global/Overview,Y4-Split1,ALGS-Playoffs,Global,Overview,,,https://apexlegendsstatus.com/algs/Y4-Split1/ALGS-Playoffs/Global/Overview,overview,88,other,Scores,29,DarkZero,14,12,14,,,,,,,,,,,,,,,,,,,,,,,,,,,,,,,,,,,,
playoffs_split1,ALGS Year 4 Split 1 Playoffs,https://apexlegendsstatus.com/algs/Y4-Split1/ALGS-Playoffs/Global/Overview,Y4-Split1,ALGS-Playoffs,Global,Overview,,,https://apexlegendsstatus.com/algs/Y4-Split1/ALGS-Playoffs/Global/Overview,overview,88,other,Scores,30,REJECT WINNITY,11,12,12,,,,,,,,,,,,,,,,,,,,,,,,,,,,,,,,,,,,
playoffs_split1,ALGS Year 4 Split 1 Playoffs,https://apexlegendsstatus.com/algs/Y4-Split1/ALGS-Playoffs/Global/Overview,Y4-Split1,ALGS-Playoffs,Global,Overview,,,https://apexlegendsstatus.com/algs/Y4-Split1/ALGS-Playoffs/Global/Overview,overview,88,other,Scores,31,Tom Yum Kung,5,6,6,,,,,,,,,,,,,,,,,,,,,,,,,,,,,,,,,,,,
playoffs_split1,ALGS Year 4 Split 1 Playoffs,https://apexlegendsstatus.com/algs/Y4-Split1/ALGS-Playoffs/Global/Overview,Y4-Split1,ALGS-Playoffs,Global,Overview,,,https://apexlegendsstatus.com/algs/Y4-Split1/ALGS-Playoffs/Global/Overview,overview,88,other,Scores,32,Disguised,14,10,14,,,,,,,,,,,,,,,,,,,,,,,,,,,,,,,,,,,,
playoffs_split1,ALGS Year 4 Split 1 Playoffs,https://apexlegendsstatus.com/algs/Y4-Split1/ALGS-Playoffs/Global/Overview,Y4-Split1,ALGS-Playoffs,Global,Overview,,,https://apexlegendsstatus.com/algs/Y4-Split1/ALGS-Playoffs/Global/Overview,overview,88,other,Scores,33,2Rats1Controller,11,12,12,,,,,,,,,,,,,,,,,,,,,,,,,,,,,,,,,,,,
playoffs_split1,ALGS Year 4 Split 1 Playoffs,https://apexlegendsstatus.com/algs/Y4-Split1/ALGS-Playoffs/Global/Overview,Y4-Split1,ALGS-Playoffs,Global,Overview,,,https://apexlegendsstatus.com/algs/Y4-Split1/ALGS-Playoffs/Global/Overview,overview,88,other,Scores,34,OMiT,7,11,11,,,,,,,,,,,,,,,,,,,,,,,,,,,,,,,,,,,,
playoffs_split1,ALGS Year 4 Split 1 Playoffs,https://apexlegendsstatus.com/algs/Y4-Split1/ALGS-Playoffs/Global/Overview,Y4-Split1,ALGS-Playoffs,Global,Overview,,,https://apexlegendsstatus.com/algs/Y4-Split1/ALGS-Playoffs/Global/Overview,overview,88,other,Scores,35,RED Rams,11,5,11,,,,,,,,,,,,,,,,,,,,,,,,,,,,,,,,,,,,
playoffs_split1,ALGS Year 4 Split 1 Playoffs,https://apexlegendsstatus.com/algs/Y4-Split1/ALGS-Playoffs/Global/Overview,Y4-Split1,ALGS-Playoffs,Global,Overview,,,https://apexlegendsstatus.com/algs/Y4-Split1/ALGS-Playoffs/Global/Overview,overview,88,other,Scores,36,Virtus.Pro,9,7,9,,,,,,,,,,,,,,,,,,,,,,,,,,,,,,,,,,,,
playoffs_split1,ALGS Year 4 Split 1 Playoffs,https://apexlegendsstatus.com/algs/Y4-Split1/ALGS-Playoffs/Global/Overview,Y4-Split1,ALGS-Playoffs,Global,Overview,,,https://apexlegendsstatus.com/algs/Y4-Split1/ALGS-Playoffs/Global/Overview,overview,88,other,Scores,37,Aurora,11,14,14,,,,,,,,,,,,,,,,,,,,,,,,,,,,,,,,,,,,
playoffs_split1,ALGS Year 4 Split 1 Playoffs,https://apexlegendsstatus.com/algs/Y4-Split1/ALGS-Playoffs/Global/Overview,Y4-Split1,ALGS-Playoffs,Global,Overview,,,https://apexlegendsstatus.com/algs/Y4-Split1/ALGS-Playoffs/Global/Overview,overview,88,other,Scores,38,CRAZY RACCOON,7,9,9,,,,,,,,,,,,,,,,,,,,,,,,,,,,,,,,,,,,
playoffs_split1,ALGS Year 4 Split 1 Playoffs,https://apexlegendsstatus.com/algs/Y4-Split1/ALGS-Playoffs/Global/Overview,Y4-Split1,ALGS-Playoffs,Global,Overview,,,https://apexlegendsstatus.com/algs/Y4-Split1/ALGS-Playoffs/Global/Overview,overview,88,other,Scores,39,GEARED GAMING,14,10,14,,,,,,,,,,,,,,,,,,,,,,,,,,,,,,,,,,,,
playoffs_split1,ALGS Year 4 Split 1 Playoffs,https://apexlegendsstatus.com/algs/Y4-Split1/ALGS-Playoffs/Global/Overview,Y4-Split1,ALGS-Playoffs,Global,Overview,,,https://apexlegendsstatus.com/algs/Y4-Split1/ALGS-Playoffs/Global/Overview,overview,88,other,Scores,40,KINOTROPE gaming,11,12,12,,,,,,,,,,,,,,,,,,,,,,,,,,,,,,,,,,,,
playoffs_split1,ALGS Year 4 Split 1 Playoffs,https://apexlegendsstatus.com/algs/Y4-Split1/ALGS-Playoffs/Global/Overview,Y4-Split1,ALGS-Playoffs,Global,Overview,,,https://apexlegendsstatus.com/algs/Y4-Split1/ALGS-Playoffs/Global/Overview,overview,92,other,Scores,1,HEROEZ,,,,1m,10m 7s,11m 40s,7m 13s,10m 43s,11m 60s,1m,10m 22s,11m 48s,,,,,,,,,,,,,,,,,,,,,,,,,,,
playoffs_split1,ALGS Year 4 Split 1 Playoffs,https://apexlegendsstatus.com/algs/Y4-Split1/ALGS-Playoffs/Global/Overview,Y4-Split1,ALGS-Playoffs,Global,Overview,,,https://apexlegendsstatus.com/algs/Y4-Split1/ALGS-Playoffs/Global/Overview,overview,92,other,Scores,2,PassionUA,,,,1m 11s,5m 10s,7m 48s,6m 42s,11m 59s,11m 57s,1m 11s,9m 43s,10m 26s,,,,,,,,,,,,,,,,,,,,,,,,,,,
playoffs_split1,ALGS Year 4 Split 1 Playoffs,https://apexlegendsstatus.com/algs/Y4-Split1/ALGS-Playoffs/Global/Overview,Y4-Split1,ALGS-Playoffs,Global,Overview,,,https://apexlegendsstatus.com/algs/Y4-Split1/ALGS-Playoffs/Global/Overview,overview,92,other,Scores,3,HAO,,,,1m 52s,12m 48s,13m 41s,11m 8s,13m 27s,13m 54s,1m 52s,13m 9s,13m 47s,,,,,,,,,,,,,,,,,,,,,,,,,,,
playoffs_split1,ALGS Year 4 Split 1 Playoffs,https://apexlegendsstatus.com/algs/Y4-Split1/ALGS-Playoffs/Global/Overview,Y4-Split1,ALGS-Playoffs,Global,Overview,,,https://apexlegendsstatus.com/algs/Y4-Split1/ALGS-Playoffs/Global/Overview,overview,92,other,Scores,4,BR DEM0NZ,,,,4m 58s,10m 54s,11m 26s,1m 10s,11m 46s,12m 33s,1m 10s,11m 20s,12m 2s,,,,,,,,,,,,,,,,,,,,,,,,,,,
playoffs_split1,ALGS Year 4 Split 1 Playoffs,https://apexlegendsstatus.com/algs/Y4-Split1/ALGS-Playoffs/Global/Overview,Y4-Split1,ALGS-Playoffs,Global,Overview,,,https://apexlegendsstatus.com/algs/Y4-Split1/ALGS-Playoffs/Global/Overview,overview,92,other,Scores,5,Boogie Boarders,,,,6m 14s,14m 17s,14m 35s,4m 10s,9m 48s,11m 47s,4m 10s,12m 10s,13m 2s,,,,,,,,,,,,,,,,,,,,,,,,,,,
playoffs_split1,ALGS Year 4 Split 1 Playoffs,https://apexlegendsstatus.com/algs/Y4-Split1/ALGS-Playoffs/Global/Overview,Y4-Split1,ALGS-Playoffs,Global,Overview,,,https://apexlegendsstatus.com/algs/Y4-Split1/ALGS-Playoffs/Global/Overview,overview,92,other,Scores,6,Complexity,,,,3m 26s,12m 36s,12m 58s,3m 5s,12m 15s,11m 45s,3m 5s,12m 24s,12m 17s,,,,,,,,,,,,,,,,,,,,,,,,,,,
playoffs_split1,ALGS Year 4 Split 1 Playoffs,https://apexlegendsstatus.com/algs/Y4-Split1/ALGS-Playoffs/Global/Overview,Y4-Split1,ALGS-Playoffs,Global,Overview,,,https://apexlegendsstatus.com/algs/Y4-Split1/ALGS-Playoffs/Global/Overview,overview,92,other,Scores,7,RIDDLE ORDER,,,,1m 41s,8m 54s,10m 25s,1m 50s,9m 50s,11m 42s,1m 41s,9m 29s,11m 13s,,,,,,,,,,,,,,,,,,,,,,,,,,,
playoffs_split1,ALGS Year 4 Split 1 Playoffs,https://apexlegendsstatus.com/algs/Y4-Split1/ALGS-Playoffs/Global/Overview,Y4-Split1,ALGS-Playoffs,Global,Overview,,,https://apexlegendsstatus.com/algs/Y4-Split1/ALGS-Playoffs/Global/Overview,overview,92,other,Scores,8,FNATIC,,,,4m 52s,9m 53s,11m 15s,3m 1s,9m 57s,11m 29s,3m 1s,9m 55s,11m 22s,,,,,,,,,,,,,,,,,,,,,,,,,,,
playoffs_split1,ALGS Year 4 Split 1 Playoffs,https://apexlegendsstatus.com/algs/Y4-Split1/ALGS-Playoffs/Global/Overview,Y4-Split1,ALGS-Playoffs,Global,Overview,,,https://apexlegendsstatus.com/algs/Y4-Split1/ALGS-Playoffs/Global/Overview,overview,92,other,Scores,9,TSM,,,,56s,11m 47s,13m 17s,57s,7m 52s,8m 54s,56s,9m 34s,10m 33s,,,,,,,,,,,,,,,,,,,,,,,,,,,
playoffs_split1,ALGS Year 4 Split 1 Playoffs,https://apexlegendsstatus.com/algs/Y4-Split1/ALGS-Playoffs/Global/Overview,Y4-Split1,ALGS-Playoffs,Global,Overview,,,https://apexlegendsstatus.com/algs/Y4-Split1/ALGS-Playoffs/Global/Overview,overview,92,other,Scores,10,FURIA,,,,1m 59s,8m 48s,9m 45s,1m 6s,11m 57s,12m 25s,1m 6s,10m 15s,10m 57s,,,,,,,,,,,,,,,,,,,,,,,,,,,
playoffs_split1,ALGS Year 4 Split 1 Playoffs,https://apexlegendsstatus.com/algs/Y4-Split1/ALGS-Playoffs/Global/Overview,Y4-Split1,ALGS-Playoffs,Global,Overview,,,https://apexlegendsstatus.com/algs/Y4-Split1/ALGS-Playoffs/Global/Overview,overview,92,other,Scores,11,Elev8 Gaming,,,,1m 9s,8m 50s,10m 39s,3m 46s,9m 36s,11m 40s,1m 9s,9m 15s,11m 11s,,,,,,,,,,,,,,,,,,,,,,,,,,,
playoffs_split1,ALGS Year 4 Split 1 Playoffs,https://apexlegendsstatus.com/algs/Y4-Split1/ALGS-Playoffs/Global/Overview,Y4-Split1,ALGS-Playoffs,Global,Overview,,,https://apexlegendsstatus.com/algs/Y4-Split1/ALGS-Playoffs/Global/Overview,overview,92,other,Scores,12,WMNDY,,,,5m 40s,12m 8s,12m 59s,1m 8s,8m 25s,9m 9s,1m 8s,9m 39s,10m 22s,,,,,,,,,,,,,,,,,,,,,,,,,,,
playoffs_split1,ALGS Year 4 Split 1 Playoffs,https://apexlegendsstatus.com/algs/Y4-Split1/ALGS-Playoffs/Global/Overview,Y4-Split1,ALGS-Playoffs,Global,Overview,,,https://apexlegendsstatus.com/algs/Y4-Split1/ALGS-Playoffs/Global/Overview,overview,92,other,Scores,13,SSG,,,,4m 38s,11m 55s,13m 2s,1m 45s,9m 21s,10m 6s,1m 45s,10m 33s,11m 25s,,,,,,,,,,,,,,,,,,,,,,,,,,,
playoffs_split1,ALGS Year 4 Split 1 Playoffs,https://apexlegendsstatus.com/algs/Y4-Split1/ALGS-Playoffs/Global/Overview,Y4-Split1,ALGS-Playoffs,Global,Overview,,,https://apexlegendsstatus.com/algs/Y4-Split1/ALGS-Playoffs/Global/Overview,overview,92,other,Scores,14,Alliance,,,,4m 9s,11m 17s,12m 39s,1m 9s,9m 27s,9m 22s,1m 9s,10m 27s,11m 15s,,,,,,,,,,,,,,,,,,,,,,,,,,,
playoffs_split1,ALGS Year 4 Split 1 Playoffs,https://apexlegendsstatus.com/algs/Y4-Split1/ALGS-Playoffs/Global/Overview,Y4-Split1,ALGS-Playoffs,Global,Overview,,,https://apexlegendsstatus.com/algs/Y4-Split1/ALGS-Playoffs/Global/Overview,overview,92,other,Scores,15,wonton dumpling,,,,3m 35s,9m 23s,10m 1s,2m 50s,9m 53s,10m 22s,2m 50s,9m 33s,10m 8s,,,,,,,,,,,,,,,,,,,,,,,,,,,
playoffs_split1,ALGS Year 4 Split 1 Playoffs,https://apexlegendsstatus.com/algs/Y4-Split1/ALGS-Playoffs/Global/Overview,Y4-Split1,ALGS-Playoffs,Global,Overview,,,https://apexlegendsstatus.com/algs/Y4-Split1/ALGS-Playoffs/Global/Overview,overview,92,other,Scores,16,Made in Heaven,,,,4m 10s,10m 28s,12m 18s,2m 55s,11m 24s,11m 50s,2m 55s,10m 55s,12m 4s,,,,,,,,,,,,,,,,,,,,,,,,,,,
playoffs_split1,ALGS Year 4 Split 1 Playoffs,https://apexlegendsstatus.com/algs/Y4-Split1/ALGS-Playoffs/Global/Overview,Y4-Split1,ALGS-Playoffs,Global,Overview,,,https://apexlegendsstatus.com/algs/Y4-Split1/ALGS-Playoffs/Global/Overview,overview,92,other,Scores,17,NORTHEPTION,,,,4m 52s,11m 57s,11m 24s,2m 24s,8m 20s,9m 31s,2m 24s,10m 16s,10m 43s,,,,,,,,,,,,,,,,,,,,,,,,,,,
playoffs_split1,ALGS Year 4 Split 1 Playoffs,https://apexlegendsstatus.com/algs/Y4-Split1/ALGS-Playoffs/Global/Overview,Y4-Split1,ALGS-Playoffs,Global,Overview,,,https://apexlegendsstatus.com/algs/Y4-Split1/ALGS-Playoffs/Global/Overview,overview,92,other,Scores,18,Not Moist,,,,4m 33s,12m 59s,13m 28s,7m 43s,13m 10s,14m 33s,4m 33s,13m 4s,13m 59s,,,,,,,,,,,,,,,,,,,,,,,,,,,
playoffs_split1,ALGS Year 4 Split 1 Playoffs,https://apexlegendsstatus.com/algs/Y4-Split1/ALGS-Playoffs/Global/Overview,Y4-Split1,ALGS-Playoffs,Global,Overview,,,https://apexlegendsstatus.com/algs/Y4-Split1/ALGS-Playoffs/Global/Overview,overview,92,other,Scores,19,o7,,,,50s,3m 55s,4m 38s,3m 38s,9m 19s,10m 39s,50s,7m 22s,8m 14s,,,,,,,,,,,,,,,,,,,,,,,,,,,
playoffs_split1,ALGS Year 4 Split 1 Playoffs,https://apexlegendsstatus.com/algs/Y4-Split1/ALGS-Playoffs/Global/Overview,Y4-Split1,ALGS-Playoffs,Global,Overview,,,https://apexlegendsstatus.com/algs/Y4-Split1/ALGS-Playoffs/Global/Overview,overview,92,other,Scores,20,Legends Gaming,,,,1m 11s,10m 24s,12m 1s,1m 9s,11m 13s,11m 59s,1m 9s,10m 53s,11m 60s,,,,,,,,,,,,,,,,,,,,,,,,,,,
playoffs_split1,ALGS Year 4 Split 1 Playoffs,https://apexlegendsstatus.com/algs/Y4-Split1/ALGS-Playoffs/Global/Overview,Y4-Split1,ALGS-Playoffs,Global,Overview,,,https://apexlegendsstatus.com/algs/Y4-Split1/ALGS-Playoffs/Global/Overview,overview,92,other,Scores,21,GEARED GAMING,,,,1m 40s,9m 10s,9m 19s,5m 5s,10m 43s,11m 40s,1m 40s,9m 52s,10m 26s,,,,,,,,,,,,,,,,,,,,,,,,,,,
playoffs_split1,ALGS Year 4 Split 1 Playoffs,https://apexlegendsstatus.com/algs/Y4-Split1/ALGS-Playoffs/Global/Overview,Y4-Split1,ALGS-Playoffs,Global,Overview,,,https://apexlegendsstatus.com/algs/Y4-Split1/ALGS-Playoffs/Global/Overview,overview,92,other,Scores,22,DarkZero,,,,3m 18s,10m 43s,13m 17s,4m 53s,11m 57s,12m 54s,3m 18s,11m 23s,13m 4s,,,,,,,,,,,,,,,,,,,,,,,,,,,
playoffs_split1,ALGS Year 4 Split 1 Playoffs,https://apexlegendsstatus.com/algs/Y4-Split1/ALGS-Playoffs/Global/Overview,Y4-Split1,ALGS-Playoffs,Global,Overview,,,https://apexlegendsstatus.com/algs/Y4-Split1/ALGS-Playoffs/Global/Overview,overview,92,other,Scores,23,Disguised,,,,3m 47s,10m 3s,11m 51s,6m 28s,13m 1s,13m 51s,3m 47s,11m 23s,12m 31s,,,,,,,,,,,,,,,,,,,,,,,,,,,
playoffs_split1,ALGS Year 4 Split 1 Playoffs,https://apexlegendsstatus.com/algs/Y4-Split1/ALGS-Playoffs/Global/Overview,Y4-Split1,ALGS-Playoffs,Global,Overview,,,https://apexlegendsstatus.com/algs/Y4-Split1/ALGS-Playoffs/Global/Overview,overview,92,other,Scores,24,Serenity,,,,2m 5s,10m 9s,11m 37s,7m 50s,14m 32s,15m 34s,2m 5s,12m 20s,13m 40s,,,,,,,,,,,,,,,,,,,,,,,,,,,
playoffs_split1,ALGS Year 4 Split 1 Playoffs,https://apexlegendsstatus.com/algs/Y4-Split1/ALGS-Playoffs/Global/Overview,Y4-Split1,ALGS-Playoffs,Global,Overview,,,https://apexlegendsstatus.com/algs/Y4-Split1/ALGS-Playoffs/Global/Overview,overview,92,other,Scores,25,2Rats1Controller,,,,1m 10s,7m 54s,8m 55s,2m 14s,10m 2s,10m 22s,1m 10s,8m 54s,9m 31s,,,,,,,,,,,,,,,,,,,,,,,,,,,
playoffs_split1,ALGS Year 4 Split 1 Playoffs,https://apexlegendsstatus.com/algs/Y4-Split1/ALGS-Playoffs/Global/Overview,Y4-Split1,ALGS-Playoffs,Global,Overview,,,https://apexlegendsstatus.com/algs/Y4-Split1/ALGS-Playoffs/Global/Overview,overview,92,other,Scores,26,RED Rams,,,,1m 49s,10m 28s,10m 42s,1m 15s,8m 16s,9m 16s,1m 15s,9m 33s,10m 15s,,,,,,,,,,,,,,,,,,,,,,,,,,,
playoffs_split1,ALGS Year 4 Split 1 Playoffs,https://apexlegendsstatus.com/algs/Y4-Split1/ALGS-Playoffs/Global/Overview,Y4-Split1,ALGS-Playoffs,Global,Overview,,,https://apexlegendsstatus.com/algs/Y4-Split1/ALGS-Playoffs/Global/Overview,overview,92,other,Scores,27,REJECT WINNITY,,,,2m 25s,10m 26s,12m 39s,2m 25s,10m 48s,11m 31s,2m 25s,10m 35s,12m 14s,,,,,,,,,,,,,,,,,,,,,,,,,,,
playoffs_split1,ALGS Year 4 Split 1 Playoffs,https://apexlegendsstatus.com/algs/Y4-Split1/ALGS-Playoffs/Global/Overview,Y4-Split1,ALGS-Playoffs,Global,Overview,,,https://apexlegendsstatus.com/algs/Y4-Split1/ALGS-Playoffs/Global/Overview,overview,92,other,Scores,28,MDY-White,,,,2m 44s,12m 1s,12m 31s,1m 6s,8m 28s,9m 59s,1m 6s,10m 3s,11m 13s,,,,,,,,,,,,,,,,,,,,,,,,,,,
playoffs_split1,ALGS Year 4 Split 1 Playoffs,https://apexlegendsstatus.com/algs/Y4-Split1/ALGS-Playoffs/Global/Overview,Y4-Split1,ALGS-Playoffs,Global,Overview,,,https://apexlegendsstatus.com/algs/Y4-Split1/ALGS-Playoffs/Global/Overview,overview,92,other,Scores,29,Cloud9,,,,4m 10s,13m 45s,15m 7s,4m 39s,12m 1s,13m 12s,4m 10s,12m 59s,14m 19s,,,,,,,,,,,,,,,,,,,,,,,,,,,
playoffs_split1,ALGS Year 4 Split 1 Playoffs,https://apexlegendsstatus.com/algs/Y4-Split1/ALGS-Playoffs/Global/Overview,Y4-Split1,ALGS-Playoffs,Global,Overview,,,https://apexlegendsstatus.com/algs/Y4-Split1/ALGS-Playoffs/Global/Overview,overview,92,other,Scores,30,Tom Yum Kung,,,,49s,10m 33s,11m 31s,6m 5s,10m 53s,12m 32s,49s,10m 44s,12m 3s,,,,,,,,,,,,,,,,,,,,,,,,,,,
playoffs_split1,ALGS Year 4 Split 1 Playoffs,https://apexlegendsstatus.com/algs/Y4-Split1/ALGS-Playoffs/Global/Overview,Y4-Split1,ALGS-Playoffs,Global,Overview,,,https://apexlegendsstatus.com/algs/Y4-Split1/ALGS-Playoffs/Global/Overview,overview,92,other,Scores,31,OMiT,,,,3m 53s,11m 48s,12m 22s,1m 19s,12m 28s,13m 26s,1m 19s,12m 11s,13m 1s,,,,,,,,,,,,,,,,,,,,,,,,,,,
playoffs_split1,ALGS Year 4 Split 1 Playoffs,https://apexlegendsstatus.com/algs/Y4-Split1/ALGS-Playoffs/Global/Overview,Y4-Split1,ALGS-Playoffs,Global,Overview,,,https://apexlegendsstatus.com/algs/Y4-Split1/ALGS-Playoffs/Global/Overview,overview,92,other,Scores,32,Aurora,,,,1m 28s,10m 57s,12m 43s,1m 30s,11m 1s,11m 23s,1m 28s,10m 59s,12m 3s,,,,,,,,,,,,,,,,,,,,,,,,,,,
playoffs_split1,ALGS Year 4 Split 1 Playoffs,https://apexlegendsstatus.com/algs/Y4-Split1/ALGS-Playoffs/Global/Overview,Y4-Split1,ALGS-Playoffs,Global,Overview,,,https://apexlegendsstatus.com/algs/Y4-Split1/ALGS-Playoffs/Global/Overview,overview,92,other,Scores,33,Natus Vincere,,,,8m 31s,14m 54s,15m 43s,6m 52s,12m 18s,13m 34s,6m 52s,13m 36s,14m 43s,,,,,,,,,,,,,,,,,,,,,,,,,,,
playoffs_split1,ALGS Year 4 Split 1 Playoffs,https://apexlegendsstatus.com/algs/Y4-Split1/ALGS-Playoffs/Global/Overview,Y4-Split1,ALGS-Playoffs,Global,Overview,,,https://apexlegendsstatus.com/algs/Y4-Split1/ALGS-Playoffs/Global/Overview,overview,92,other,Scores,34,KINOTROPE gaming,,,,4m 42s,12m 6s,14m 2s,2m 40s,9m 7s,11m 44s,2m 40s,10m 37s,12m 43s,,,,,,,,,,,,,,,,,,,,,,,,,,,
playoffs_split1,ALGS Year 4 Split 1 Playoffs,https://apexlegendsstatus.com/algs/Y4-Split1/ALGS-Playoffs/Global/Overview,Y4-Split1,ALGS-Playoffs,Global,Overview,,,https://apexlegendsstatus.com/algs/Y4-Split1/ALGS-Playoffs/Global/Overview,overview,92,other,Scores,35,Oxygen Esports,,,,5m 13s,12m 21s,13m 5s,5m 3s,12m 8s,12m 48s,5m 3s,12m 14s,12m 56s,,,,,,,,,,,,,,,,,,,,,,,,,,,
playoffs_split1,ALGS Year 4 Split 1 Playoffs,https://apexlegendsstatus.com/algs/Y4-Split1/ALGS-Playoffs/Global/Overview,Y4-Split1,ALGS-Playoffs,Global,Overview,,,https://apexlegendsstatus.com/algs/Y4-Split1/ALGS-Playoffs/Global/Overview,overview,92,other,Scores,36,Liquid Alienware,,,,4m,12m 33s,14m 15s,6m 28s,12m 21s,12m 49s,4m,12m 26s,13m 23s,,,,,,,,,,,,,,,,,,,,,,,,,,,
playoffs_split1,ALGS Year 4 Split 1 Playoffs,https://apexlegendsstatus.com/algs/Y4-Split1/ALGS-Playoffs/Global/Overview,Y4-Split1,ALGS-Playoffs,Global,Overview,,,https://apexlegendsstatus.com/algs/Y4-Split1/ALGS-Playoffs/Global/Overview,overview,92,other,Scores,37,CRAZY RACCOON,,,,3m 37s,12m 7s,13m 24s,51s,9m 27s,10m 44s,51s,10m 28s,11m 41s,,,,,,,,,,,,,,,,,,,,,,,,,,,
playoffs_split1,ALGS Year 4 Split 1 Playoffs,https://apexlegendsstatus.com/algs/Y4-Split1/ALGS-Playoffs/Global/Overview,Y4-Split1,ALGS-Playoffs,Global,Overview,,,https://apexlegendsstatus.com/algs/Y4-Split1/ALGS-Playoffs/Global/Overview,overview,92,other,Scores,38,Virtus.Pro,,,,11m 55s,15m 32s,16m 41s,3m 40s,11m 36s,13m 36s,3m 40s,13m 34s,15m 13s,,,,,,,,,,,,,,,,,,,,,,,,,,,
playoffs_split1,ALGS Year 4 Split 1 Playoffs,https://apexlegendsstatus.com/algs/Y4-Split1/ALGS-Playoffs/Global/Overview,Y4-Split1,ALGS-Playoffs,Global,Overview,,,https://apexlegendsstatus.com/algs/Y4-Split1/ALGS-Playoffs/Global/Overview,overview,92,other,Scores,39,LG,,,,4m 7s,9m 2s,11m 6s,2m 58s,10m 48s,13m 41s,2m 58s,10m 4s,12m 32s,,,,,,,,,,,,,,,,,,,,,,,,,,,
playoffs_split1,ALGS Year 4 Split 1 Playoffs,https://apexlegendsstatus.com/algs/Y4-Split1/ALGS-Playoffs/Global/Overview,Y4-Split1,ALGS-Playoffs,Global,Overview,,,https://apexlegendsstatus.com/algs/Y4-Split1/ALGS-Playoffs/Global/Overview,overview,92,other,Scores,40,Never To Change,,,,44s,8m 23s,11m 23s,7m 17s,9m 29s,10m 34s,44s,8m 56s,10m 55s,,,,,,,,,,,,,,,,,,,,,,,,,,,
playoffs_split1,ALGS Year 4 Split 1 Playoffs,https://apexlegendsstatus.com/algs/Y4-Split1/ALGS-Playoffs/Global/Overview,Y4-Split1,ALGS-Playoffs,Global,Overview,,,https://apexlegendsstatus.com/algs/Y4-Split1/ALGS-Playoffs/Global/Overview,overview,93,other,Scores,1,HEROEZ,,,,1m,,11m 53s,7m 13s,,10m 47s,1m,,11m 37s,HRZ laheemx_,,,,,,,,,,,,,,,,,,,,,,,,,,
playoffs_split1,ALGS Year 4 Split 1 Playoffs,https://apexlegendsstatus.com/algs/Y4-Split1/ALGS-Playoffs/Global/Overview,Y4-Split1,ALGS-Playoffs,Global,Overview,,,https://apexlegendsstatus.com/algs/Y4-Split1/ALGS-Playoffs/Global/Overview,overview,93,other,Scores,2,PassionUA,,,,1m 11s,,7m 23s,6m 42s,,13m 2s,1m 11s,,10m 28s,PUA Artyco,,,,,,,,,,,,,,,,,,,,,,,,,,
playoffs_split1,ALGS Year 4 Split 1 Playoffs,https://apexlegendsstatus.com/algs/Y4-Split1/ALGS-Playoffs/Global/Overview,Y4-Split1,ALGS-Playoffs,Global,Overview,,,https://apexlegendsstatus.com/algs/Y4-Split1/ALGS-Playoffs/Global/Overview,overview,93,other,Scores,3,HAO,,,,1m 52s,,12m 27s,11m 8s,,13m 26s,1m 52s,,12m 53s,HAO Right,,,,,,,,,,,,,,,,,,,,,,,,,,
playoffs_split1,ALGS Year 4 Split 1 Playoffs,https://apexlegendsstatus.com/algs/Y4-Split1/ALGS-Playoffs/Global/Overview,Y4-Split1,ALGS-Playoffs,Global,Overview,,,https://apexlegendsstatus.com/algs/Y4-Split1/ALGS-Playoffs/Global/Overview,overview,93,other,Scores,4,PassionUA,,,,2m 2s,,7m 57s,8m 17s,,11m 19s,2m 2s,,10m 19s,PUA Sanya,,,,,,,,,,,,,,,,,,,,,,,,,,
playoffs_split1,ALGS Year 4 Split 1 Playoffs,https://apexlegendsstatus.com/algs/Y4-Split1/ALGS-Playoffs/Global/Overview,Y4-Split1,ALGS-Playoffs,Global,Overview,,,https://apexlegendsstatus.com/algs/Y4-Split1/ALGS-Playoffs/Global/Overview,overview,93,other,Scores,5,HAO,,,,2m 15s,,13m 3s,12m 51s,,13m 42s,2m 15s,,13m 23s,HAO 5CG,,,,,,,,,,,,,,,,,,,,,,,,,,
playoffs_split1,ALGS Year 4 Split 1 Playoffs,https://apexlegendsstatus.com/algs/Y4-Split1/ALGS-Playoffs/Global/Overview,Y4-Split1,ALGS-Playoffs,Global,Overview,,,https://apexlegendsstatus.com/algs/Y4-Split1/ALGS-Playoffs/Global/Overview,overview,93,other,Scores,6,BR DEM0NZ,,,,4m 58s,,10m 35s,6m 18s,,12m 18s,4m 58s,,11m 26s,BRD Azazel,,,,,,,,,,,,,,,,,,,,,,,,,,
playoffs_split1,ALGS Year 4 Split 1 Playoffs,https://apexlegendsstatus.com/algs/Y4-Split1/ALGS-Playoffs/Global/Overview,Y4-Split1,ALGS-Playoffs,Global,Overview,,,https://apexlegendsstatus.com/algs/Y4-Split1/ALGS-Playoffs/Global/Overview,overview,93,other,Scores,7,BR DEM0NZ,,,,4m 58s,,12m 3s,1m 10s,,9m 21s,1m 10s,,10m 30s,BRD Vlatow,,,,,,,,,,,,,,,,,,,,,,,,,,
playoffs_split1,ALGS Year 4 Split 1 Playoffs,https://apexlegendsstatus.com/algs/Y4-Split1/ALGS-Playoffs/Global/Overview,Y4-Split1,ALGS-Playoffs,Global,Overview,,,https://apexlegendsstatus.com/algs/Y4-Split1/ALGS-Playoffs/Global/Overview,overview,93,other,Scores,8,Boogie Boarders,,,,6m 14s,,13m 35s,6m 35s,,13m 39s,6m 14s,,13m 37s,BGB rakiiii,,,,,,,,,,,,,,,,,,,,,,,,,,
playoffs_split1,ALGS Year 4 Split 1 Playoffs,https://apexlegendsstatus.com/algs/Y4-Split1/ALGS-Playoffs/Global/Overview,Y4-Split1,ALGS-Playoffs,Global,Overview,,,https://apexlegendsstatus.com/algs/Y4-Split1/ALGS-Playoffs/Global/Overview,overview,93,other,Scores,9,Complexity,,,,6m 22s,,13m 53s,3m 7s,,12m 46s,3m 7s,,13m 14s,COL Monsoon,,,,,,,,,,,,,,,,,,,,,,,,,,
playoffs_split1,ALGS Year 4 Split 1 Playoffs,https://apexlegendsstatus.com/algs/Y4-Split1/ALGS-Playoffs/Global/Overview,Y4-Split1,ALGS-Playoffs,Global,Overview,,,https://apexlegendsstatus.com/algs/Y4-Split1/ALGS-Playoffs/Global/Overview,overview,93,other,Scores,10,RIDDLE ORDER,,,,7m 21s,,10m 33s,1m 50s,,11m 15s,1m 50s,,10m 59s,RID Meltstera,,,,,,,,,,,,,,,,,,,,,,,,,,
playoffs_split1,ALGS Year 4 Split 1 Playoffs,https://apexlegendsstatus.com/algs/Y4-Split1/ALGS-Playoffs/Global/Overview,Y4-Split1,ALGS-Playoffs,Global,Overview,,,https://apexlegendsstatus.com/algs/Y4-Split1/ALGS-Playoffs/Global/Overview,overview,93,other,Scores,11,Boogie Boarders,,,,7m 32s,,14m 5s,4m 10s,,11m 15s,4m 10s,,12m 31s,BGB Panayie,,,,,,,,,,,,,,,,,,,,,,,,,,
playoffs_split1,ALGS Year 4 Split 1 Playoffs,https://apexlegendsstatus.com/algs/Y4-Split1/ALGS-Playoffs/Global/Overview,Y4-Split1,ALGS-Playoffs,Global,Overview,,,https://apexlegendsstatus.com/algs/Y4-Split1/ALGS-Playoffs/Global/Overview,overview,93,other,Scores,12,FNATIC,,,,4m 53s,,10m 7s,3m 1s,,12m 22s,3m 1s,,11m 23s,FNC YukaF,,,,,,,,,,,,,,,,,,,,,,,,,,
playoffs_split1,ALGS Year 4 Split 1 Playoffs,https://apexlegendsstatus.com/algs/Y4-Split1/ALGS-Playoffs/Global/Overview,Y4-Split1,ALGS-Playoffs,Global,Overview,,,https://apexlegendsstatus.com/algs/Y4-Split1/ALGS-Playoffs/Global/Overview,overview,93,other,Scores,13,TSM,,,,9m 56s,,14m 22s,57s,,8m 44s,57s,,11m 23s,TSM Verhulst,,,,,,,,,,,,,,,,,,,,,,,,,,
playoffs_split1,ALGS Year 4 Split 1 Playoffs,https://apexlegendsstatus.com/algs/Y4-Split1/ALGS-Playoffs/Global/Overview,Y4-Split1,ALGS-Playoffs,Global,Overview,,,https://apexlegendsstatus.com/algs/Y4-Split1/ALGS-Playoffs/Global/Overview,overview,93,other,Scores,14,FURIA,,,,2m,,9m 7s,9m 38s,,14m 7s,2m,,11m 11s,FUR ImMadness,,,,,,,,,,,,,,,,,,,,,,,,,,
playoffs_split1,ALGS Year 4 Split 1 Playoffs,https://apexlegendsstatus.com/algs/Y4-Split1/ALGS-Playoffs/Global/Overview,Y4-Split1,ALGS-Playoffs,Global,Overview,,,https://apexlegendsstatus.com/algs/Y4-Split1/ALGS-Playoffs/Global/Overview,overview,93,other,Scores,15,FURIA,,,,4m 28s,,10m 21s,1m 8s,,10m 35s,1m 8s,,10m 28s,FUR Vaxlon,,,,,,,,,,,,,,,,,,,,,,,,,,
playoffs_split1,ALGS Year 4 Split 1 Playoffs,https://apexlegendsstatus.com/algs/Y4-Split1/ALGS-Playoffs/Global/Overview,Y4-Split1,ALGS-Playoffs,Global,Overview,,,https://apexlegendsstatus.com/algs/Y4-Split1/ALGS-Playoffs/Global/Overview,overview,93,other,Scores,16,BR DEM0NZ,,,,8m 13s,,12m 28s,11m 2s,,15m 28s,8m 13s,,14m 8s,BRD artiNN1,,,,,,,,,,,,,,,,,,,,,,,,,,
playoffs_split1,ALGS Year 4 Split 1 Playoffs,https://apexlegendsstatus.com/algs/Y4-Split1/ALGS-Playoffs/Global/Overview,Y4-Split1,ALGS-Playoffs,Global,Overview,,,https://apexlegendsstatus.com/algs/Y4-Split1/ALGS-Playoffs/Global/Overview,overview,93,other,Scores,17,HAO,,,,12m 6s,,15m 19s,12m 21s,,14m 31s,12m 6s,,14m 57s,HAO wqtagashi,,,,,,,,,,,,,,,,,,,,,,,,,,
playoffs_split1,ALGS Year 4 Split 1 Playoffs,https://apexlegendsstatus.com/algs/Y4-Split1/ALGS-Playoffs/Global/Overview,Y4-Split1,ALGS-Playoffs,Global,Overview,,,https://apexlegendsstatus.com/algs/Y4-Split1/ALGS-Playoffs/Global/Overview,overview,93,other,Scores,18,Complexity,,,,3m 39s,,11m 17s,3m 5s,,8m 52s,3m 5s,,9m 57s,COL Lou,,,,,,,,,,,,,,,,,,,,,,,,,,
playoffs_split1,ALGS Year 4 Split 1 Playoffs,https://apexlegendsstatus.com/algs/Y4-Split1/ALGS-Playoffs/Global/Overview,Y4-Split1,ALGS-Playoffs,Global,Overview,,,https://apexlegendsstatus.com/algs/Y4-Split1/ALGS-Playoffs/Global/Overview,overview,93,other,Scores,19,Elev8 Gaming,,,,1m 9s,,12m 35s,4m 8s,,12m 14s,1m 9s,,12m 23s,E8 Zachmazer,,,,,,,,,,,,,,,,,,,,,,,,,,
playoffs_split1,ALGS Year 4 Split 1 Playoffs,https://apexlegendsstatus.com/algs/Y4-Split1/ALGS-Playoffs/Global/Overview,Y4-Split1,ALGS-Playoffs,Global,Overview,,,https://apexlegendsstatus.com/algs/Y4-Split1/ALGS-Playoffs/Global/Overview,overview,93,other,Scores,20,WMNDY,,,,9m 42s,,13m 54s,2m 25s,,6m 55s,2m 25s,,9m 15s,WMN Mr.K,,,,,,,,,,,,,,,,,,,,,,,,,,
playoffs_split1,ALGS Year 4 Split 1 Playoffs,https://apexlegendsstatus.com/algs/Y4-Split1/ALGS-Playoffs/Global/Overview,Y4-Split1,ALGS-Playoffs,Global,Overview,,,https://apexlegendsstatus.com/algs/Y4-Split1/ALGS-Playoffs/Global/Overview,overview,93,other,Scores,21,FNATIC,,,,4m 52s,,10m 55s,3m 46s,,11m 41s,3m 46s,,11m 19s,FNC Lykq,,,,,,,,,,,,,,,,,,,,,,,,,,
playoffs_split1,ALGS Year 4 Split 1 Playoffs,https://apexlegendsstatus.com/algs/Y4-Split1/ALGS-Playoffs/Global/Overview,Y4-Split1,ALGS-Playoffs,Global,Overview,,,https://apexlegendsstatus.com/algs/Y4-Split1/ALGS-Playoffs/Global/Overview,overview,93,other,Scores,22,FNATIC,,,,4m 52s,,12m 46s,3m 6s,,10m 11s,3m 6s,,11m 25s,FNC satuki,,,,,,,,,,,,,,,,,,,,,,,,,,
playoffs_split1,ALGS Year 4 Split 1 Playoffs,https://apexlegendsstatus.com/algs/Y4-Split1/ALGS-Playoffs/Global/Overview,Y4-Split1,ALGS-Playoffs,Global,Overview,,,https://apexlegendsstatus.com/algs/Y4-Split1/ALGS-Playoffs/Global/Overview,overview,93,other,Scores,23,SSG,,,,4m 38s,,12m 42s,1m 54s,,9m 52s,1m 54s,,11m 20s,SSG Xynew,,,,,,,,,,,,,,,,,,,,,,,,,,
playoffs_split1,ALGS Year 4 Split 1 Playoffs,https://apexlegendsstatus.com/algs/Y4-Split1/ALGS-Playoffs/Global/Overview,Y4-Split1,ALGS-Playoffs,Global,Overview,,,https://apexlegendsstatus.com/algs/Y4-Split1/ALGS-Playoffs/Global/Overview,overview,93,other,Scores,24,Alliance,,,,4m 9s,,11m 48s,1m 9s,,8m 54s,1m 9s,,10m 38s,ALL Unlucky,,,,,,,,,,,,,,,,,,,,,,,,,,
playoffs_split1,ALGS Year 4 Split 1 Playoffs,https://apexlegendsstatus.com/algs/Y4-Split1/ALGS-Playoffs/Global/Overview,Y4-Split1,ALGS-Playoffs,Global,Overview,,,https://apexlegendsstatus.com/algs/Y4-Split1/ALGS-Playoffs/Global/Overview,overview,93,other,Scores,25,WMNDY,,,,6m 31s,,12m 18s,1m 8s,,9m 53s,1m 8s,,10m 31s,WMN SHARK,,,,,,,,,,,,,,,,,,,,,,,,,,
playoffs_split1,ALGS Year 4 Split 1 Playoffs,https://apexlegendsstatus.com/algs/Y4-Split1/ALGS-Playoffs/Global/Overview,Y4-Split1,ALGS-Playoffs,Global,Overview,,,https://apexlegendsstatus.com/algs/Y4-Split1/ALGS-Playoffs/Global/Overview,overview,93,other,Scores,26,WMNDY,,,,5m 40s,,12m 49s,1m 8s,,10m 16s,1m 8s,,11m 10s,WMN BoLin,,,,,,,,,,,,,,,,,,,,,,,,,,
playoffs_split1,ALGS Year 4 Split 1 Playoffs,https://apexlegendsstatus.com/algs/Y4-Split1/ALGS-Playoffs/Global/Overview,Y4-Split1,ALGS-Playoffs,Global,Overview,,,https://apexlegendsstatus.com/algs/Y4-Split1/ALGS-Playoffs/Global/Overview,overview,93,other,Scores,27,Alliance,,,,5m 52s,,13m 32s,4m 32s,,10m 29s,4m 32s,,12m 0s,ALL Hakis,,,,,,,,,,,,,,,,,,,,,,,,,,
playoffs_split1,ALGS Year 4 Split 1 Playoffs,https://apexlegendsstatus.com/algs/Y4-Split1/ALGS-Playoffs/Global/Overview,Y4-Split1,ALGS-Playoffs,Global,Overview,,,https://apexlegendsstatus.com/algs/Y4-Split1/ALGS-Playoffs/Global/Overview,overview,93,other,Scores,28,Alliance,,,,6m 23s,,12m 41s,1m 10s,,8m 9s,1m 10s,,11m 1s,ALL Effect,,,,,,,,,,,,,,,,,,,,,,,,,,
playoffs_split1,ALGS Year 4 Split 1 Playoffs,https://apexlegendsstatus.com/algs/Y4-Split1/ALGS-Playoffs/Global/Overview,Y4-Split1,ALGS-Playoffs,Global,Overview,,,https://apexlegendsstatus.com/algs/Y4-Split1/ALGS-Playoffs/Global/Overview,overview,93,other,Scores,29,PassionUA,,,,6m 55s,,8m 19s,7m 19s,,11m 36s,6m 55s,,10m 30s,PUA MaxStrafe,,,,,,,,,,,,,,,,,,,,,,,,,,
playoffs_split1,ALGS Year 4 Split 1 Playoffs,https://apexlegendsstatus.com/algs/Y4-Split1/ALGS-Playoffs/Global/Overview,Y4-Split1,ALGS-Playoffs,Global,Overview,,,https://apexlegendsstatus.com/algs/Y4-Split1/ALGS-Playoffs/Global/Overview,overview,93,other,Scores,30,wonton dumpling,,,,3m 35s,,8m 56s,12m 1s,,13m 27s,3m 35s,,10m 10s,WTD bobo2157,,,,,,,,,,,,,,,,,,,,,,,,,,
playoffs_split1,ALGS Year 4 Split 1 Playoffs,https://apexlegendsstatus.com/algs/Y4-Split1/ALGS-Playoffs/Global/Overview,Y4-Split1,ALGS-Playoffs,Global,Overview,,,https://apexlegendsstatus.com/algs/Y4-Split1/ALGS-Playoffs/Global/Overview,overview,93,other,Scores,31,Made in Heaven,,,,4m 10s,,12m 16s,7m 36s,,12m 29s,4m 10s,,12m 23s,MIH Taxington,,,,,,,,,,,,,,,,,,,,,,,,,,
playoffs_split1,ALGS Year 4 Split 1 Playoffs,https://apexlegendsstatus.com/algs/Y4-Split1/ALGS-Playoffs/Global/Overview,Y4-Split1,ALGS-Playoffs,Global,Overview,,,https://apexlegendsstatus.com/algs/Y4-Split1/ALGS-Playoffs/Global/Overview,overview,93,other,Scores,32,NORTHEPTION,,,,5m 56s,,10m 56s,2m 24s,,7m 4s,2m 24s,,9m 17s,NTH ReyzyGG,,,,,,,,,,,,,,,,,,,,,,,,,,
playoffs_split1,ALGS Year 4 Split 1 Playoffs,https://apexlegendsstatus.com/algs/Y4-Split1/ALGS-Playoffs/Global/Overview,Y4-Split1,ALGS-Playoffs,Global,Overview,,,https://apexlegendsstatus.com/algs/Y4-Split1/ALGS-Playoffs/Global/Overview,overview,93,other,Scores,33,RIDDLE ORDER,,,,1m 41s,,9m 18s,6m 9s,,12m 30s,1m 41s,,11m 13s,RID Yukio,,,,,,,,,,,,,,,,,,,,,,,,,,
playoffs_split1,ALGS Year 4 Split 1 Playoffs,https://apexlegendsstatus.com/algs/Y4-Split1/ALGS-Playoffs/Global/Overview,Y4-Split1,ALGS-Playoffs,Global,Overview,,,https://apexlegendsstatus.com/algs/Y4-Split1/ALGS-Playoffs/Global/Overview,overview,93,other,Scores,34,Complexity,,,,3m 26s,,13m 14s,3m 50s,,12m 48s,3m 26s,,12m 60s,COL KIMCHI,,,,,,,,,,,,,,,,,,,,,,,,,,
playoffs_split1,ALGS Year 4 Split 1 Playoffs,https://apexlegendsstatus.com/algs/Y4-Split1/ALGS-Playoffs/Global/Overview,Y4-Split1,ALGS-Playoffs,Global,Overview,,,https://apexlegendsstatus.com/algs/Y4-Split1/ALGS-Playoffs/Global/Overview,overview,93,other,Scores,35,NORTHEPTION,,,,4m 53s,,12m 1s,12m 35s,,13m 53s,4m 53s,,12m 38s,NTH Taida,,,,,,,,,,,,,,,,,,,,,,,,,,
playoffs_split1,ALGS Year 4 Split 1 Playoffs,https://apexlegendsstatus.com/algs/Y4-Split1/ALGS-Playoffs/Global/Overview,Y4-Split1,ALGS-Playoffs,Global,Overview,,,https://apexlegendsstatus.com/algs/Y4-Split1/ALGS-Playoffs/Global/Overview,overview,93,other,Scores,36,Not Moist,,,,10m 3s,,13m 48s,13m 6s,,15m 35s,10m 3s,,14m 30s,MST Wxltzy,,,,,,,,,,,,,,,,,,,,,,,,,,
playoffs_split1,ALGS Year 4 Split 1 Playoffs,https://apexlegendsstatus.com/algs/Y4-Split1/ALGS-Playoffs/Global/Overview,Y4-Split1,ALGS-Playoffs,Global,Overview,,,https://apexlegendsstatus.com/algs/Y4-Split1/ALGS-Playoffs/Global/Overview,overview,93,other,Scores,37,Elev8 Gaming,,,,1m 9s,,10m 22s,4m 8s,,10m 48s,1m 9s,,10m 36s,E8 zap,,,,,,,,,,,,,,,,,,,,,,,,,,
playoffs_split1,ALGS Year 4 Split 1 Playoffs,https://apexlegendsstatus.com/algs/Y4-Split1/ALGS-Playoffs/Global/Overview,Y4-Split1,ALGS-Playoffs,Global,Overview,,,https://apexlegendsstatus.com/algs/Y4-Split1/ALGS-Playoffs/Global/Overview,overview,93,other,Scores,38,Elev8 Gaming,,,,2m 42s,,9m 20s,3m 46s,,11m 51s,2m 42s,,10m 32s,E8 Shooby,,,,,,,,,,,,,,,,,,,,,,,,,,
playoffs_split1,ALGS Year 4 Split 1 Playoffs,https://apexlegendsstatus.com/algs/Y4-Split1/ALGS-Playoffs/Global/Overview,Y4-Split1,ALGS-Playoffs,Global,Overview,,,https://apexlegendsstatus.com/algs/Y4-Split1/ALGS-Playoffs/Global/Overview,overview,93,other,Scores,39,TSM,,,,56s,,12m 60s,59s,,10m 3s,56s,,10m 45s,TSM Reps,,,,,,,,,,,,,,,,,,,,,,,,,,
playoffs_split1,ALGS Year 4 Split 1 Playoffs,https://apexlegendsstatus.com/algs/Y4-Split1/ALGS-Playoffs/Global/Overview,Y4-Split1,ALGS-Playoffs,Global,Overview,,,https://apexlegendsstatus.com/algs/Y4-Split1/ALGS-Playoffs/Global/Overview,overview,93,other,Scores,40,TSM,,,,7m 16s,,12m 28s,57s,,7m 21s,57s,,9m 39s,TSM Imperialhal,,,,,,,,,,,,,,,,,,,,,,,,,,
playoffs_split1,ALGS Year 4 Split 1 Playoffs,https://apexlegendsstatus.com/algs/Y4-Split1/ALGS-Playoffs/Global/Overview,Y4-Split1,ALGS-Playoffs,Global,Overview,,,https://apexlegendsstatus.com/algs/Y4-Split1/ALGS-Playoffs/Global/Overview,overview,93,other,Scores,41,wonton dumpling,,,,3m 36s,,10m 21s,2m 50s,,9m,2m 50s,,9m 52s,WTD XZZ,,,,,,,,,,,,,,,,,,,,,,,,,,
playoffs_split1,ALGS Year 4 Split 1 Playoffs,https://apexlegendsstatus.com/algs/Y4-Split1/ALGS-Playoffs/Global/Overview,Y4-Split1,ALGS-Playoffs,Global,Overview,,,https://apexlegendsstatus.com/algs/Y4-Split1/ALGS-Playoffs/Global/Overview,overview,93,other,Scores,42,NORTHEPTION,,,,4m 52s,,11m 5s,6m 22s,,7m 36s,4m 52s,,9m 55s,NTH YukaPEROdator,,,,,,,,,,,,,,,,,,,,,,,,,,
playoffs_split1,ALGS Year 4 Split 1 Playoffs,https://apexlegendsstatus.com/algs/Y4-Split1/ALGS-Playoffs/Global/Overview,Y4-Split1,ALGS-Playoffs,Global,Overview,,,https://apexlegendsstatus.com/algs/Y4-Split1/ALGS-Playoffs/Global/Overview,overview,93,other,Scores,43,Made in Heaven,,,,7m 33s,,12m 55s,2m 55s,,11m 5s,2m 55s,,12m 0s,MIH arctic,,,,,,,,,,,,,,,,,,,,,,,,,,
playoffs_split1,ALGS Year 4 Split 1 Playoffs,https://apexlegendsstatus.com/algs/Y4-Split1/ALGS-Playoffs/Global/Overview,Y4-Split1,ALGS-Playoffs,Global,Overview,,,https://apexlegendsstatus.com/algs/Y4-Split1/ALGS-Playoffs/Global/Overview,overview,93,other,Scores,44,HEROEZ,,,,1m,,9m 54s,8m 19s,,11m 25s,1m,,10m 36s,HRZ Bastiaan0Z,,,,,,,,,,,,,,,,,,,,,,,,,,
playoffs_split1,ALGS Year 4 Split 1 Playoffs,https://apexlegendsstatus.com/algs/Y4-Split1/ALGS-Playoffs/Global/Overview,Y4-Split1,ALGS-Playoffs,Global,Overview,,,https://apexlegendsstatus.com/algs/Y4-Split1/ALGS-Playoffs/Global/Overview,overview,93,other,Scores,45,o7,,,,50s,,2m 42s,4m 4s,,11m 3s,50s,,7m 43s,o7 Naghz,,,,,,,,,,,,,,,,,,,,,,,,,,
playoffs_split1,ALGS Year 4 Split 1 Playoffs,https://apexlegendsstatus.com/algs/Y4-Split1/ALGS-Playoffs/Global/Overview,Y4-Split1,ALGS-Playoffs,Global,Overview,,,https://apexlegendsstatus.com/algs/Y4-Split1/ALGS-Playoffs/Global/Overview,overview,93,other,Scores,46,o7,,,,50s,,4m 15s,3m 38s,,10m 8s,50s,,7m 50s,o7 Gnaske,,,,,,,,,,,,,,,,,,,,,,,,,,
playoffs_split1,ALGS Year 4 Split 1 Playoffs,https://apexlegendsstatus.com/algs/Y4-Split1/ALGS-Playoffs/Global/Overview,Y4-Split1,ALGS-Playoffs,Global,Overview,,,https://apexlegendsstatus.com/algs/Y4-Split1/ALGS-Playoffs/Global/Overview,overview,93,other,Scores,47,SSG,,,,5m 10s,,12m 54s,1m 48s,,11m 17s,1m 48s,,11m 57s,SSG Frexs,,,,,,,,,,,,,,,,,,,,,,,,,,
playoffs_split1,ALGS Year 4 Split 1 Playoffs,https://apexlegendsstatus.com/algs/Y4-Split1/ALGS-Playoffs/Global/Overview,Y4-Split1,ALGS-Playoffs,Global,Overview,,,https://apexlegendsstatus.com/algs/Y4-Split1/ALGS-Playoffs/Global/Overview,overview,93,other,Scores,48,wonton dumpling,,,,4m 18s,,10m 48s,2m 57s,,9m 35s,2m 57s,,10m 20s,WTD Peekgod,,,,,,,,,,,,,,,,,,,,,,,,,,
playoffs_split1,ALGS Year 4 Split 1 Playoffs,https://apexlegendsstatus.com/algs/Y4-Split1/ALGS-Playoffs/Global/Overview,Y4-Split1,ALGS-Playoffs,Global,Overview,,,https://apexlegendsstatus.com/algs/Y4-Split1/ALGS-Playoffs/Global/Overview,overview,93,other,Scores,49,o7,,,,50s,,6m 40s,4m 4s,,10m 50s,50s,,9m 7s,o7 Amphy,,,,,,,,,,,,,,,,,,,,,,,,,,
playoffs_split1,ALGS Year 4 Split 1 Playoffs,https://apexlegendsstatus.com/algs/Y4-Split1/ALGS-Playoffs/Global/Overview,Y4-Split1,ALGS-Playoffs,Global,Overview,,,https://apexlegendsstatus.com/algs/Y4-Split1/ALGS-Playoffs/Global/Overview,overview,93,other,Scores,50,HEROEZ,,,,8m 38s,,13m 23s,12m 28s,,13m 26s,8m 38s,,13m 24s,HRZ Kisanss,,,,,,,,,,,,,,,,,,,,,,,,,,
playoffs_split1,ALGS Year 4 Split 1 Playoffs,https://apexlegendsstatus.com/algs/Y4-Split1/ALGS-Playoffs/Global/Overview,Y4-Split1,ALGS-Playoffs,Global,Overview,,,https://apexlegendsstatus.com/algs/Y4-Split1/ALGS-Playoffs/Global/Overview,overview,93,other,Scores,51,FURIA,,,,1m 59s,,9m 51s,1m 6s,,12m 31s,1m 6s,,11m 11s,FUR Keon,,,,,,,,,,,,,,,,,,,,,,,,,,
playoffs_split1,ALGS Year 4 Split 1 Playoffs,https://apexlegendsstatus.com/algs/Y4-Split1/ALGS-Playoffs/Global/Overview,Y4-Split1,ALGS-Playoffs,Global,Overview,,,https://apexlegendsstatus.com/algs/Y4-Split1/ALGS-Playoffs/Global/Overview,overview,93,other,Scores,52,RIDDLE ORDER,,,,8m 23s,,12m 29s,4m 40s,,11m 4s,4m 40s,,11m 32s,RID saku,,,,,,,,,,,,,,,,,,,,,,,,,,
playoffs_split1,ALGS Year 4 Split 1 Playoffs,https://apexlegendsstatus.com/algs/Y4-Split1/ALGS-Playoffs/Global/Overview,Y4-Split1,ALGS-Playoffs,Global,Overview,,,https://apexlegendsstatus.com/algs/Y4-Split1/ALGS-Playoffs/Global/Overview,overview,93,other,Scores,53,Legends Gaming,,,,10m 8s,,14m 30s,1m 18s,,12m 35s,1m 18s,,13m 19s,LGND PlayerKay,,,,,,,,,,,,,,,,,,,,,,,,,,
playoffs_split1,ALGS Year 4 Split 1 Playoffs,https://apexlegendsstatus.com/algs/Y4-Split1/ALGS-Playoffs/Global/Overview,Y4-Split1,ALGS-Playoffs,Global,Overview,,,https://apexlegendsstatus.com/algs/Y4-Split1/ALGS-Playoffs/Global/Overview,overview,93,other,Scores,54,Not Moist,,,,4m 33s,,13m 3s,14m 20s,,15m 55s,4m 33s,,14m 24s,MST Gild,,,,,,,,,,,,,,,,,,,,,,,,,,
playoffs_split1,ALGS Year 4 Split 1 Playoffs,https://apexlegendsstatus.com/algs/Y4-Split1/ALGS-Playoffs/Global/Overview,Y4-Split1,ALGS-Playoffs,Global,Overview,,,https://apexlegendsstatus.com/algs/Y4-Split1/ALGS-Playoffs/Global/Overview,overview,93,other,Scores,55,SSG,,,,5m 59s,,13m 41s,1m 45s,,9m 2s,1m 45s,,10m 56s,SSG Phony,,,,,,,,,,,,,,,,,,,,,,,,,,
playoffs_split1,ALGS Year 4 Split 1 Playoffs,https://apexlegendsstatus.com/algs/Y4-Split1/ALGS-Playoffs/Global/Overview,Y4-Split1,ALGS-Playoffs,Global,Overview,,,https://apexlegendsstatus.com/algs/Y4-Split1/ALGS-Playoffs/Global/Overview,overview,93,other,Scores,56,Legends Gaming,,,,1m 11s,,11m 34s,1m 9s,,10m 39s,1m 9s,,11m 3s,LGND StrafingFlame,,,,,,,,,,,,,,,,,,,,,,,,,,
playoffs_split1,ALGS Year 4 Split 1 Playoffs,https://apexlegendsstatus.com/algs/Y4-Split1/ALGS-Playoffs/Global/Overview,Y4-Split1,ALGS-Playoffs,Global,Overview,,,https://apexlegendsstatus.com/algs/Y4-Split1/ALGS-Playoffs/Global/Overview,overview,93,other,Scores,57,Legends Gaming,,,,1m 12s,,11m 8s,1m 10s,,12m 38s,1m 10s,,11m 59s,LGND Koyful,,,,,,,,,,,,,,,,,,,,,,,,,,
playoffs_split1,ALGS Year 4 Split 1 Playoffs,https://apexlegendsstatus.com/algs/Y4-Split1/ALGS-Playoffs/Global/Overview,Y4-Split1,ALGS-Playoffs,Global,Overview,,,https://apexlegendsstatus.com/algs/Y4-Split1/ALGS-Playoffs/Global/Overview,overview,93,other,Scores,58,Made in Heaven,,,,5m 23s,,11m 37s,9m 51s,,12m 1s,5m 23s,,11m 49s,MIH Sinetic,,,,,,,,,,,,,,,,,,,,,,,,,,
playoffs_split1,ALGS Year 4 Split 1 Playoffs,https://apexlegendsstatus.com/algs/Y4-Split1/ALGS-Playoffs/Global/Overview,Y4-Split1,ALGS-Playoffs,Global,Overview,,,https://apexlegendsstatus.com/algs/Y4-Split1/ALGS-Playoffs/Global/Overview,overview,93,other,Scores,59,Not Moist,,,,10m 3s,,13m 30s,7m 43s,,11m 58s,7m 43s,,12m 36s,MST Emtee,,,,,,,,,,,,,,,,,,,,,,,,,,
playoffs_split1,ALGS Year 4 Split 1 Playoffs,https://apexlegendsstatus.com/algs/Y4-Split1/ALGS-Playoffs/Global/Overview,Y4-Split1,ALGS-Playoffs,Global,Overview,,,https://apexlegendsstatus.com/algs/Y4-Split1/ALGS-Playoffs/Global/Overview,overview,93,other,Scores,60,GEARED GAMING,,,,1m 40s,,7m 57s,6m 7s,,12m 12s,1m 40s,,10m 4s,GRD PANIC,,,,,,,,,,,,,,,,,,,,,,,,,,
playoffs_split1,ALGS Year 4 Split 1 Playoffs,https://apexlegendsstatus.com/algs/Y4-Split1/ALGS-Playoffs/Global/Overview,Y4-Split1,ALGS-Playoffs,Global,Overview,,,https://apexlegendsstatus.com/algs/Y4-Split1/ALGS-Playoffs/Global/Overview,overview,93,other,Scores,61,GEARED GAMING,,,,1m 40s,,8m 21s,6m 8s,,12m 43s,1m 40s,,10m 32s,GRD Zillxch,,,,,,,,,,,,,,,,,,,,,,,,,,
playoffs_split1,ALGS Year 4 Split 1 Playoffs,https://apexlegendsstatus.com/algs/Y4-Split1/ALGS-Playoffs/Global/Overview,Y4-Split1,ALGS-Playoffs,Global,Overview,,,https://apexlegendsstatus.com/algs/Y4-Split1/ALGS-Playoffs/Global/Overview,overview,93,other,Scores,62,DarkZero,,,,3m 18s,,12m 17s,4m 53s,,12m 18s,3m 18s,,12m 17s,DZ Sikezz,,,,,,,,,,,,,,,,,,,,,,,,,,
playoffs_split1,ALGS Year 4 Split 1 Playoffs,https://apexlegendsstatus.com/algs/Y4-Split1/ALGS-Playoffs/Global/Overview,Y4-Split1,ALGS-Playoffs,Global,Overview,,,https://apexlegendsstatus.com/algs/Y4-Split1/ALGS-Playoffs/Global/Overview,overview,93,other,Scores,63,Disguised,,,,3m 58s,,13m 8s,6m 28s,,12m 8s,3m 58s,,12m 45s,DSG iiTzTimmy,,,,,,,,,,,,,,,,,,,,,,,,,,
playoffs_split1,ALGS Year 4 Split 1 Playoffs,https://apexlegendsstatus.com/algs/Y4-Split1/ALGS-Playoffs/Global/Overview,Y4-Split1,ALGS-Playoffs,Global,Overview,,,https://apexlegendsstatus.com/algs/Y4-Split1/ALGS-Playoffs/Global/Overview,overview,93,other,Scores,64,Disguised,,,,4m 10s,,11m 59s,11m 36s,,14m 42s,4m 10s,,12m 28s,DSG Enemy,,,,,,,,,,,,,,,,,,,,,,,,,,
playoffs_split1,ALGS Year 4 Split 1 Playoffs,https://apexlegendsstatus.com/algs/Y4-Split1/ALGS-Playoffs/Global/Overview,Y4-Split1,ALGS-Playoffs,Global,Overview,,,https://apexlegendsstatus.com/algs/Y4-Split1/ALGS-Playoffs/Global/Overview,overview,93,other,Scores,65,Disguised,,,,3m 47s,,10m 26s,12m 13s,,15m 16s,3m 47s,,12m 20s,DSG Dezignful,,,,,,,,,,,,,,,,,,,,,,,,,,
playoffs_split1,ALGS Year 4 Split 1 Playoffs,https://apexlegendsstatus.com/algs/Y4-Split1/ALGS-Playoffs/Global/Overview,Y4-Split1,ALGS-Playoffs,Global,Overview,,,https://apexlegendsstatus.com/algs/Y4-Split1/ALGS-Playoffs/Global/Overview,overview,93,other,Scores,66,Serenity,,,,2m 5s,,12m 12s,11m 11s,,15m 47s,2m 5s,,13m 42s,SRN Jeskoesk,,,,,,,,,,,,,,,,,,,,,,,,,,
playoffs_split1,ALGS Year 4 Split 1 Playoffs,https://apexlegendsstatus.com/algs/Y4-Split1/ALGS-Playoffs/Global/Overview,Y4-Split1,ALGS-Playoffs,Global,Overview,,,https://apexlegendsstatus.com/algs/Y4-Split1/ALGS-Playoffs/Global/Overview,overview,93,other,Scores,67,2Rats1Controller,,,,2m 41s,,8m 56s,2m 45s,,9m 38s,2m 41s,,9m 12s,2R1C Uxako,,,,,,,,,,,,,,,,,,,,,,,,,,
playoffs_split1,ALGS Year 4 Split 1 Playoffs,https://apexlegendsstatus.com/algs/Y4-Split1/ALGS-Playoffs/Global/Overview,Y4-Split1,ALGS-Playoffs,Global,Overview,,,https://apexlegendsstatus.com/algs/Y4-Split1/ALGS-Playoffs/Global/Overview,overview,93,other,Scores,68,RED Rams,,,,1m 49s,,9m 44s,1m 15s,,9m 0s,1m 15s,,9m 29s,RR Datch,,,,,,,,,,,,,,,,,,,,,,,,,,
playoffs_split1,ALGS Year 4 Split 1 Playoffs,https://apexlegendsstatus.com/algs/Y4-Split1/ALGS-Playoffs/Global/Overview,Y4-Split1,ALGS-Playoffs,Global,Overview,,,https://apexlegendsstatus.com/algs/Y4-Split1/ALGS-Playoffs/Global/Overview,overview,93,other,Scores,69,Serenity,,,,3m 43s,,10m 26s,7m 50s,,15m 33s,3m 43s,,13m 30s,SRN Buegy,,,,,,,,,,,,,,,,,,,,,,,,,,
playoffs_split1,ALGS Year 4 Split 1 Playoffs,https://apexlegendsstatus.com/algs/Y4-Split1/ALGS-Playoffs/Global/Overview,Y4-Split1,ALGS-Playoffs,Global,Overview,,,https://apexlegendsstatus.com/algs/Y4-Split1/ALGS-Playoffs/Global/Overview,overview,93,other,Scores,70,RED Rams,,,,4m 27s,,10m 55s,4m 10s,,7m 19s,4m 10s,,9m 51s,RR Tikochan,,,,,,,,,,,,,,,,,,,,,,,,,,
playoffs_split1,ALGS Year 4 Split 1 Playoffs,https://apexlegendsstatus.com/algs/Y4-Split1/ALGS-Playoffs/Global/Overview,Y4-Split1,ALGS-Playoffs,Global,Overview,,,https://apexlegendsstatus.com/algs/Y4-Split1/ALGS-Playoffs/Global/Overview,overview,93,other,Scores,71,REJECT WINNITY,,,,6m 49s,,13m 37s,12m 25s,,14m 60s,6m 49s,,14m 6s,RC SangJoon,,,,,,,,,,,,,,,,,,,,,,,,,,
playoffs_split1,ALGS Year 4 Split 1 Playoffs,https://apexlegendsstatus.com/algs/Y4-Split1/ALGS-Playoffs/Global/Overview,Y4-Split1,ALGS-Playoffs,Global,Overview,,,https://apexlegendsstatus.com/algs/Y4-Split1/ALGS-Playoffs/Global/Overview,overview,93,other,Scores,72,MDY-White,,,,2m 44s,,12m 18s,1m 59s,,11m 47s,1m 59s,,12m 2s,MDYW MingYue,,,,,,,,,,,,,,,,,,,,,,,,,,
playoffs_split1,ALGS Year 4 Split 1 Playoffs,https://apexlegendsstatus.com/algs/Y4-Split1/ALGS-Playoffs/Global/Overview,Y4-Split1,ALGS-Playoffs,Global,Overview,,,https://apexlegendsstatus.com/algs/Y4-Split1/ALGS-Playoffs/Global/Overview,overview,93,other,Scores,73,MDY-White,,,,9m 26s,,13m 30s,3m 57s,,9m 40s,3m 57s,,11m 35s,MDYW FeiJu,,,,,,,,,,,,,,,,,,,,,,,,,,
playoffs_split1,ALGS Year 4 Split 1 Playoffs,https://apexlegendsstatus.com/algs/Y4-Split1/ALGS-Playoffs/Global/Overview,Y4-Split1,ALGS-Playoffs,Global,Overview,,,https://apexlegendsstatus.com/algs/Y4-Split1/ALGS-Playoffs/Global/Overview,overview,93,other,Scores,74,Cloud9,,,,4m 42s,,15m 1s,11m 43s,,13m 37s,4m 42s,,14m 36s,C9 sauceror,,,,,,,,,,,,,,,,,,,,,,,,,,
playoffs_split1,ALGS Year 4 Split 1 Playoffs,https://apexlegendsstatus.com/algs/Y4-Split1/ALGS-Playoffs/Global/Overview,Y4-Split1,ALGS-Playoffs,Global,Overview,,,https://apexlegendsstatus.com/algs/Y4-Split1/ALGS-Playoffs/Global/Overview,overview,93,other,Scores,75,Cloud9,,,,4m 23s,,15m 24s,4m 39s,,12m 40s,4m 23s,,14m 13s,C9 ChaoticMuch,,,,,,,,,,,,,,,,,,,,,,,,,,
playoffs_split1,ALGS Year 4 Split 1 Playoffs,https://apexlegendsstatus.com/algs/Y4-Split1/ALGS-Playoffs/Global/Overview,Y4-Split1,ALGS-Playoffs,Global,Overview,,,https://apexlegendsstatus.com/algs/Y4-Split1/ALGS-Playoffs/Global/Overview,overview,93,other,Scores,76,Tom Yum Kung,,,,3m 6s,,12m 30s,6m 5s,,11m 29s,3m 6s,,12m 6s,TYK ASIAZXD,,,,,,,,,,,,,,,,,,,,,,,,,,
playoffs_split1,ALGS Year 4 Split 1 Playoffs,https://apexlegendsstatus.com/algs/Y4-Split1/ALGS-Playoffs/Global/Overview,Y4-Split1,ALGS-Playoffs,Global,Overview,,,https://apexlegendsstatus.com/algs/Y4-Split1/ALGS-Playoffs/Global/Overview,overview,93,other,Scores,77,OMiT,,,,9m 10s,,14m 35s,5m 16s,,14m 36s,5m 16s,,14m 36s,OMIT lighT,,,,,,,,,,,,,,,,,,,,,,,,,,
playoffs_split1,ALGS Year 4 Split 1 Playoffs,https://apexlegendsstatus.com/algs/Y4-Split1/ALGS-Playoffs/Global/Overview,Y4-Split1,ALGS-Playoffs,Global,Overview,,,https://apexlegendsstatus.com/algs/Y4-Split1/ALGS-Playoffs/Global/Overview,overview,93,other,Scores,78,DarkZero,,,,12m 56s,,15m 2s,6m 23s,,13m 43s,6m 23s,,14m 18s,DZ Genburten,,,,,,,,,,,,,,,,,,,,,,,,,,
playoffs_split1,ALGS Year 4 Split 1 Playoffs,https://apexlegendsstatus.com/algs/Y4-Split1/ALGS-Playoffs/Global/Overview,Y4-Split1,ALGS-Playoffs,Global,Overview,,,https://apexlegendsstatus.com/algs/Y4-Split1/ALGS-Playoffs/Global/Overview,overview,93,other,Scores,79,Cloud9,,,,4m 10s,,14m 50s,6m 57s,,13m 34s,4m 10s,,14m 12s,C9 Naughty,,,,,,,,,,,,,,,,,,,,,,,,,,
playoffs_split1,ALGS Year 4 Split 1 Playoffs,https://apexlegendsstatus.com/algs/Y4-Split1/ALGS-Playoffs/Global/Overview,Y4-Split1,ALGS-Playoffs,Global,Overview,,,https://apexlegendsstatus.com/algs/Y4-Split1/ALGS-Playoffs/Global/Overview,overview,93,other,Scores,80,Aurora,,,,4m 59s,,12m 16s,1m 30s,,12m 1s,1m 30s,,12m 9s,AUR ojrein,,,,,,,,,,,,,,,,,,,,,,,,,,
playoffs_split1,ALGS Year 4 Split 1 Playoffs,https://apexlegendsstatus.com/algs/Y4-Split1/ALGS-Playoffs/Global/Overview,Y4-Split1,ALGS-Playoffs,Global,Overview,,,https://apexlegendsstatus.com/algs/Y4-Split1/ALGS-Playoffs/Global/Overview,overview,93,other,Scores,81,Natus Vincere,,,,12m 25s,,16m 19s,8m 24s,,14m 1s,8m 24s,,15m 10s,NAVI MaTaFe,,,,,,,,,,,,,,,,,,,,,,,,,,
playoffs_split1,ALGS Year 4 Split 1 Playoffs,https://apexlegendsstatus.com/algs/Y4-Split1/ALGS-Playoffs/Global/Overview,Y4-Split1,ALGS-Playoffs,Global,Overview,,,https://apexlegendsstatus.com/algs/Y4-Split1/ALGS-Playoffs/Global/Overview,overview,93,other,Scores,82,REJECT WINNITY,,,,2m 25s,,12m 4s,2m 25s,,9m 43s,2m 25s,,11m 11s,RC obly,,,,,,,,,,,,,,,,,,,,,,,,,,
playoffs_split1,ALGS Year 4 Split 1 Playoffs,https://apexlegendsstatus.com/algs/Y4-Split1/ALGS-Playoffs/Global/Overview,Y4-Split1,ALGS-Playoffs,Global,Overview,,,https://apexlegendsstatus.com/algs/Y4-Split1/ALGS-Playoffs/Global/Overview,overview,93,other,Scores,83,KINOTROPE gaming,,,,5m 25s,,13m 46s,5m 45s,,13m 16s,5m 25s,,13m 31s,KN MiaK,,,,,,,,,,,,,,,,,,,,,,,,,,
playoffs_split1,ALGS Year 4 Split 1 Playoffs,https://apexlegendsstatus.com/algs/Y4-Split1/ALGS-Playoffs/Global/Overview,Y4-Split1,ALGS-Playoffs,Global,Overview,,,https://apexlegendsstatus.com/algs/Y4-Split1/ALGS-Playoffs/Global/Overview,overview,93,other,Scores,84,Tom Yum Kung,,,,49s,,9m 36s,6m 57s,,12m 35s,49s,,11m 23s,TYK DEXTER,,,,,,,,,,,,,,,,,,,,,,,,,,
playoffs_split1,ALGS Year 4 Split 1 Playoffs,https://apexlegendsstatus.com/algs/Y4-Split1/ALGS-Playoffs/Global/Overview,Y4-Split1,ALGS-Playoffs,Global,Overview,,,https://apexlegendsstatus.com/algs/Y4-Split1/ALGS-Playoffs/Global/Overview,overview,93,other,Scores,85,OMiT,,,,3m 57s,,11m 22s,1m 19s,,13m 38s,1m 19s,,12m 41s,OMIT Lufka,,,,,,,,,,,,,,,,,,,,,,,,,,
playoffs_split1,ALGS Year 4 Split 1 Playoffs,https://apexlegendsstatus.com/algs/Y4-Split1/ALGS-Playoffs/Global/Overview,Y4-Split1,ALGS-Playoffs,Global,Overview,,,https://apexlegendsstatus.com/algs/Y4-Split1/ALGS-Playoffs/Global/Overview,overview,93,other,Scores,86,Natus Vincere,,,,8m 31s,,14m 46s,6m 52s,,13m 30s,6m 52s,,14m 11s,NAVI Tylerfps,,,,,,,,,,,,,,,,,,,,,,,,,,
playoffs_split1,ALGS Year 4 Split 1 Playoffs,https://apexlegendsstatus.com/algs/Y4-Split1/ALGS-Playoffs/Global/Overview,Y4-Split1,ALGS-Playoffs,Global,Overview,,,https://apexlegendsstatus.com/algs/Y4-Split1/ALGS-Playoffs/Global/Overview,overview,93,other,Scores,87,Oxygen Esports,,,,5m 13s,,13m 49s,5m 40s,,12m 46s,5m 13s,,13m 15s,OXG Reedz,,,,,,,,,,,,,,,,,,,,,,,,,,
playoffs_split1,ALGS Year 4 Split 1 Playoffs,https://apexlegendsstatus.com/algs/Y4-Split1/ALGS-Playoffs/Global/Overview,Y4-Split1,ALGS-Playoffs,Global,Overview,,,https://apexlegendsstatus.com/algs/Y4-Split1/ALGS-Playoffs/Global/Overview,overview,93,other,Scores,88,Liquid Alienware,,,,10m 39s,,14m 7s,6m 28s,,12m 11s,6m 28s,,12m 56s,TLAW lYanYal,,,,,,,,,,,,,,,,,,,,,,,,,,
playoffs_split1,ALGS Year 4 Split 1 Playoffs,https://apexlegendsstatus.com/algs/Y4-Split1/ALGS-Playoffs/Global/Overview,Y4-Split1,ALGS-Playoffs,Global,Overview,,,https://apexlegendsstatus.com/algs/Y4-Split1/ALGS-Playoffs/Global/Overview,overview,93,other,Scores,89,CRAZY RACCOON,,,,12m 13s,,15m 15s,3m 50s,,8m 4s,3m 50s,,10m 40s,CR Jusna,,,,,,,,,,,,,,,,,,,,,,,,,,
playoffs_split1,ALGS Year 4 Split 1 Playoffs,https://apexlegendsstatus.com/algs/Y4-Split1/ALGS-Playoffs/Global/Overview,Y4-Split1,ALGS-Playoffs,Global,Overview,,,https://apexlegendsstatus.com/algs/Y4-Split1/ALGS-Playoffs/Global/Overview,overview,93,other,Scores,90,Natus Vincere,,,,11m 35s,,16m 1s,6m 52s,,13m 17s,6m 52s,,14m 48s,NAVI KIND4,,,,,,,,,,,,,,,,,,,,,,,,,,
playoffs_split1,ALGS Year 4 Split 1 Playoffs,https://apexlegendsstatus.com/algs/Y4-Split1/ALGS-Playoffs/Global/Overview,Y4-Split1,ALGS-Playoffs,Global,Overview,,,https://apexlegendsstatus.com/algs/Y4-Split1/ALGS-Playoffs/Global/Overview,overview,93,other,Scores,91,Liquid Alienware,,,,4m,,14m 45s,6m 28s,,13m 23s,4m,,13m 55s,TLAW jaguaresl,,,,,,,,,,,,,,,,,,,,,,,,,,
playoffs_split1,ALGS Year 4 Split 1 Playoffs,https://apexlegendsstatus.com/algs/Y4-Split1/ALGS-Playoffs/Global/Overview,Y4-Split1,ALGS-Playoffs,Global,Overview,,,https://apexlegendsstatus.com/algs/Y4-Split1/ALGS-Playoffs/Global/Overview,overview,93,other,Scores,92,Virtus.Pro,,,,15m 50s,,17m 36s,11m 46s,,15m 10s,11m 46s,,16m 29s,VP Wey,,,,,,,,,,,,,,,,,,,,,,,,,,
playoffs_split1,ALGS Year 4 Split 1 Playoffs,https://apexlegendsstatus.com/algs/Y4-Split1/ALGS-Playoffs/Global/Overview,Y4-Split1,ALGS-Playoffs,Global,Overview,,,https://apexlegendsstatus.com/algs/Y4-Split1/ALGS-Playoffs/Global/Overview,overview,93,other,Scores,93,Virtus.Pro,,,,12m 25s,,16m 3s,3m 55s,,13m 4s,3m 55s,,14m 33s,VP Sharky,,,,,,,,,,,,,,,,,,,,,,,,,,
playoffs_split1,ALGS Year 4 Split 1 Playoffs,https://apexlegendsstatus.com/algs/Y4-Split1/ALGS-Playoffs/Global/Overview,Y4-Split1,ALGS-Playoffs,Global,Overview,,,https://apexlegendsstatus.com/algs/Y4-Split1/ALGS-Playoffs/Global/Overview,overview,93,other,Scores,94,Virtus.Pro,,,,11m 55s,,16m 43s,3m 40s,,13m 13s,3m 40s,,15m 4s,VP Prycyy,,,,,,,,,,,,,,,,,,,,,,,,,,
playoffs_split1,ALGS Year 4 Split 1 Playoffs,https://apexlegendsstatus.com/algs/Y4-Split1/ALGS-Playoffs/Global/Overview,Y4-Split1,ALGS-Playoffs,Global,Overview,,,https://apexlegendsstatus.com/algs/Y4-Split1/ALGS-Playoffs/Global/Overview,overview,93,other,Scores,95,CRAZY RACCOON,,,,3m 37s,,13m 25s,8m 41s,,12m 47s,3m 37s,,12m 59s,CR Dogma,,,,,,,,,,,,,,,,,,,,,,,,,,
playoffs_split1,ALGS Year 4 Split 1 Playoffs,https://apexlegendsstatus.com/algs/Y4-Split1/ALGS-Playoffs/Global/Overview,Y4-Split1,ALGS-Playoffs,Global,Overview,,,https://apexlegendsstatus.com/algs/Y4-Split1/ALGS-Playoffs/Global/Overview,overview,93,other,Scores,96,CRAZY RACCOON,,,,3m 37s,,11m 56s,51s,,10m 30s,51s,,11m 3s,CR jungHee,,,,,,,,,,,,,,,,,,,,,,,,,,
playoffs_split1,ALGS Year 4 Split 1 Playoffs,https://apexlegendsstatus.com/algs/Y4-Split1/ALGS-Playoffs/Global/Overview,Y4-Split1,ALGS-Playoffs,Global,Overview,,,https://apexlegendsstatus.com/algs/Y4-Split1/ALGS-Playoffs/Global/Overview,overview,93,other,Scores,97,Serenity,,,,2m 20s,,11m 42s,10m 6s,,15m 24s,2m 20s,,13m 46s,SRN Legacy,,,,,,,,,,,,,,,,,,,,,,,,,,
playoffs_split1,ALGS Year 4 Split 1 Playoffs,https://apexlegendsstatus.com/algs/Y4-Split1/ALGS-Playoffs/Global/Overview,Y4-Split1,ALGS-Playoffs,Global,Overview,,,https://apexlegendsstatus.com/algs/Y4-Split1/ALGS-Playoffs/Global/Overview,overview,93,other,Scores,98,DarkZero,,,,5m 55s,,12m 40s,4m 54s,,12m 34s,4m 54s,,12m 37s,DZ Zer0,,,,,,,,,,,,,,,,,,,,,,,,,,
playoffs_split1,ALGS Year 4 Split 1 Playoffs,https://apexlegendsstatus.com/algs/Y4-Split1/ALGS-Playoffs/Global/Overview,Y4-Split1,ALGS-Playoffs,Global,Overview,,,https://apexlegendsstatus.com/algs/Y4-Split1/ALGS-Playoffs/Global/Overview,overview,93,other,Scores,99,Aurora,,,,1m 28s,,12m 29s,1m 36s,,10m 8s,1m 28s,,11m 22s,AUR Hardecki,,,,,,,,,,,,,,,,,,,,,,,,,,
playoffs_split1,ALGS Year 4 Split 1 Playoffs,https://apexlegendsstatus.com/algs/Y4-Split1/ALGS-Playoffs/Global/Overview,Y4-Split1,ALGS-Playoffs,Global,Overview,,,https://apexlegendsstatus.com/algs/Y4-Split1/ALGS-Playoffs/Global/Overview,overview,93,other,Scores,100,Oxygen Esports,,,,6m 44s,,14m 1s,5m 3s,,13m 14s,5m 3s,,13m 34s,OXG Vein,,,,,,,,,,,,,,,,,,,,,,,,,,
playoffs_split1,ALGS Year 4 Split 1 Playoffs,https://apexlegendsstatus.com/algs/Y4-Split1/ALGS-Playoffs/Global/Overview,Y4-Split1,ALGS-Playoffs,Global,Overview,,,https://apexlegendsstatus.com/algs/Y4-Split1/ALGS-Playoffs/Global/Overview,overview,93,other,Scores,101,Oxygen Esports,,,,7m 16s,,11m 9s,5m 42s,,12m 15s,5m 42s,,11m 42s,OXG Aidan,,,,,,,,,,,,,,,,,,,,,,,,,,
playoffs_split1,ALGS Year 4 Split 1 Playoffs,https://apexlegendsstatus.com/algs/Y4-Split1/ALGS-Playoffs/Global/Overview,Y4-Split1,ALGS-Playoffs,Global,Overview,,,https://apexlegendsstatus.com/algs/Y4-Split1/ALGS-Playoffs/Global/Overview,overview,93,other,Scores,102,RED Rams,,,,2m 1s,,11m 34s,9m 13s,,11m 34s,2m 1s,,11m 34s,RR wayachang,,,,,,,,,,,,,,,,,,,,,,,,,,
playoffs_split1,ALGS Year 4 Split 1 Playoffs,https://apexlegendsstatus.com/algs/Y4-Split1/ALGS-Playoffs/Global/Overview,Y4-Split1,ALGS-Playoffs,Global,Overview,,,https://apexlegendsstatus.com/algs/Y4-Split1/ALGS-Playoffs/Global/Overview,overview,93,other,Scores,103,KINOTROPE gaming,,,,4m 42s,,12m 56s,2m 40s,,9m 30s,2m 40s,,11m 3s,KN 4rufa,,,,,,,,,,,,,,,,,,,,,,,,,,
playoffs_split1,ALGS Year 4 Split 1 Playoffs,https://apexlegendsstatus.com/algs/Y4-Split1/ALGS-Playoffs/Global/Overview,Y4-Split1,ALGS-Playoffs,Global,Overview,,,https://apexlegendsstatus.com/algs/Y4-Split1/ALGS-Playoffs/Global/Overview,overview,93,other,Scores,104,Tom Yum Kung,,,,5m 3s,,12m 39s,8m 10s,,13m 19s,5m 3s,,12m 59s,TYK Z1CKKY,,,,,,,,,,,,,,,,,,,,,,,,,,
playoffs_split1,ALGS Year 4 Split 1 Playoffs,https://apexlegendsstatus.com/algs/Y4-Split1/ALGS-Playoffs/Global/Overview,Y4-Split1,ALGS-Playoffs,Global,Overview,,,https://apexlegendsstatus.com/algs/Y4-Split1/ALGS-Playoffs/Global/Overview,overview,93,other,Scores,105,GEARED GAMING,,,,2m 11s,,11m 59s,5m 5s,,9m 8s,2m 11s,,10m 48s,GRD renatricky,,,,,,,,,,,,,,,,,,,,,,,,,,
playoffs_split1,ALGS Year 4 Split 1 Playoffs,https://apexlegendsstatus.com/algs/Y4-Split1/ALGS-Playoffs/Global/Overview,Y4-Split1,ALGS-Playoffs,Global,Overview,,,https://apexlegendsstatus.com/algs/Y4-Split1/ALGS-Playoffs/Global/Overview,overview,93,other,Scores,106,MDY-White,,,,2m 44s,,11m 46s,1m 6s,,8m 46s,1m 6s,,10m 8s,MDYW LqDuD,,,,,,,,,,,,,,,,,,,,,,,,,,
playoffs_split1,ALGS Year 4 Split 1 Playoffs,https://apexlegendsstatus.com/algs/Y4-Split1/ALGS-Playoffs/Global/Overview,Y4-Split1,ALGS-Playoffs,Global,Overview,,,https://apexlegendsstatus.com/algs/Y4-Split1/ALGS-Playoffs/Global/Overview,overview,93,other,Scores,107,KINOTROPE gaming,,,,11m 7s,,16m 35s,2m 59s,,12m 27s,2m 59s,,13m 44s,KN 1tappy,,,,,,,,,,,,,,,,,,,,,,,,,,
playoffs_split1,ALGS Year 4 Split 1 Playoffs,https://apexlegendsstatus.com/algs/Y4-Split1/ALGS-Playoffs/Global/Overview,Y4-Split1,ALGS-Playoffs,Global,Overview,,,https://apexlegendsstatus.com/algs/Y4-Split1/ALGS-Playoffs/Global/Overview,overview,93,other,Scores,108,LG,,,,5m 28s,,10m 42s,2m 58s,,13m 46s,2m 58s,,12m 14s,LG Fuhhnq,,,,,,,,,,,,,,,,,,,,,,,,,,
playoffs_split1,ALGS Year 4 Split 1 Playoffs,https://apexlegendsstatus.com/algs/Y4-Split1/ALGS-Playoffs/Global/Overview,Y4-Split1,ALGS-Playoffs,Global,Overview,,,https://apexlegendsstatus.com/algs/Y4-Split1/ALGS-Playoffs/Global/Overview,overview,93,other,Scores,109,REJECT WINNITY,,,,2m 25s,,12m 21s,5m 10s,,10m 36s,2m 25s,,11m 40s,RC KaronPe,,,,,,,,,,,,,,,,,,,,,,,,,,
playoffs_split1,ALGS Year 4 Split 1 Playoffs,https://apexlegendsstatus.com/algs/Y4-Split1/ALGS-Playoffs/Global/Overview,Y4-Split1,ALGS-Playoffs,Global,Overview,,,https://apexlegendsstatus.com/algs/Y4-Split1/ALGS-Playoffs/Global/Overview,overview,93,other,Scores,110,Aurora,,,,10m 31s,,13m 39s,5m 22s,,11m 49s,5m 22s,,12m 38s,AUR 9impulse,,,,,,,,,,,,,,,,,,,,,,,,,,
playoffs_split1,ALGS Year 4 Split 1 Playoffs,https://apexlegendsstatus.com/algs/Y4-Split1/ALGS-Playoffs/Global/Overview,Y4-Split1,ALGS-Playoffs,Global,Overview,,,https://apexlegendsstatus.com/algs/Y4-Split1/ALGS-Playoffs/Global/Overview,overview,93,other,Scores,111,LG,,,,4m 40s,,14m 14s,5m 7s,,12m 8s,4m 40s,,12m 52s,LG Sweet,,,,,,,,,,,,,,,,,,,,,,,,,,
playoffs_split1,ALGS Year 4 Split 1 Playoffs,https://apexlegendsstatus.com/algs/Y4-Split1/ALGS-Playoffs/Global/Overview,Y4-Split1,ALGS-Playoffs,Global,Overview,,,https://apexlegendsstatus.com/algs/Y4-Split1/ALGS-Playoffs/Global/Overview,overview,93,other,Scores,112,Liquid Alienware,,,,9m 5s,,13m 49s,6m 28s,,12m 41s,6m 28s,,13m 9s,TLAW NeazuI,,,,,,,,,,,,,,,,,,,,,,,,,,
playoffs_split1,ALGS Year 4 Split 1 Playoffs,https://apexlegendsstatus.com/algs/Y4-Split1/ALGS-Playoffs/Global/Overview,Y4-Split1,ALGS-Playoffs,Global,Overview,,,https://apexlegendsstatus.com/algs/Y4-Split1/ALGS-Playoffs/Global/Overview,overview,93,other,Scores,113,OMiT,,,,3m 53s,,10m 52s,1m 19s,,11m 46s,1m 19s,,11m 27s,OMIT Blasts,,,,,,,,,,,,,,,,,,,,,,,,,,
playoffs_split1,ALGS Year 4 Split 1 Playoffs,https://apexlegendsstatus.com/algs/Y4-Split1/ALGS-Playoffs/Global/Overview,Y4-Split1,ALGS-Playoffs,Global,Overview,,,https://apexlegendsstatus.com/algs/Y4-Split1/ALGS-Playoffs/Global/Overview,overview,93,other,Scores,114,2Rats1Controller,,,,1m 10s,,8m 0s,4m 23s,,11m 39s,1m 10s,,9m 28s,2R1C Mysi,,,,,,,,,,,,,,,,,,,,,,,,,,
playoffs_split1,ALGS Year 4 Split 1 Playoffs,https://apexlegendsstatus.com/algs/Y4-Split1/ALGS-Playoffs/Global/Overview,Y4-Split1,ALGS-Playoffs,Global,Overview,,,https://apexlegendsstatus.com/algs/Y4-Split1/ALGS-Playoffs/Global/Overview,overview,93,other,Scores,115,2Rats1Controller,,,,2m 30s,,9m 47s,2m 14s,,10m 3s,2m 14s,,9m 55s,2R1C Hiarka,,,,,,,,,,,,,,,,,,,,,,,,,,
playoffs_split1,ALGS Year 4 Split 1 Playoffs,https://apexlegendsstatus.com/algs/Y4-Split1/ALGS-Playoffs/Global/Overview,Y4-Split1,ALGS-Playoffs,Global,Overview,,,https://apexlegendsstatus.com/algs/Y4-Split1/ALGS-Playoffs/Global/Overview,overview,93,other,Scores,116,Never To Change,,,,14m 17s,,14m 17s,7m 17s,,10m 50s,7m 17s,,11m 59s,NTC corn,,,,,,,,,,,,,,,,,,,,,,,,,,
playoffs_split1,ALGS Year 4 Split 1 Playoffs,https://apexlegendsstatus.com/algs/Y4-Split1/ALGS-Playoffs/Global/Overview,Y4-Split1,ALGS-Playoffs,Global,Overview,,,https://apexlegendsstatus.com/algs/Y4-Split1/ALGS-Playoffs/Global/Overview,overview,93,other,Scores,117,Never To Change,,,,1m 29s,,10m 56s,7m 33s,,11m 42s,1m 29s,,11m 19s,NTC AGL_QQ,,,,,,,,,,,,,,,,,,,,,,,,,,
playoffs_split1,ALGS Year 4 Split 1 Playoffs,https://apexlegendsstatus.com/algs/Y4-Split1/ALGS-Playoffs/Global/Overview,Y4-Split1,ALGS-Playoffs,Global,Overview,,,https://apexlegendsstatus.com/algs/Y4-Split1/ALGS-Playoffs/Global/Overview,overview,93,other,Scores,118,Never To Change,,,,44s,,10m 52s,7m 29s,,9m 35s,44s,,10m 8s,NTC joker_o,,,,,,,,,,,,,,,,,,,,,,,,,,
playoffs_split1,ALGS Year 4 Split 1 Playoffs,https://apexlegendsstatus.com/algs/Y4-Split1/ALGS-Playoffs/Global/Overview,Y4-Split1,ALGS-Playoffs,Global,Overview,,,https://apexlegendsstatus.com/algs/Y4-Split1/ALGS-Playoffs/Global/Overview,overview,93,other,Scores,119,LG,,,,4m 7s,,8m 52s,9m 52s,,16m 1s,4m 7s,,12m 27s,LG Slayr,,,,,,,,,,,,,,,,,,,,,,,,,,
playoffs_split1,ALGS Year 4 Split 1 Playoffs,https://apexlegendsstatus.com/algs/Y4-Split1/ALGS-Playoffs/Global/Overview,Y4-Split1,ALGS-Playoffs,Global,Overview,,,https://apexlegendsstatus.com/algs/Y4-Split1/ALGS-Playoffs/Global/Overview,overview,93,other,Scores,120,Boogie Boarders,,,,19m 4s,,19m 4s,4m 25s,,9m 10s,4m 25s,,12m 28s,BGB Fussy,,,,,,,,,,,,,,,,,,,,,,,,,,
playoffs_split1,ALGS Year 4 Split 1 Playoffs,https://apexlegendsstatus.com/algs/Y4-Split1/ALGS-Playoffs/Global/Overview,Y4-Split1,ALGS-Playoffs,Global,Overview,,,https://apexlegendsstatus.com/algs/Y4-Split1/ALGS-Playoffs/Global/Overview,overview,97,other,Scores,1,,,,,,,,,,,,,,Player,,,,,,,,,,,,,,,,,,,,,,,,,,
playoffs_split1,ALGS Year 4 Split 1 Playoffs,https://apexlegendsstatus.com/algs/Y4-Split1/ALGS-Playoffs/Global/Overview,Y4-Split1,ALGS-Playoffs,Global,Overview,,,https://apexlegendsstatus.com/algs/Y4-Split1/ALGS-Playoffs/Global/Overview,overview,98,other,Scores,1,,,,,,,,,,,,,,,Horizon,Battery Collection,36.05%,62,,,,,,,,,,,,,,,,,,,,,,
playoffs_split1,ALGS Year 4 Split 1 Playoffs,https://apexlegendsstatus.com/algs/Y4-Split1/ALGS-Playoffs/Global/Overview,Y4-Split1,ALGS-Playoffs,Global,Overview,,,https://apexlegendsstatus.com/algs/Y4-Split1/ALGS-Playoffs/Global/Overview,overview,98,other,Scores,2,,,,,,,,,,,,,,,Horizon,Big Bang,63.95%,110,,,,,,,,,,,,,,,,,,,,,,
playoffs_split1,ALGS Year 4 Split 1 Playoffs,https://apexlegendsstatus.com/algs/Y4-Split1/ALGS-Playoffs/Global/Overview,Y4-Split1,ALGS-Playoffs,Global,Overview,,,https://apexlegendsstatus.com/algs/Y4-Split1/ALGS-Playoffs/Global/Overview,overview,98,other,Scores,3,,,,,,,,,,,,,,,Bloodhound,Odin's Glare,95.85%,994,,,,,,,,,,,,,,,,,,,,,,
playoffs_split1,ALGS Year 4 Split 1 Playoffs,https://apexlegendsstatus.com/algs/Y4-Split1/ALGS-Playoffs/Global/Overview,Y4-Split1,ALGS-Playoffs,Global,Overview,,,https://apexlegendsstatus.com/algs/Y4-Split1/ALGS-Playoffs/Global/Overview,overview,98,other,Scores,4,,,,,,,,,,,,,,,Bloodhound,Raven's Blessing,4.15%,43,,,,,,,,,,,,,,,,,,,,,,
playoffs_split1,ALGS Year 4 Split 1 Playoffs,https://apexlegendsstatus.com/algs/Y4-Split1/ALGS-Playoffs/Global/Overview,Y4-Split1,ALGS-Playoffs,Global,Overview,,,https://apexlegendsstatus.com/algs/Y4-Split1/ALGS-Playoffs/Global/Overview,overview,98,other,Scores,5,,,,,,,,,,,,,,,Caustic,Parabolic Force,26.74%,188,,,,,,,,,,,,,,,,,,,,,,
playoffs_split1,ALGS Year 4 Split 1 Playoffs,https://apexlegendsstatus.com/algs/Y4-Split1/ALGS-Playoffs/Global/Overview,Y4-Split1,ALGS-Playoffs,Global,Overview,,,https://apexlegendsstatus.com/algs/Y4-Split1/ALGS-Playoffs/Global/Overview,overview,98,other,Scores,6,,,,,,,,,,,,,,,Caustic,Residual Toxins,73.26%,515,,,,,,,,,,,,,,,,,,,,,,
playoffs_split1,ALGS Year 4 Split 1 Playoffs,https://apexlegendsstatus.com/algs/Y4-Split1/ALGS-Playoffs/Global/Overview,Y4-Split1,ALGS-Playoffs,Global,Overview,,,https://apexlegendsstatus.com/algs/Y4-Split1/ALGS-Playoffs/Global/Overview,overview,98,other,Scores,7,,,,,,,,,,,,,,,Bangalore,Tactical Cooldown,75.85%,804,,,,,,,,,,,,,,,,,,,,,,
playoffs_split1,ALGS Year 4 Split 1 Playoffs,https://apexlegendsstatus.com/algs/Y4-Split1/ALGS-Playoffs/Global/Overview,Y4-Split1,ALGS-Playoffs,Global,Overview,,,https://apexlegendsstatus.com/algs/Y4-Split1/ALGS-Playoffs/Global/Overview,overview,98,other,Scores,8,,,,,,,,,,,,,,,Bangalore,Ultimate Cooldown+,24.15%,256,,,,,,,,,,,,,,,,,,,,,,
playoffs_split1,ALGS Year 4 Split 1 Playoffs,https://apexlegendsstatus.com/algs/Y4-Split1/ALGS-Playoffs/Global/Overview,Y4-Split1,ALGS-Playoffs,Global,Overview,,,https://apexlegendsstatus.com/algs/Y4-Split1/ALGS-Playoffs/Global/Overview,overview,98,other,Scores,9,,,,,,,,,,,,,,,Wattson,Falling Stars,95.92%,141,,,,,,,,,,,,,,,,,,,,,,
playoffs_split1,ALGS Year 4 Split 1 Playoffs,https://apexlegendsstatus.com/algs/Y4-Split1/ALGS-Playoffs/Global/Overview,Y4-Split1,ALGS-Playoffs,Global,Overview,,,https://apexlegendsstatus.com/algs/Y4-Split1/ALGS-Playoffs/Global/Overview,overview,98,other,Scores,10,,,,,,,,,,,,,,,Wattson,Fresh Start,4.08%,6,,,,,,,,,,,,,,,,,,,,,,
playoffs_split1,ALGS Year 4 Split 1 Playoffs,https://apexlegendsstatus.com/algs/Y4-Split1/ALGS-Playoffs/Global/Overview,Y4-Split1,ALGS-Playoffs,Global,Overview,,,https://apexlegendsstatus.com/algs/Y4-Split1/ALGS-Playoffs/Global/Overview,overview,98,other,Scores,11,,,,,,,,,,,,,,,Valkyrie,Afterburners,90.41%,66,,,,,,,,,,,,,,,,,,,,,,
playoffs_split1,ALGS Year 4 Split 1 Playoffs,https://apexlegendsstatus.com/algs/Y4-Split1/ALGS-Playoffs/Global/Overview,Y4-Split1,ALGS-Playoffs,Global,Overview,,,https://apexlegendsstatus.com/algs/Y4-Split1/ALGS-Playoffs/Global/Overview,overview,98,other,Scores,12,,,,,,,,,,,,,,,Valkyrie,Aerial Expert,9.59%,7,,,,,,,,,,,,,,,,,,,,,,
playoffs_split1,ALGS Year 4 Split 1 Playoffs,https://apexlegendsstatus.com/algs/Y4-Split1/ALGS-Playoffs/Global/Overview,Y4-Split1,ALGS-Playoffs,Global,Overview,,,https://apexlegendsstatus.com/algs/Y4-Split1/ALGS-Playoffs/Global/Overview,overview,98,other,Scores,13,,,,,,,,,,,,,,,Pathfinder,Field Research,31.25%,5,,,,,,,,,,,,,,,,,,,,,,
playoffs_split1,ALGS Year 4 Split 1 Playoffs,https://apexlegendsstatus.com/algs/Y4-Split1/ALGS-Playoffs/Global/Overview,Y4-Split1,ALGS-Playoffs,Global,Overview,,,https://apexlegendsstatus.com/algs/Y4-Split1/ALGS-Playoffs/Global/Overview,overview,98,other,Scores,14,,,,,,,,,,,,,,,Pathfinder,Ringmaster,68.75%,11,,,,,,,,,,,,,,,,,,,,,,
playoffs_split1,ALGS Year 4 Split 1 Playoffs,https://apexlegendsstatus.com/algs/Y4-Split1/ALGS-Playoffs/Global/Overview,Y4-Split1,ALGS-Playoffs,Global,Overview,,,https://apexlegendsstatus.com/algs/Y4-Split1/ALGS-Playoffs/Global/Overview,overview,98,other,Scores,15,,,,,,,,,,,,,,,Rampart,Ultimate Cooldown,93.75%,30,,,,,,,,,,,,,,,,,,,,,,
playoffs_split1,ALGS Year 4 Split 1 Playoffs,https://apexlegendsstatus.com/algs/Y4-Split1/ALGS-Playoffs/Global/Overview,Y4-Split1,ALGS-Playoffs,Global,Overview,,,https://apexlegendsstatus.com/algs/Y4-Split1/ALGS-Playoffs/Global/Overview,overview,98,other,Scores,16,,,,,,,,,,,,,,,Rampart,Bandolier,6.25%,2,,,,,,,,,,,,,,,,,,,,,,
playoffs_split1,ALGS Year 4 Split 1 Playoffs,https://apexlegendsstatus.com/algs/Y4-Split1/ALGS-Playoffs/Global/Overview,Y4-Split1,ALGS-Playoffs,Global,Overview,,,https://apexlegendsstatus.com/algs/Y4-Split1/ALGS-Playoffs/Global/Overview,overview,98,other,Scores,17,,,,,,,,,,,,,,,Conduit,Bigger Jam,95.12%,78,,,,,,,,,,,,,,,,,,,,,,
playoffs_split1,ALGS Year 4 Split 1 Playoffs,https://apexlegendsstatus.com/algs/Y4-Split1/ALGS-Playoffs/Global/Overview,Y4-Split1,ALGS-Playoffs,Global,Overview,,,https://apexlegendsstatus.com/algs/Y4-Split1/ALGS-Playoffs/Global/Overview,overview,98,other,Scores,18,,,,,,,,,,,,,,,Conduit,Battery Collection,4.88%,4,,,,,,,,,,,,,,,,,,,,,,
playoffs_split1,ALGS Year 4 Split 1 Playoffs,https://apexlegendsstatus.com/algs/Y4-Split1/ALGS-Playoffs/Global/Overview,Y4-Split1,ALGS-Playoffs,Global,Overview,,,https://apexlegendsstatus.com/algs/Y4-Split1/ALGS-Playoffs/Global/Overview,overview,98,other,Scores,19,,,,,,,,,,,,,,,Newcastle,Thick Shield,100%,11,,,,,,,,,,,,,,,,,,,,,,
playoffs_split1,ALGS Year 4 Split 1 Playoffs,https://apexlegendsstatus.com/algs/Y4-Split1/ALGS-Playoffs/Global/Overview,Y4-Split1,ALGS-Playoffs,Global,Overview,,,https://apexlegendsstatus.com/algs/Y4-Split1/ALGS-Playoffs/Global/Overview,overview,98,other,Scores,20,,,,,,,,,,,,,,,Wraith,Ultimate Cooldown+,100%,42,,,,,,,,,,,,,,,,,,,,,,
playoffs_split1,ALGS Year 4 Split 1 Playoffs,https://apexlegendsstatus.com/algs/Y4-Split1/ALGS-Playoffs/Global/Overview,Y4-Split1,ALGS-Playoffs,Global,Overview,,,https://apexlegendsstatus.com/algs/Y4-Split1/ALGS-Playoffs/Global/Overview,overview,98,other,Scores,21,,,,,,,,,,,,,,,Gibraltar,Fresh Start,88.89%,8,,,,,,,,,,,,,,,,,,,,,,
playoffs_split1,ALGS Year 4 Split 1 Playoffs,https://apexlegendsstatus.com/algs/Y4-Split1/ALGS-Playoffs/Global/Overview,Y4-Split1,ALGS-Playoffs,Global,Overview,,,https://apexlegendsstatus.com/algs/Y4-Split1/ALGS-Playoffs/Global/Overview,overview,98,other,Scores,22,,,,,,,,,,,,,,,Gibraltar,Shots Shots Shots,11.11%,1,,,,,,,,,,,,,,,,,,,,,,
playoffs_split1,ALGS Year 4 Split 1 Playoffs,https://apexlegendsstatus.com/algs/Y4-Split1/ALGS-Playoffs/Global/Overview,Y4-Split1,ALGS-Playoffs,Global,Overview,,,https://apexlegendsstatus.com/algs/Y4-Split1/ALGS-Playoffs/Global/Overview,overview,98,other,Scores,23,,,,,,,,,,,,,,,Crypto,Ultimate Cooldown,70.83%,34,,,,,,,,,,,,,,,,,,,,,,
playoffs_split1,ALGS Year 4 Split 1 Playoffs,https://apexlegendsstatus.com/algs/Y4-Split1/ALGS-Playoffs/Global/Overview,Y4-Split1,ALGS-Playoffs,Global,Overview,,,https://apexlegendsstatus.com/algs/Y4-Split1/ALGS-Playoffs/Global/Overview,overview,98,other,Scores,24,,,,,,,,,,,,,,,Crypto,Tactical Cooldown+,29.17%,14,,,,,,,,,,,,,,,,,,,,,,
playoffs_split1,ALGS Year 4 Split 1 Playoffs,https://apexlegendsstatus.com/algs/Y4-Split1/ALGS-Playoffs/Global/Overview,Y4-Split1,ALGS-Playoffs,Global,Overview,,,https://apexlegendsstatus.com/algs/Y4-Split1/ALGS-Playoffs/Global/Overview,overview,98,other,Scores,25,,,,,,,,,,,,,,,Lifeline,Rapid Response,98.7%,76,,,,,,,,,,,,,,,,,,,,,,
playoffs_split1,ALGS Year 4 Split 1 Playoffs,https://apexlegendsstatus.com/algs/Y4-Split1/ALGS-Playoffs/Global/Overview,Y4-Split1,ALGS-Playoffs,Global,Overview,,,https://apexlegendsstatus.com/algs/Y4-Split1/ALGS-Playoffs/Global/Overview,overview,98,other,Scores,26,,,,,,,,,,,,,,,Lifeline,Tactical Cooldown++,1.3%,1,,,,,,,,,,,,,,,,,,,,,,
playoffs_split1,ALGS Year 4 Split 1 Playoffs,https://apexlegendsstatus.com/algs/Y4-Split1/ALGS-Playoffs/Global/Overview,Y4-Split1,ALGS-Playoffs,Global,Overview,,,https://apexlegendsstatus.com/algs/Y4-Split1/ALGS-Playoffs/Global/Overview,overview,98,other,Scores,27,,,,,,,,,,,,,,,Fuse,Scar Tissue,100%,3,,,,,,,,,,,,,,,,,,,,,,
playoffs_split1,ALGS Year 4 Split 1 Playoffs,https://apexlegendsstatus.com/algs/Y4-Split1/ALGS-Playoffs/Global/Overview,Y4-Split1,ALGS-Playoffs,Global,Overview,,,https://apexlegendsstatus.com/algs/Y4-Split1/ALGS-Playoffs/Global/Overview,overview,98,other,Scores,28,,,,,,,,,,,,,,,Loba,Market Expansion,100%,6,,,,,,,,,,,,,,,,,,,,,,
playoffs_split1,ALGS Year 4 Split 1 Playoffs,https://apexlegendsstatus.com/algs/Y4-Split1/ALGS-Playoffs/Global/Overview,Y4-Split1,ALGS-Playoffs,Global,Overview,,,https://apexlegendsstatus.com/algs/Y4-Split1/ALGS-Playoffs/Global/Overview,overview,98,other,Scores,29,,,,,,,,,,,,,,,Catalyst,Sister Spikes,85.71%,6,,,,,,,,,,,,,,,,,,,,,,
playoffs_split1,ALGS Year 4 Split 1 Playoffs,https://apexlegendsstatus.com/algs/Y4-Split1/ALGS-Playoffs/Global/Overview,Y4-Split1,ALGS-Playoffs,Global,Overview,,,https://apexlegendsstatus.com/algs/Y4-Split1/ALGS-Playoffs/Global/Overview,overview,98,other,Scores,30,,,,,,,,,,,,,,,Catalyst,Long Cast,14.29%,1,,,,,,,,,,,,,,,,,,,,,,
playoffs_split1,ALGS Year 4 Split 1 Playoffs,https://apexlegendsstatus.com/algs/Y4-Split1/ALGS-Playoffs/Global/Overview,Y4-Split1,ALGS-Playoffs,Global,Overview,,,https://apexlegendsstatus.com/algs/Y4-Split1/ALGS-Playoffs/Global/Overview,overview,98,other,Scores,31,,,,,,,,,,,,,,,Revenant,Ultimate Cooldown,100%,3,,,,,,,,,,,,,,,,,,,,,,
playoffs_split1,ALGS Year 4 Split 1 Playoffs,https://apexlegendsstatus.com/algs/Y4-Split1/ALGS-Playoffs/Global/Overview,Y4-Split1,ALGS-Playoffs,Global,Overview,,,https://apexlegendsstatus.com/algs/Y4-Split1/ALGS-Playoffs/Global/Overview,overview,98,other,Scores,32,,,,,,,,,,,,,,,Mad Maggie,Fire Ball,100%,2,,,,,,,,,,,,,,,,,,,,,,
playoffs_split1,ALGS Year 4 Split 1 Playoffs,https://apexlegendsstatus.com/algs/Y4-Split1/ALGS-Playoffs/Global/Overview,Y4-Split1,ALGS-Playoffs,Global,Overview,,,https://apexlegendsstatus.com/algs/Y4-Split1/ALGS-Playoffs/Global/Overview,overview,98,other,Scores,33,,,,,,,,,,,,,,,Mirage,More Me,100%,2,,,,,,,,,,,,,,,,,,,,,,
playoffs_split1,ALGS Year 4 Split 1 Playoffs,https://apexlegendsstatus.com/algs/Y4-Split1/ALGS-Playoffs/Global/Overview,Y4-Split1,ALGS-Playoffs,Global,Overview,,,https://apexlegendsstatus.com/algs/Y4-Split1/ALGS-Playoffs/Global/Overview,overview,98,other,Scores,34,,,,,,,,,,,,,,,Octane,Thick Skin,100%,1,,,,,,,,,,,,,,,,,,,,,,
playoffs_split1,ALGS Year 4 Split 1 Playoffs,https://apexlegendsstatus.com/algs/Y4-Split1/ALGS-Playoffs/Global/Overview,Y4-Split1,ALGS-Playoffs,Global,Overview,,,https://apexlegendsstatus.com/algs/Y4-Split1/ALGS-Playoffs/Global/Overview,overview,99,other,Scores,1,,,,,,,,,,,,,,,Caustic,Particle Diffuser,97.87%,414,,,,,,,,,,,,,,,,,,,,,,
playoffs_split1,ALGS Year 4 Split 1 Playoffs,https://apexlegendsstatus.com/algs/Y4-Split1/ALGS-Playoffs/Global/Overview,Y4-Split1,ALGS-Playoffs,Global,Overview,,,https://apexlegendsstatus.com/algs/Y4-Split1/ALGS-Playoffs/Global/Overview,overview,99,other,Scores,2,,,,,,,,,,,,,,,Caustic,Breathe It In,2.13%,9,,,,,,,,,,,,,,,,,,,,,,
playoffs_split1,ALGS Year 4 Split 1 Playoffs,https://apexlegendsstatus.com/algs/Y4-Split1/ALGS-Playoffs/Global/Overview,Y4-Split1,ALGS-Playoffs,Global,Overview,,,https://apexlegendsstatus.com/algs/Y4-Split1/ALGS-Playoffs/Global/Overview,overview,99,other,Scores,3,,,,,,,,,,,,,,,Bloodhound,Tactical Cooldown,99.22%,640,,,,,,,,,,,,,,,,,,,,,,
playoffs_split1,ALGS Year 4 Split 1 Playoffs,https://apexlegendsstatus.com/algs/Y4-Split1/ALGS-Playoffs/Global/Overview,Y4-Split1,ALGS-Playoffs,Global,Overview,,,https://apexlegendsstatus.com/algs/Y4-Split1/ALGS-Playoffs/Global/Overview,overview,99,other,Scores,4,,,,,,,,,,,,,,,Bloodhound,Taste of Blood,0.78%,5,,,,,,,,,,,,,,,,,,,,,,
playoffs_split1,ALGS Year 4 Split 1 Playoffs,https://apexlegendsstatus.com/algs/Y4-Split1/ALGS-Playoffs/Global/Overview,Y4-Split1,ALGS-Playoffs,Global,Overview,,,https://apexlegendsstatus.com/algs/Y4-Split1/ALGS-Playoffs/Global/Overview,overview,99,other,Scores,5,,,,,,,,,,,,,,,Horizon,Ultimate Cooldown,59.82%,67,,,,,,,,,,,,,,,,,,,,,,
playoffs_split1,ALGS Year 4 Split 1 Playoffs,https://apexlegendsstatus.com/algs/Y4-Split1/ALGS-Playoffs/Global/Overview,Y4-Split1,ALGS-Playoffs,Global,Overview,,,https://apexlegendsstatus.com/algs/Y4-Split1/ALGS-Playoffs/Global/Overview,overview,99,other,Scores,6,,,,,,,,,,,,,,,Horizon,Tactical Cooldown,40.18%,45,,,,,,,,,,,,,,,,,,,,,,
playoffs_split1,ALGS Year 4 Split 1 Playoffs,https://apexlegendsstatus.com/algs/Y4-Split1/ALGS-Playoffs/Global/Overview,Y4-Split1,ALGS-Playoffs,Global,Overview,,,https://apexlegendsstatus.com/algs/Y4-Split1/ALGS-Playoffs/Global/Overview,overview,99,other,Scores,7,,,,,,,,,,,,,,,Bangalore,Refuge,95.65%,659,,,,,,,,,,,,,,,,,,,,,,
playoffs_split1,ALGS Year 4 Split 1 Playoffs,https://apexlegendsstatus.com/algs/Y4-Split1/ALGS-Playoffs/Global/Overview,Y4-Split1,ALGS-Playoffs,Global,Overview,,,https://apexlegendsstatus.com/algs/Y4-Split1/ALGS-Playoffs/Global/Overview,overview,99,other,Scores,8,,,,,,,,,,,,,,,Bangalore,Cover Me,4.35%,30,,,,,,,,,,,,,,,,,,,,,,
playoffs_split1,ALGS Year 4 Split 1 Playoffs,https://apexlegendsstatus.com/algs/Y4-Split1/ALGS-Playoffs/Global/Overview,Y4-Split1,ALGS-Playoffs,Global,Overview,,,https://apexlegendsstatus.com/algs/Y4-Split1/ALGS-Playoffs/Global/Overview,overview,99,other,Scores,9,,,,,,,,,,,,,,,Valkyrie,Full Tank,48.15%,13,,,,,,,,,,,,,,,,,,,,,,
playoffs_split1,ALGS Year 4 Split 1 Playoffs,https://apexlegendsstatus.com/algs/Y4-Split1/ALGS-Playoffs/Global/Overview,Y4-Split1,ALGS-Playoffs,Global,Overview,,,https://apexlegendsstatus.com/algs/Y4-Split1/ALGS-Playoffs/Global/Overview,overview,99,other,Scores,10,,,,,,,,,,,,,,,Valkyrie,Full Coverage,51.85%,14,,,,,,,,,,,,,,,,,,,,,,
playoffs_split1,ALGS Year 4 Split 1 Playoffs,https://apexlegendsstatus.com/algs/Y4-Split1/ALGS-Playoffs/Global/Overview,Y4-Split1,ALGS-Playoffs,Global,Overview,,,https://apexlegendsstatus.com/algs/Y4-Split1/ALGS-Playoffs/Global/Overview,overview,99,other,Scores,11,,,,,,,,,,,,,,,Rampart,Ramped Up,100%,12,,,,,,,,,,,,,,,,,,,,,,
playoffs_split1,ALGS Year 4 Split 1 Playoffs,https://apexlegendsstatus.com/algs/Y4-Split1/ALGS-Playoffs/Global/Overview,Y4-Split1,ALGS-Playoffs,Global,Overview,,,https://apexlegendsstatus.com/algs/Y4-Split1/ALGS-Playoffs/Global/Overview,overview,99,other,Scores,12,,,,,,,,,,,,,,,Conduit,Split Charge,44.64%,25,,,,,,,,,,,,,,,,,,,,,,
playoffs_split1,ALGS Year 4 Split 1 Playoffs,https://apexlegendsstatus.com/algs/Y4-Split1/ALGS-Playoffs/Global/Overview,Y4-Split1,ALGS-Playoffs,Global,Overview,,,https://apexlegendsstatus.com/algs/Y4-Split1/ALGS-Playoffs/Global/Overview,overview,99,other,Scores,13,,,,,,,,,,,,,,,Conduit,Radiant Transfer,55.36%,31,,,,,,,,,,,,,,,,,,,,,,
playoffs_split1,ALGS Year 4 Split 1 Playoffs,https://apexlegendsstatus.com/algs/Y4-Split1/ALGS-Playoffs/Global/Overview,Y4-Split1,ALGS-Playoffs,Global,Overview,,,https://apexlegendsstatus.com/algs/Y4-Split1/ALGS-Playoffs/Global/Overview,overview,99,other,Scores,14,,,,,,,,,,,,,,,Pathfinder,Down and Away,6.67%,1,,,,,,,,,,,,,,,,,,,,,,
playoffs_split1,ALGS Year 4 Split 1 Playoffs,https://apexlegendsstatus.com/algs/Y4-Split1/ALGS-Playoffs/Global/Overview,Y4-Split1,ALGS-Playoffs,Global,Overview,,,https://apexlegendsstatus.com/algs/Y4-Split1/ALGS-Playoffs/Global/Overview,overview,99,other,Scores,15,,,,,,,,,,,,,,,Pathfinder,Zipline Zen,93.33%,14,,,,,,,,,,,,,,,,,,,,,,
playoffs_split1,ALGS Year 4 Split 1 Playoffs,https://apexlegendsstatus.com/algs/Y4-Split1/ALGS-Playoffs/Global/Overview,Y4-Split1,ALGS-Playoffs,Global,Overview,,,https://apexlegendsstatus.com/algs/Y4-Split1/ALGS-Playoffs/Global/Overview,overview,99,other,Scores,16,,,,,,,,,,,,,,,Wattson,Power Pylon,98.39%,61,,,,,,,,,,,,,,,,,,,,,,
playoffs_split1,ALGS Year 4 Split 1 Playoffs,https://apexlegendsstatus.com/algs/Y4-Split1/ALGS-Playoffs/Global/Overview,Y4-Split1,ALGS-Playoffs,Global,Overview,,,https://apexlegendsstatus.com/algs/Y4-Split1/ALGS-Playoffs/Global/Overview,overview,99,other,Scores,17,,,,,,,,,,,,,,,Wattson,Split Circuit,1.61%,1,,,,,,,,,,,,,,,,,,,,,,
playoffs_split1,ALGS Year 4 Split 1 Playoffs,https://apexlegendsstatus.com/algs/Y4-Split1/ALGS-Playoffs/Global/Overview,Y4-Split1,ALGS-Playoffs,Global,Overview,,,https://apexlegendsstatus.com/algs/Y4-Split1/ALGS-Playoffs/Global/Overview,overview,99,other,Scores,18,,,,,,,,,,,,,,,Newcastle,Miracle Worker,100%,2,,,,,,,,,,,,,,,,,,,,,,
playoffs_split1,ALGS Year 4 Split 1 Playoffs,https://apexlegendsstatus.com/algs/Y4-Split1/ALGS-Playoffs/Global/Overview,Y4-Split1,ALGS-Playoffs,Global,Overview,,,https://apexlegendsstatus.com/algs/Y4-Split1/ALGS-Playoffs/Global/Overview,overview,99,other,Scores,19,,,,,,,,,,,,,,,Crypto,Network Expansion,100%,25,,,,,,,,,,,,,,,,,,,,,,
playoffs_split1,ALGS Year 4 Split 1 Playoffs,https://apexlegendsstatus.com/algs/Y4-Split1/ALGS-Playoffs/Global/Overview,Y4-Split1,ALGS-Playoffs,Global,Overview,,,https://apexlegendsstatus.com/algs/Y4-Split1/ALGS-Playoffs/Global/Overview,overview,99,other,Scores,20,,,,,,,,,,,,,,,Lifeline,Gold-Plated,100%,67,,,,,,,,,,,,,,,,,,,,,,
playoffs_split1,ALGS Year 4 Split 1 Playoffs,https://apexlegendsstatus.com/algs/Y4-Split1/ALGS-Playoffs/Global/Overview,Y4-Split1,ALGS-Playoffs,Global,Overview,,,https://apexlegendsstatus.com/algs/Y4-Split1/ALGS-Playoffs/Global/Overview,overview,99,other,Scores,21,,,,,,,,,,,,,,,Fuse,Knuckle Hustler,100%,2,,,,,,,,,,,,,,,,,,,,,,
playoffs_split1,ALGS Year 4 Split 1 Playoffs,https://apexlegendsstatus.com/algs/Y4-Split1/ALGS-Playoffs/Global/Overview,Y4-Split1,ALGS-Playoffs,Global,Overview,,,https://apexlegendsstatus.com/algs/Y4-Split1/ALGS-Playoffs/Global/Overview,overview,99,other,Scores,22,,,,,,,,,,,,,,,Wraith,Tactical Cooldown,87.5%,21,,,,,,,,,,,,,,,,,,,,,,
playoffs_split1,ALGS Year 4 Split 1 Playoffs,https://apexlegendsstatus.com/algs/Y4-Split1/ALGS-Playoffs/Global/Overview,Y4-Split1,ALGS-Playoffs,Global,Overview,,,https://apexlegendsstatus.com/algs/Y4-Split1/ALGS-Playoffs/Global/Overview,overview,99,other,Scores,23,,,,,,,,,,,,,,,Wraith,Fast Phase,12.5%,3,,,,,,,,,,,,,,,,,,,,,,
playoffs_split1,ALGS Year 4 Split 1 Playoffs,https://apexlegendsstatus.com/algs/Y4-Split1/ALGS-Playoffs/Global/Overview,Y4-Split1,ALGS-Playoffs,Global,Overview,,,https://apexlegendsstatus.com/algs/Y4-Split1/ALGS-Playoffs/Global/Overview,overview,99,other,Scores,24,,,,,,,,,,,,,,,Catalyst,Long Veil,66.67%,2,,,,,,,,,,,,,,,,,,,,,,
playoffs_split1,ALGS Year 4 Split 1 Playoffs,https://apexlegendsstatus.com/algs/Y4-Split1/ALGS-Playoffs/Global/Overview,Y4-Split1,ALGS-Playoffs,Global,Overview,,,https://apexlegendsstatus.com/algs/Y4-Split1/ALGS-Playoffs/Global/Overview,overview,99,other,Scores,25,,,,,,,,,,,,,,,Catalyst,Resilient Veil,33.33%,1,,,,,,,,,,,,,,,,,,,,,,
playoffs_split1,ALGS Year 4 Split 1 Playoffs,https://apexlegendsstatus.com/algs/Y4-Split1/ALGS-Playoffs/Global/Overview,Y4-Split1,ALGS-Playoffs,Global,Overview,,,https://apexlegendsstatus.com/algs/Y4-Split1/ALGS-Playoffs/Global/Overview,overview,99,other,Scores,26,,,,,,,,,,,,,,,Loba,Shopping Spree,100%,1,,,,,,,,,,,,,,,,,,,,,,
playoffs_split1,ALGS Year 4 Split 1 Playoffs,https://apexlegendsstatus.com/algs/Y4-Split1/ALGS-Playoffs/Global/Overview,Y4-Split1,ALGS-Playoffs,Global,Overview,,,https://apexlegendsstatus.com/algs/Y4-Split1/ALGS-Playoffs/Global/Overview,overview,99,other,Scores,27,,,,,,,,,,,,,,,Revenant,Tactical Cooldown,100%,1,,,,,,,,,,,,,,,,,,,,,,
playoffs_split1,ALGS Year 4 Split 1 Playoffs,https://apexlegendsstatus.com/algs/Y4-Split1/ALGS-Playoffs/Global/Overview,Y4-Split1,ALGS-Playoffs,Global,Overview,,,https://apexlegendsstatus.com/algs/Y4-Split1/ALGS-Playoffs/Global/Overview,overview,99,other,Scores,28,,,,,,,,,,,,,,,Mad Maggie,Drillslinger,100%,1,,,,,,,,,,,,,,,,,,,,,,
playoffs_split1,ALGS Year 4 Split 1 Playoffs,https://apexlegendsstatus.com/algs/Y4-Split1/ALGS-Playoffs/Global/Overview,Y4-Split1,ALGS-Playoffs,Global,Overview,,,https://apexlegendsstatus.com/algs/Y4-Split1/ALGS-Playoffs/Global/Overview,overview,99,other,Scores,29,,,,,,,,,,,,,,,Mirage,Bamboozle Bonus,100%,2,,,,,,,,,,,,,,,,,,,,,,
playoffs_split1,ALGS Year 4 Split 1 Playoffs,https://apexlegendsstatus.com/algs/Y4-Split1/ALGS-Playoffs/Global/Overview,Y4-Split1,ALGS-Playoffs,Global,Overview,,,https://apexlegendsstatus.com/algs/Y4-Split1/ALGS-Playoffs/Global/Overview,overview,99,other,Scores,30,,,,,,,,,,,,,,,Gibraltar,Bubble Bunker,100%,1,,,,,,,,,,,,,,,,,,,,,,
playoffs_split1,ALGS Year 4 Split 1 Playoffs,https://apexlegendsstatus.com/algs/Y4-Split1/ALGS-Playoffs/Global/Overview,Y4-Split1,ALGS-Playoffs,Global,Overview,,,https://apexlegendsstatus.com/algs/Y4-Split1/ALGS-Playoffs/Global/Overview,overview,99,other,Scores,31,,,,,,,,,,,,,,,Octane,Mad Hops,100%,1,,,,,,,,,,,,,,,,,,,,,,
playoffs_split1,ALGS Year 4 Split 1 Playoffs,https://apexlegendsstatus.com/algs/Y4-Split1/ALGS-Playoffs/Global/Overview,Y4-Split1,ALGS-Playoffs,Global,Overview,,,https://apexlegendsstatus.com/algs/Y4-Split1/ALGS-Playoffs/Global/Overview,overview,100,other,Scores,1,,,,,,,,,,,,,,PUA Sanya,,,,,2m 15s,9m 32s,15m 44s,,,,,,,,,,,,,,,,,,,
playoffs_split1,ALGS Year 4 Split 1 Playoffs,https://apexlegendsstatus.com/algs/Y4-Split1/ALGS-Playoffs/Global/Overview,Y4-Split1,ALGS-Playoffs,Global,Overview,,,https://apexlegendsstatus.com/algs/Y4-Split1/ALGS-Playoffs/Global/Overview,overview,100,other,Scores,2,,,,,,,,,,,,,,BGB rakiiii,,,,,1m 27s,10m 52s,14m 13s,,,,,,,,,,,,,,,,,,,
playoffs_split1,ALGS Year 4 Split 1 Playoffs,https://apexlegendsstatus.com/algs/Y4-Split1/ALGS-Playoffs/Global/Overview,Y4-Split1,ALGS-Playoffs,Global,Overview,,,https://apexlegendsstatus.com/algs/Y4-Split1/ALGS-Playoffs/Global/Overview,overview,100,other,Scores,3,,,,,,,,,,,,,,LGND Koyful,,,,,1m 55s,8m 33s,15m 58s,,,,,,,,,,,,,,,,,,,
playoffs_split1,ALGS Year 4 Split 1 Playoffs,https://apexlegendsstatus.com/algs/Y4-Split1/ALGS-Playoffs/Global/Overview,Y4-Split1,ALGS-Playoffs,Global,Overview,,,https://apexlegendsstatus.com/algs/Y4-Split1/ALGS-Playoffs/Global/Overview,overview,100,other,Scores,4,,,,,,,,,,,,,,LGND StrafingFlame,,,,,1m 36s,8m 34s,15m 59s,,,,,,,,,,,,,,,,,,,
playoffs_split1,ALGS Year 4 Split 1 Playoffs,https://apexlegendsstatus.com/algs/Y4-Split1/ALGS-Playoffs/Global/Overview,Y4-Split1,ALGS-Playoffs,Global,Overview,,,https://apexlegendsstatus.com/algs/Y4-Split1/ALGS-Playoffs/Global/Overview,overview,100,other,Scores,5,,,,,,,,,,,,,,LGND PlayerKay,,,,,2m 4s,9m 29s,17m 39s,,,,,,,,,,,,,,,,,,,
playoffs_split1,ALGS Year 4 Split 1 Playoffs,https://apexlegendsstatus.com/algs/Y4-Split1/ALGS-Playoffs/Global/Overview,Y4-Split1,ALGS-Playoffs,Global,Overview,,,https://apexlegendsstatus.com/algs/Y4-Split1/ALGS-Playoffs/Global/Overview,overview,100,other,Scores,6,,,,,,,,,,,,,,E8 Shooby,,,,,1m 28s,11m 6s,17m 11s,,,,,,,,,,,,,,,,,,,
playoffs_split1,ALGS Year 4 Split 1 Playoffs,https://apexlegendsstatus.com/algs/Y4-Split1/ALGS-Playoffs/Global/Overview,Y4-Split1,ALGS-Playoffs,Global,Overview,,,https://apexlegendsstatus.com/algs/Y4-Split1/ALGS-Playoffs/Global/Overview,overview,100,other,Scores,7,,,,,,,,,,,,,,E8 zap,,,,,1m 30s,10m 15s,12m 26s,,,,,,,,,,,,,,,,,,,
playoffs_split1,ALGS Year 4 Split 1 Playoffs,https://apexlegendsstatus.com/algs/Y4-Split1/ALGS-Playoffs/Global/Overview,Y4-Split1,ALGS-Playoffs,Global,Overview,,,https://apexlegendsstatus.com/algs/Y4-Split1/ALGS-Playoffs/Global/Overview,overview,100,other,Scores,8,,,,,,,,,,,,,,E8 Zachmazer,,,,,1m 26s,10m 47s,17m 55s,,,,,,,,,,,,,,,,,,,
playoffs_split1,ALGS Year 4 Split 1 Playoffs,https://apexlegendsstatus.com/algs/Y4-Split1/ALGS-Playoffs/Global/Overview,Y4-Split1,ALGS-Playoffs,Global,Overview,,,https://apexlegendsstatus.com/algs/Y4-Split1/ALGS-Playoffs/Global/Overview,overview,100,other,Scores,9,,,,,,,,,,,,,,MST Wxltzy,,,,,1m 43s,8m 16s,13m 34s,,,,,,,,,,,,,,,,,,,
playoffs_split1,ALGS Year 4 Split 1 Playoffs,https://apexlegendsstatus.com/algs/Y4-Split1/ALGS-Playoffs/Global/Overview,Y4-Split1,ALGS-Playoffs,Global,Overview,,,https://apexlegendsstatus.com/algs/Y4-Split1/ALGS-Playoffs/Global/Overview,overview,100,other,Scores,10,,,,,,,,,,,,,,MST Emtee,,,,,1m 42s,8m 52s,14m 34s,,,,,,,,,,,,,,,,,,,
playoffs_split1,ALGS Year 4 Split 1 Playoffs,https://apexlegendsstatus.com/algs/Y4-Split1/ALGS-Playoffs/Global/Overview,Y4-Split1,ALGS-Playoffs,Global,Overview,,,https://apexlegendsstatus.com/algs/Y4-Split1/ALGS-Playoffs/Global/Overview,overview,100,other,Scores,11,,,,,,,,,,,,,,MST Gild,,,,,1m 37s,8m 22s,15m 41s,,,,,,,,,,,,,,,,,,,
playoffs_split1,ALGS Year 4 Split 1 Playoffs,https://apexlegendsstatus.com/algs/Y4-Split1/ALGS-Playoffs/Global/Overview,Y4-Split1,ALGS-Playoffs,Global,Overview,,,https://apexlegendsstatus.com/algs/Y4-Split1/ALGS-Playoffs/Global/Overview,overview,100,other,Scores,12,,,,,,,,,,,,,,RID Yukio,,,,,1m 52s,13m 23s,-,,,,,,,,,,,,,,,,,,,
playoffs_split1,ALGS Year 4 Split 1 Playoffs,https://apexlegendsstatus.com/algs/Y4-Split1/ALGS-Playoffs/Global/Overview,Y4-Split1,ALGS-Playoffs,Global,Overview,,,https://apexlegendsstatus.com/algs/Y4-Split1/ALGS-Playoffs/Global/Overview,overview,100,other,Scores,13,,,,,,,,,,,,,,RID saku,,,,,2m 11s,12m 15s,-,,,,,,,,,,,,,,,,,,,
playoffs_split1,ALGS Year 4 Split 1 Playoffs,https://apexlegendsstatus.com/algs/Y4-Split1/ALGS-Playoffs/Global/Overview,Y4-Split1,ALGS-Playoffs,Global,Overview,,,https://apexlegendsstatus.com/algs/Y4-Split1/ALGS-Playoffs/Global/Overview,overview,100,other,Scores,14,,,,,,,,,,,,,,RID Meltstera,,,,,2m 7s,11m 31s,-,,,,,,,,,,,,,,,,,,,
playoffs_split1,ALGS Year 4 Split 1 Playoffs,https://apexlegendsstatus.com/algs/Y4-Split1/ALGS-Playoffs/Global/Overview,Y4-Split1,ALGS-Playoffs,Global,Overview,,,https://apexlegendsstatus.com/algs/Y4-Split1/ALGS-Playoffs/Global/Overview,overview,100,other,Scores,15,,,,,,,,,,,,,,ALL Effect,,,,,1m 37s,7m 19s,14m 47s,,,,,,,,,,,,,,,,,,,
playoffs_split1,ALGS Year 4 Split 1 Playoffs,https://apexlegendsstatus.com/algs/Y4-Split1/ALGS-Playoffs/Global/Overview,Y4-Split1,ALGS-Playoffs,Global,Overview,,,https://apexlegendsstatus.com/algs/Y4-Split1/ALGS-Playoffs/Global/Overview,overview,100,other,Scores,16,,,,,,,,,,,,,,ALL Hakis,,,,,1m 43s,7m 3s,12m 37s,,,,,,,,,,,,,,,,,,,
playoffs_split1,ALGS Year 4 Split 1 Playoffs,https://apexlegendsstatus.com/algs/Y4-Split1/ALGS-Playoffs/Global/Overview,Y4-Split1,ALGS-Playoffs,Global,Overview,,,https://apexlegendsstatus.com/algs/Y4-Split1/ALGS-Playoffs/Global/Overview,overview,100,other,Scores,17,,,,,,,,,,,,,,ALL Unlucky,,,,,1m 42s,7m 23s,14m 35s,,,,,,,,,,,,,,,,,,,
playoffs_split1,ALGS Year 4 Split 1 Playoffs,https://apexlegendsstatus.com/algs/Y4-Split1/ALGS-Playoffs/Global/Overview,Y4-Split1,ALGS-Playoffs,Global,Overview,,,https://apexlegendsstatus.com/algs/Y4-Split1/ALGS-Playoffs/Global/Overview,overview,100,other,Scores,18,,,,,,,,,,,,,,HAO 5CG,,,,,2m 51s,10m 46s,17m 22s,,,,,,,,,,,,,,,,,,,
playoffs_split1,ALGS Year 4 Split 1 Playoffs,https://apexlegendsstatus.com/algs/Y4-Split1/ALGS-Playoffs/Global/Overview,Y4-Split1,ALGS-Playoffs,Global,Overview,,,https://apexlegendsstatus.com/algs/Y4-Split1/ALGS-Playoffs/Global/Overview,overview,100,other,Scores,19,,,,,,,,,,,,,,HAO Right,,,,,2m 55s,10m 30s,16m 3s,,,,,,,,,,,,,,,,,,,
playoffs_split1,ALGS Year 4 Split 1 Playoffs,https://apexlegendsstatus.com/algs/Y4-Split1/ALGS-Playoffs/Global/Overview,Y4-Split1,ALGS-Playoffs,Global,Overview,,,https://apexlegendsstatus.com/algs/Y4-Split1/ALGS-Playoffs/Global/Overview,overview,100,other,Scores,20,,,,,,,,,,,,,,BRD artiNN1,,,,,1m 54s,9m 33s,18m 47s,,,,,,,,,,,,,,,,,,,
playoffs_split1,ALGS Year 4 Split 1 Playoffs,https://apexlegendsstatus.com/algs/Y4-Split1/ALGS-Playoffs/Global/Overview,Y4-Split1,ALGS-Playoffs,Global,Overview,,,https://apexlegendsstatus.com/algs/Y4-Split1/ALGS-Playoffs/Global/Overview,overview,100,other,Scores,21,,,,,,,,,,,,,,WTD bobo2157,,,,,2m 23s,8m 30s,16m 14s,,,,,,,,,,,,,,,,,,,
playoffs_split1,ALGS Year 4 Split 1 Playoffs,https://apexlegendsstatus.com/algs/Y4-Split1/ALGS-Playoffs/Global/Overview,Y4-Split1,ALGS-Playoffs,Global,Overview,,,https://apexlegendsstatus.com/algs/Y4-Split1/ALGS-Playoffs/Global/Overview,overview,100,other,Scores,22,,,,,,,,,,,,,,WTD Peekgod,,,,,2m 14s,8m 44s,12m 10s,,,,,,,,,,,,,,,,,,,
playoffs_split1,ALGS Year 4 Split 1 Playoffs,https://apexlegendsstatus.com/algs/Y4-Split1/ALGS-Playoffs/Global/Overview,Y4-Split1,ALGS-Playoffs,Global,Overview,,,https://apexlegendsstatus.com/algs/Y4-Split1/ALGS-Playoffs/Global/Overview,overview,100,other,Scores,23,,,,,,,,,,,,,,WTD XZZ,,,,,2m 15s,8m 56s,14m 37s,,,,,,,,,,,,,,,,,,,
playoffs_split1,ALGS Year 4 Split 1 Playoffs,https://apexlegendsstatus.com/algs/Y4-Split1/ALGS-Playoffs/Global/Overview,Y4-Split1,ALGS-Playoffs,Global,Overview,,,https://apexlegendsstatus.com/algs/Y4-Split1/ALGS-Playoffs/Global/Overview,overview,100,other,Scores,24,,,,,,,,,,,,,,WMN BoLin,,,,,2m 6s,9m 55s,19m 47s,,,,,,,,,,,,,,,,,,,
playoffs_split1,ALGS Year 4 Split 1 Playoffs,https://apexlegendsstatus.com/algs/Y4-Split1/ALGS-Playoffs/Global/Overview,Y4-Split1,ALGS-Playoffs,Global,Overview,,,https://apexlegendsstatus.com/algs/Y4-Split1/ALGS-Playoffs/Global/Overview,overview,100,other,Scores,25,,,,,,,,,,,,,,WMN SHARK,,,,,2m 25s,9m 46s,19m 17s,,,,,,,,,,,,,,,,,,,
playoffs_split1,ALGS Year 4 Split 1 Playoffs,https://apexlegendsstatus.com/algs/Y4-Split1/ALGS-Playoffs/Global/Overview,Y4-Split1,ALGS-Playoffs,Global,Overview,,,https://apexlegendsstatus.com/algs/Y4-Split1/ALGS-Playoffs/Global/Overview,overview,100,other,Scores,26,,,,,,,,,,,,,,WMN Mr.K,,,,,2m 18s,9m 49s,19m 38s,,,,,,,,,,,,,,,,,,,
playoffs_split1,ALGS Year 4 Split 1 Playoffs,https://apexlegendsstatus.com/algs/Y4-Split1/ALGS-Playoffs/Global/Overview,Y4-Split1,ALGS-Playoffs,Global,Overview,,,https://apexlegendsstatus.com/algs/Y4-Split1/ALGS-Playoffs/Global/Overview,overview,100,other,Scores,27,,,,,,,,,,,,,,FUR Vaxlon,,,,,2m 5s,7m 25s,13m 43s,,,,,,,,,,,,,,,,,,,
playoffs_split1,ALGS Year 4 Split 1 Playoffs,https://apexlegendsstatus.com/algs/Y4-Split1/ALGS-Playoffs/Global/Overview,Y4-Split1,ALGS-Playoffs,Global,Overview,,,https://apexlegendsstatus.com/algs/Y4-Split1/ALGS-Playoffs/Global/Overview,overview,100,other,Scores,28,,,,,,,,,,,,,,FUR ImMadness,,,,,1m 57s,7m 37s,14m 23s,,,,,,,,,,,,,,,,,,,
playoffs_split1,ALGS Year 4 Split 1 Playoffs,https://apexlegendsstatus.com/algs/Y4-Split1/ALGS-Playoffs/Global/Overview,Y4-Split1,ALGS-Playoffs,Global,Overview,,,https://apexlegendsstatus.com/algs/Y4-Split1/ALGS-Playoffs/Global/Overview,overview,100,other,Scores,29,,,,,,,,,,,,,,FUR Keon,,,,,1m 58s,8m 29s,15m 59s,,,,,,,,,,,,,,,,,,,
playoffs_split1,ALGS Year 4 Split 1 Playoffs,https://apexlegendsstatus.com/algs/Y4-Split1/ALGS-Playoffs/Global/Overview,Y4-Split1,ALGS-Playoffs,Global,Overview,,,https://apexlegendsstatus.com/algs/Y4-Split1/ALGS-Playoffs/Global/Overview,overview,100,other,Scores,30,,,,,,,,,,,,,,SSG Frexs,,,,,1m 54s,10m 18s,14m 58s,,,,,,,,,,,,,,,,,,,
playoffs_split1,ALGS Year 4 Split 1 Playoffs,https://apexlegendsstatus.com/algs/Y4-Split1/ALGS-Playoffs/Global/Overview,Y4-Split1,ALGS-Playoffs,Global,Overview,,,https://apexlegendsstatus.com/algs/Y4-Split1/ALGS-Playoffs/Global/Overview,overview,100,other,Scores,31,,,,,,,,,,,,,,SSG Xynew,,,,,1m 57s,9m 34s,12m 51s,,,,,,,,,,,,,,,,,,,
playoffs_split1,ALGS Year 4 Split 1 Playoffs,https://apexlegendsstatus.com/algs/Y4-Split1/ALGS-Playoffs/Global/Overview,Y4-Split1,ALGS-Playoffs,Global,Overview,,,https://apexlegendsstatus.com/algs/Y4-Split1/ALGS-Playoffs/Global/Overview,overview,100,other,Scores,32,,,,,,,,,,,,,,SSG Phony,,,,,1m 57s,9m 57s,13m 22s,,,,,,,,,,,,,,,,,,,
playoffs_split1,ALGS Year 4 Split 1 Playoffs,https://apexlegendsstatus.com/algs/Y4-Split1/ALGS-Playoffs/Global/Overview,Y4-Split1,ALGS-Playoffs,Global,Overview,,,https://apexlegendsstatus.com/algs/Y4-Split1/ALGS-Playoffs/Global/Overview,overview,100,other,Scores,33,,,,,,,,,,,,,,COL Lou,,,,,2m 22s,10m 7s,-,,,,,,,,,,,,,,,,,,,
playoffs_split1,ALGS Year 4 Split 1 Playoffs,https://apexlegendsstatus.com/algs/Y4-Split1/ALGS-Playoffs/Global/Overview,Y4-Split1,ALGS-Playoffs,Global,Overview,,,https://apexlegendsstatus.com/algs/Y4-Split1/ALGS-Playoffs/Global/Overview,overview,100,other,Scores,34,,,,,,,,,,,,,,COL Monsoon,,,,,2m 25s,10m 44s,15m 33s,,,,,,,,,,,,,,,,,,,
playoffs_split1,ALGS Year 4 Split 1 Playoffs,https://apexlegendsstatus.com/algs/Y4-Split1/ALGS-Playoffs/Global/Overview,Y4-Split1,ALGS-Playoffs,Global,Overview,,,https://apexlegendsstatus.com/algs/Y4-Split1/ALGS-Playoffs/Global/Overview,overview,100,other,Scores,35,,,,,,,,,,,,,,COL KIMCHI,,,,,2m 30s,11m 23s,-,,,,,,,,,,,,,,,,,,,
playoffs_split1,ALGS Year 4 Split 1 Playoffs,https://apexlegendsstatus.com/algs/Y4-Split1/ALGS-Playoffs/Global/Overview,Y4-Split1,ALGS-Playoffs,Global,Overview,,,https://apexlegendsstatus.com/algs/Y4-Split1/ALGS-Playoffs/Global/Overview,overview,100,other,Scores,36,,,,,,,,,,,,,,PUA Artyco,,,,,2m 36s,11m 23s,16m 9s,,,,,,,,,,,,,,,,,,,
playoffs_split1,ALGS Year 4 Split 1 Playoffs,https://apexlegendsstatus.com/algs/Y4-Split1/ALGS-Playoffs/Global/Overview,Y4-Split1,ALGS-Playoffs,Global,Overview,,,https://apexlegendsstatus.com/algs/Y4-Split1/ALGS-Playoffs/Global/Overview,overview,100,other,Scores,37,,,,,,,,,,,,,,TSM Verhulst,,,,,1m 41s,7m 36s,13m 38s,,,,,,,,,,,,,,,,,,,
playoffs_split1,ALGS Year 4 Split 1 Playoffs,https://apexlegendsstatus.com/algs/Y4-Split1/ALGS-Playoffs/Global/Overview,Y4-Split1,ALGS-Playoffs,Global,Overview,,,https://apexlegendsstatus.com/algs/Y4-Split1/ALGS-Playoffs/Global/Overview,overview,100,other,Scores,38,,,,,,,,,,,,,,TSM Reps,,,,,1m 44s,7m 48s,13m,,,,,,,,,,,,,,,,,,,
playoffs_split1,ALGS Year 4 Split 1 Playoffs,https://apexlegendsstatus.com/algs/Y4-Split1/ALGS-Playoffs/Global/Overview,Y4-Split1,ALGS-Playoffs,Global,Overview,,,https://apexlegendsstatus.com/algs/Y4-Split1/ALGS-Playoffs/Global/Overview,overview,100,other,Scores,39,,,,,,,,,,,,,,MIH Taxington,,,,,1m 48s,10m 1s,11m 46s,,,,,,,,,,,,,,,,,,,
playoffs_split1,ALGS Year 4 Split 1 Playoffs,https://apexlegendsstatus.com/algs/Y4-Split1/ALGS-Playoffs/Global/Overview,Y4-Split1,ALGS-Playoffs,Global,Overview,,,https://apexlegendsstatus.com/algs/Y4-Split1/ALGS-Playoffs/Global/Overview,overview,100,other,Scores,40,,,,,,,,,,,,,,MIH arctic,,,,,1m 46s,9m 9s,13m 17s,,,,,,,,,,,,,,,,,,,
playoffs_split1,ALGS Year 4 Split 1 Playoffs,https://apexlegendsstatus.com/algs/Y4-Split1/ALGS-Playoffs/Global/Overview,Y4-Split1,ALGS-Playoffs,Global,Overview,,,https://apexlegendsstatus.com/algs/Y4-Split1/ALGS-Playoffs/Global/Overview,overview,100,other,Scores,41,,,,,,,,,,,,,,MIH Sinetic,,,,,1m 46s,9m 30s,14m 54s,,,,,,,,,,,,,,,,,,,
playoffs_split1,ALGS Year 4 Split 1 Playoffs,https://apexlegendsstatus.com/algs/Y4-Split1/ALGS-Playoffs/Global/Overview,Y4-Split1,ALGS-Playoffs,Global,Overview,,,https://apexlegendsstatus.com/algs/Y4-Split1/ALGS-Playoffs/Global/Overview,overview,100,other,Scores,42,,,,,,,,,,,,,,NTH YukaPEROdator,,,,,2m 49s,10m 47s,-,,,,,,,,,,,,,,,,,,,
playoffs_split1,ALGS Year 4 Split 1 Playoffs,https://apexlegendsstatus.com/algs/Y4-Split1/ALGS-Playoffs/Global/Overview,Y4-Split1,ALGS-Playoffs,Global,Overview,,,https://apexlegendsstatus.com/algs/Y4-Split1/ALGS-Playoffs/Global/Overview,overview,100,other,Scores,43,,,,,,,,,,,,,,NTH ReyzyGG,,,,,2m 14s,10m 15s,16m 7s,,,,,,,,,,,,,,,,,,,
playoffs_split1,ALGS Year 4 Split 1 Playoffs,https://apexlegendsstatus.com/algs/Y4-Split1/ALGS-Playoffs/Global/Overview,Y4-Split1,ALGS-Playoffs,Global,Overview,,,https://apexlegendsstatus.com/algs/Y4-Split1/ALGS-Playoffs/Global/Overview,overview,100,other,Scores,44,,,,,,,,,,,,,,NTH Taida,,,,,2m 30s,10m 30s,16m 23s,,,,,,,,,,,,,,,,,,,
playoffs_split1,ALGS Year 4 Split 1 Playoffs,https://apexlegendsstatus.com/algs/Y4-Split1/ALGS-Playoffs/Global/Overview,Y4-Split1,ALGS-Playoffs,Global,Overview,,,https://apexlegendsstatus.com/algs/Y4-Split1/ALGS-Playoffs/Global/Overview,overview,100,other,Scores,45,,,,,,,,,,,,,,FNC satuki,,,,,1m 36s,7m 26s,12m 34s,,,,,,,,,,,,,,,,,,,
playoffs_split1,ALGS Year 4 Split 1 Playoffs,https://apexlegendsstatus.com/algs/Y4-Split1/ALGS-Playoffs/Global/Overview,Y4-Split1,ALGS-Playoffs,Global,Overview,,,https://apexlegendsstatus.com/algs/Y4-Split1/ALGS-Playoffs/Global/Overview,overview,100,other,Scores,46,,,,,,,,,,,,,,BRD Vlatow,,,,,2m 7s,8m 8s,18m 55s,,,,,,,,,,,,,,,,,,,
playoffs_split1,ALGS Year 4 Split 1 Playoffs,https://apexlegendsstatus.com/algs/Y4-Split1/ALGS-Playoffs/Global/Overview,Y4-Split1,ALGS-Playoffs,Global,Overview,,,https://apexlegendsstatus.com/algs/Y4-Split1/ALGS-Playoffs/Global/Overview,overview,100,other,Scores,47,,,,,,,,,,,,,,BRD Azazel,,,,,2m 2s,8m 38s,18m 32s,,,,,,,,,,,,,,,,,,,
playoffs_split1,ALGS Year 4 Split 1 Playoffs,https://apexlegendsstatus.com/algs/Y4-Split1/ALGS-Playoffs/Global/Overview,Y4-Split1,ALGS-Playoffs,Global,Overview,,,https://apexlegendsstatus.com/algs/Y4-Split1/ALGS-Playoffs/Global/Overview,overview,100,other,Scores,48,,,,,,,,,,,,,,HAO wqtagashi,,,,,2m 50s,10m 40s,10m 56s,,,,,,,,,,,,,,,,,,,
playoffs_split1,ALGS Year 4 Split 1 Playoffs,https://apexlegendsstatus.com/algs/Y4-Split1/ALGS-Playoffs/Global/Overview,Y4-Split1,ALGS-Playoffs,Global,Overview,,,https://apexlegendsstatus.com/algs/Y4-Split1/ALGS-Playoffs/Global/Overview,overview,100,other,Scores,49,,,,,,,,,,,,,,FNC Lykq,,,,,1m 40s,7m 45s,10m 53s,,,,,,,,,,,,,,,,,,,
playoffs_split1,ALGS Year 4 Split 1 Playoffs,https://apexlegendsstatus.com/algs/Y4-Split1/ALGS-Playoffs/Global/Overview,Y4-Split1,ALGS-Playoffs,Global,Overview,,,https://apexlegendsstatus.com/algs/Y4-Split1/ALGS-Playoffs/Global/Overview,overview,100,other,Scores,50,,,,,,,,,,,,,,FNC YukaF,,,,,1m 27s,7m 19s,9m 32s,,,,,,,,,,,,,,,,,,,
playoffs_split1,ALGS Year 4 Split 1 Playoffs,https://apexlegendsstatus.com/algs/Y4-Split1/ALGS-Playoffs/Global/Overview,Y4-Split1,ALGS-Playoffs,Global,Overview,,,https://apexlegendsstatus.com/algs/Y4-Split1/ALGS-Playoffs/Global/Overview,overview,100,other,Scores,51,,,,,,,,,,,,,,TSM Imperialhal,,,,,1m 44s,7m 28s,13m 6s,,,,,,,,,,,,,,,,,,,
playoffs_split1,ALGS Year 4 Split 1 Playoffs,https://apexlegendsstatus.com/algs/Y4-Split1/ALGS-Playoffs/Global/Overview,Y4-Split1,ALGS-Playoffs,Global,Overview,,,https://apexlegendsstatus.com/algs/Y4-Split1/ALGS-Playoffs/Global/Overview,overview,100,other,Scores,52,,,,,,,,,,,,,,BGB Panayie,,,,,2m 2s,11m 51s,-,,,,,,,,,,,,,,,,,,,
playoffs_split1,ALGS Year 4 Split 1 Playoffs,https://apexlegendsstatus.com/algs/Y4-Split1/ALGS-Playoffs/Global/Overview,Y4-Split1,ALGS-Playoffs,Global,Overview,,,https://apexlegendsstatus.com/algs/Y4-Split1/ALGS-Playoffs/Global/Overview,overview,100,other,Scores,53,,,,,,,,,,,,,,BGB Fussy,,,,,1m 38s,11m 14s,14m 53s,,,,,,,,,,,,,,,,,,,
playoffs_split1,ALGS Year 4 Split 1 Playoffs,https://apexlegendsstatus.com/algs/Y4-Split1/ALGS-Playoffs/Global/Overview,Y4-Split1,ALGS-Playoffs,Global,Overview,,,https://apexlegendsstatus.com/algs/Y4-Split1/ALGS-Playoffs/Global/Overview,overview,100,other,Scores,54,,,,,,,,,,,,,,PUA MaxStrafe,,,,,2m 29s,10m 31s,14m 18s,,,,,,,,,,,,,,,,,,,
playoffs_split1,ALGS Year 4 Split 1 Playoffs,https://apexlegendsstatus.com/algs/Y4-Split1/ALGS-Playoffs/Global/Overview,Y4-Split1,ALGS-Playoffs,Global,Overview,,,https://apexlegendsstatus.com/algs/Y4-Split1/ALGS-Playoffs/Global/Overview,overview,100,other,Scores,55,,,,,,,,,,,,,,o7 Gnaske,,,,,1m 49s,8m 3s,13m 48s,,,,,,,,,,,,,,,,,,,
playoffs_split1,ALGS Year 4 Split 1 Playoffs,https://apexlegendsstatus.com/algs/Y4-Split1/ALGS-Playoffs/Global/Overview,Y4-Split1,ALGS-Playoffs,Global,Overview,,,https://apexlegendsstatus.com/algs/Y4-Split1/ALGS-Playoffs/Global/Overview,overview,100,other,Scores,56,,,,,,,,,,,,,,o7 Amphy,,,,,2m 1s,10m 8s,16m 44s,,,,,,,,,,,,,,,,,,,
playoffs_split1,ALGS Year 4 Split 1 Playoffs,https://apexlegendsstatus.com/algs/Y4-Split1/ALGS-Playoffs/Global/Overview,Y4-Split1,ALGS-Playoffs,Global,Overview,,,https://apexlegendsstatus.com/algs/Y4-Split1/ALGS-Playoffs/Global/Overview,overview,100,other,Scores,57,,,,,,,,,,,,,,o7 Naghz,,,,,1m 26s,8m 34s,13m 6s,,,,,,,,,,,,,,,,,,,
playoffs_split1,ALGS Year 4 Split 1 Playoffs,https://apexlegendsstatus.com/algs/Y4-Split1/ALGS-Playoffs/Global/Overview,Y4-Split1,ALGS-Playoffs,Global,Overview,,,https://apexlegendsstatus.com/algs/Y4-Split1/ALGS-Playoffs/Global/Overview,overview,100,other,Scores,58,,,,,,,,,,,,,,HRZ Bastiaan0Z,,,,,1m 54s,11m,14m 54s,,,,,,,,,,,,,,,,,,,
playoffs_split1,ALGS Year 4 Split 1 Playoffs,https://apexlegendsstatus.com/algs/Y4-Split1/ALGS-Playoffs/Global/Overview,Y4-Split1,ALGS-Playoffs,Global,Overview,,,https://apexlegendsstatus.com/algs/Y4-Split1/ALGS-Playoffs/Global/Overview,overview,100,other,Scores,59,,,,,,,,,,,,,,HRZ laheemx_,,,,,1m 51s,9m 58s,11m 52s,,,,,,,,,,,,,,,,,,,
playoffs_split1,ALGS Year 4 Split 1 Playoffs,https://apexlegendsstatus.com/algs/Y4-Split1/ALGS-Playoffs/Global/Overview,Y4-Split1,ALGS-Playoffs,Global,Overview,,,https://apexlegendsstatus.com/algs/Y4-Split1/ALGS-Playoffs/Global/Overview,overview,100,other,Scores,60,,,,,,,,,,,,,,HRZ Kisanss,,,,,2m,11m 13s,16m 11s,,,,,,,,,,,,,,,,,,,
playoffs_split1,ALGS Year 4 Split 1 Playoffs,https://apexlegendsstatus.com/algs/Y4-Split1/ALGS-Playoffs/Global/Overview,Y4-Split1,ALGS-Playoffs,Global,Overview,,,https://apexlegendsstatus.com/algs/Y4-Split1/ALGS-Playoffs/Global/Overview,overview,100,other,Scores,61,,,,,,,,,,,,,,GRD PANIC,,,,,2m,9m 50s,12m 51s,,,,,,,,,,,,,,,,,,,
playoffs_split1,ALGS Year 4 Split 1 Playoffs,https://apexlegendsstatus.com/algs/Y4-Split1/ALGS-Playoffs/Global/Overview,Y4-Split1,ALGS-Playoffs,Global,Overview,,,https://apexlegendsstatus.com/algs/Y4-Split1/ALGS-Playoffs/Global/Overview,overview,100,other,Scores,62,,,,,,,,,,,,,,GRD Zillxch,,,,,2m 16s,11m 19s,17m 15s,,,,,,,,,,,,,,,,,,,
playoffs_split1,ALGS Year 4 Split 1 Playoffs,https://apexlegendsstatus.com/algs/Y4-Split1/ALGS-Playoffs/Global/Overview,Y4-Split1,ALGS-Playoffs,Global,Overview,,,https://apexlegendsstatus.com/algs/Y4-Split1/ALGS-Playoffs/Global/Overview,overview,100,other,Scores,63,,,,,,,,,,,,,,CR Dogma,,,,,1m 44s,10m 14s,12m 46s,,,,,,,,,,,,,,,,,,,
playoffs_split1,ALGS Year 4 Split 1 Playoffs,https://apexlegendsstatus.com/algs/Y4-Split1/ALGS-Playoffs/Global/Overview,Y4-Split1,ALGS-Playoffs,Global,Overview,,,https://apexlegendsstatus.com/algs/Y4-Split1/ALGS-Playoffs/Global/Overview,overview,100,other,Scores,64,,,,,,,,,,,,,,OMIT lighT,,,,,1m 39s,10m 25s,15m 51s,,,,,,,,,,,,,,,,,,,
playoffs_split1,ALGS Year 4 Split 1 Playoffs,https://apexlegendsstatus.com/algs/Y4-Split1/ALGS-Playoffs/Global/Overview,Y4-Split1,ALGS-Playoffs,Global,Overview,,,https://apexlegendsstatus.com/algs/Y4-Split1/ALGS-Playoffs/Global/Overview,overview,100,other,Scores,65,,,,,,,,,,,,,,KN 1tappy,,,,,2m 45s,11m 42s,7m 16s,,,,,,,,,,,,,,,,,,,
playoffs_split1,ALGS Year 4 Split 1 Playoffs,https://apexlegendsstatus.com/algs/Y4-Split1/ALGS-Playoffs/Global/Overview,Y4-Split1,ALGS-Playoffs,Global,Overview,,,https://apexlegendsstatus.com/algs/Y4-Split1/ALGS-Playoffs/Global/Overview,overview,100,other,Scores,66,,,,,,,,,,,,,,KN 4rufa,,,,,2m 45s,10m 5s,17m 34s,,,,,,,,,,,,,,,,,,,
playoffs_split1,ALGS Year 4 Split 1 Playoffs,https://apexlegendsstatus.com/algs/Y4-Split1/ALGS-Playoffs/Global/Overview,Y4-Split1,ALGS-Playoffs,Global,Overview,,,https://apexlegendsstatus.com/algs/Y4-Split1/ALGS-Playoffs/Global/Overview,overview,100,other,Scores,67,,,,,,,,,,,,,,KN MiaK,,,,,2m 36s,10m 9s,15m 3s,,,,,,,,,,,,,,,,,,,
playoffs_split1,ALGS Year 4 Split 1 Playoffs,https://apexlegendsstatus.com/algs/Y4-Split1/ALGS-Playoffs/Global/Overview,Y4-Split1,ALGS-Playoffs,Global,Overview,,,https://apexlegendsstatus.com/algs/Y4-Split1/ALGS-Playoffs/Global/Overview,overview,100,other,Scores,68,,,,,,,,,,,,,,2R1C Hiarka,,,,,1m 40s,7m 17s,14m 23s,,,,,,,,,,,,,,,,,,,
playoffs_split1,ALGS Year 4 Split 1 Playoffs,https://apexlegendsstatus.com/algs/Y4-Split1/ALGS-Playoffs/Global/Overview,Y4-Split1,ALGS-Playoffs,Global,Overview,,,https://apexlegendsstatus.com/algs/Y4-Split1/ALGS-Playoffs/Global/Overview,overview,100,other,Scores,69,,,,,,,,,,,,,,2R1C Uxako,,,,,1m 42s,6m 53s,6m 35s,,,,,,,,,,,,,,,,,,,
playoffs_split1,ALGS Year 4 Split 1 Playoffs,https://apexlegendsstatus.com/algs/Y4-Split1/ALGS-Playoffs/Global/Overview,Y4-Split1,ALGS-Playoffs,Global,Overview,,,https://apexlegendsstatus.com/algs/Y4-Split1/ALGS-Playoffs/Global/Overview,overview,100,other,Scores,70,,,,,,,,,,,,,,2R1C Mysi,,,,,1m 26s,5m 52s,11m 2s,,,,,,,,,,,,,,,,,,,
playoffs_split1,ALGS Year 4 Split 1 Playoffs,https://apexlegendsstatus.com/algs/Y4-Split1/ALGS-Playoffs/Global/Overview,Y4-Split1,ALGS-Playoffs,Global,Overview,,,https://apexlegendsstatus.com/algs/Y4-Split1/ALGS-Playoffs/Global/Overview,overview,100,other,Scores,71,,,,,,,,,,,,,,C9 sauceror,,,,,1m 22s,10m 3s,15m 4s,,,,,,,,,,,,,,,,,,,
playoffs_split1,ALGS Year 4 Split 1 Playoffs,https://apexlegendsstatus.com/algs/Y4-Split1/ALGS-Playoffs/Global/Overview,Y4-Split1,ALGS-Playoffs,Global,Overview,,,https://apexlegendsstatus.com/algs/Y4-Split1/ALGS-Playoffs/Global/Overview,overview,100,other,Scores,72,,,,,,,,,,,,,,C9 Naughty,,,,,1m 21s,11m 10s,15m 41s,,,,,,,,,,,,,,,,,,,
playoffs_split1,ALGS Year 4 Split 1 Playoffs,https://apexlegendsstatus.com/algs/Y4-Split1/ALGS-Playoffs/Global/Overview,Y4-Split1,ALGS-Playoffs,Global,Overview,,,https://apexlegendsstatus.com/algs/Y4-Split1/ALGS-Playoffs/Global/Overview,overview,100,other,Scores,73,,,,,,,,,,,,,,C9 ChaoticMuch,,,,,1m 21s,10m 33s,15m 52s,,,,,,,,,,,,,,,,,,,
playoffs_split1,ALGS Year 4 Split 1 Playoffs,https://apexlegendsstatus.com/algs/Y4-Split1/ALGS-Playoffs/Global/Overview,Y4-Split1,ALGS-Playoffs,Global,Overview,,,https://apexlegendsstatus.com/algs/Y4-Split1/ALGS-Playoffs/Global/Overview,overview,100,other,Scores,74,,,,,,,,,,,,,,DZ Genburten,,,,,1m 26s,8m 21s,13m 51s,,,,,,,,,,,,,,,,,,,
playoffs_split1,ALGS Year 4 Split 1 Playoffs,https://apexlegendsstatus.com/algs/Y4-Split1/ALGS-Playoffs/Global/Overview,Y4-Split1,ALGS-Playoffs,Global,Overview,,,https://apexlegendsstatus.com/algs/Y4-Split1/ALGS-Playoffs/Global/Overview,overview,100,other,Scores,75,,,,,,,,,,,,,,DZ Sikezz,,,,,1m 42s,8m 25s,15m 15s,,,,,,,,,,,,,,,,,,,
playoffs_split1,ALGS Year 4 Split 1 Playoffs,https://apexlegendsstatus.com/algs/Y4-Split1/ALGS-Playoffs/Global/Overview,Y4-Split1,ALGS-Playoffs,Global,Overview,,,https://apexlegendsstatus.com/algs/Y4-Split1/ALGS-Playoffs/Global/Overview,overview,100,other,Scores,76,,,,,,,,,,,,,,DZ Zer0,,,,,1m 36s,8m 30s,11m 58s,,,,,,,,,,,,,,,,,,,
playoffs_split1,ALGS Year 4 Split 1 Playoffs,https://apexlegendsstatus.com/algs/Y4-Split1/ALGS-Playoffs/Global/Overview,Y4-Split1,ALGS-Playoffs,Global,Overview,,,https://apexlegendsstatus.com/algs/Y4-Split1/ALGS-Playoffs/Global/Overview,overview,100,other,Scores,77,,,,,,,,,,,,,,DSG Enemy,,,,,1m 33s,6m 57s,15m 50s,,,,,,,,,,,,,,,,,,,
playoffs_split1,ALGS Year 4 Split 1 Playoffs,https://apexlegendsstatus.com/algs/Y4-Split1/ALGS-Playoffs/Global/Overview,Y4-Split1,ALGS-Playoffs,Global,Overview,,,https://apexlegendsstatus.com/algs/Y4-Split1/ALGS-Playoffs/Global/Overview,overview,100,other,Scores,78,,,,,,,,,,,,,,DSG iiTzTimmy,,,,,1m 26s,6m 58s,14m 7s,,,,,,,,,,,,,,,,,,,
playoffs_split1,ALGS Year 4 Split 1 Playoffs,https://apexlegendsstatus.com/algs/Y4-Split1/ALGS-Playoffs/Global/Overview,Y4-Split1,ALGS-Playoffs,Global,Overview,,,https://apexlegendsstatus.com/algs/Y4-Split1/ALGS-Playoffs/Global/Overview,overview,100,other,Scores,79,,,,,,,,,,,,,,DSG Dezignful,,,,,1m 31s,6m 42s,13m 51s,,,,,,,,,,,,,,,,,,,
playoffs_split1,ALGS Year 4 Split 1 Playoffs,https://apexlegendsstatus.com/algs/Y4-Split1/ALGS-Playoffs/Global/Overview,Y4-Split1,ALGS-Playoffs,Global,Overview,,,https://apexlegendsstatus.com/algs/Y4-Split1/ALGS-Playoffs/Global/Overview,overview,100,other,Scores,80,,,,,,,,,,,,,,CR jungHee,,,,,1m 55s,9m 27s,17m 52s,,,,,,,,,,,,,,,,,,,
playoffs_split1,ALGS Year 4 Split 1 Playoffs,https://apexlegendsstatus.com/algs/Y4-Split1/ALGS-Playoffs/Global/Overview,Y4-Split1,ALGS-Playoffs,Global,Overview,,,https://apexlegendsstatus.com/algs/Y4-Split1/ALGS-Playoffs/Global/Overview,overview,100,other,Scores,81,,,,,,,,,,,,,,CR Jusna,,,,,1m 47s,9m 21s,15m 52s,,,,,,,,,,,,,,,,,,,
playoffs_split1,ALGS Year 4 Split 1 Playoffs,https://apexlegendsstatus.com/algs/Y4-Split1/ALGS-Playoffs/Global/Overview,Y4-Split1,ALGS-Playoffs,Global,Overview,,,https://apexlegendsstatus.com/algs/Y4-Split1/ALGS-Playoffs/Global/Overview,overview,100,other,Scores,82,,,,,,,,,,,,,,TLAW lYanYal,,,,,1m 48s,8m 47s,16m 39s,,,,,,,,,,,,,,,,,,,
playoffs_split1,ALGS Year 4 Split 1 Playoffs,https://apexlegendsstatus.com/algs/Y4-Split1/ALGS-Playoffs/Global/Overview,Y4-Split1,ALGS-Playoffs,Global,Overview,,,https://apexlegendsstatus.com/algs/Y4-Split1/ALGS-Playoffs/Global/Overview,overview,100,other,Scores,83,,,,,,,,,,,,,,TLAW jaguaresl,,,,,1m 45s,8m 45s,16m 52s,,,,,,,,,,,,,,,,,,,
playoffs_split1,ALGS Year 4 Split 1 Playoffs,https://apexlegendsstatus.com/algs/Y4-Split1/ALGS-Playoffs/Global/Overview,Y4-Split1,ALGS-Playoffs,Global,Overview,,,https://apexlegendsstatus.com/algs/Y4-Split1/ALGS-Playoffs/Global/Overview,overview,100,other,Scores,84,,,,,,,,,,,,,,TLAW NeazuI,,,,,1m 47s,8m 8s,10m 35s,,,,,,,,,,,,,,,,,,,
playoffs_split1,ALGS Year 4 Split 1 Playoffs,https://apexlegendsstatus.com/algs/Y4-Split1/ALGS-Playoffs/Global/Overview,Y4-Split1,ALGS-Playoffs,Global,Overview,,,https://apexlegendsstatus.com/algs/Y4-Split1/ALGS-Playoffs/Global/Overview,overview,100,other,Scores,85,,,,,,,,,,,,,,OXG Vein,,,,,1m 59s,10m 43s,15m 10s,,,,,,,,,,,,,,,,,,,
playoffs_split1,ALGS Year 4 Split 1 Playoffs,https://apexlegendsstatus.com/algs/Y4-Split1/ALGS-Playoffs/Global/Overview,Y4-Split1,ALGS-Playoffs,Global,Overview,,,https://apexlegendsstatus.com/algs/Y4-Split1/ALGS-Playoffs/Global/Overview,overview,100,other,Scores,86,,,,,,,,,,,,,,OMIT Blasts,,,,,2m 5s,10m 44s,19m 4s,,,,,,,,,,,,,,,,,,,
playoffs_split1,ALGS Year 4 Split 1 Playoffs,https://apexlegendsstatus.com/algs/Y4-Split1/ALGS-Playoffs/Global/Overview,Y4-Split1,ALGS-Playoffs,Global,Overview,,,https://apexlegendsstatus.com/algs/Y4-Split1/ALGS-Playoffs/Global/Overview,overview,100,other,Scores,87,,,,,,,,,,,,,,OMIT Lufka,,,,,2m 2s,9m 19s,12m,,,,,,,,,,,,,,,,,,,
playoffs_split1,ALGS Year 4 Split 1 Playoffs,https://apexlegendsstatus.com/algs/Y4-Split1/ALGS-Playoffs/Global/Overview,Y4-Split1,ALGS-Playoffs,Global,Overview,,,https://apexlegendsstatus.com/algs/Y4-Split1/ALGS-Playoffs/Global/Overview,overview,100,other,Scores,88,,,,,,,,,,,,,,RC obly,,,,,2m 3s,10m 2s,15m 13s,,,,,,,,,,,,,,,,,,,
playoffs_split1,ALGS Year 4 Split 1 Playoffs,https://apexlegendsstatus.com/algs/Y4-Split1/ALGS-Playoffs/Global/Overview,Y4-Split1,ALGS-Playoffs,Global,Overview,,,https://apexlegendsstatus.com/algs/Y4-Split1/ALGS-Playoffs/Global/Overview,overview,100,other,Scores,89,,,,,,,,,,,,,,RC KaronPe,,,,,2m 3s,10m 58s,17m 22s,,,,,,,,,,,,,,,,,,,
playoffs_split1,ALGS Year 4 Split 1 Playoffs,https://apexlegendsstatus.com/algs/Y4-Split1/ALGS-Playoffs/Global/Overview,Y4-Split1,ALGS-Playoffs,Global,Overview,,,https://apexlegendsstatus.com/algs/Y4-Split1/ALGS-Playoffs/Global/Overview,overview,100,other,Scores,90,,,,,,,,,,,,,,RC SangJoon,,,,,2m 6s,9m 31s,14m 16s,,,,,,,,,,,,,,,,,,,
playoffs_split1,ALGS Year 4 Split 1 Playoffs,https://apexlegendsstatus.com/algs/Y4-Split1/ALGS-Playoffs/Global/Overview,Y4-Split1,ALGS-Playoffs,Global,Overview,,,https://apexlegendsstatus.com/algs/Y4-Split1/ALGS-Playoffs/Global/Overview,overview,100,other,Scores,91,,,,,,,,,,,,,,NAVI KIND4,,,,,1m 37s,8m 8s,15m 13s,,,,,,,,,,,,,,,,,,,
playoffs_split1,ALGS Year 4 Split 1 Playoffs,https://apexlegendsstatus.com/algs/Y4-Split1/ALGS-Playoffs/Global/Overview,Y4-Split1,ALGS-Playoffs,Global,Overview,,,https://apexlegendsstatus.com/algs/Y4-Split1/ALGS-Playoffs/Global/Overview,overview,100,other,Scores,92,,,,,,,,,,,,,,NAVI Tylerfps,,,,,1m 37s,9m 12s,16m 18s,,,,,,,,,,,,,,,,,,,
playoffs_split1,ALGS Year 4 Split 1 Playoffs,https://apexlegendsstatus.com/algs/Y4-Split1/ALGS-Playoffs/Global/Overview,Y4-Split1,ALGS-Playoffs,Global,Overview,,,https://apexlegendsstatus.com/algs/Y4-Split1/ALGS-Playoffs/Global/Overview,overview,100,other,Scores,93,,,,,,,,,,,,,,NAVI MaTaFe,,,,,1m 36s,9m 15s,16m 16s,,,,,,,,,,,,,,,,,,,
playoffs_split1,ALGS Year 4 Split 1 Playoffs,https://apexlegendsstatus.com/algs/Y4-Split1/ALGS-Playoffs/Global/Overview,Y4-Split1,ALGS-Playoffs,Global,Overview,,,https://apexlegendsstatus.com/algs/Y4-Split1/ALGS-Playoffs/Global/Overview,overview,100,other,Scores,94,,,,,,,,,,,,,,MDYW LqDuD,,,,,2m 15s,9m 52s,15m 40s,,,,,,,,,,,,,,,,,,,
playoffs_split1,ALGS Year 4 Split 1 Playoffs,https://apexlegendsstatus.com/algs/Y4-Split1/ALGS-Playoffs/Global/Overview,Y4-Split1,ALGS-Playoffs,Global,Overview,,,https://apexlegendsstatus.com/algs/Y4-Split1/ALGS-Playoffs/Global/Overview,overview,100,other,Scores,95,,,,,,,,,,,,,,MDYW FeiJu,,,,,1m 58s,8m 57s,12m 9s,,,,,,,,,,,,,,,,,,,
playoffs_split1,ALGS Year 4 Split 1 Playoffs,https://apexlegendsstatus.com/algs/Y4-Split1/ALGS-Playoffs/Global/Overview,Y4-Split1,ALGS-Playoffs,Global,Overview,,,https://apexlegendsstatus.com/algs/Y4-Split1/ALGS-Playoffs/Global/Overview,overview,100,other,Scores,96,,,,,,,,,,,,,,MDYW MingYue,,,,,2m 4s,7m 44s,-,,,,,,,,,,,,,,,,,,,
playoffs_split1,ALGS Year 4 Split 1 Playoffs,https://apexlegendsstatus.com/algs/Y4-Split1/ALGS-Playoffs/Global/Overview,Y4-Split1,ALGS-Playoffs,Global,Overview,,,https://apexlegendsstatus.com/algs/Y4-Split1/ALGS-Playoffs/Global/Overview,overview,100,other,Scores,97,,,,,,,,,,,,,,OXG Aidan,,,,,1m 57s,9m 57s,19m 11s,,,,,,,,,,,,,,,,,,,
playoffs_split1,ALGS Year 4 Split 1 Playoffs,https://apexlegendsstatus.com/algs/Y4-Split1/ALGS-Playoffs/Global/Overview,Y4-Split1,ALGS-Playoffs,Global,Overview,,,https://apexlegendsstatus.com/algs/Y4-Split1/ALGS-Playoffs/Global/Overview,overview,100,other,Scores,98,,,,,,,,,,,,,,RR Datch,,,,,2m 37s,8m 7s,12m 34s,,,,,,,,,,,,,,,,,,,
playoffs_split1,ALGS Year 4 Split 1 Playoffs,https://apexlegendsstatus.com/algs/Y4-Split1/ALGS-Playoffs/Global/Overview,Y4-Split1,ALGS-Playoffs,Global,Overview,,,https://apexlegendsstatus.com/algs/Y4-Split1/ALGS-Playoffs/Global/Overview,overview,100,other,Scores,99,,,,,,,,,,,,,,RR wayachang,,,,,2m 39s,8m 26s,18m 6s,,,,,,,,,,,,,,,,,,,
playoffs_split1,ALGS Year 4 Split 1 Playoffs,https://apexlegendsstatus.com/algs/Y4-Split1/ALGS-Playoffs/Global/Overview,Y4-Split1,ALGS-Playoffs,Global,Overview,,,https://apexlegendsstatus.com/algs/Y4-Split1/ALGS-Playoffs/Global/Overview,overview,100,other,Scores,100,,,,,,,,,,,,,,RR Tikochan,,,,,2m 29s,8m 1s,15m 39s,,,,,,,,,,,,,,,,,,,
playoffs_split1,ALGS Year 4 Split 1 Playoffs,https://apexlegendsstatus.com/algs/Y4-Split1/ALGS-Playoffs/Global/Overview,Y4-Split1,ALGS-Playoffs,Global,Overview,,,https://apexlegendsstatus.com/algs/Y4-Split1/ALGS-Playoffs/Global/Overview,overview,100,other,Scores,101,,,,,,,,,,,,,,AUR Hardecki,,,,,2m 30s,6m 43s,8m,,,,,,,,,,,,,,,,,,,
playoffs_split1,ALGS Year 4 Split 1 Playoffs,https://apexlegendsstatus.com/algs/Y4-Split1/ALGS-Playoffs/Global/Overview,Y4-Split1,ALGS-Playoffs,Global,Overview,,,https://apexlegendsstatus.com/algs/Y4-Split1/ALGS-Playoffs/Global/Overview,overview,100,other,Scores,102,,,,,,,,,,,,,,AUR ojrein,,,,,2m 52s,7m 22s,10m 38s,,,,,,,,,,,,,,,,,,,
playoffs_split1,ALGS Year 4 Split 1 Playoffs,https://apexlegendsstatus.com/algs/Y4-Split1/ALGS-Playoffs/Global/Overview,Y4-Split1,ALGS-Playoffs,Global,Overview,,,https://apexlegendsstatus.com/algs/Y4-Split1/ALGS-Playoffs/Global/Overview,overview,100,other,Scores,103,,,,,,,,,,,,,,AUR 9impulse,,,,,2m 59s,7m 25s,12m 36s,,,,,,,,,,,,,,,,,,,
playoffs_split1,ALGS Year 4 Split 1 Playoffs,https://apexlegendsstatus.com/algs/Y4-Split1/ALGS-Playoffs/Global/Overview,Y4-Split1,ALGS-Playoffs,Global,Overview,,,https://apexlegendsstatus.com/algs/Y4-Split1/ALGS-Playoffs/Global/Overview,overview,100,other,Scores,104,,,,,,,,,,,,,,LG Slayr,,,,,1m 57s,9m 22s,15m 42s,,,,,,,,,,,,,,,,,,,
playoffs_split1,ALGS Year 4 Split 1 Playoffs,https://apexlegendsstatus.com/algs/Y4-Split1/ALGS-Playoffs/Global/Overview,Y4-Split1,ALGS-Playoffs,Global,Overview,,,https://apexlegendsstatus.com/algs/Y4-Split1/ALGS-Playoffs/Global/Overview,overview,100,other,Scores,105,,,,,,,,,,,,,,LG Sweet,,,,,1m 55s,9m 48s,14m 29s,,,,,,,,,,,,,,,,,,,
playoffs_split1,ALGS Year 4 Split 1 Playoffs,https://apexlegendsstatus.com/algs/Y4-Split1/ALGS-Playoffs/Global/Overview,Y4-Split1,ALGS-Playoffs,Global,Overview,,,https://apexlegendsstatus.com/algs/Y4-Split1/ALGS-Playoffs/Global/Overview,overview,100,other,Scores,106,,,,,,,,,,,,,,LG Fuhhnq,,,,,1m 54s,10m 24s,13m 27s,,,,,,,,,,,,,,,,,,,
playoffs_split1,ALGS Year 4 Split 1 Playoffs,https://apexlegendsstatus.com/algs/Y4-Split1/ALGS-Playoffs/Global/Overview,Y4-Split1,ALGS-Playoffs,Global,Overview,,,https://apexlegendsstatus.com/algs/Y4-Split1/ALGS-Playoffs/Global/Overview,overview,100,other,Scores,107,,,,,,,,,,,,,,VP Prycyy,,,,,2m 1s,13m 26s,12m 42s,,,,,,,,,,,,,,,,,,,
playoffs_split1,ALGS Year 4 Split 1 Playoffs,https://apexlegendsstatus.com/algs/Y4-Split1/ALGS-Playoffs/Global/Overview,Y4-Split1,ALGS-Playoffs,Global,Overview,,,https://apexlegendsstatus.com/algs/Y4-Split1/ALGS-Playoffs/Global/Overview,overview,100,other,Scores,108,,,,,,,,,,,,,,VP Wey,,,,,2m 10s,14m 9s,-,,,,,,,,,,,,,,,,,,,
playoffs_split1,ALGS Year 4 Split 1 Playoffs,https://apexlegendsstatus.com/algs/Y4-Split1/ALGS-Playoffs/Global/Overview,Y4-Split1,ALGS-Playoffs,Global,Overview,,,https://apexlegendsstatus.com/algs/Y4-Split1/ALGS-Playoffs/Global/Overview,overview,100,other,Scores,109,,,,,,,,,,,,,,VP Sharky,,,,,1m 57s,13m 7s,16m 36s,,,,,,,,,,,,,,,,,,,
playoffs_split1,ALGS Year 4 Split 1 Playoffs,https://apexlegendsstatus.com/algs/Y4-Split1/ALGS-Playoffs/Global/Overview,Y4-Split1,ALGS-Playoffs,Global,Overview,,,https://apexlegendsstatus.com/algs/Y4-Split1/ALGS-Playoffs/Global/Overview,overview,100,other,Scores,110,,,,,,,,,,,,,,SRN Jeskoesk,,,,,2m 6s,10m 35s,11m 7s,,,,,,,,,,,,,,,,,,,
playoffs_split1,ALGS Year 4 Split 1 Playoffs,https://apexlegendsstatus.com/algs/Y4-Split1/ALGS-Playoffs/Global/Overview,Y4-Split1,ALGS-Playoffs,Global,Overview,,,https://apexlegendsstatus.com/algs/Y4-Split1/ALGS-Playoffs/Global/Overview,overview,100,other,Scores,111,,,,,,,,,,,,,,SRN Legacy,,,,,2m 9s,12m 9s,14m 19s,,,,,,,,,,,,,,,,,,,
playoffs_split1,ALGS Year 4 Split 1 Playoffs,https://apexlegendsstatus.com/algs/Y4-Split1/ALGS-Playoffs/Global/Overview,Y4-Split1,ALGS-Playoffs,Global,Overview,,,https://apexlegendsstatus.com/algs/Y4-Split1/ALGS-Playoffs/Global/Overview,overview,100,other,Scores,112,,,,,,,,,,,,,,SRN Buegy,,,,,2m 26s,11m 45s,-,,,,,,,,,,,,,,,,,,,
playoffs_split1,ALGS Year 4 Split 1 Playoffs,https://apexlegendsstatus.com/algs/Y4-Split1/ALGS-Playoffs/Global/Overview,Y4-Split1,ALGS-Playoffs,Global,Overview,,,https://apexlegendsstatus.com/algs/Y4-Split1/ALGS-Playoffs/Global/Overview,overview,100,other,Scores,113,,,,,,,,,,,,,,TYK DEXTER,,,,,2m 38s,8m 19s,13m 55s,,,,,,,,,,,,,,,,,,,
playoffs_split1,ALGS Year 4 Split 1 Playoffs,https://apexlegendsstatus.com/algs/Y4-Split1/ALGS-Playoffs/Global/Overview,Y4-Split1,ALGS-Playoffs,Global,Overview,,,https://apexlegendsstatus.com/algs/Y4-Split1/ALGS-Playoffs/Global/Overview,overview,100,other,Scores,114,,,,,,,,,,,,,,TYK Z1CKKY,,,,,2m 19s,7m 54s,11m,,,,,,,,,,,,,,,,,,,
playoffs_split1,ALGS Year 4 Split 1 Playoffs,https://apexlegendsstatus.com/algs/Y4-Split1/ALGS-Playoffs/Global/Overview,Y4-Split1,ALGS-Playoffs,Global,Overview,,,https://apexlegendsstatus.com/algs/Y4-Split1/ALGS-Playoffs/Global/Overview,overview,100,other,Scores,115,,,,,,,,,,,,,,TYK ASIAZXD,,,,,2m 38s,8m 6s,12m 49s,,,,,,,,,,,,,,,,,,,
playoffs_split1,ALGS Year 4 Split 1 Playoffs,https://apexlegendsstatus.com/algs/Y4-Split1/ALGS-Playoffs/Global/Overview,Y4-Split1,ALGS-Playoffs,Global,Overview,,,https://apexlegendsstatus.com/algs/Y4-Split1/ALGS-Playoffs/Global/Overview,overview,100,other,Scores,116,,,,,,,,,,,,,,OXG Reedz,,,,,2m 13s,10m 44s,16m 1s,,,,,,,,,,,,,,,,,,,
playoffs_split1,ALGS Year 4 Split 1 Playoffs,https://apexlegendsstatus.com/algs/Y4-Split1/ALGS-Playoffs/Global/Overview,Y4-Split1,ALGS-Playoffs,Global,Overview,,,https://apexlegendsstatus.com/algs/Y4-Split1/ALGS-Playoffs/Global/Overview,overview,100,other,Scores,117,,,,,,,,,,,,,,NTC AGL_QQ,,,,,2m 15s,11m 41s,-,,,,,,,,,,,,,,,,,,,
playoffs_split1,ALGS Year 4 Split 1 Playoffs,https://apexlegendsstatus.com/algs/Y4-Split1/ALGS-Playoffs/Global/Overview,Y4-Split1,ALGS-Playoffs,Global,Overview,,,https://apexlegendsstatus.com/algs/Y4-Split1/ALGS-Playoffs/Global/Overview,overview,100,other,Scores,118,,,,,,,,,,,,,,NTC corn,,,,,2m 49s,11m 32s,-,,,,,,,,,,,,,,,,,,,
playoffs_split1,ALGS Year 4 Split 1 Playoffs,https://apexlegendsstatus.com/algs/Y4-Split1/ALGS-Playoffs/Global/Overview,Y4-Split1,ALGS-Playoffs,Global,Overview,,,https://apexlegendsstatus.com/algs/Y4-Split1/ALGS-Playoffs/Global/Overview,overview,100,other,Scores,119,,,,,,,,,,,,,,GRD renatricky,,,,,2m 13s,11m 9s,14m 44s,,,,,,,,,,,,,,,,,,,
playoffs_split1,ALGS Year 4 Split 1 Playoffs,https://apexlegendsstatus.com/algs/Y4-Split1/ALGS-Playoffs/Global/Overview,Y4-Split1,ALGS-Playoffs,Global,Overview,,,https://apexlegendsstatus.com/algs/Y4-Split1/ALGS-Playoffs/Global/Overview,overview,100,other,Scores,120,,,,,,,,,,,,,,NTC joker_o,,,,,2m 18s,9m 59s,-,,,,,,,,,,,,,,,,,,,
playoffs_split1,ALGS Year 4 Split 1 Playoffs,https://apexlegendsstatus.com/algs/Y4-Split1/ALGS-Playoffs/Global/Overview,Y4-Split1,ALGS-Playoffs,Global,Overview,,,https://apexlegendsstatus.com/algs/Y4-Split1/ALGS-Playoffs/Global/Overview,overview,101,other,Scores,1,,,,,,,,,,,,,,DZ Genburten,,,,,,,,,1,88.39,30.89,71.56,2.06,988.38,1.31,,,,,,,,,,,
playoffs_split1,ALGS Year 4 Split 1 Playoffs,https://apexlegendsstatus.com/algs/Y4-Split1/ALGS-Playoffs/Global/Overview,Y4-Split1,ALGS-Playoffs,Global,Overview,,,https://apexlegendsstatus.com/algs/Y4-Split1/ALGS-Playoffs/Global/Overview,overview,101,other,Scores,2,,,,,,,,,,,,,,FNC Lykq,,,,,,,,,2,71.94,28.60,60.32,2.25,749.94,1.13,,,,,,,,,,,
playoffs_split1,ALGS Year 4 Split 1 Playoffs,https://apexlegendsstatus.com/algs/Y4-Split1/ALGS-Playoffs/Global/Overview,Y4-Split1,ALGS-Playoffs,Global,Overview,,,https://apexlegendsstatus.com/algs/Y4-Split1/ALGS-Playoffs/Global/Overview,overview,101,other,Scores,3,,,,,,,,,,,,,,RC SangJoon,,,,,,,,,3,65.99,17.88,50.32,1.41,874.34,1.57,,,,,,,,,,,
playoffs_split1,ALGS Year 4 Split 1 Playoffs,https://apexlegendsstatus.com/algs/Y4-Split1/ALGS-Playoffs/Global/Overview,Y4-Split1,ALGS-Playoffs,Global,Overview,,,https://apexlegendsstatus.com/algs/Y4-Split1/ALGS-Playoffs/Global/Overview,overview,101,other,Scores,4,,,,,,,,,,,,,,DZ Zer0,,,,,,,,,4,61.94,-8.78,31.90,1.81,867.16,1.04,,,,,,,,,,,
playoffs_split1,ALGS Year 4 Split 1 Playoffs,https://apexlegendsstatus.com/algs/Y4-Split1/ALGS-Playoffs/Global/Overview,Y4-Split1,ALGS-Playoffs,Global,Overview,,,https://apexlegendsstatus.com/algs/Y4-Split1/ALGS-Playoffs/Global/Overview,overview,101,other,Scores,5,,,,,,,,,,,,,,RC obly,,,,,,,,,5,61.69,11.42,43.87,1.59,809.19,1.38,,,,,,,,,,,
playoffs_split1,ALGS Year 4 Split 1 Playoffs,https://apexlegendsstatus.com/algs/Y4-Split1/ALGS-Playoffs/Global/Overview,Y4-Split1,ALGS-Playoffs,Global,Overview,,,https://apexlegendsstatus.com/algs/Y4-Split1/ALGS-Playoffs/Global/Overview,overview,101,other,Scores,6,,,,,,,,,,,,,,DZ Sikezz,,,,,,,,,6,53.05,-22.11,18.57,1.66,776.66,1.13,,,,,,,,,,,
playoffs_split1,ALGS Year 4 Split 1 Playoffs,https://apexlegendsstatus.com/algs/Y4-Split1/ALGS-Playoffs/Global/Overview,Y4-Split1,ALGS-Playoffs,Global,Overview,,,https://apexlegendsstatus.com/algs/Y4-Split1/ALGS-Playoffs/Global/Overview,overview,101,other,Scores,7,,,,,,,,,,,,,,FNC YukaF,,,,,,,,,7,45.78,-10.64,21.08,1.59,748.59,1.04,,,,,,,,,,,
playoffs_split1,ALGS Year 4 Split 1 Playoffs,https://apexlegendsstatus.com/algs/Y4-Split1/ALGS-Playoffs/Global/Overview,Y4-Split1,ALGS-Playoffs,Global,Overview,,,https://apexlegendsstatus.com/algs/Y4-Split1/ALGS-Playoffs/Global/Overview,overview,101,other,Scores,8,,,,,,,,,,,,,,LGND Koyful,,,,,,,,,8,45.68,49.49,57.10,1.47,730.84,1.20,,,,,,,,,,,
playoffs_split1,ALGS Year 4 Split 1 Playoffs,https://apexlegendsstatus.com/algs/Y4-Split1/ALGS-Playoffs/Global/Overview,Y4-Split1,ALGS-Playoffs,Global,Overview,,,https://apexlegendsstatus.com/algs/Y4-Split1/ALGS-Playoffs/Global/Overview,overview,101,other,Scores,9,,,,,,,,,,,,,,SSG Xynew,,,,,,,,,9,42.96,25.61,41.15,1.34,707.11,1.31,,,,,,,,,,,
playoffs_split1,ALGS Year 4 Split 1 Playoffs,https://apexlegendsstatus.com/algs/Y4-Split1/ALGS-Playoffs/Global/Overview,Y4-Split1,ALGS-Playoffs,Global,Overview,,,https://apexlegendsstatus.com/algs/Y4-Split1/ALGS-Playoffs/Global/Overview,overview,101,other,Scores,10,,,,,,,,,,,,,,FNC satuki,,,,,,,,,10,40.90,-17.96,13.76,1.59,695.06,1.01,,,,,,,,,,,
playoffs_split1,ALGS Year 4 Split 1 Playoffs,https://apexlegendsstatus.com/algs/Y4-Split1/ALGS-Playoffs/Global/Overview,Y4-Split1,ALGS-Playoffs,Global,Overview,,,https://apexlegendsstatus.com/algs/Y4-Split1/ALGS-Playoffs/Global/Overview,overview,101,other,Scores,11,,,,,,,,,,,,,,AUR ojrein,,,,,,,,,11,36.03,28.35,38.62,1.78,701.59,0.66,,,,,,,,,,,
playoffs_split1,ALGS Year 4 Split 1 Playoffs,https://apexlegendsstatus.com/algs/Y4-Split1/ALGS-Playoffs/Global/Overview,Y4-Split1,ALGS-Playoffs,Global,Overview,,,https://apexlegendsstatus.com/algs/Y4-Split1/ALGS-Playoffs/Global/Overview,overview,101,other,Scores,12,,,,,,,,,,,,,,RC KaronPe,,,,,,,,,12,34.54,-29.30,3.14,1.28,605.06,1.34,,,,,,,,,,,
playoffs_split1,ALGS Year 4 Split 1 Playoffs,https://apexlegendsstatus.com/algs/Y4-Split1/ALGS-Playoffs/Global/Overview,Y4-Split1,ALGS-Playoffs,Global,Overview,,,https://apexlegendsstatus.com/algs/Y4-Split1/ALGS-Playoffs/Global/Overview,overview,101,other,Scores,13,,,,,,,,,,,,,,ALL Effect,,,,,,,,,13,33.83,29.10,37.76,1.39,690.68,1.02,,,,,,,,,,,
playoffs_split1,ALGS Year 4 Split 1 Playoffs,https://apexlegendsstatus.com/algs/Y4-Split1/ALGS-Playoffs/Global/Overview,Y4-Split1,ALGS-Playoffs,Global,Overview,,,https://apexlegendsstatus.com/algs/Y4-Split1/ALGS-Playoffs/Global/Overview,overview,101,other,Scores,14,,,,,,,,,,,,,,MST Gild,,,,,,,,,14,31.02,24.30,33.19,1.28,615.66,1.21,,,,,,,,,,,
playoffs_split1,ALGS Year 4 Split 1 Playoffs,https://apexlegendsstatus.com/algs/Y4-Split1/ALGS-Playoffs/Global/Overview,Y4-Split1,ALGS-Playoffs,Global,Overview,,,https://apexlegendsstatus.com/algs/Y4-Split1/ALGS-Playoffs/Global/Overview,overview,101,other,Scores,15,,,,,,,,,,,,,,DSG Dezignful,,,,,,,,,15,30.37,25.79,33.69,1.39,681.37,0.94,,,,,,,,,,,
playoffs_split1,ALGS Year 4 Split 1 Playoffs,https://apexlegendsstatus.com/algs/Y4-Split1/ALGS-Playoffs/Global/Overview,Y4-Split1,ALGS-Playoffs,Global,Overview,,,https://apexlegendsstatus.com/algs/Y4-Split1/ALGS-Playoffs/Global/Overview,overview,101,other,Scores,16,,,,,,,,,,,,,,MST Wxltzy,,,,,,,,,16,29.08,21.39,30.28,1.31,641.66,1.07,,,,,,,,,,,
playoffs_split1,ALGS Year 4 Split 1 Playoffs,https://apexlegendsstatus.com/algs/Y4-Split1/ALGS-Playoffs/Global/Overview,Y4-Split1,ALGS-Playoffs,Global,Overview,,,https://apexlegendsstatus.com/algs/Y4-Split1/ALGS-Playoffs/Global/Overview,overview,101,other,Scores,17,,,,,,,,,,,,,,o7 Gnaske,,,,,,,,,17,28.09,38.33,39.85,1.50,562.03,1.01,,,,,,,,,,,
playoffs_split1,ALGS Year 4 Split 1 Playoffs,https://apexlegendsstatus.com/algs/Y4-Split1/ALGS-Playoffs/Global/Overview,Y4-Split1,ALGS-Playoffs,Global,Overview,,,https://apexlegendsstatus.com/algs/Y4-Split1/ALGS-Playoffs/Global/Overview,overview,101,other,Scores,18,,,,,,,,,,,,,,C9 ChaoticMuch,,,,,,,,,18,27.77,30.25,34.81,1.05,664.97,1.25,,,,,,,,,,,
playoffs_split1,ALGS Year 4 Split 1 Playoffs,https://apexlegendsstatus.com/algs/Y4-Split1/ALGS-Playoffs/Global/Overview,Y4-Split1,ALGS-Playoffs,Global,Overview,,,https://apexlegendsstatus.com/algs/Y4-Split1/ALGS-Playoffs/Global/Overview,overview,101,other,Scores,19,,,,,,,,,,,,,,E8 Shooby,,,,,,,,,19,26.10,2.53,17.18,1.29,552.95,1.19,,,,,,,,,,,
playoffs_split1,ALGS Year 4 Split 1 Playoffs,https://apexlegendsstatus.com/algs/Y4-Split1/ALGS-Playoffs/Global/Overview,Y4-Split1,ALGS-Playoffs,Global,Overview,,,https://apexlegendsstatus.com/algs/Y4-Split1/ALGS-Playoffs/Global/Overview,overview,101,other,Scores,20,,,,,,,,,,,,,,E8 Zachmazer,,,,,,,,,20,25.06,0.98,15.62,1.18,653.53,1.06,,,,,,,,,,,
playoffs_split1,ALGS Year 4 Split 1 Playoffs,https://apexlegendsstatus.com/algs/Y4-Split1/ALGS-Playoffs/Global/Overview,Y4-Split1,ALGS-Playoffs,Global,Overview,,,https://apexlegendsstatus.com/algs/Y4-Split1/ALGS-Playoffs/Global/Overview,overview,101,other,Scores,21,,,,,,,,,,,,,,KN 4rufa,,,,,,,,,21,24.99,41.48,39.89,1.24,574.47,1.17,,,,,,,,,,,
playoffs_split1,ALGS Year 4 Split 1 Playoffs,https://apexlegendsstatus.com/algs/Y4-Split1/ALGS-Playoffs/Global/Overview,Y4-Split1,ALGS-Playoffs,Global,Overview,,,https://apexlegendsstatus.com/algs/Y4-Split1/ALGS-Playoffs/Global/Overview,overview,101,other,Scores,22,,,,,,,,,,,,,,AUR Hardecki,,,,,,,,,22,24.68,11.33,21.60,1.38,704.28,0.74,,,,,,,,,,,
playoffs_split1,ALGS Year 4 Split 1 Playoffs,https://apexlegendsstatus.com/algs/Y4-Split1/ALGS-Playoffs/Global/Overview,Y4-Split1,ALGS-Playoffs,Global,Overview,,,https://apexlegendsstatus.com/algs/Y4-Split1/ALGS-Playoffs/Global/Overview,overview,101,other,Scores,23,,,,,,,,,,,,,,VP Prycyy,,,,,,,,,23,24.34,31.34,33.41,1.19,621.16,1.10,,,,,,,,,,,
playoffs_split1,ALGS Year 4 Split 1 Playoffs,https://apexlegendsstatus.com/algs/Y4-Split1/ALGS-Playoffs/Global/Overview,Y4-Split1,ALGS-Playoffs,Global,Overview,,,https://apexlegendsstatus.com/algs/Y4-Split1/ALGS-Playoffs/Global/Overview,overview,101,other,Scores,24,,,,,,,,,,,,,,SSG Phony,,,,,,,,,24,22.23,-5.49,10.04,1.16,620.42,1.07,,,,,,,,,,,
playoffs_split1,ALGS Year 4 Split 1 Playoffs,https://apexlegendsstatus.com/algs/Y4-Split1/ALGS-Playoffs/Global/Overview,Y4-Split1,ALGS-Playoffs,Global,Overview,,,https://apexlegendsstatus.com/algs/Y4-Split1/ALGS-Playoffs/Global/Overview,overview,101,other,Scores,25,,,,,,,,,,,,,,E8 zap,,,,,,,,,25,22.07,-3.51,11.13,1.24,564.21,1.10,,,,,,,,,,,
playoffs_split1,ALGS Year 4 Split 1 Playoffs,https://apexlegendsstatus.com/algs/Y4-Split1/ALGS-Playoffs/Global/Overview,Y4-Split1,ALGS-Playoffs,Global,Overview,,,https://apexlegendsstatus.com/algs/Y4-Split1/ALGS-Playoffs/Global/Overview,overview,101,other,Scores,26,,,,,,,,,,,,,,SRN Jeskoesk,,,,,,,,,26,20.52,26.60,28.27,0.91,668.50,1.18,,,,,,,,,,,
playoffs_split1,ALGS Year 4 Split 1 Playoffs,https://apexlegendsstatus.com/algs/Y4-Split1/ALGS-Playoffs/Global/Overview,Y4-Split1,ALGS-Playoffs,Global,Overview,,,https://apexlegendsstatus.com/algs/Y4-Split1/ALGS-Playoffs/Global/Overview,overview,101,other,Scores,27,,,,,,,,,,,,,,BGB rakiiii,,,,,,,,,27,20.32,31.06,30.83,0.92,601.92,1.30,,,,,,,,,,,
playoffs_split1,ALGS Year 4 Split 1 Playoffs,https://apexlegendsstatus.com/algs/Y4-Split1/ALGS-Playoffs/Global/Overview,Y4-Split1,ALGS-Playoffs,Global,Overview,,,https://apexlegendsstatus.com/algs/Y4-Split1/ALGS-Playoffs/Global/Overview,overview,101,other,Scores,28,,,,,,,,,,,,,,SRN Legacy,,,,,,,,,28,19.27,24.73,26.40,1.06,599.00,1.13,,,,,,,,,,,
playoffs_split1,ALGS Year 4 Split 1 Playoffs,https://apexlegendsstatus.com/algs/Y4-Split1/ALGS-Playoffs/Global/Overview,Y4-Split1,ALGS-Playoffs,Global,Overview,,,https://apexlegendsstatus.com/algs/Y4-Split1/ALGS-Playoffs/Global/Overview,overview,101,other,Scores,29,,,,,,,,,,,,,,TSM Imperialhal,,,,,,,,,29,18.08,28.57,27.99,1.13,605.76,1.01,,,,,,,,,,,
playoffs_split1,ALGS Year 4 Split 1 Playoffs,https://apexlegendsstatus.com/algs/Y4-Split1/ALGS-Playoffs/Global/Overview,Y4-Split1,ALGS-Playoffs,Global,Overview,,,https://apexlegendsstatus.com/algs/Y4-Split1/ALGS-Playoffs/Global/Overview,overview,101,other,Scores,30,,,,,,,,,,,,,,FUR Vaxlon,,,,,,,,,30,16.17,5.23,12.84,1.27,539.47,0.95,,,,,,,,,,,
playoffs_split1,ALGS Year 4 Split 1 Playoffs,https://apexlegendsstatus.com/algs/Y4-Split1/ALGS-Playoffs/Global/Overview,Y4-Split1,ALGS-Playoffs,Global,Overview,,,https://apexlegendsstatus.com/algs/Y4-Split1/ALGS-Playoffs/Global/Overview,overview,101,other,Scores,31,,,,,,,,,,,,,,MIH Sinetic,,,,,,,,,31,15.96,16.49,19.47,0.87,638.03,1.15,,,,,,,,,,,
playoffs_split1,ALGS Year 4 Split 1 Playoffs,https://apexlegendsstatus.com/algs/Y4-Split1/ALGS-Playoffs/Global/Overview,Y4-Split1,ALGS-Playoffs,Global,Overview,,,https://apexlegendsstatus.com/algs/Y4-Split1/ALGS-Playoffs/Global/Overview,overview,101,other,Scores,32,,,,,,,,,,,,,,VP Sharky,,,,,,,,,32,15.54,18.14,20.21,0.88,566.63,1.28,,,,,,,,,,,
playoffs_split1,ALGS Year 4 Split 1 Playoffs,https://apexlegendsstatus.com/algs/Y4-Split1/ALGS-Playoffs/Global/Overview,Y4-Split1,ALGS-Playoffs,Global,Overview,,,https://apexlegendsstatus.com/algs/Y4-Split1/ALGS-Playoffs/Global/Overview,overview,101,other,Scores,33,,,,,,,,,,,,,,COL Monsoon,,,,,,,,,33,14.37,40.12,32.69,0.53,675.20,1.37,,,,,,,,,,,
playoffs_split1,ALGS Year 4 Split 1 Playoffs,https://apexlegendsstatus.com/algs/Y4-Split1/ALGS-Playoffs/Global/Overview,Y4-Split1,ALGS-Playoffs,Global,Overview,,,https://apexlegendsstatus.com/algs/Y4-Split1/ALGS-Playoffs/Global/Overview,overview,101,other,Scores,34,,,,,,,,,,,,,,FUR Keon,,,,,,,,,34,14.26,2.36,9.97,1.10,581.03,0.98,,,,,,,,,,,
playoffs_split1,ALGS Year 4 Split 1 Playoffs,https://apexlegendsstatus.com/algs/Y4-Split1/ALGS-Playoffs/Global/Overview,Y4-Split1,ALGS-Playoffs,Global,Overview,,,https://apexlegendsstatus.com/algs/Y4-Split1/ALGS-Playoffs/Global/Overview,overview,101,other,Scores,35,,,,,,,,,,,,,,PUA Sanya,,,,,,,,,35,13.10,19.13,19.34,0.83,683.92,1.01,,,,,,,,,,,
playoffs_split1,ALGS Year 4 Split 1 Playoffs,https://apexlegendsstatus.com/algs/Y4-Split1/ALGS-Playoffs/Global/Overview,Y4-Split1,ALGS-Playoffs,Global,Overview,,,https://apexlegendsstatus.com/algs/Y4-Split1/ALGS-Playoffs/Global/Overview,overview,101,other,Scores,36,,,,,,,,,,,,,,SSG Frexs,,,,,,,,,36,12.47,-20.12,-4.59,1.08,512.11,1.09,,,,,,,,,,,
playoffs_split1,ALGS Year 4 Split 1 Playoffs,https://apexlegendsstatus.com/algs/Y4-Split1/ALGS-Playoffs/Global/Overview,Y4-Split1,ALGS-Playoffs,Global,Overview,,,https://apexlegendsstatus.com/algs/Y4-Split1/ALGS-Playoffs/Global/Overview,overview,101,other,Scores,37,,,,,,,,,,,,,,C9 sauceror,,,,,,,,,37,12.19,6.89,11.45,0.97,576.05,1.06,,,,,,,,,,,
playoffs_split1,ALGS Year 4 Split 1 Playoffs,https://apexlegendsstatus.com/algs/Y4-Split1/ALGS-Playoffs/Global/Overview,Y4-Split1,ALGS-Playoffs,Global,Overview,,,https://apexlegendsstatus.com/algs/Y4-Split1/ALGS-Playoffs/Global/Overview,overview,101,other,Scores,38,,,,,,,,,,,,,,WTD Peekgod,,,,,,,,,38,11.85,36.22,28.84,1.00,553.13,1.07,,,,,,,,,,,
playoffs_split1,ALGS Year 4 Split 1 Playoffs,https://apexlegendsstatus.com/algs/Y4-Split1/ALGS-Playoffs/Global/Overview,Y4-Split1,ALGS-Playoffs,Global,Overview,,,https://apexlegendsstatus.com/algs/Y4-Split1/ALGS-Playoffs/Global/Overview,overview,101,other,Scores,39,,,,,,,,,,,,,,TLAW lYanYal,,,,,,,,,39,9.86,19.24,17.46,0.94,595.19,0.99,,,,,,,,,,,
playoffs_split1,ALGS Year 4 Split 1 Playoffs,https://apexlegendsstatus.com/algs/Y4-Split1/ALGS-Playoffs/Global/Overview,Y4-Split1,ALGS-Playoffs,Global,Overview,,,https://apexlegendsstatus.com/algs/Y4-Split1/ALGS-Playoffs/Global/Overview,overview,101,other,Scores,40,,,,,,,,,,,,,,ALL Unlucky,,,,,,,,,40,9.55,-7.31,1.34,1.26,509.58,0.82,,,,,,,,,,,
playoffs_split1,ALGS Year 4 Split 1 Playoffs,https://apexlegendsstatus.com/algs/Y4-Split1/ALGS-Playoffs/Global/Overview,Y4-Split1,ALGS-Playoffs,Global,Overview,,,https://apexlegendsstatus.com/algs/Y4-Split1/ALGS-Playoffs/Global/Overview,overview,101,other,Scores,41,,,,,,,,,,,,,,LGND StrafingFlame,,,,,,,,,41,8.72,-5.95,1.67,0.97,591.26,0.92,,,,,,,,,,,
playoffs_split1,ALGS Year 4 Split 1 Playoffs,https://apexlegendsstatus.com/algs/Y4-Split1/ALGS-Playoffs/Global/Overview,Y4-Split1,ALGS-Playoffs,Global,Overview,,,https://apexlegendsstatus.com/algs/Y4-Split1/ALGS-Playoffs/Global/Overview,overview,101,other,Scores,42,,,,,,,,,,,,,,DSG iiTzTimmy,,,,,,,,,42,8.12,-7.59,0.32,1.11,568.13,0.82,,,,,,,,,,,
playoffs_split1,ALGS Year 4 Split 1 Playoffs,https://apexlegendsstatus.com/algs/Y4-Split1/ALGS-Playoffs/Global/Overview,Y4-Split1,ALGS-Playoffs,Global,Overview,,,https://apexlegendsstatus.com/algs/Y4-Split1/ALGS-Playoffs/Global/Overview,overview,101,other,Scores,43,,,,,,,,,,,,,,FUR ImMadness,,,,,,,,,43,7.63,-7.59,0.02,0.80,633.17,0.99,,,,,,,,,,,
playoffs_split1,ALGS Year 4 Split 1 Playoffs,https://apexlegendsstatus.com/algs/Y4-Split1/ALGS-Playoffs/Global/Overview,Y4-Split1,ALGS-Playoffs,Global,Overview,,,https://apexlegendsstatus.com/algs/Y4-Split1/ALGS-Playoffs/Global/Overview,overview,101,other,Scores,44,,,,,,,,,,,,,,PUA MaxStrafe,,,,,,,,,44,6.24,8.84,9.05,0.71,685.46,0.93,,,,,,,,,,,
playoffs_split1,ALGS Year 4 Split 1 Playoffs,https://apexlegendsstatus.com/algs/Y4-Split1/ALGS-Playoffs/Global/Overview,Y4-Split1,ALGS-Playoffs,Global,Overview,,,https://apexlegendsstatus.com/algs/Y4-Split1/ALGS-Playoffs/Global/Overview,overview,101,other,Scores,45,,,,,,,,,,,,,,HRZ Bastiaan0Z,,,,,,,,,45,5.52,22.87,17.03,1.03,544.07,0.87,,,,,,,,,,,
playoffs_split1,ALGS Year 4 Split 1 Playoffs,https://apexlegendsstatus.com/algs/Y4-Split1/ALGS-Playoffs/Global/Overview,Y4-Split1,ALGS-Playoffs,Global,Overview,,,https://apexlegendsstatus.com/algs/Y4-Split1/ALGS-Playoffs/Global/Overview,overview,101,other,Scores,46,,,,,,,,,,,,,,GRD PANIC,,,,,,,,,46,5.49,13.25,11.25,1.17,477.53,0.87,,,,,,,,,,,
playoffs_split1,ALGS Year 4 Split 1 Playoffs,https://apexlegendsstatus.com/algs/Y4-Split1/ALGS-Playoffs/Global/Overview,Y4-Split1,ALGS-Playoffs,Global,Overview,,,https://apexlegendsstatus.com/algs/Y4-Split1/ALGS-Playoffs/Global/Overview,overview,101,other,Scores,47,,,,,,,,,,,,,,NAVI KIND4,,,,,,,,,47,4.87,26.29,18.69,1.13,500.00,0.84,,,,,,,,,,,
playoffs_split1,ALGS Year 4 Split 1 Playoffs,https://apexlegendsstatus.com/algs/Y4-Split1/ALGS-Playoffs/Global/Overview,Y4-Split1,ALGS-Playoffs,Global,Overview,,,https://apexlegendsstatus.com/algs/Y4-Split1/ALGS-Playoffs/Global/Overview,overview,101,other,Scores,48,,,,,,,,,,,,,,DSG Enemy,,,,,,,,,48,1.04,-18.21,-10.30,0.79,566.66,0.94,,,,,,,,,,,
playoffs_split1,ALGS Year 4 Split 1 Playoffs,https://apexlegendsstatus.com/algs/Y4-Split1/ALGS-Playoffs/Global/Overview,Y4-Split1,ALGS-Playoffs,Global,Overview,,,https://apexlegendsstatus.com/algs/Y4-Split1/ALGS-Playoffs/Global/Overview,overview,101,other,Scores,49,,,,,,,,,,,,,,MIH arctic,,,,,,,,,49,0.54,-6.65,-3.66,0.80,564.90,0.92,,,,,,,,,,,
playoffs_split1,ALGS Year 4 Split 1 Playoffs,https://apexlegendsstatus.com/algs/Y4-Split1/ALGS-Playoffs/Global/Overview,Y4-Split1,ALGS-Playoffs,Global,Overview,,,https://apexlegendsstatus.com/algs/Y4-Split1/ALGS-Playoffs/Global/Overview,overview,101,other,Scores,50,,,,,,,,,,,,,,LG Sweet,,,,,,,,,50,0.54,18.64,11.51,0.74,632.87,0.84,,,,,,,,,,,
playoffs_split1,ALGS Year 4 Split 1 Playoffs,https://apexlegendsstatus.com/algs/Y4-Split1/ALGS-Playoffs/Global/Overview,Y4-Split1,ALGS-Playoffs,Global,Overview,,,https://apexlegendsstatus.com/algs/Y4-Split1/ALGS-Playoffs/Global/Overview,overview,101,other,Scores,51,,,,,,,,,,,,,,OMIT Lufka,,,,,,,,,51,-0.10,7.61,4.51,1.13,459.63,0.78,,,,,,,,,,,
playoffs_split1,ALGS Year 4 Split 1 Playoffs,https://apexlegendsstatus.com/algs/Y4-Split1/ALGS-Playoffs/Global/Overview,Y4-Split1,ALGS-Playoffs,Global,Overview,,,https://apexlegendsstatus.com/algs/Y4-Split1/ALGS-Playoffs/Global/Overview,overview,101,other,Scores,52,,,,,,,,,,,,,,ALL Hakis,,,,,,,,,52,-0.10,-21.79,-13.13,1.11,492.21,0.74,,,,,,,,,,,
playoffs_split1,ALGS Year 4 Split 1 Playoffs,https://apexlegendsstatus.com/algs/Y4-Split1/ALGS-Playoffs/Global/Overview,Y4-Split1,ALGS-Playoffs,Global,Overview,,,https://apexlegendsstatus.com/algs/Y4-Split1/ALGS-Playoffs/Global/Overview,overview,101,other,Scores,53,,,,,,,,,,,,,,2R1C Uxako,,,,,,,,,53,-0.59,6.87,3.77,1.03,550.81,0.68,,,,,,,,,,,
playoffs_split1,ALGS Year 4 Split 1 Playoffs,https://apexlegendsstatus.com/algs/Y4-Split1/ALGS-Playoffs/Global/Overview,Y4-Split1,ALGS-Playoffs,Global,Overview,,,https://apexlegendsstatus.com/algs/Y4-Split1/ALGS-Playoffs/Global/Overview,overview,101,other,Scores,54,,,,,,,,,,,,,,OXG Vein,,,,,,,,,54,-1.41,11.91,6.30,0.92,488.63,0.90,,,,,,,,,,,
playoffs_split1,ALGS Year 4 Split 1 Playoffs,https://apexlegendsstatus.com/algs/Y4-Split1/ALGS-Playoffs/Global/Overview,Y4-Split1,ALGS-Playoffs,Global,Overview,,,https://apexlegendsstatus.com/algs/Y4-Split1/ALGS-Playoffs/Global/Overview,overview,101,other,Scores,55,,,,,,,,,,,,,,MIH Taxington,,,,,,,,,55,-1.59,-9.84,-6.86,1.03,464.23,0.82,,,,,,,,,,,
playoffs_split1,ALGS Year 4 Split 1 Playoffs,https://apexlegendsstatus.com/algs/Y4-Split1/ALGS-Playoffs/Global/Overview,Y4-Split1,ALGS-Playoffs,Global,Overview,,,https://apexlegendsstatus.com/algs/Y4-Split1/ALGS-Playoffs/Global/Overview,overview,101,other,Scores,56,,,,,,,,,,,,,,GRD Zillxch,,,,,,,,,56,-2.96,0.57,-1.44,0.83,481.83,0.96,,,,,,,,,,,
playoffs_split1,ALGS Year 4 Split 1 Playoffs,https://apexlegendsstatus.com/algs/Y4-Split1/ALGS-Playoffs/Global/Overview,Y4-Split1,ALGS-Playoffs,Global,Overview,,,https://apexlegendsstatus.com/algs/Y4-Split1/ALGS-Playoffs/Global/Overview,overview,101,other,Scores,57,,,,,,,,,,,,,,RID Meltstera,,,,,,,,,57,-5.23,27.51,13.37,0.58,514.50,1.08,,,,,,,,,,,
playoffs_split1,ALGS Year 4 Split 1 Playoffs,https://apexlegendsstatus.com/algs/Y4-Split1/ALGS-Playoffs/Global/Overview,Y4-Split1,ALGS-Playoffs,Global,Overview,,,https://apexlegendsstatus.com/algs/Y4-Split1/ALGS-Playoffs/Global/Overview,overview,101,other,Scores,58,,,,,,,,,,,,,,OMIT lighT,,,,,,,,,58,-5.44,-0.40,-3.51,0.66,569.18,0.88,,,,,,,,,,,
playoffs_split1,ALGS Year 4 Split 1 Playoffs,https://apexlegendsstatus.com/algs/Y4-Split1/ALGS-Playoffs/Global/Overview,Y4-Split1,ALGS-Playoffs,Global,Overview,,,https://apexlegendsstatus.com/algs/Y4-Split1/ALGS-Playoffs/Global/Overview,overview,101,other,Scores,59,,,,,,,,,,,,,,TLAW NeazuI,,,,,,,,,59,-5.47,-3.76,-5.54,0.78,488.19,0.92,,,,,,,,,,,
playoffs_split1,ALGS Year 4 Split 1 Playoffs,https://apexlegendsstatus.com/algs/Y4-Split1/ALGS-Playoffs/Global/Overview,Y4-Split1,ALGS-Playoffs,Global,Overview,,,https://apexlegendsstatus.com/algs/Y4-Split1/ALGS-Playoffs/Global/Overview,overview,101,other,Scores,60,,,,,,,,,,,,,,2R1C Hiarka,,,,,,,,,60,-5.49,-0.47,-3.57,0.88,496.06,0.81,,,,,,,,,,,
playoffs_split1,ALGS Year 4 Split 1 Playoffs,https://apexlegendsstatus.com/algs/Y4-Split1/ALGS-Playoffs/Global/Overview,Y4-Split1,ALGS-Playoffs,Global,Overview,,,https://apexlegendsstatus.com/algs/Y4-Split1/ALGS-Playoffs/Global/Overview,overview,101,other,Scores,61,,,,,,,,,,,,,,WMN SHARK,,,,,,,,,61,-6.33,16.09,5.86,1.03,398.57,0.82,,,,,,,,,,,
playoffs_split1,ALGS Year 4 Split 1 Playoffs,https://apexlegendsstatus.com/algs/Y4-Split1/ALGS-Playoffs/Global/Overview,Y4-Split1,ALGS-Playoffs,Global,Overview,,,https://apexlegendsstatus.com/algs/Y4-Split1/ALGS-Playoffs/Global/Overview,overview,101,other,Scores,62,,,,,,,,,,,,,,BRD Azazel,,,,,,,,,62,-6.36,13.24,4.13,0.71,463.29,1.02,,,,,,,,,,,
playoffs_split1,ALGS Year 4 Split 1 Playoffs,https://apexlegendsstatus.com/algs/Y4-Split1/ALGS-Playoffs/Global/Overview,Y4-Split1,ALGS-Playoffs,Global,Overview,,,https://apexlegendsstatus.com/algs/Y4-Split1/ALGS-Playoffs/Global/Overview,overview,101,other,Scores,63,,,,,,,,,,,,,,KN MiaK,,,,,,,,,63,-6.65,-5.97,-7.57,0.97,442.32,0.78,,,,,,,,,,,
playoffs_split1,ALGS Year 4 Split 1 Playoffs,https://apexlegendsstatus.com/algs/Y4-Split1/ALGS-Playoffs/Global/Overview,Y4-Split1,ALGS-Playoffs,Global,Overview,,,https://apexlegendsstatus.com/algs/Y4-Split1/ALGS-Playoffs/Global/Overview,overview,101,other,Scores,64,,,,,,,,,,,,,,WTD XZZ,,,,,,,,,64,-6.70,8.39,1.01,0.77,487.13,0.90,,,,,,,,,,,
playoffs_split1,ALGS Year 4 Split 1 Playoffs,https://apexlegendsstatus.com/algs/Y4-Split1/ALGS-Playoffs/Global/Overview,Y4-Split1,ALGS-Playoffs,Global,Overview,,,https://apexlegendsstatus.com/algs/Y4-Split1/ALGS-Playoffs/Global/Overview,overview,101,other,Scores,65,,,,,,,,,,,,,,o7 Naghz,,,,,,,,,65,-7.02,-14.33,-12.81,0.81,389.09,1.05,,,,,,,,,,,
playoffs_split1,ALGS Year 4 Split 1 Playoffs,https://apexlegendsstatus.com/algs/Y4-Split1/ALGS-Playoffs/Global/Overview,Y4-Split1,ALGS-Playoffs,Global,Overview,,,https://apexlegendsstatus.com/algs/Y4-Split1/ALGS-Playoffs/Global/Overview,overview,101,other,Scores,66,,,,,,,,,,,,,,LG Fuhhnq,,,,,,,,,66,-8.43,5.18,-1.96,0.84,466.58,0.82,,,,,,,,,,,
playoffs_split1,ALGS Year 4 Split 1 Playoffs,https://apexlegendsstatus.com/algs/Y4-Split1/ALGS-Playoffs/Global/Overview,Y4-Split1,ALGS-Playoffs,Global,Overview,,,https://apexlegendsstatus.com/algs/Y4-Split1/ALGS-Playoffs/Global/Overview,overview,101,other,Scores,67,,,,,,,,,,,,,,CR Jusna,,,,,,,,,67,-8.66,8.93,0.16,0.87,410.87,0.90,,,,,,,,,,,
playoffs_split1,ALGS Year 4 Split 1 Playoffs,https://apexlegendsstatus.com/algs/Y4-Split1/ALGS-Playoffs/Global/Overview,Y4-Split1,ALGS-Playoffs,Global,Overview,,,https://apexlegendsstatus.com/algs/Y4-Split1/ALGS-Playoffs/Global/Overview,overview,101,other,Scores,68,,,,,,,,,,,,,,BGB Fussy,,,,,,,,,68,-8.81,-12.64,-12.87,0.54,508.92,1.03,,,,,,,,,,,
playoffs_split1,ALGS Year 4 Split 1 Playoffs,https://apexlegendsstatus.com/algs/Y4-Split1/ALGS-Playoffs/Global/Overview,Y4-Split1,ALGS-Playoffs,Global,Overview,,,https://apexlegendsstatus.com/algs/Y4-Split1/ALGS-Playoffs/Global/Overview,overview,101,other,Scores,69,,,,,,,,,,,,,,CR jungHee,,,,,,,,,69,-8.82,8.68,-0.09,0.60,474.37,1.04,,,,,,,,,,,
playoffs_split1,ALGS Year 4 Split 1 Playoffs,https://apexlegendsstatus.com/algs/Y4-Split1/ALGS-Playoffs/Global/Overview,Y4-Split1,ALGS-Playoffs,Global,Overview,,,https://apexlegendsstatus.com/algs/Y4-Split1/ALGS-Playoffs/Global/Overview,overview,101,other,Scores,70,,,,,,,,,,,,,,AUR 9impulse,,,,,,,,,70,-9.32,-39.68,-29.40,1.06,504.84,0.48,,,,,,,,,,,
playoffs_split1,ALGS Year 4 Split 1 Playoffs,https://apexlegendsstatus.com/algs/Y4-Split1/ALGS-Playoffs/Global/Overview,Y4-Split1,ALGS-Playoffs,Global,Overview,,,https://apexlegendsstatus.com/algs/Y4-Split1/ALGS-Playoffs/Global/Overview,overview,101,other,Scores,71,,,,,,,,,,,,,,2R1C Mysi,,,,,,,,,71,-9.44,-6.40,-9.50,1.06,386.88,0.73,,,,,,,,,,,
playoffs_split1,ALGS Year 4 Split 1 Playoffs,https://apexlegendsstatus.com/algs/Y4-Split1/ALGS-Playoffs/Global/Overview,Y4-Split1,ALGS-Playoffs,Global,Overview,,,https://apexlegendsstatus.com/algs/Y4-Split1/ALGS-Playoffs/Global/Overview,overview,101,other,Scores,72,,,,,,,,,,,,,,OMIT Blasts,,,,,,,,,72,-9.98,-7.21,-10.31,0.89,430.84,0.79,,,,,,,,,,,
playoffs_split1,ALGS Year 4 Split 1 Playoffs,https://apexlegendsstatus.com/algs/Y4-Split1/ALGS-Playoffs/Global/Overview,Y4-Split1,ALGS-Playoffs,Global,Overview,,,https://apexlegendsstatus.com/algs/Y4-Split1/ALGS-Playoffs/Global/Overview,overview,101,other,Scores,73,,,,,,,,,,,,,,OXG Reedz,,,,,,,,,73,-10.07,-1.08,-6.69,0.92,412.83,0.80,,,,,,,,,,,
playoffs_split1,ALGS Year 4 Split 1 Playoffs,https://apexlegendsstatus.com/algs/Y4-Split1/ALGS-Playoffs/Global/Overview,Y4-Split1,ALGS-Playoffs,Global,Overview,,,https://apexlegendsstatus.com/algs/Y4-Split1/ALGS-Playoffs/Global/Overview,overview,101,other,Scores,74,,,,,,,,,,,,,,TSM Reps,,,,,,,,,74,-10.31,-14.02,-14.59,0.89,419.13,0.81,,,,,,,,,,,
playoffs_split1,ALGS Year 4 Split 1 Playoffs,https://apexlegendsstatus.com/algs/Y4-Split1/ALGS-Playoffs/Global/Overview,Y4-Split1,ALGS-Playoffs,Global,Overview,,,https://apexlegendsstatus.com/algs/Y4-Split1/ALGS-Playoffs/Global/Overview,overview,101,other,Scores,75,,,,,,,,,,,,,,TSM Verhulst,,,,,,,,,75,-10.67,-14.56,-15.13,0.84,439.03,0.81,,,,,,,,,,,
playoffs_split1,ALGS Year 4 Split 1 Playoffs,https://apexlegendsstatus.com/algs/Y4-Split1/ALGS-Playoffs/Global/Overview,Y4-Split1,ALGS-Playoffs,Global,Overview,,,https://apexlegendsstatus.com/algs/Y4-Split1/ALGS-Playoffs/Global/Overview,overview,101,other,Scores,76,,,,,,,,,,,,,,RR Datch,,,,,,,,,76,-11.51,18.04,3.92,0.87,472.97,0.69,,,,,,,,,,,
playoffs_split1,ALGS Year 4 Split 1 Playoffs,https://apexlegendsstatus.com/algs/Y4-Split1/ALGS-Playoffs/Global/Overview,Y4-Split1,ALGS-Playoffs,Global,Overview,,,https://apexlegendsstatus.com/algs/Y4-Split1/ALGS-Playoffs/Global/Overview,overview,101,other,Scores,77,,,,,,,,,,,,,,NTH Taida,,,,,,,,,77,-11.83,18.55,4.03,0.79,437.75,0.83,,,,,,,,,,,
playoffs_split1,ALGS Year 4 Split 1 Playoffs,https://apexlegendsstatus.com/algs/Y4-Split1/ALGS-Playoffs/Global/Overview,Y4-Split1,ALGS-Playoffs,Global,Overview,,,https://apexlegendsstatus.com/algs/Y4-Split1/ALGS-Playoffs/Global/Overview,overview,101,other,Scores,78,,,,,,,,,,,,,,GRD renatricky,,,,,,,,,78,-12.56,-13.82,-15.83,0.87,413.13,0.78,,,,,,,,,,,
playoffs_split1,ALGS Year 4 Split 1 Playoffs,https://apexlegendsstatus.com/algs/Y4-Split1/ALGS-Playoffs/Global/Overview,Y4-Split1,ALGS-Playoffs,Global,Overview,,,https://apexlegendsstatus.com/algs/Y4-Split1/ALGS-Playoffs/Global/Overview,overview,101,other,Scores,79,,,,,,,,,,,,,,BGB Panayie,,,,,,,,,79,-12.66,-18.42,-18.65,0.50,492.88,0.99,,,,,,,,,,,
playoffs_split1,ALGS Year 4 Split 1 Playoffs,https://apexlegendsstatus.com/algs/Y4-Split1/ALGS-Playoffs/Global/Overview,Y4-Split1,ALGS-Playoffs,Global,Overview,,,https://apexlegendsstatus.com/algs/Y4-Split1/ALGS-Playoffs/Global/Overview,overview,101,other,Scores,80,,,,,,,,,,,,,,HRZ Kisanss,,,,,,,,,80,-12.97,-4.86,-10.70,0.50,516.47,0.93,,,,,,,,,,,
playoffs_split1,ALGS Year 4 Split 1 Playoffs,https://apexlegendsstatus.com/algs/Y4-Split1/ALGS-Playoffs/Global/Overview,Y4-Split1,ALGS-Playoffs,Global,Overview,,,https://apexlegendsstatus.com/algs/Y4-Split1/ALGS-Playoffs/Global/Overview,overview,101,other,Scores,81,,,,,,,,,,,,,,TLAW jaguaresl,,,,,,,,,81,-13.29,-15.48,-17.26,0.81,434.63,0.77,,,,,,,,,,,
playoffs_split1,ALGS Year 4 Split 1 Playoffs,https://apexlegendsstatus.com/algs/Y4-Split1/ALGS-Playoffs/Global/Overview,Y4-Split1,ALGS-Playoffs,Global,Overview,,,https://apexlegendsstatus.com/algs/Y4-Split1/ALGS-Playoffs/Global/Overview,overview,101,other,Scores,82,,,,,,,,,,,,,,o7 Amphy,,,,,,,,,82,-13.46,-23.99,-22.47,0.81,364.66,0.91,,,,,,,,,,,
playoffs_split1,ALGS Year 4 Split 1 Playoffs,https://apexlegendsstatus.com/algs/Y4-Split1/ALGS-Playoffs/Global/Overview,Y4-Split1,ALGS-Playoffs,Global,Overview,,,https://apexlegendsstatus.com/algs/Y4-Split1/ALGS-Playoffs/Global/Overview,overview,101,other,Scores,83,,,,,,,,,,,,,,MDYW LqDuD,,,,,,,,,83,-14.29,15.45,0.70,0.71,433.96,0.85,,,,,,,,,,,
playoffs_split1,ALGS Year 4 Split 1 Playoffs,https://apexlegendsstatus.com/algs/Y4-Split1/ALGS-Playoffs/Global/Overview,Y4-Split1,ALGS-Playoffs,Global,Overview,,,https://apexlegendsstatus.com/algs/Y4-Split1/ALGS-Playoffs/Global/Overview,overview,101,other,Scores,84,,,,,,,,,,,,,,MST Emtee,,,,,,,,,84,-15.63,-45.68,-36.79,0.75,449.28,0.74,,,,,,,,,,,
playoffs_split1,ALGS Year 4 Split 1 Playoffs,https://apexlegendsstatus.com/algs/Y4-Split1/ALGS-Playoffs/Global/Overview,Y4-Split1,ALGS-Playoffs,Global,Overview,,,https://apexlegendsstatus.com/algs/Y4-Split1/ALGS-Playoffs/Global/Overview,overview,101,other,Scores,85,,,,,,,,,,,,,,RR Tikochan,,,,,,,,,85,-16.00,11.30,-2.82,0.83,416.30,0.71,,,,,,,,,,,
playoffs_split1,ALGS Year 4 Split 1 Playoffs,https://apexlegendsstatus.com/algs/Y4-Split1/ALGS-Playoffs/Global/Overview,Y4-Split1,ALGS-Playoffs,Global,Overview,,,https://apexlegendsstatus.com/algs/Y4-Split1/ALGS-Playoffs/Global/Overview,overview,101,other,Scores,86,,,,,,,,,,,,,,LGND PlayerKay,,,,,,,,,86,-16.34,-43.54,-35.92,0.53,492.74,0.86,,,,,,,,,,,
playoffs_split1,ALGS Year 4 Split 1 Playoffs,https://apexlegendsstatus.com/algs/Y4-Split1/ALGS-Playoffs/Global/Overview,Y4-Split1,ALGS-Playoffs,Global,Overview,,,https://apexlegendsstatus.com/algs/Y4-Split1/ALGS-Playoffs/Global/Overview,overview,101,other,Scores,87,,,,,,,,,,,,,,OXG Aidan,,,,,,,,,87,-16.57,-10.83,-16.44,0.79,387.33,0.80,,,,,,,,,,,
playoffs_split1,ALGS Year 4 Split 1 Playoffs,https://apexlegendsstatus.com/algs/Y4-Split1/ALGS-Playoffs/Global/Overview,Y4-Split1,ALGS-Playoffs,Global,Overview,,,https://apexlegendsstatus.com/algs/Y4-Split1/ALGS-Playoffs/Global/Overview,overview,101,other,Scores,88,,,,,,,,,,,,,,BRD Vlatow,,,,,,,,,88,-16.64,-2.18,-11.29,0.71,435.04,0.78,,,,,,,,,,,
playoffs_split1,ALGS Year 4 Split 1 Playoffs,https://apexlegendsstatus.com/algs/Y4-Split1/ALGS-Playoffs/Global/Overview,Y4-Split1,ALGS-Playoffs,Global,Overview,,,https://apexlegendsstatus.com/algs/Y4-Split1/ALGS-Playoffs/Global/Overview,overview,101,other,Scores,89,,,,,,,,,,,,,,WMN Mr.K,,,,,,,,,89,-16.72,0.51,-9.73,0.60,432.63,0.90,,,,,,,,,,,
playoffs_split1,ALGS Year 4 Split 1 Playoffs,https://apexlegendsstatus.com/algs/Y4-Split1/ALGS-Playoffs/Global/Overview,Y4-Split1,ALGS-Playoffs,Global,Overview,,,https://apexlegendsstatus.com/algs/Y4-Split1/ALGS-Playoffs/Global/Overview,overview,101,other,Scores,90,,,,,,,,,,,,,,C9 Naughty,,,,,,,,,90,-17.16,-37.14,-32.58,0.68,418.61,0.82,,,,,,,,,,,
playoffs_split1,ALGS Year 4 Split 1 Playoffs,https://apexlegendsstatus.com/algs/Y4-Split1/ALGS-Playoffs/Global/Overview,Y4-Split1,ALGS-Playoffs,Global,Overview,,,https://apexlegendsstatus.com/algs/Y4-Split1/ALGS-Playoffs/Global/Overview,overview,101,other,Scores,91,,,,,,,,,,,,,,COL Lou,,,,,,,,,91,-18.07,-8.54,-15.96,0.50,450.40,0.92,,,,,,,,,,,
playoffs_split1,ALGS Year 4 Split 1 Playoffs,https://apexlegendsstatus.com/algs/Y4-Split1/ALGS-Playoffs/Global/Overview,Y4-Split1,ALGS-Playoffs,Global,Overview,,,https://apexlegendsstatus.com/algs/Y4-Split1/ALGS-Playoffs/Global/Overview,overview,101,other,Scores,92,,,,,,,,,,,,,,NAVI MaTaFe,,,,,,,,,92,-18.14,-8.22,-15.82,0.77,411.10,0.73,,,,,,,,,,,
playoffs_split1,ALGS Year 4 Split 1 Playoffs,https://apexlegendsstatus.com/algs/Y4-Split1/ALGS-Playoffs/Global/Overview,Y4-Split1,ALGS-Playoffs,Global,Overview,,,https://apexlegendsstatus.com/algs/Y4-Split1/ALGS-Playoffs/Global/Overview,overview,101,other,Scores,93,,,,,,,,,,,,,,PUA Artyco,,,,,,,,,93,-18.30,-27.97,-27.76,0.75,397.88,0.77,,,,,,,,,,,
playoffs_split1,ALGS Year 4 Split 1 Playoffs,https://apexlegendsstatus.com/algs/Y4-Split1/ALGS-Playoffs/Global/Overview,Y4-Split1,ALGS-Playoffs,Global,Overview,,,https://apexlegendsstatus.com/algs/Y4-Split1/ALGS-Playoffs/Global/Overview,overview,101,other,Scores,94,,,,,,,,,,,,,,TYK DEXTER,,,,,,,,,94,-20.11,5.53,-8.75,0.83,374.71,0.67,,,,,,,,,,,
playoffs_split1,ALGS Year 4 Split 1 Playoffs,https://apexlegendsstatus.com/algs/Y4-Split1/ALGS-Playoffs/Global/Overview,Y4-Split1,ALGS-Playoffs,Global,Overview,,,https://apexlegendsstatus.com/algs/Y4-Split1/ALGS-Playoffs/Global/Overview,overview,101,other,Scores,95,,,,,,,,,,,,,,HRZ laheemx_,,,,,,,,,95,-21.73,-18.00,-23.84,0.70,410.23,0.69,,,,,,,,,,,
playoffs_split1,ALGS Year 4 Split 1 Playoffs,https://apexlegendsstatus.com/algs/Y4-Split1/ALGS-Playoffs/Global/Overview,Y4-Split1,ALGS-Playoffs,Global,Overview,,,https://apexlegendsstatus.com/algs/Y4-Split1/ALGS-Playoffs/Global/Overview,overview,101,other,Scores,96,,,,,,,,,,,,,,NTC AGL_QQ,,,,,,,,,96,-22.38,35.46,7.85,0.42,390.25,1.01,,,,,,,,,,,
playoffs_split1,ALGS Year 4 Split 1 Playoffs,https://apexlegendsstatus.com/algs/Y4-Split1/ALGS-Playoffs/Global/Overview,Y4-Split1,ALGS-Playoffs,Global,Overview,,,https://apexlegendsstatus.com/algs/Y4-Split1/ALGS-Playoffs/Global/Overview,overview,101,other,Scores,97,,,,,,,,,,,,,,BRD artiNN1,,,,,,,,,97,-22.55,-11.06,-20.17,0.58,427.04,0.75,,,,,,,,,,,
playoffs_split1,ALGS Year 4 Split 1 Playoffs,https://apexlegendsstatus.com/algs/Y4-Split1/ALGS-Playoffs/Global/Overview,Y4-Split1,ALGS-Playoffs,Global,Overview,,,https://apexlegendsstatus.com/algs/Y4-Split1/ALGS-Playoffs/Global/Overview,overview,101,other,Scores,98,,,,,,,,,,,,,,NAVI Tylerfps,,,,,,,,,98,-24.71,-18.07,-25.67,0.67,385.57,0.69,,,,,,,,,,,
playoffs_split1,ALGS Year 4 Split 1 Playoffs,https://apexlegendsstatus.com/algs/Y4-Split1/ALGS-Playoffs/Global/Overview,Y4-Split1,ALGS-Playoffs,Global,Overview,,,https://apexlegendsstatus.com/algs/Y4-Split1/ALGS-Playoffs/Global/Overview,overview,101,other,Scores,99,,,,,,,,,,,,,,TYK Z1CKKY,,,,,,,,,99,-25.22,-2.14,-16.42,0.54,408.96,0.76,,,,,,,,,,,
playoffs_split1,ALGS Year 4 Split 1 Playoffs,https://apexlegendsstatus.com/algs/Y4-Split1/ALGS-Playoffs/Global/Overview,Y4-Split1,ALGS-Playoffs,Global,Overview,,,https://apexlegendsstatus.com/algs/Y4-Split1/ALGS-Playoffs/Global/Overview,overview,101,other,Scores,100,,,,,,,,,,,,,,TYK ASIAZXD,,,,,,,,,100,-26.06,-3.39,-17.67,0.54,438.75,0.67,,,,,,,,,,,
playoffs_split1,ALGS Year 4 Split 1 Playoffs,https://apexlegendsstatus.com/algs/Y4-Split1/ALGS-Playoffs/Global/Overview,Y4-Split1,ALGS-Playoffs,Global,Overview,,,https://apexlegendsstatus.com/algs/Y4-Split1/ALGS-Playoffs/Global/Overview,overview,101,other,Scores,101,,,,,,,,,,,,,,KN 1tappy,,,,,,,,,101,-26.34,-35.51,-37.11,0.53,386.55,0.79,,,,,,,,,,,
playoffs_split1,ALGS Year 4 Split 1 Playoffs,https://apexlegendsstatus.com/algs/Y4-Split1/ALGS-Playoffs/Global/Overview,Y4-Split1,ALGS-Playoffs,Global,Overview,,,https://apexlegendsstatus.com/algs/Y4-Split1/ALGS-Playoffs/Global/Overview,overview,101,other,Scores,102,,,,,,,,,,,,,,CR Dogma,,,,,,,,,102,-26.35,-17.61,-26.37,0.70,332.97,0.72,,,,,,,,,,,
playoffs_split1,ALGS Year 4 Split 1 Playoffs,https://apexlegendsstatus.com/algs/Y4-Split1/ALGS-Playoffs/Global/Overview,Y4-Split1,ALGS-Playoffs,Global,Overview,,,https://apexlegendsstatus.com/algs/Y4-Split1/ALGS-Playoffs/Global/Overview,overview,101,other,Scores,103,,,,,,,,,,,,,,HAO wqtagashi,,,,,,,,,103,-26.53,5.39,-12.68,0.58,375.50,0.74,,,,,,,,,,,
playoffs_split1,ALGS Year 4 Split 1 Playoffs,https://apexlegendsstatus.com/algs/Y4-Split1/ALGS-Playoffs/Global/Overview,Y4-Split1,ALGS-Playoffs,Global,Overview,,,https://apexlegendsstatus.com/algs/Y4-Split1/ALGS-Playoffs/Global/Overview,overview,101,other,Scores,104,,,,,,,,,,,,,,MDYW FeiJu,,,,,,,,,104,-27.41,-4.23,-18.99,0.58,363.63,0.74,,,,,,,,,,,
playoffs_split1,ALGS Year 4 Split 1 Playoffs,https://apexlegendsstatus.com/algs/Y4-Split1/ALGS-Playoffs/Global/Overview,Y4-Split1,ALGS-Playoffs,Global,Overview,,,https://apexlegendsstatus.com/algs/Y4-Split1/ALGS-Playoffs/Global/Overview,overview,101,other,Scores,105,,,,,,,,,,,,,,NTH ReyzyGG,,,,,,,,,105,-27.56,-5.03,-19.55,0.63,368.88,0.68,,,,,,,,,,,
playoffs_split1,ALGS Year 4 Split 1 Playoffs,https://apexlegendsstatus.com/algs/Y4-Split1/ALGS-Playoffs/Global/Overview,Y4-Split1,ALGS-Playoffs,Global,Overview,,,https://apexlegendsstatus.com/algs/Y4-Split1/ALGS-Playoffs/Global/Overview,overview,101,other,Scores,106,,,,,,,,,,,,,,LG Slayr,,,,,,,,,106,-27.76,-23.81,-30.94,0.79,328.58,0.59,,,,,,,,,,,
playoffs_split1,ALGS Year 4 Split 1 Playoffs,https://apexlegendsstatus.com/algs/Y4-Split1/ALGS-Playoffs/Global/Overview,Y4-Split1,ALGS-Playoffs,Global,Overview,,,https://apexlegendsstatus.com/algs/Y4-Split1/ALGS-Playoffs/Global/Overview,overview,101,other,Scores,107,,,,,,,,,,,,,,WMN BoLin,,,,,,,,,107,-28.13,-16.60,-26.84,0.50,363.60,0.81,,,,,,,,,,,
playoffs_split1,ALGS Year 4 Split 1 Playoffs,https://apexlegendsstatus.com/algs/Y4-Split1/ALGS-Playoffs/Global/Overview,Y4-Split1,ALGS-Playoffs,Global,Overview,,,https://apexlegendsstatus.com/algs/Y4-Split1/ALGS-Playoffs/Global/Overview,overview,101,other,Scores,108,,,,,,,,,,,,,,RID Yukio,,,,,,,,,108,-28.79,-7.83,-21.97,0.75,274.58,0.72,,,,,,,,,,,
playoffs_split1,ALGS Year 4 Split 1 Playoffs,https://apexlegendsstatus.com/algs/Y4-Split1/ALGS-Playoffs/Global/Overview,Y4-Split1,ALGS-Playoffs,Global,Overview,,,https://apexlegendsstatus.com/algs/Y4-Split1/ALGS-Playoffs/Global/Overview,overview,101,other,Scores,109,,,,,,,,,,,,,,VP Wey,,,,,,,,,109,-29.54,-49.48,-47.41,0.50,368.44,0.76,,,,,,,,,,,
playoffs_split1,ALGS Year 4 Split 1 Playoffs,https://apexlegendsstatus.com/algs/Y4-Split1/ALGS-Playoffs/Global/Overview,Y4-Split1,ALGS-Playoffs,Global,Overview,,,https://apexlegendsstatus.com/algs/Y4-Split1/ALGS-Playoffs/Global/Overview,overview,101,other,Scores,110,,,,,,,,,,,,,,HAO Right,,,,,,,,,110,-29.96,0.26,-17.82,0.63,342.33,0.67,,,,,,,,,,,
playoffs_split1,ALGS Year 4 Split 1 Playoffs,https://apexlegendsstatus.com/algs/Y4-Split1/ALGS-Playoffs/Global/Overview,Y4-Split1,ALGS-Playoffs,Global,Overview,,,https://apexlegendsstatus.com/algs/Y4-Split1/ALGS-Playoffs/Global/Overview,overview,101,other,Scores,111,,,,,,,,,,,,,,SRN Buegy,,,,,,,,,111,-31.43,-51.33,-49.66,0.63,329.59,0.65,,,,,,,,,,,
playoffs_split1,ALGS Year 4 Split 1 Playoffs,https://apexlegendsstatus.com/algs/Y4-Split1/ALGS-Playoffs/Global/Overview,Y4-Split1,ALGS-Playoffs,Global,Overview,,,https://apexlegendsstatus.com/algs/Y4-Split1/ALGS-Playoffs/Global/Overview,overview,101,other,Scores,112,,,,,,,,,,,,,,MDYW MingYue,,,,,,,,,112,-32.07,-11.22,-25.97,0.54,329.46,0.72,,,,,,,,,,,
playoffs_split1,ALGS Year 4 Split 1 Playoffs,https://apexlegendsstatus.com/algs/Y4-Split1/ALGS-Playoffs/Global/Overview,Y4-Split1,ALGS-Playoffs,Global,Overview,,,https://apexlegendsstatus.com/algs/Y4-Split1/ALGS-Playoffs/Global/Overview,overview,101,other,Scores,113,,,,,,,,,,,,,,NTH YukaPEROdator,,,,,,,,,113,-33.21,-13.52,-28.04,0.46,367.25,0.69,,,,,,,,,,,
playoffs_split1,ALGS Year 4 Split 1 Playoffs,https://apexlegendsstatus.com/algs/Y4-Split1/ALGS-Playoffs/Global/Overview,Y4-Split1,ALGS-Playoffs,Global,Overview,,,https://apexlegendsstatus.com/algs/Y4-Split1/ALGS-Playoffs/Global/Overview,overview,101,other,Scores,114,,,,,,,,,,,,,,COL KIMCHI,,,,,,,,,114,-33.43,-31.58,-39.00,0.37,354.97,0.81,,,,,,,,,,,
playoffs_split1,ALGS Year 4 Split 1 Playoffs,https://apexlegendsstatus.com/algs/Y4-Split1/ALGS-Playoffs/Global/Overview,Y4-Split1,ALGS-Playoffs,Global,Overview,,,https://apexlegendsstatus.com/algs/Y4-Split1/ALGS-Playoffs/Global/Overview,overview,101,other,Scores,115,,,,,,,,,,,,,,HAO 5CG,,,,,,,,,115,-33.90,-5.66,-23.73,0.33,365.50,0.81,,,,,,,,,,,
playoffs_split1,ALGS Year 4 Split 1 Playoffs,https://apexlegendsstatus.com/algs/Y4-Split1/ALGS-Playoffs/Global/Overview,Y4-Split1,ALGS-Playoffs,Global,Overview,,,https://apexlegendsstatus.com/algs/Y4-Split1/ALGS-Playoffs/Global/Overview,overview,101,other,Scores,116,,,,,,,,,,,,,,RID saku,,,,,,,,,116,-36.69,-19.68,-33.82,0.33,364.38,0.73,,,,,,,,,,,
playoffs_split1,ALGS Year 4 Split 1 Playoffs,https://apexlegendsstatus.com/algs/Y4-Split1/ALGS-Playoffs/Global/Overview,Y4-Split1,ALGS-Playoffs,Global,Overview,,,https://apexlegendsstatus.com/algs/Y4-Split1/ALGS-Playoffs/Global/Overview,overview,101,other,Scores,117,,,,,,,,,,,,,,WTD bobo2157,,,,,,,,,117,-42.03,-44.61,-51.98,0.53,268.20,0.56,,,,,,,,,,,
playoffs_split1,ALGS Year 4 Split 1 Playoffs,https://apexlegendsstatus.com/algs/Y4-Split1/ALGS-Playoffs/Global/Overview,Y4-Split1,ALGS-Playoffs,Global,Overview,,,https://apexlegendsstatus.com/algs/Y4-Split1/ALGS-Playoffs/Global/Overview,overview,101,other,Scores,118,,,,,,,,,,,,,,RR wayachang,,,,,,,,,118,-43.09,-29.34,-43.46,0.53,295.23,0.48,,,,,,,,,,,
playoffs_split1,ALGS Year 4 Split 1 Playoffs,https://apexlegendsstatus.com/algs/Y4-Split1/ALGS-Playoffs/Global/Overview,Y4-Split1,ALGS-Playoffs,Global,Overview,,,https://apexlegendsstatus.com/algs/Y4-Split1/ALGS-Playoffs/Global/Overview,overview,101,other,Scores,119,,,,,,,,,,,,,,NTC joker_o,,,,,,,,,119,-45.81,0.32,-27.30,0.42,247.92,0.62,,,,,,,,,,,
playoffs_split1,ALGS Year 4 Split 1 Playoffs,https://apexlegendsstatus.com/algs/Y4-Split1/ALGS-Playoffs/Global/Overview,Y4-Split1,ALGS-Playoffs,Global,Overview,,,https://apexlegendsstatus.com/algs/Y4-Split1/ALGS-Playoffs/Global/Overview,overview,101,other,Scores,120,,,,,,,,,,,,,,NTC corn,,,,,,,,,120,-69.88,-35.78,-63.39,0.08,167.46,0.42,,,,,,,,,,,
playoffs_split1,ALGS Year 4 Split 1 Playoffs,https://apexlegendsstatus.com/algs/Y4-Split1/ALGS-Playoffs/Global/Overview,Y4-Split1,ALGS-Playoffs,Global,Overview,,,https://apexlegendsstatus.com/algs/Y4-Split1/ALGS-Playoffs/Global/Overview,overview,102,other,Scores,1,DarkZero,,,,,,,,,,,,,,,,,,,,,,,,,,5.53,"2,632.19",1.16,1,116.79,6.69,,,,,,,,
playoffs_split1,ALGS Year 4 Split 1 Playoffs,https://apexlegendsstatus.com/algs/Y4-Split1/ALGS-Playoffs/Global/Overview,Y4-Split1,ALGS-Playoffs,Global,Overview,,,https://apexlegendsstatus.com/algs/Y4-Split1/ALGS-Playoffs/Global/Overview,overview,102,other,Scores,2,REJECT WINNITY,,,,,,,,,,,,,,,,,,,,,,,,,,4.28,"2,288.59",1.43,2,84.14,8.63,,,,,,,,
playoffs_split1,ALGS Year 4 Split 1 Playoffs,https://apexlegendsstatus.com/algs/Y4-Split1/ALGS-Playoffs/Global/Overview,Y4-Split1,ALGS-Playoffs,Global,Overview,,,https://apexlegendsstatus.com/algs/Y4-Split1/ALGS-Playoffs/Global/Overview,overview,102,other,Scores,3,FNATIC,,,,,,,,,,,,,,,,,,,,,,,,,,5.44,"2,193.59",1.06,3,80.89,8.63,,,,,,,,
playoffs_split1,ALGS Year 4 Split 1 Playoffs,https://apexlegendsstatus.com/algs/Y4-Split1/ALGS-Playoffs/Global/Overview,Y4-Split1,ALGS-Playoffs,Global,Overview,,,https://apexlegendsstatus.com/algs/Y4-Split1/ALGS-Playoffs/Global/Overview,overview,102,other,Scores,4,Aurora,,,,,,,,,,,,,,,,,,,,,,,,,,4.22,"1,910.72",0.62,4,40.16,8.31,,,,,,,,
playoffs_split1,ALGS Year 4 Split 1 Playoffs,https://apexlegendsstatus.com/algs/Y4-Split1/ALGS-Playoffs/Global/Overview,Y4-Split1,ALGS-Playoffs,Global,Overview,,,https://apexlegendsstatus.com/algs/Y4-Split1/ALGS-Playoffs/Global/Overview,overview,102,other,Scores,5,SSG,,,,,,,,,,,,,,,,,,,,,,,,,,3.58,"1,839.63",1.16,5,36.81,10.03,,,,,,,,
playoffs_split1,ALGS Year 4 Split 1 Playoffs,https://apexlegendsstatus.com/algs/Y4-Split1/ALGS-Playoffs/Global/Overview,Y4-Split1,ALGS-Playoffs,Global,Overview,,,https://apexlegendsstatus.com/algs/Y4-Split1/ALGS-Playoffs/Global/Overview,overview,102,other,Scores,6,Not Moist,,,,,,,,,,,,,,,,,,,,,,,,,,3.34,"1,706.59",0.99,6,34.59,8.72,,,,,,,,
playoffs_split1,ALGS Year 4 Split 1 Playoffs,https://apexlegendsstatus.com/algs/Y4-Split1/ALGS-Playoffs/Global/Overview,Y4-Split1,ALGS-Playoffs,Global,Overview,,,https://apexlegendsstatus.com/algs/Y4-Split1/ALGS-Playoffs/Global/Overview,overview,102,other,Scores,7,Elev8 Gaming,,,,,,,,,,,,,,,,,,,,,,,,,,3.71,"1,770.68",1.11,7,31.66,10.34,,,,,,,,
playoffs_split1,ALGS Year 4 Split 1 Playoffs,https://apexlegendsstatus.com/algs/Y4-Split1/ALGS-Playoffs/Global/Overview,Y4-Split1,ALGS-Playoffs,Global,Overview,,,https://apexlegendsstatus.com/algs/Y4-Split1/ALGS-Playoffs/Global/Overview,overview,102,other,Scores,8,Disguised,,,,,,,,,,,,,,,,,,,,,,,,,,3.29,"1,816.16",0.90,8,23.84,9.71,,,,,,,,
playoffs_split1,ALGS Year 4 Split 1 Playoffs,https://apexlegendsstatus.com/algs/Y4-Split1/ALGS-Playoffs/Global/Overview,Y4-Split1,ALGS-Playoffs,Global,Overview,,,https://apexlegendsstatus.com/algs/Y4-Split1/ALGS-Playoffs/Global/Overview,overview,102,other,Scores,9,Cloud9,,,,,,,,,,,,,,,,,,,,,,,,,,2.71,"1,659.63",1.05,9,22.76,9.18,,,,,,,,
playoffs_split1,ALGS Year 4 Split 1 Playoffs,https://apexlegendsstatus.com/algs/Y4-Split1/ALGS-Playoffs/Global/Overview,Y4-Split1,ALGS-Playoffs,Global,Overview,,,https://apexlegendsstatus.com/algs/Y4-Split1/ALGS-Playoffs/Global/Overview,overview,102,other,Scores,10,Alliance,,,,,,,,,,,,,,,,,,,,,,,,,,3.76,"1,692.47",0.86,10,21.48,10.11,,,,,,,,
playoffs_split1,ALGS Year 4 Split 1 Playoffs,https://apexlegendsstatus.com/algs/Y4-Split1/ALGS-Playoffs/Global/Overview,Y4-Split1,ALGS-Playoffs,Global,Overview,,,https://apexlegendsstatus.com/algs/Y4-Split1/ALGS-Playoffs/Global/Overview,overview,102,other,Scores,11,Virtus.Pro,,,,,,,,,,,,,,,,,,,,,,,,,,2.56,"1,556.22",1.04,11,20.87,8.81,,,,,,,,
playoffs_split1,ALGS Year 4 Split 1 Playoffs,https://apexlegendsstatus.com/algs/Y4-Split1/ALGS-Playoffs/Global/Overview,Y4-Split1,ALGS-Playoffs,Global,Overview,,,https://apexlegendsstatus.com/algs/Y4-Split1/ALGS-Playoffs/Global/Overview,overview,102,other,Scores,12,Serenity,,,,,,,,,,,,,,,,,,,,,,,,,,2.59,"1,597.09",1.00,12,20.81,8.78,,,,,,,,
playoffs_split1,ALGS Year 4 Split 1 Playoffs,https://apexlegendsstatus.com/algs/Y4-Split1/ALGS-Playoffs/Global/Overview,Y4-Split1,ALGS-Playoffs,Global,Overview,,,https://apexlegendsstatus.com/algs/Y4-Split1/ALGS-Playoffs/Global/Overview,overview,102,other,Scores,13,Legends Gaming,,,,,,,,,,,,,,,,,,,,,,,,,,2.97,"1,814.84",1.00,13,19.93,10.13,,,,,,,,
playoffs_split1,ALGS Year 4 Split 1 Playoffs,https://apexlegendsstatus.com/algs/Y4-Split1/ALGS-Playoffs/Global/Overview,Y4-Split1,ALGS-Playoffs,Global,Overview,,,https://apexlegendsstatus.com/algs/Y4-Split1/ALGS-Playoffs/Global/Overview,overview,102,other,Scores,14,FURIA,,,,,,,,,,,,,,,,,,,,,,,,,,3.17,"1,753.67",0.97,14,17.26,10.40,,,,,,,,
playoffs_split1,ALGS Year 4 Split 1 Playoffs,https://apexlegendsstatus.com/algs/Y4-Split1/ALGS-Playoffs/Global/Overview,Y4-Split1,ALGS-Playoffs,Global,Overview,,,https://apexlegendsstatus.com/algs/Y4-Split1/ALGS-Playoffs/Global/Overview,overview,102,other,Scores,15,Boogie Boarders,,,,,,,,,,,,,,,,,,,,,,,,,,1.96,"1,603.71",1.10,15,8.56,9.71,,,,,,,,
playoffs_split1,ALGS Year 4 Split 1 Playoffs,https://apexlegendsstatus.com/algs/Y4-Split1/ALGS-Playoffs/Global/Overview,Y4-Split1,ALGS-Playoffs,Global,Overview,,,https://apexlegendsstatus.com/algs/Y4-Split1/ALGS-Playoffs/Global/Overview,overview,102,other,Scores,16,Made in Heaven,,,,,,,,,,,,,,,,,,,,,,,,,,2.70,"1,667.17",0.96,16,3.20,10.93,,,,,,,,
playoffs_split1,ALGS Year 4 Split 1 Playoffs,https://apexlegendsstatus.com/algs/Y4-Split1/ALGS-Playoffs/Global/Overview,Y4-Split1,ALGS-Playoffs,Global,Overview,,,https://apexlegendsstatus.com/algs/Y4-Split1/ALGS-Playoffs/Global/Overview,overview,102,other,Scores,17,OMiT,,,,,,,,,,,,,,,,,,,,,,,,,,2.68,"1,459.66",0.82,17,1.46,9.76,,,,,,,,
playoffs_split1,ALGS Year 4 Split 1 Playoffs,https://apexlegendsstatus.com/algs/Y4-Split1/ALGS-Playoffs/Global/Overview,Y4-Split1,ALGS-Playoffs,Global,Overview,,,https://apexlegendsstatus.com/algs/Y4-Split1/ALGS-Playoffs/Global/Overview,overview,102,other,Scores,18,Complexity,,,,,,,,,,,,,,,,,,,,,,,,,,1.40,"1,480.57",1.04,18,0.03,9.13,,,,,,,,
playoffs_split1,ALGS Year 4 Split 1 Playoffs,https://apexlegendsstatus.com/algs/Y4-Split1/ALGS-Playoffs/Global/Overview,Y4-Split1,ALGS-Playoffs,Global,Overview,,,https://apexlegendsstatus.com/algs/Y4-Split1/ALGS-Playoffs/Global/Overview,overview,102,other,Scores,19,PassionUA,,,,,,,,,,,,,,,,,,,,,,,,,,2.29,"1,767.25",0.91,19,-0.35,10.79,,,,,,,,
playoffs_split1,ALGS Year 4 Split 1 Playoffs,https://apexlegendsstatus.com/algs/Y4-Split1/ALGS-Playoffs/Global/Overview,Y4-Split1,ALGS-Playoffs,Global,Overview,,,https://apexlegendsstatus.com/algs/Y4-Split1/ALGS-Playoffs/Global/Overview,overview,102,other,Scores,20,Oxygen Esports,,,,,,,,,,,,,,,,,,,,,,,,,,2.63,"1,288.79",0.84,20,-0.80,9.46,,,,,,,,
playoffs_split1,ALGS Year 4 Split 1 Playoffs,https://apexlegendsstatus.com/algs/Y4-Split1/ALGS-Playoffs/Global/Overview,Y4-Split1,ALGS-Playoffs,Global,Overview,,,https://apexlegendsstatus.com/algs/Y4-Split1/ALGS-Playoffs/Global/Overview,overview,102,other,Scores,21,KINOTROPE gaming,,,,,,,,,,,,,,,,,,,,,,,,,,2.74,"1,403.34",0.91,21,-1.23,10.37,,,,,,,,
playoffs_split1,ALGS Year 4 Split 1 Playoffs,https://apexlegendsstatus.com/algs/Y4-Split1/ALGS-Playoffs/Global/Overview,Y4-Split1,ALGS-Playoffs,Global,Overview,,,https://apexlegendsstatus.com/algs/Y4-Split1/ALGS-Playoffs/Global/Overview,overview,102,other,Scores,22,GEARED GAMING,,,,,,,,,,,,,,,,,,,,,,,,,,2.87,"1,372.50",0.87,22,-3.85,10.57,,,,,,,,
playoffs_split1,ALGS Year 4 Split 1 Playoffs,https://apexlegendsstatus.com/algs/Y4-Split1/ALGS-Playoffs/Global/Overview,Y4-Split1,ALGS-Playoffs,Global,Overview,,,https://apexlegendsstatus.com/algs/Y4-Split1/ALGS-Playoffs/Global/Overview,overview,102,other,Scores,23,TSM,,,,,,,,,,,,,,,,,,,,,,,,,,2.87,"1,463.92",0.88,23,-4.35,10.97,,,,,,,,
playoffs_split1,ALGS Year 4 Split 1 Playoffs,https://apexlegendsstatus.com/algs/Y4-Split1/ALGS-Playoffs/Global/Overview,Y4-Split1,ALGS-Playoffs,Global,Overview,,,https://apexlegendsstatus.com/algs/Y4-Split1/ALGS-Playoffs/Global/Overview,overview,102,other,Scores,24,LG,,,,,,,,,,,,,,,,,,,,,,,,,,2.37,"1,428.03",0.76,24,-4.84,9.61,,,,,,,,
playoffs_split1,ALGS Year 4 Split 1 Playoffs,https://apexlegendsstatus.com/algs/Y4-Split1/ALGS-Playoffs/Global/Overview,Y4-Split1,ALGS-Playoffs,Global,Overview,,,https://apexlegendsstatus.com/algs/Y4-Split1/ALGS-Playoffs/Global/Overview,overview,102,other,Scores,25,Liquid Alienware,,,,,,,,,,,,,,,,,,,,,,,,,,2.53,"1,518.00",0.90,25,-6.65,10.97,,,,,,,,
playoffs_split1,ALGS Year 4 Split 1 Playoffs,https://apexlegendsstatus.com/algs/Y4-Split1/ALGS-Playoffs/Global/Overview,Y4-Split1,ALGS-Playoffs,Global,Overview,,,https://apexlegendsstatus.com/algs/Y4-Split1/ALGS-Playoffs/Global/Overview,overview,102,other,Scores,26,Natus Vincere,,,,,,,,,,,,,,,,,,,,,,,,,,2.57,"1,296.67",0.75,26,-13.55,10.40,,,,,,,,
playoffs_split1,ALGS Year 4 Split 1 Playoffs,https://apexlegendsstatus.com/algs/Y4-Split1/ALGS-Playoffs/Global/Overview,Y4-Split1,ALGS-Playoffs,Global,Overview,,,https://apexlegendsstatus.com/algs/Y4-Split1/ALGS-Playoffs/Global/Overview,overview,102,other,Scores,27,HEROEZ,,,,,,,,,,,,,,,,,,,,,,,,,,2.23,"1,470.77",0.83,27,-16.12,11.10,,,,,,,,
playoffs_split1,ALGS Year 4 Split 1 Playoffs,https://apexlegendsstatus.com/algs/Y4-Split1/ALGS-Playoffs/Global/Overview,Y4-Split1,ALGS-Playoffs,Global,Overview,,,https://apexlegendsstatus.com/algs/Y4-Split1/ALGS-Playoffs/Global/Overview,overview,102,other,Scores,28,2Rats1Controller,,,,,,,,,,,,,,,,,,,,,,,,,,2.97,"1,433.75",0.73,28,-16.25,11.63,,,,,,,,
playoffs_split1,ALGS Year 4 Split 1 Playoffs,https://apexlegendsstatus.com/algs/Y4-Split1/ALGS-Playoffs/Global/Overview,Y4-Split1,ALGS-Playoffs,Global,Overview,,,https://apexlegendsstatus.com/algs/Y4-Split1/ALGS-Playoffs/Global/Overview,overview,102,other,Scores,29,o7,,,,,,,,,,,,,,,,,,,,,,,,,,3.13,"1,315.78",0.99,29,-21.62,13.31,,,,,,,,
playoffs_split1,ALGS Year 4 Split 1 Playoffs,https://apexlegendsstatus.com/algs/Y4-Split1/ALGS-Playoffs/Global/Overview,Y4-Split1,ALGS-Playoffs,Global,Overview,,,https://apexlegendsstatus.com/algs/Y4-Split1/ALGS-Playoffs/Global/Overview,overview,102,other,Scores,30,CRAZY RACCOON,,,,,,,,,,,,,,,,,,,,,,,,,,2.17,"1,218.20",0.89,30,-27.07,11.67,,,,,,,,
playoffs_split1,ALGS Year 4 Split 1 Playoffs,https://apexlegendsstatus.com/algs/Y4-Split1/ALGS-Playoffs/Global/Overview,Y4-Split1,ALGS-Playoffs,Global,Overview,,,https://apexlegendsstatus.com/algs/Y4-Split1/ALGS-Playoffs/Global/Overview,overview,102,other,Scores,31,WMNDY,,,,,,,,,,,,,,,,,,,,,,,,,,2.13,"1,194.80",0.84,31,-30.95,11.77,,,,,,,,
playoffs_split1,ALGS Year 4 Split 1 Playoffs,https://apexlegendsstatus.com/algs/Y4-Split1/ALGS-Playoffs/Global/Overview,Y4-Split1,ALGS-Playoffs,Global,Overview,,,https://apexlegendsstatus.com/algs/Y4-Split1/ALGS-Playoffs/Global/Overview,overview,102,other,Scores,32,wonton dumpling,,,,,,,,,,,,,,,,,,,,,,,,,,2.30,"1,308.47",0.85,32,-34.96,12.87,,,,,,,,
playoffs_split1,ALGS Year 4 Split 1 Playoffs,https://apexlegendsstatus.com/algs/Y4-Split1/ALGS-Playoffs/Global/Overview,Y4-Split1,ALGS-Playoffs,Global,Overview,,,https://apexlegendsstatus.com/algs/Y4-Split1/ALGS-Playoffs/Global/Overview,overview,102,other,Scores,33,BR DEM0NZ,,,,,,,,,,,,,,,,,,,,,,,,,,2.00,"1,325.38",0.84,33,-35.41,12.46,,,,,,,,
playoffs_split1,ALGS Year 4 Split 1 Playoffs,https://apexlegendsstatus.com/algs/Y4-Split1/ALGS-Playoffs/Global/Overview,Y4-Split1,ALGS-Playoffs,Global,Overview,,,https://apexlegendsstatus.com/algs/Y4-Split1/ALGS-Playoffs/Global/Overview,overview,102,other,Scores,34,HAO,,,,,,,,,,,,,,,,,,,,,,,,,,1.54,"1,083.33",0.74,34,-39.79,11.00,,,,,,,,
playoffs_split1,ALGS Year 4 Split 1 Playoffs,https://apexlegendsstatus.com/algs/Y4-Split1/ALGS-Playoffs/Global/Overview,Y4-Split1,ALGS-Playoffs,Global,Overview,,,https://apexlegendsstatus.com/algs/Y4-Split1/ALGS-Playoffs/Global/Overview,overview,102,other,Scores,35,Tom Yum Kung,,,,,,,,,,,,,,,,,,,,,,,,,,1.92,"1,222.42",0.70,35,-41.14,11.96,,,,,,,,
playoffs_split1,ALGS Year 4 Split 1 Playoffs,https://apexlegendsstatus.com/algs/Y4-Split1/ALGS-Playoffs/Global/Overview,Y4-Split1,ALGS-Playoffs,Global,Overview,,,https://apexlegendsstatus.com/algs/Y4-Split1/ALGS-Playoffs/Global/Overview,overview,102,other,Scores,36,RIDDLE ORDER,,,,,,,,,,,,,,,,,,,,,,,,,,1.67,"1,153.46",0.85,36,-45.37,12.54,,,,,,,,
playoffs_split1,ALGS Year 4 Split 1 Playoffs,https://apexlegendsstatus.com/algs/Y4-Split1/ALGS-Playoffs/Global/Overview,Y4-Split1,ALGS-Playoffs,Global,Overview,,,https://apexlegendsstatus.com/algs/Y4-Split1/ALGS-Playoffs/Global/Overview,overview,102,other,Scores,37,NORTHEPTION,,,,,,,,,,,,,,,,,,,,,,,,,,1.88,"1,173.88",0.74,37,-46.02,12.46,,,,,,,,
playoffs_split1,ALGS Year 4 Split 1 Playoffs,https://apexlegendsstatus.com/algs/Y4-Split1/ALGS-Playoffs/Global/Overview,Y4-Split1,ALGS-Playoffs,Global,Overview,,,https://apexlegendsstatus.com/algs/Y4-Split1/ALGS-Playoffs/Global/Overview,overview,102,other,Scores,38,RED Rams,,,,,,,,,,,,,,,,,,,,,,,,,,2.23,"1,184.50",0.63,38,-48.74,12.80,,,,,,,,
playoffs_split1,ALGS Year 4 Split 1 Playoffs,https://apexlegendsstatus.com/algs/Y4-Split1/ALGS-Playoffs/Global/Overview,Y4-Split1,ALGS-Playoffs,Global,Overview,,,https://apexlegendsstatus.com/algs/Y4-Split1/ALGS-Playoffs/Global/Overview,overview,102,other,Scores,39,MDY-White,,,,,,,,,,,,,,,,,,,,,,,,,,1.83,"1,127.04",0.77,39,-49.33,12.79,,,,,,,,
playoffs_split1,ALGS Year 4 Split 1 Playoffs,https://apexlegendsstatus.com/algs/Y4-Split1/ALGS-Playoffs/Global/Overview,Y4-Split1,ALGS-Playoffs,Global,Overview,,,https://apexlegendsstatus.com/algs/Y4-Split1/ALGS-Playoffs/Global/Overview,overview,102,other,Scores,40,Never To Change,,,,,,,,,,,,,,,,,,,,,,,,,,0.92,805.63,0.68,40,-96.85,15.17,,,,,,,,
midseason_ewc_split1,ALGS Year 4 Midseason Playoffs / EWC,https://apexlegendsstatus.com/algs/Y4-Split1/EWC/Global/Overview,Y4-Split1,EWC,Global,Overview,,,https://apexlegendsstatus.com/algs/Y4-Split1/EWC/Global/Overview,overview,103,other,Top 10 Teams,1,GEEKAY ESPORTS,5,6,6,,,,,,,,,,,,,,,,,,,,,,,,,,,,,3,,,,,,,
midseason_ewc_split1,ALGS Year 4 Midseason Playoffs / EWC,https://apexlegendsstatus.com/algs/Y4-Split1/EWC/Global/Overview,Y4-Split1,EWC,Global,Overview,,,https://apexlegendsstatus.com/algs/Y4-Split1/EWC/Global/Overview,overview,103,other,Top 10 Teams,2,Team Falcons,16,16,16,,,,,,,,,,,,,,,,,,,,,,,,,,,,,12,,,,,,,
midseason_ewc_split1,ALGS Year 4 Midseason Playoffs / EWC,https://apexlegendsstatus.com/algs/Y4-Split1/EWC/Global/Overview,Y4-Split1,EWC,Global,Overview,,,https://apexlegendsstatus.com/algs/Y4-Split1/EWC/Global/Overview,overview,103,other,Top 10 Teams,3,Red Rams,10,3,10,,,,,,,,,,,,,,,,,,,,,,,,,,,,,5,,,,,,,
midseason_ewc_split1,ALGS Year 4 Midseason Playoffs / EWC,https://apexlegendsstatus.com/algs/Y4-Split1/EWC/Global/Overview,Y4-Split1,EWC,Global,Overview,,,https://apexlegendsstatus.com/algs/Y4-Split1/EWC/Global/Overview,overview,103,other,Top 10 Teams,4,Reject Winnity,0,5,5,,,,,,,,,,,,,,,,,,,,,,,,,,,,,2,,,,,,,
midseason_ewc_split1,ALGS Year 4 Midseason Playoffs / EWC,https://apexlegendsstatus.com/algs/Y4-Split1/EWC/Global/Overview,Y4-Split1,EWC,Global,Overview,,,https://apexlegendsstatus.com/algs/Y4-Split1/EWC/Global/Overview,overview,103,other,Top 10 Teams,5,FaZe,11,7,11,,,,,,,,,,,,,,,,,,,,,,,,,,,,,5,,,,,,,
midseason_ewc_split1,ALGS Year 4 Midseason Playoffs / EWC,https://apexlegendsstatus.com/algs/Y4-Split1/EWC/Global/Overview,Y4-Split1,EWC,Global,Overview,,,https://apexlegendsstatus.com/algs/Y4-Split1/EWC/Global/Overview,overview,103,other,Top 10 Teams,6,E-XOLOS LAZER,6,6,9,,,,,,,,,,,,,,,,,,,,,,,,,,,,,9,,,,,,,
midseason_ewc_split1,ALGS Year 4 Midseason Playoffs / EWC,https://apexlegendsstatus.com/algs/Y4-Split1/EWC/Global/Overview,Y4-Split1,EWC,Global,Overview,,,https://apexlegendsstatus.com/algs/Y4-Split1/EWC/Global/Overview,overview,103,other,Top 10 Teams,7,Luminosity Gaming,7,9,9,,,,,,,,,,,,,,,,,,,,,,,,,,,,,3,,,,,,,
midseason_ewc_split1,ALGS Year 4 Midseason Playoffs / EWC,https://apexlegendsstatus.com/algs/Y4-Split1/EWC/Global/Overview,Y4-Split1,EWC,Global,Overview,,,https://apexlegendsstatus.com/algs/Y4-Split1/EWC/Global/Overview,overview,103,other,Top 10 Teams,8,Evos Esports,7,4,7,,,,,,,,,,,,,,,,,,,,,,,,,,,,,1,,,,,,,
midseason_ewc_split1,ALGS Year 4 Midseason Playoffs / EWC,https://apexlegendsstatus.com/algs/Y4-Split1/EWC/Global/Overview,Y4-Split1,EWC,Global,Overview,,,https://apexlegendsstatus.com/algs/Y4-Split1/EWC/Global/Overview,overview,103,other,Top 10 Teams,9,GUILD ESPORTS,1,6,7,,,,,,,,,,,,,,,,,,,,,,,,,,,,,7,,,,,,,
midseason_ewc_split1,ALGS Year 4 Midseason Playoffs / EWC,https://apexlegendsstatus.com/algs/Y4-Split1/EWC/Global/Overview,Y4-Split1,EWC,Global,Overview,,,https://apexlegendsstatus.com/algs/Y4-Split1/EWC/Global/Overview,overview,103,other,Top 10 Teams,10,MKERS,4,1,4,,,,,,,,,,,,,,,,,,,,,,,,,,,,,4,,,,,,,
midseason_ewc_split1,ALGS Year 4 Midseason Playoffs / EWC,https://apexlegendsstatus.com/algs/Y4-Split1/EWC/Global/Overview,Y4-Split1,EWC,Global,Overview,,,https://apexlegendsstatus.com/algs/Y4-Split1/EWC/Global/Overview,overview,103,other,Top 10 Teams,11,Team Liquid,11,16,16,,,,,,,,,,,,,,,,,,,,,,,,,,,,,4,,,,,,,
midseason_ewc_split1,ALGS Year 4 Midseason Playoffs / EWC,https://apexlegendsstatus.com/algs/Y4-Split1/EWC/Global/Overview,Y4-Split1,EWC,Global,Overview,,,https://apexlegendsstatus.com/algs/Y4-Split1/EWC/Global/Overview,overview,103,other,Top 10 Teams,12,FENNEL,4,8,8,,,,,,,,,,,,,,,,,,,,,,,,,,,,,5,,,,,,,
midseason_ewc_split1,ALGS Year 4 Midseason Playoffs / EWC,https://apexlegendsstatus.com/algs/Y4-Split1/EWC/Global/Overview,Y4-Split1,EWC,Global,Overview,,,https://apexlegendsstatus.com/algs/Y4-Split1/EWC/Global/Overview,overview,103,other,Top 10 Teams,13,Pioneers,4,6,6,,,,,,,,,,,,,,,,,,,,,,,,,,,,,2,,,,,,,
midseason_ewc_split1,ALGS Year 4 Midseason Playoffs / EWC,https://apexlegendsstatus.com/algs/Y4-Split1/EWC/Global/Overview,Y4-Split1,EWC,Global,Overview,,,https://apexlegendsstatus.com/algs/Y4-Split1/EWC/Global/Overview,overview,103,other,Top 10 Teams,14,GaiminGladiators,7,14,14,,,,,,,,,,,,,,,,,,,,,,,,,,,,,4,,,,,,,
midseason_ewc_split1,ALGS Year 4 Midseason Playoffs / EWC,https://apexlegendsstatus.com/algs/Y4-Split1/EWC/Global/Overview,Y4-Split1,EWC,Global,Overview,,,https://apexlegendsstatus.com/algs/Y4-Split1/EWC/Global/Overview,overview,103,other,Top 10 Teams,15,Aurora,10,9,10,,,,,,,,,,,,,,,,,,,,,,,,,,,,,9,,,,,,,
midseason_ewc_split1,ALGS Year 4 Midseason Playoffs / EWC,https://apexlegendsstatus.com/algs/Y4-Split1/EWC/Global/Overview,Y4-Split1,EWC,Global,Overview,,,https://apexlegendsstatus.com/algs/Y4-Split1/EWC/Global/Overview,overview,103,other,Top 10 Teams,16,GHS PROFESSIONAL,3,6,6,,,,,,,,,,,,,,,,,,,,,,,,,,,,,6,,,,,,,
midseason_ewc_split1,ALGS Year 4 Midseason Playoffs / EWC,https://apexlegendsstatus.com/algs/Y4-Split1/EWC/Global/Overview,Y4-Split1,EWC,Global,Overview,,,https://apexlegendsstatus.com/algs/Y4-Split1/EWC/Global/Overview,overview,103,other,Top 10 Teams,17,Ninjas in Pyjamas,8,5,14,,,,,,,,,,,,,,,,,,,,,,,,,,,,,14,,,,,,,
midseason_ewc_split1,ALGS Year 4 Midseason Playoffs / EWC,https://apexlegendsstatus.com/algs/Y4-Split1/EWC/Global/Overview,Y4-Split1,EWC,Global,Overview,,,https://apexlegendsstatus.com/algs/Y4-Split1/EWC/Global/Overview,overview,103,other,Top 10 Teams,18,Disguised,7,6,7,,,,,,,,,,,,,,,,,,,,,,,,,,,,,4,,,,,,,
midseason_ewc_split1,ALGS Year 4 Midseason Playoffs / EWC,https://apexlegendsstatus.com/algs/Y4-Split1/EWC/Global/Overview,Y4-Split1,EWC,Global,Overview,,,https://apexlegendsstatus.com/algs/Y4-Split1/EWC/Global/Overview,overview,103,other,Top 10 Teams,19,Crazy Raccoon,12,3,12,,,,,,,,,,,,,,,,,,,,,,,,,,,,,3,,,,,,,
midseason_ewc_split1,ALGS Year 4 Midseason Playoffs / EWC,https://apexlegendsstatus.com/algs/Y4-Split1/EWC/Global/Overview,Y4-Split1,EWC,Global,Overview,,,https://apexlegendsstatus.com/algs/Y4-Split1/EWC/Global/Overview,overview,103,other,Top 10 Teams,20,Twisted Minds,11,15,15,,,,,,,,,,,,,,,,,,,,,,,,,,,,,6,,,,,,,
midseason_ewc_split1,ALGS Year 4 Midseason Playoffs / EWC,https://apexlegendsstatus.com/algs/Y4-Split1/EWC/Global/Overview,Y4-Split1,EWC,Global,Overview,,,https://apexlegendsstatus.com/algs/Y4-Split1/EWC/Global/Overview,overview,103,other,Top 10 Teams,21,Natus Vincere,15,7,15,,,,,,,,,,,,,,,,,,,,,,,,,,,,,6,,,,,,,
midseason_ewc_split1,ALGS Year 4 Midseason Playoffs / EWC,https://apexlegendsstatus.com/algs/Y4-Split1/EWC/Global/Overview,Y4-Split1,EWC,Global,Overview,,,https://apexlegendsstatus.com/algs/Y4-Split1/EWC/Global/Overview,overview,103,other,Top 10 Teams,22,TSM,11,12,12,,,,,,,,,,,,,,,,,,,,,,,,,,,,,2,,,,,,,
midseason_ewc_split1,ALGS Year 4 Midseason Playoffs / EWC,https://apexlegendsstatus.com/algs/Y4-Split1/EWC/Global/Overview,Y4-Split1,EWC,Global,Overview,,,https://apexlegendsstatus.com/algs/Y4-Split1/EWC/Global/Overview,overview,103,other,Top 10 Teams,23,EXO Clan,12,7,12,,,,,,,,,,,,,,,,,,,,,,,,,,,,,6,,,,,,,
midseason_ewc_split1,ALGS Year 4 Midseason Playoffs / EWC,https://apexlegendsstatus.com/algs/Y4-Split1/EWC/Global/Overview,Y4-Split1,EWC,Global,Overview,,,https://apexlegendsstatus.com/algs/Y4-Split1/EWC/Global/Overview,overview,103,other,Top 10 Teams,24,Dragons Esports,14,5,14,,,,,,,,,,,,,,,,,,,,,,,,,,,,,2,,,,,,,
midseason_ewc_split1,ALGS Year 4 Midseason Playoffs / EWC,https://apexlegendsstatus.com/algs/Y4-Split1/EWC/Global/Overview,Y4-Split1,EWC,Global,Overview,,,https://apexlegendsstatus.com/algs/Y4-Split1/EWC/Global/Overview,overview,103,other,Top 10 Teams,25,Alliance,14,14,14,,,,,,,,,,,,,,,,,,,,,,,,,,,,,3,,,,,,,
midseason_ewc_split1,ALGS Year 4 Midseason Playoffs / EWC,https://apexlegendsstatus.com/algs/Y4-Split1/EWC/Global/Overview,Y4-Split1,EWC,Global,Overview,,,https://apexlegendsstatus.com/algs/Y4-Split1/EWC/Global/Overview,overview,103,other,Top 10 Teams,26,FNATIC,4,11,11,,,,,,,,,,,,,,,,,,,,,,,,,,,,,3,,,,,,,
midseason_ewc_split1,ALGS Year 4 Midseason Playoffs / EWC,https://apexlegendsstatus.com/algs/Y4-Split1/EWC/Global/Overview,Y4-Split1,EWC,Global,Overview,,,https://apexlegendsstatus.com/algs/Y4-Split1/EWC/Global/Overview,overview,103,other,Top 10 Teams,27,SpaceStation Gaming,16,7,16,,,,,,,,,,,,,,,,,,,,,,,,,,,,,5,,,,,,,
midseason_ewc_split1,ALGS Year 4 Midseason Playoffs / EWC,https://apexlegendsstatus.com/algs/Y4-Split1/EWC/Global/Overview,Y4-Split1,EWC,Global,Overview,,,https://apexlegendsstatus.com/algs/Y4-Split1/EWC/Global/Overview,overview,103,other,Top 10 Teams,28,Elev8 x BLEED,16,11,16,,,,,,,,,,,,,,,,,,,,,,,,,,,,,4,,,,,,,
midseason_ewc_split1,ALGS Year 4 Midseason Playoffs / EWC,https://apexlegendsstatus.com/algs/Y4-Split1/EWC/Global/Overview,Y4-Split1,EWC,Global,Overview,,,https://apexlegendsstatus.com/algs/Y4-Split1/EWC/Global/Overview,overview,103,other,Top 10 Teams,29,Mizuchi,5,11,11,,,,,,,,,,,,,,,,,,,,,,,,,,,,,1,,,,,,,
midseason_ewc_split1,ALGS Year 4 Midseason Playoffs / EWC,https://apexlegendsstatus.com/algs/Y4-Split1/EWC/Global/Overview,Y4-Split1,EWC,Global,Overview,,,https://apexlegendsstatus.com/algs/Y4-Split1/EWC/Global/Overview,overview,103,other,Top 10 Teams,30,NRG,6,6,6,,,,,,,,,,,,,,,,,,,,,,,,,,,,,0,,,,,,,
midseason_ewc_split1,ALGS Year 4 Midseason Playoffs / EWC,https://apexlegendsstatus.com/algs/Y4-Split1/EWC/Global/Overview,Y4-Split1,EWC,Global,Overview,,,https://apexlegendsstatus.com/algs/Y4-Split1/EWC/Global/Overview,overview,103,other,Top 10 Teams,31,RIDDLE ORDER,3,2,3,,,,,,,,,,,,,,,,,,,,,,,,,,,,,1,,,,,,,
midseason_ewc_split1,ALGS Year 4 Midseason Playoffs / EWC,https://apexlegendsstatus.com/algs/Y4-Split1/EWC/Global/Overview,Y4-Split1,EWC,Global,Overview,,,https://apexlegendsstatus.com/algs/Y4-Split1/EWC/Global/Overview,overview,103,other,Top 10 Teams,32,Blacklist International,7,10,10,,,,,,,,,,,,,,,,,,,,,,,,,,,,,6,,,,,,,
midseason_ewc_split1,ALGS Year 4 Midseason Playoffs / EWC,https://apexlegendsstatus.com/algs/Y4-Split1/EWC/Global/Overview,Y4-Split1,EWC,Global,Overview,,,https://apexlegendsstatus.com/algs/Y4-Split1/EWC/Global/Overview,overview,103,other,Top 10 Teams,33,HEROEZ,4,9,9,,,,,,,,,,,,,,,,,,,,,,,,,,,,,1,,,,,,,
midseason_ewc_split1,ALGS Year 4 Midseason Playoffs / EWC,https://apexlegendsstatus.com/algs/Y4-Split1/EWC/Global/Overview,Y4-Split1,EWC,Global,Overview,,,https://apexlegendsstatus.com/algs/Y4-Split1/EWC/Global/Overview,overview,103,other,Top 10 Teams,34,Virtus.Pro,6,8,8,,,,,,,,,,,,,,,,,,,,,,,,,,,,,6,,,,,,,
midseason_ewc_split1,ALGS Year 4 Midseason Playoffs / EWC,https://apexlegendsstatus.com/algs/Y4-Split1/EWC/Global/Overview,Y4-Split1,EWC,Global,Overview,,,https://apexlegendsstatus.com/algs/Y4-Split1/EWC/Global/Overview,overview,103,other,Top 10 Teams,35,NORTHEPTION,7,6,7,,,,,,,,,,,,,,,,,,,,,,,,,,,,,5,,,,,,,
midseason_ewc_split1,ALGS Year 4 Midseason Playoffs / EWC,https://apexlegendsstatus.com/algs/Y4-Split1/EWC/Global/Overview,Y4-Split1,EWC,Global,Overview,,,https://apexlegendsstatus.com/algs/Y4-Split1/EWC/Global/Overview,overview,103,other,Top 10 Teams,36,HAO,7,4,7,,,,,,,,,,,,,,,,,,,,,,,,,,,,,7,,,,,,,
midseason_ewc_split1,ALGS Year 4 Midseason Playoffs / EWC,https://apexlegendsstatus.com/algs/Y4-Split1/EWC/Global/Overview,Y4-Split1,EWC,Global,Overview,,,https://apexlegendsstatus.com/algs/Y4-Split1/EWC/Global/Overview,overview,103,other,Top 10 Teams,37,LGD GAMING,7,10,10,,,,,,,,,,,,,,,,,,,,,,,,,,,,,0,,,,,,,
midseason_ewc_split1,ALGS Year 4 Midseason Playoffs / EWC,https://apexlegendsstatus.com/algs/Y4-Split1/EWC/Global/Overview,Y4-Split1,EWC,Global,Overview,,,https://apexlegendsstatus.com/algs/Y4-Split1/EWC/Global/Overview,overview,103,other,Top 10 Teams,38,DMS,9,7,9,,,,,,,,,,,,,,,,,,,,,,,,,,,,,0,,,,,,,
midseason_ewc_split1,ALGS Year 4 Midseason Playoffs / EWC,https://apexlegendsstatus.com/algs/Y4-Split1/EWC/Global/Overview,Y4-Split1,EWC,Global,Overview,,,https://apexlegendsstatus.com/algs/Y4-Split1/EWC/Global/Overview,overview,103,other,Top 10 Teams,39,Weibo Gaming,4,8,13,,,,,,,,,,,,,,,,,,,,,,,,,,,,,13,,,,,,,
midseason_ewc_split1,ALGS Year 4 Midseason Playoffs / EWC,https://apexlegendsstatus.com/algs/Y4-Split1/EWC/Global/Overview,Y4-Split1,EWC,Global,Overview,,,https://apexlegendsstatus.com/algs/Y4-Split1/EWC/Global/Overview,overview,103,other,Top 10 Teams,40,TIE,3,6,6,,,,,,,,,,,,,,,,,,,,,,,,,,,,,3,,,,,,,
midseason_ewc_split1,ALGS Year 4 Midseason Playoffs / EWC,https://apexlegendsstatus.com/algs/Y4-Split1/EWC/Global/Overview,Y4-Split1,EWC,Global,Overview,,,https://apexlegendsstatus.com/algs/Y4-Split1/EWC/Global/Overview,overview,103,other,Top 10 Teams,41,Guild Esports,4,9,9,,,,,,,,,,,,,,,,,,,,,,,,,,,,,3,,,,,,,
midseason_ewc_split1,ALGS Year 4 Midseason Playoffs / EWC,https://apexlegendsstatus.com/algs/Y4-Split1/EWC/Global/Overview,Y4-Split1,EWC,Global,Overview,,,https://apexlegendsstatus.com/algs/Y4-Split1/EWC/Global/Overview,overview,103,other,Top 10 Teams,42,Mkers,11,6,11,,,,,,,,,,,,,,,,,,,,,,,,,,,,,0,,,,,,,
midseason_ewc_split1,ALGS Year 4 Midseason Playoffs / EWC,https://apexlegendsstatus.com/algs/Y4-Split1/EWC/Global/Overview,Y4-Split1,EWC,Global,Overview,,,https://apexlegendsstatus.com/algs/Y4-Split1/EWC/Global/Overview,overview,103,other,Top 10 Teams,43,CRAZY RACCOON,4,10,10,,,,,,,,,,,,,,,,,,,,,,,,,,,,,0,,,,,,,
midseason_ewc_split1,ALGS Year 4 Midseason Playoffs / EWC,https://apexlegendsstatus.com/algs/Y4-Split1/EWC/Global/Overview,Y4-Split1,EWC,Global,Overview,,,https://apexlegendsstatus.com/algs/Y4-Split1/EWC/Global/Overview,overview,103,other,Top 10 Teams,44,GeeKay Esports,3,6,6,,,,,,,,,,,,,,,,,,,,,,,,,,,,,1,,,,,,,
midseason_ewc_split1,ALGS Year 4 Midseason Playoffs / EWC,https://apexlegendsstatus.com/algs/Y4-Split1/EWC/Global/Overview,Y4-Split1,EWC,Global,Overview,,,https://apexlegendsstatus.com/algs/Y4-Split1/EWC/Global/Overview,overview,103,other,Top 10 Teams,45,GHS Professional,5,4,5,,,,,,,,,,,,,,,,,,,,,,,,,,,,,,,,,,,,
midseason_ewc_split1,ALGS Year 4 Midseason Playoffs / EWC,https://apexlegendsstatus.com/algs/Y4-Split1/EWC/Global/Overview,Y4-Split1,EWC,Global,Overview,,,https://apexlegendsstatus.com/algs/Y4-Split1/EWC/Global/Overview,overview,103,other,Top 10 Teams,46,Elev8 x Bleed,5,7,7,,,,,,,,,,,,,,,,,,,,,,,,,,,,,,,,,,,,
midseason_ewc_split1,ALGS Year 4 Midseason Playoffs / EWC,https://apexlegendsstatus.com/algs/Y4-Split1/EWC/Global/Overview,Y4-Split1,EWC,Global,Overview,,,https://apexlegendsstatus.com/algs/Y4-Split1/EWC/Global/Overview,overview,107,other,Top 10 Teams,1,FENNEL,,,,2m 16s,7m 13s,8m 35s,4m 6s,11m 6s,10m 23s,2m 16s,9m 45s,9m 50s,,,,,,,,,,,,,,,,,,,,,13m 16s,13m 16s,13m 16s,,,,
midseason_ewc_split1,ALGS Year 4 Midseason Playoffs / EWC,https://apexlegendsstatus.com/algs/Y4-Split1/EWC/Global/Overview,Y4-Split1,EWC,Global,Overview,,,https://apexlegendsstatus.com/algs/Y4-Split1/EWC/Global/Overview,overview,107,other,Top 10 Teams,2,GaiminGladiators,,,,3m 53s,10m 24s,13m 50s,3m 31s,8m 16s,7m 7s,3m 31s,9m 51s,11m 3s,,,,,,,,,,,,,,,,,,,,,10m 30s,11m 25s,11m 52s,,,,
midseason_ewc_split1,ALGS Year 4 Midseason Playoffs / EWC,https://apexlegendsstatus.com/algs/Y4-Split1/EWC/Global/Overview,Y4-Split1,EWC,Global,Overview,,,https://apexlegendsstatus.com/algs/Y4-Split1/EWC/Global/Overview,overview,107,other,Top 10 Teams,3,Crazy Raccoon,,,,3m 54s,9m 33s,13m 17s,11m 41s,12m 20s,13m 26s,3m 54s,9m 23s,12m 14s,,,,,,,,,,,,,,,,,,,,,5m 9s,6m 12s,6m 12s,,,,
midseason_ewc_split1,ALGS Year 4 Midseason Playoffs / EWC,https://apexlegendsstatus.com/algs/Y4-Split1/EWC/Global/Overview,Y4-Split1,EWC,Global,Overview,,,https://apexlegendsstatus.com/algs/Y4-Split1/EWC/Global/Overview,overview,107,other,Top 10 Teams,4,Team Falcons,,,,3m 57s,7m 56s,11m 25s,4m 31s,10m 21s,13m 30s,3m 57s,9m 56s,12m 28s,,,,,,,,,,,,,,,,,,,,,10m 11s,12m 19s,12m 31s,,,,
midseason_ewc_split1,ALGS Year 4 Midseason Playoffs / EWC,https://apexlegendsstatus.com/algs/Y4-Split1/EWC/Global/Overview,Y4-Split1,EWC,Global,Overview,,,https://apexlegendsstatus.com/algs/Y4-Split1/EWC/Global/Overview,overview,107,other,Top 10 Teams,5,Red Rams,,,,8m 31s,9m,10m 1s,17m 3s,17m 3s,17m 3s,8m 31s,11m 1s,11m 35s,,,,,,,,,,,,,,,,,,,,,-,-,-,,,,
midseason_ewc_split1,ALGS Year 4 Midseason Playoffs / EWC,https://apexlegendsstatus.com/algs/Y4-Split1/EWC/Global/Overview,Y4-Split1,EWC,Global,Overview,,,https://apexlegendsstatus.com/algs/Y4-Split1/EWC/Global/Overview,overview,107,other,Top 10 Teams,6,E-XOLOS LAZER,,,,10m 52s,13m 13s,13m 57s,14m 51s,15m 3s,15m 3s,3m 48s,12m 16s,12m 4s,,,,,,,,,,,,,,,,,,,,,3m 48s,8m 2s,9m 22s,,,,
midseason_ewc_split1,ALGS Year 4 Midseason Playoffs / EWC,https://apexlegendsstatus.com/algs/Y4-Split1/EWC/Global/Overview,Y4-Split1,EWC,Global,Overview,,,https://apexlegendsstatus.com/algs/Y4-Split1/EWC/Global/Overview,overview,107,other,Top 10 Teams,7,Twisted Minds,,,,9m 14s,12m 40s,14m 41s,12m 55s,12m 55s,13m 4s,5m 16s,11m 28s,13m 13s,,,,,,,,,,,,,,,,,,,,,5m 16s,8m 19s,8m 26s,,,,
midseason_ewc_split1,ALGS Year 4 Midseason Playoffs / EWC,https://apexlegendsstatus.com/algs/Y4-Split1/EWC/Global/Overview,Y4-Split1,EWC,Global,Overview,,,https://apexlegendsstatus.com/algs/Y4-Split1/EWC/Global/Overview,overview,107,other,Top 10 Teams,8,Pioneers,,,,9m 33s,12m 1s,11m 51s,3m 34s,3m 38s,3m 38s,3m 34s,8m 25s,8m 35s,,,,,,,,,,,,,,,,,,,,,3m 37s,3m 37s,3m 44s,,,,
midseason_ewc_split1,ALGS Year 4 Midseason Playoffs / EWC,https://apexlegendsstatus.com/algs/Y4-Split1/EWC/Global/Overview,Y4-Split1,EWC,Global,Overview,,,https://apexlegendsstatus.com/algs/Y4-Split1/EWC/Global/Overview,overview,107,other,Top 10 Teams,9,FaZe,,,,9m 59s,13m 11s,15m 19s,5m 58s,7m 43s,11m 19s,5m 58s,11m 39s,14m 16s,,,,,,,,,,,,,,,,,,,,,14m 57s,14m 57s,16m 34s,,,,
midseason_ewc_split1,ALGS Year 4 Midseason Playoffs / EWC,https://apexlegendsstatus.com/algs/Y4-Split1/EWC/Global/Overview,Y4-Split1,EWC,Global,Overview,,,https://apexlegendsstatus.com/algs/Y4-Split1/EWC/Global/Overview,overview,107,other,Top 10 Teams,10,GEEKAY ESPORTS,,,,2m 41s,11m 56s,11m 30s,2m 16s,9m 20s,12m 7s,2m 16s,11m 14s,12m 2s,,,,,,,,,,,,,,,,,,,,,14m 47s,14m 47s,14m 47s,,,,
midseason_ewc_split1,ALGS Year 4 Midseason Playoffs / EWC,https://apexlegendsstatus.com/algs/Y4-Split1/EWC/Global/Overview,Y4-Split1,EWC,Global,Overview,,,https://apexlegendsstatus.com/algs/Y4-Split1/EWC/Global/Overview,overview,107,other,Top 10 Teams,11,Disguised,,,,13m 9s,14m 13s,15m 9s,4m 17s,7m 43s,11m 24s,4m 17s,11m 44s,13m 7s,,,,,,,,,,,,,,,,,,,,,12m 20s,12m 20s,12m 20s,,,,
midseason_ewc_split1,ALGS Year 4 Midseason Playoffs / EWC,https://apexlegendsstatus.com/algs/Y4-Split1/EWC/Global/Overview,Y4-Split1,EWC,Global,Overview,,,https://apexlegendsstatus.com/algs/Y4-Split1/EWC/Global/Overview,overview,107,other,Top 10 Teams,12,Aurora,,,,10m 32s,12m 20s,13m 13s,4m 26s,7m 17s,8m 41s,4m 26s,9m 50s,10m 51s,,,,,,,,,,,,,,,,,,,,,5m 9s,9m 54s,9m 55s,,,,
midseason_ewc_split1,ALGS Year 4 Midseason Playoffs / EWC,https://apexlegendsstatus.com/algs/Y4-Split1/EWC/Global/Overview,Y4-Split1,EWC,Global,Overview,,,https://apexlegendsstatus.com/algs/Y4-Split1/EWC/Global/Overview,overview,107,other,Top 10 Teams,13,GHS PROFESSIONAL,,,,12m 53s,15m 32s,15m 34s,13m 34s,13m 46s,14m 8s,4m 20s,13m 36s,14m 20s,,,,,,,,,,,,,,,,,,,,,4m 20s,9m 34s,11m 39s,,,,
midseason_ewc_split1,ALGS Year 4 Midseason Playoffs / EWC,https://apexlegendsstatus.com/algs/Y4-Split1/EWC/Global/Overview,Y4-Split1,EWC,Global,Overview,,,https://apexlegendsstatus.com/algs/Y4-Split1/EWC/Global/Overview,overview,107,other,Top 10 Teams,14,Team Liquid,,,,6m 15s,11m 57s,13m 28s,10m 8s,11m 15s,12m 27s,6m 15s,11m 52s,13m 17s,,,,,,,,,,,,,,,,,,,,,12m 44s,12m 44s,13m 25s,,,,
midseason_ewc_split1,ALGS Year 4 Midseason Playoffs / EWC,https://apexlegendsstatus.com/algs/Y4-Split1/EWC/Global/Overview,Y4-Split1,EWC,Global,Overview,,,https://apexlegendsstatus.com/algs/Y4-Split1/EWC/Global/Overview,overview,107,other,Top 10 Teams,15,Reject Winnity,,,,4m 21s,4m 21s,4m 21s,9m 44s,12m 41s,14m 32s,4m 21s,10m 30s,12m 26s,,,,,,,,,,,,,,,,,,,,,12m 16s,12m 16s,12m 18s,,,,
midseason_ewc_split1,ALGS Year 4 Midseason Playoffs / EWC,https://apexlegendsstatus.com/algs/Y4-Split1/EWC/Global/Overview,Y4-Split1,EWC,Global,Overview,,,https://apexlegendsstatus.com/algs/Y4-Split1/EWC/Global/Overview,overview,107,other,Top 10 Teams,16,Evos Esports,,,,9m 33s,11m 28s,12m 34s,11m 18s,13m 5s,13m 21s,9m 33s,12m 36s,13m 9s,,,,,,,,,,,,,,,,,,,,,15m,15m,15m,,,,
midseason_ewc_split1,ALGS Year 4 Midseason Playoffs / EWC,https://apexlegendsstatus.com/algs/Y4-Split1/EWC/Global/Overview,Y4-Split1,EWC,Global,Overview,,,https://apexlegendsstatus.com/algs/Y4-Split1/EWC/Global/Overview,overview,107,other,Top 10 Teams,17,Ninjas in Pyjamas,,,,5m 51s,9m 26s,8m 14s,12m 48s,13m 55s,15m 2s,5m 16s,10m 23s,11m 41s,,,,,,,,,,,,,,,,,,,,,5m 16s,5m 16s,5m 16s,,,,
midseason_ewc_split1,ALGS Year 4 Midseason Playoffs / EWC,https://apexlegendsstatus.com/algs/Y4-Split1/EWC/Global/Overview,Y4-Split1,EWC,Global,Overview,,,https://apexlegendsstatus.com/algs/Y4-Split1/EWC/Global/Overview,overview,107,other,Top 10 Teams,18,Luminosity Gaming,,,,5m 51s,5m 51s,6m 34s,15m 26s,15m 37s,16m 29s,1m 4s,11m 5s,10m 17s,,,,,,,,,,,,,,,,,,,,,1m 4s,9m 10s,7m 33s,,,,
midseason_ewc_split1,ALGS Year 4 Midseason Playoffs / EWC,https://apexlegendsstatus.com/algs/Y4-Split1/EWC/Global/Overview,Y4-Split1,EWC,Global,Overview,,,https://apexlegendsstatus.com/algs/Y4-Split1/EWC/Global/Overview,overview,107,other,Top 10 Teams,19,MKERS,,,,11m 47s,15m 55s,18m 18s,15m 9s,15m 9s,15m 9s,8m 10s,13m 47s,15m 47s,,,,,,,,,,,,,,,,,,,,,8m 10s,8m 10s,12m 40s,,,,
midseason_ewc_split1,ALGS Year 4 Midseason Playoffs / EWC,https://apexlegendsstatus.com/algs/Y4-Split1/EWC/Global/Overview,Y4-Split1,EWC,Global,Overview,,,https://apexlegendsstatus.com/algs/Y4-Split1/EWC/Global/Overview,overview,107,other,Top 10 Teams,20,GUILD ESPORTS,,,,13m 35s,13m 35s,13m 35s,4m 25s,10m 15s,12m 44s,4m 25s,10m 47s,13m 27s,,,,,,,,,,,,,,,,,,,,,8m 30s,9m 55s,14m 8s,,,,
midseason_ewc_split1,ALGS Year 4 Midseason Playoffs / EWC,https://apexlegendsstatus.com/algs/Y4-Split1/EWC/Global/Overview,Y4-Split1,EWC,Global,Overview,,,https://apexlegendsstatus.com/algs/Y4-Split1/EWC/Global/Overview,overview,107,other,Top 10 Teams,21,FNATIC,,,,59s,7m 52s,7m 1s,10m 2s,14m 60s,15m 41s,59s,11m 41s,11m 45s,,,,,,,,,,,,,,,,,,,,,13m 47s,13m 47s,13m 47s,,,,
midseason_ewc_split1,ALGS Year 4 Midseason Playoffs / EWC,https://apexlegendsstatus.com/algs/Y4-Split1/EWC/Global/Overview,Y4-Split1,EWC,Global,Overview,,,https://apexlegendsstatus.com/algs/Y4-Split1/EWC/Global/Overview,overview,107,other,Top 10 Teams,22,NRG,,,,6m,11m 39s,12m 44s,4m,9m 34s,6m 59s,4m,12m 22s,11m 19s,,,,,,,,,,,,,,,,,,,,,20m 10s,20m 10s,20m 10s,,,,
midseason_ewc_split1,ALGS Year 4 Midseason Playoffs / EWC,https://apexlegendsstatus.com/algs/Y4-Split1/EWC/Global/Overview,Y4-Split1,EWC,Global,Overview,,,https://apexlegendsstatus.com/algs/Y4-Split1/EWC/Global/Overview,overview,107,other,Top 10 Teams,23,Elev8 x BLEED,,,,6m 22s,10m 59s,12m 10s,14m 15s,15m 51s,15m 58s,6m 22s,12m 45s,13m 18s,,,,,,,,,,,,,,,,,,,,,11m 52s,11m 52s,12m 28s,,,,
midseason_ewc_split1,ALGS Year 4 Midseason Playoffs / EWC,https://apexlegendsstatus.com/algs/Y4-Split1/EWC/Global/Overview,Y4-Split1,EWC,Global,Overview,,,https://apexlegendsstatus.com/algs/Y4-Split1/EWC/Global/Overview,overview,107,other,Top 10 Teams,24,TSM,,,,4m 22s,10m 42s,13m 5s,4m 41s,10m 51s,8m 44s,4m 22s,11m 14s,11m 44s,,,,,,,,,,,,,,,,,,,,,14m 29s,14m 29s,14m 32s,,,,
midseason_ewc_split1,ALGS Year 4 Midseason Playoffs / EWC,https://apexlegendsstatus.com/algs/Y4-Split1/EWC/Global/Overview,Y4-Split1,EWC,Global,Overview,,,https://apexlegendsstatus.com/algs/Y4-Split1/EWC/Global/Overview,overview,107,other,Top 10 Teams,25,Blacklist International,,,,11m 18s,12m 25s,13m 15s,3m 1s,3m 22s,7m 15s,3m 1s,9m 47s,11m 22s,,,,,,,,,,,,,,,,,,,,,14m 46s,14m 46s,16m 1s,,,,
midseason_ewc_split1,ALGS Year 4 Midseason Playoffs / EWC,https://apexlegendsstatus.com/algs/Y4-Split1/EWC/Global/Overview,Y4-Split1,EWC,Global,Overview,,,https://apexlegendsstatus.com/algs/Y4-Split1/EWC/Global/Overview,overview,107,other,Top 10 Teams,26,Mizuchi,,,,5m 11s,10m 50s,13m 1s,12m 48s,14m 31s,15m 54s,5m 11s,12m 44s,14m 13s,,,,,,,,,,,,,,,,,,,,,13m 11s,13m 11s,13m 11s,,,,
midseason_ewc_split1,ALGS Year 4 Midseason Playoffs / EWC,https://apexlegendsstatus.com/algs/Y4-Split1/EWC/Global/Overview,Y4-Split1,EWC,Global,Overview,,,https://apexlegendsstatus.com/algs/Y4-Split1/EWC/Global/Overview,overview,107,other,Top 10 Teams,27,Natus Vincere,,,,12m 50s,13m 22s,14m 57s,5m 41s,8m 2s,12m 35s,5m 41s,10m 42s,13m 30s,,,,,,,,,,,,,,,,,,,,,-,-,-,,,,
midseason_ewc_split1,ALGS Year 4 Midseason Playoffs / EWC,https://apexlegendsstatus.com/algs/Y4-Split1/EWC/Global/Overview,Y4-Split1,EWC,Global,Overview,,,https://apexlegendsstatus.com/algs/Y4-Split1/EWC/Global/Overview,overview,107,other,Top 10 Teams,28,Alliance,,,,6m 44s,10m 60s,13m 13s,6m 1s,11m 15s,12m 34s,6m 1s,11m 55s,13m 38s,,,,,,,,,,,,,,,,,,,,,17m 37s,17m 37s,19m 11s,,,,
midseason_ewc_split1,ALGS Year 4 Midseason Playoffs / EWC,https://apexlegendsstatus.com/algs/Y4-Split1/EWC/Global/Overview,Y4-Split1,EWC,Global,Overview,,,https://apexlegendsstatus.com/algs/Y4-Split1/EWC/Global/Overview,overview,107,other,Top 10 Teams,29,DMS,,,,9m 24s,12m 26s,13m 49s,10m 3s,14m 37s,14m 50s,9m 24s,13m 31s,14m 20s,,,,,,,,,,,,,,,,,,,,,-,-,-,,,,
midseason_ewc_split1,ALGS Year 4 Midseason Playoffs / EWC,https://apexlegendsstatus.com/algs/Y4-Split1/EWC/Global/Overview,Y4-Split1,EWC,Global,Overview,,,https://apexlegendsstatus.com/algs/Y4-Split1/EWC/Global/Overview,overview,107,other,Top 10 Teams,30,NORTHEPTION,,,,15m 14s,15m 32s,16m 22s,5m 41s,10m 0s,11m 48s,5m 41s,12m 13s,13m 19s,,,,,,,,,,,,,,,,,,,,,-,-,-,,,,
midseason_ewc_split1,ALGS Year 4 Midseason Playoffs / EWC,https://apexlegendsstatus.com/algs/Y4-Split1/EWC/Global/Overview,Y4-Split1,EWC,Global,Overview,,,https://apexlegendsstatus.com/algs/Y4-Split1/EWC/Global/Overview,overview,107,other,Top 10 Teams,31,HAO,,,,15m 32s,15m 52s,16m 9s,12m 46s,13m 53s,14m 34s,9m 10s,13m 47s,14m 45s,,,,,,,,,,,,,,,,,,,,,9m 10s,9m 10s,9m 10s,,,,
midseason_ewc_split1,ALGS Year 4 Midseason Playoffs / EWC,https://apexlegendsstatus.com/algs/Y4-Split1/EWC/Global/Overview,Y4-Split1,EWC,Global,Overview,,,https://apexlegendsstatus.com/algs/Y4-Split1/EWC/Global/Overview,overview,107,other,Top 10 Teams,32,EXO Clan,,,,6m 19s,13m 44s,15m 35s,6m 28s,11m 50s,14m 27s,6m 19s,12m 13s,14m 5s,,,,,,,,,,,,,,,,,,,,,9m 8s,9m 8s,10m 53s,,,,
midseason_ewc_split1,ALGS Year 4 Midseason Playoffs / EWC,https://apexlegendsstatus.com/algs/Y4-Split1/EWC/Global/Overview,Y4-Split1,EWC,Global,Overview,,,https://apexlegendsstatus.com/algs/Y4-Split1/EWC/Global/Overview,overview,107,other,Top 10 Teams,33,SpaceStation Gaming,,,,14m 47s,15m 38s,16m 9s,12m 23s,12m 44s,13m 54s,5m 6s,12m 22s,13m 24s,,,,,,,,,,,,,,,,,,,,,5m 6s,5m 6s,7m 58s,,,,
midseason_ewc_split1,ALGS Year 4 Midseason Playoffs / EWC,https://apexlegendsstatus.com/algs/Y4-Split1/EWC/Global/Overview,Y4-Split1,EWC,Global,Overview,,,https://apexlegendsstatus.com/algs/Y4-Split1/EWC/Global/Overview,overview,107,other,Top 10 Teams,34,Weibo Gaming,,,,11m 18s,13m 5s,13m 6s,3m 28s,7m 14s,10m 2s,3m 28s,9m 47s,11m 51s,,,,,,,,,,,,,,,,,,,,,10m 52s,10m 52s,13m 13s,,,,
midseason_ewc_split1,ALGS Year 4 Midseason Playoffs / EWC,https://apexlegendsstatus.com/algs/Y4-Split1/EWC/Global/Overview,Y4-Split1,EWC,Global,Overview,,,https://apexlegendsstatus.com/algs/Y4-Split1/EWC/Global/Overview,overview,107,other,Top 10 Teams,35,LGD GAMING,,,,9m 52s,13m 27s,13m 38s,3m 28s,10m 42s,12m 50s,3m 28s,12m 5s,13m 12s,,,,,,,,,,,,,,,,,,,,,13m 33s,13m 33s,13m 33s,,,,
midseason_ewc_split1,ALGS Year 4 Midseason Playoffs / EWC,https://apexlegendsstatus.com/algs/Y4-Split1/EWC/Global/Overview,Y4-Split1,EWC,Global,Overview,,,https://apexlegendsstatus.com/algs/Y4-Split1/EWC/Global/Overview,overview,107,other,Top 10 Teams,36,RIDDLE ORDER,,,,6m 19s,11m 59s,13m 7s,3m 43s,11m 46s,11m 46s,3m 43s,12m 3s,12m 40s,,,,,,,,,,,,,,,,,,,,,13m 5s,13m 5s,13m 5s,,,,
midseason_ewc_split1,ALGS Year 4 Midseason Playoffs / EWC,https://apexlegendsstatus.com/algs/Y4-Split1/EWC/Global/Overview,Y4-Split1,EWC,Global,Overview,,,https://apexlegendsstatus.com/algs/Y4-Split1/EWC/Global/Overview,overview,107,other,Top 10 Teams,37,Dragons Esports,,,,13m 33s,15m 12s,15m 18s,5m 54s,9m 52s,11m 14s,5m 54s,12m 25s,13m 36s,,,,,,,,,,,,,,,,,,,,,11m 44s,11m 44s,12m 40s,,,,
midseason_ewc_split1,ALGS Year 4 Midseason Playoffs / EWC,https://apexlegendsstatus.com/algs/Y4-Split1/EWC/Global/Overview,Y4-Split1,EWC,Global,Overview,,,https://apexlegendsstatus.com/algs/Y4-Split1/EWC/Global/Overview,overview,107,other,Top 10 Teams,38,TIE,,,,14m 23s,15m 22s,15m 24s,2m 32s,9m 25s,11m 56s,2m 32s,13m 1s,13m 56s,,,,,,,,,,,,,,,,,,,,,13m 11s,13m 11s,13m 19s,,,,
midseason_ewc_split1,ALGS Year 4 Midseason Playoffs / EWC,https://apexlegendsstatus.com/algs/Y4-Split1/EWC/Global/Overview,Y4-Split1,EWC,Global,Overview,,,https://apexlegendsstatus.com/algs/Y4-Split1/EWC/Global/Overview,overview,107,other,Top 10 Teams,39,HEROEZ,,,,10m 40s,12m 32s,12m 3s,5m 24s,8m 26s,12m 14s,5m 24s,10m 38s,12m 18s,,,,,,,,,,,,,,,,,,,,,13m 26s,13m 26s,13m 26s,,,,
midseason_ewc_split1,ALGS Year 4 Midseason Playoffs / EWC,https://apexlegendsstatus.com/algs/Y4-Split1/EWC/Global/Overview,Y4-Split1,EWC,Global,Overview,,,https://apexlegendsstatus.com/algs/Y4-Split1/EWC/Global/Overview,overview,107,other,Top 10 Teams,40,Virtus.Pro,,,,15m 50s,15m 50s,18m 7s,12m 46s,14m 21s,15m 41s,12m 46s,14m 23s,16m 4s,,,,,,,,,,,,,,,,,,,,,13m 6s,13m 6s,15m 11s,,,,
midseason_ewc_split1,ALGS Year 4 Midseason Playoffs / EWC,https://apexlegendsstatus.com/algs/Y4-Split1/EWC/Global/Overview,Y4-Split1,EWC,Global,Overview,,,https://apexlegendsstatus.com/algs/Y4-Split1/EWC/Global/Overview,overview,108,other,Top 10 Teams,1,FENNEL,,,,2m 16s,,8m 50s,-,,-,2m 16s,,8m 50s,FL_Curihara,,,,,,,,,,,,,,,,,,,,-,,-,,,,
midseason_ewc_split1,ALGS Year 4 Midseason Playoffs / EWC,https://apexlegendsstatus.com/algs/Y4-Split1/EWC/Global/Overview,Y4-Split1,EWC,Global,Overview,,,https://apexlegendsstatus.com/algs/Y4-Split1/EWC/Global/Overview,overview,108,other,Top 10 Teams,2,GaiminGladiators,,,,3m 53s,,10m 44s,3m 31s,,9m 24s,3m 31s,,10m 36s,GG_Lufka,,,,,,,,,,,,,,,,,,,,12m 34s,,12m 34s,,,,
midseason_ewc_split1,ALGS Year 4 Midseason Playoffs / EWC,https://apexlegendsstatus.com/algs/Y4-Split1/EWC/Global/Overview,Y4-Split1,EWC,Global,Overview,,,https://apexlegendsstatus.com/algs/Y4-Split1/EWC/Global/Overview,overview,108,other,Top 10 Teams,3,CRAZY RACCOON,,,,3m 54s,,9m 55s,11m 41s,,11m 41s,3m 54s,,9m 10s,CR_SangJoon,,,,,,,,,,,,,,,,,,,,5m 9s,,5m 9s,,,,
midseason_ewc_split1,ALGS Year 4 Midseason Playoffs / EWC,https://apexlegendsstatus.com/algs/Y4-Split1/EWC/Global/Overview,Y4-Split1,EWC,Global,Overview,,,https://apexlegendsstatus.com/algs/Y4-Split1/EWC/Global/Overview,overview,108,other,Top 10 Teams,4,Team Falcons,,,,3m 57s,,7m 56s,13m 42s,,14m 2s,3m 57s,,11m 24s,FLCN_ImperialHal,,,,,,,,,,,,,,,,,,,,10m 38s,,12m 37s,,,,
midseason_ewc_split1,ALGS Year 4 Midseason Playoffs / EWC,https://apexlegendsstatus.com/algs/Y4-Split1/EWC/Global/Overview,Y4-Split1,EWC,Global,Overview,,,https://apexlegendsstatus.com/algs/Y4-Split1/EWC/Global/Overview,overview,108,other,Top 10 Teams,5,Red Rams,,,,8m 31s,,8m 58s,-,,-,8m 31s,,8m 58s,RR_inkya,,,,,,,,,,,,,,,,,,,,-,,-,,,,
midseason_ewc_split1,ALGS Year 4 Midseason Playoffs / EWC,https://apexlegendsstatus.com/algs/Y4-Split1/EWC/Global/Overview,Y4-Split1,EWC,Global,Overview,,,https://apexlegendsstatus.com/algs/Y4-Split1/EWC/Global/Overview,overview,108,other,Top 10 Teams,6,Red Rams,,,,8m 31s,,9m 54s,17m 3s,,17m 3s,8m 31s,,11m 41s,RR_Datch,,,,,,,,,,,,,,,,,,,,-,,-,,,,
midseason_ewc_split1,ALGS Year 4 Midseason Playoffs / EWC,https://apexlegendsstatus.com/algs/Y4-Split1/EWC/Global/Overview,Y4-Split1,EWC,Global,Overview,,,https://apexlegendsstatus.com/algs/Y4-Split1/EWC/Global/Overview,overview,108,other,Top 10 Teams,7,E-XOLOS LAZER,,,,10m 52s,,13m 23s,-,,-,3m 48s,,11m 4s,EXL Kurev,,,,,,,,,,,,,,,,,,,,3m 48s,,8m 44s,,,,
midseason_ewc_split1,ALGS Year 4 Midseason Playoffs / EWC,https://apexlegendsstatus.com/algs/Y4-Split1/EWC/Global/Overview,Y4-Split1,EWC,Global,Overview,,,https://apexlegendsstatus.com/algs/Y4-Split1/EWC/Global/Overview,overview,108,other,Top 10 Teams,8,Twisted Minds,,,,12m 19s,,13m 52s,-,,-,5m 16s,,11m 38s,TWIS_EzFlashKLDZ,,,,,,,,,,,,,,,,,,,,5m 16s,,8m 19s,,,,
midseason_ewc_split1,ALGS Year 4 Midseason Playoffs / EWC,https://apexlegendsstatus.com/algs/Y4-Split1/EWC/Global/Overview,Y4-Split1,EWC,Global,Overview,,,https://apexlegendsstatus.com/algs/Y4-Split1/EWC/Global/Overview,overview,108,other,Top 10 Teams,9,Red Rams,,,,9m 4s,,11m 14s,17m 3s,,17m 3s,9m 4s,,13m 10s,RR_wayachang,,,,,,,,,,,,,,,,,,,,-,,-,,,,
midseason_ewc_split1,ALGS Year 4 Midseason Playoffs / EWC,https://apexlegendsstatus.com/algs/Y4-Split1/EWC/Global/Overview,Y4-Split1,EWC,Global,Overview,,,https://apexlegendsstatus.com/algs/Y4-Split1/EWC/Global/Overview,overview,108,other,Top 10 Teams,10,Pioneers,,,,9m 33s,,11m 31s,3m 34s,,3m 34s,3m 34s,,9m 32s,KCP_Onmuu,,,,,,,,,,,,,,,,,,,,-,,-,,,,
midseason_ewc_split1,ALGS Year 4 Midseason Playoffs / EWC,https://apexlegendsstatus.com/algs/Y4-Split1/EWC/Global/Overview,Y4-Split1,EWC,Global,Overview,,,https://apexlegendsstatus.com/algs/Y4-Split1/EWC/Global/Overview,overview,108,other,Top 10 Teams,11,Team Falcons,,,,6m 52s,,10m 13s,4m 31s,,10m 58s,4m 31s,,11m 9s,FLCN_Zer0,,,,,,,,,,,,,,,,,,,,10m 11s,,12m 23s,,,,
midseason_ewc_split1,ALGS Year 4 Midseason Playoffs / EWC,https://apexlegendsstatus.com/algs/Y4-Split1/EWC/Global/Overview,Y4-Split1,EWC,Global,Overview,,,https://apexlegendsstatus.com/algs/Y4-Split1/EWC/Global/Overview,overview,108,other,Top 10 Teams,12,FaZe,,,,13m 35s,,16m 20s,5m 58s,,9m 36s,5m 58s,,13m 52s,FaZe_Naghz,,,,,,,,,,,,,,,,,,,,14m 57s,,14m 57s,,,,
midseason_ewc_split1,ALGS Year 4 Midseason Playoffs / EWC,https://apexlegendsstatus.com/algs/Y4-Split1/EWC/Global/Overview,Y4-Split1,EWC,Global,Overview,,,https://apexlegendsstatus.com/algs/Y4-Split1/EWC/Global/Overview,overview,108,other,Top 10 Teams,13,Team Falcons,,,,14m 20s,,15m 41s,13m 31s,,16m 29s,10m 38s,,15m 1s,FLCN_Genburten,,,,,,,,,,,,,,,,,,,,10m 38s,,12m 33s,,,,
midseason_ewc_split1,ALGS Year 4 Midseason Playoffs / EWC,https://apexlegendsstatus.com/algs/Y4-Split1/EWC/Global/Overview,Y4-Split1,EWC,Global,Overview,,,https://apexlegendsstatus.com/algs/Y4-Split1/EWC/Global/Overview,overview,108,other,Top 10 Teams,14,Twisted Minds,,,,9m 14s,,15m 3s,12m 55s,,12m 55s,8m 41s,,13m 38s,TWIS_StrafingFlame,,,,,,,,,,,,,,,,,,,,8m 41s,,8m 41s,,,,
midseason_ewc_split1,ALGS Year 4 Midseason Playoffs / EWC,https://apexlegendsstatus.com/algs/Y4-Split1/EWC/Global/Overview,Y4-Split1,EWC,Global,Overview,,,https://apexlegendsstatus.com/algs/Y4-Split1/EWC/Global/Overview,overview,108,other,Top 10 Teams,15,GeeKay Esports,,,,2m 53s,,9m 1s,16m 17s,,16m 17s,2m 53s,,12m 16s,GK Killoposz,,,,,,,,,,,,,,,,,,,,14m 47s,,14m 47s,,,,
midseason_ewc_split1,ALGS Year 4 Midseason Playoffs / EWC,https://apexlegendsstatus.com/algs/Y4-Split1/EWC/Global/Overview,Y4-Split1,EWC,Global,Overview,,,https://apexlegendsstatus.com/algs/Y4-Split1/EWC/Global/Overview,overview,108,other,Top 10 Teams,16,GeeKay Esports,,,,15m 8s,,15m 8s,2m 16s,,7m 27s,2m 16s,,10m 0s,GK Rakiiii,,,,,,,,,,,,,,,,,,,,-,,-,,,,
midseason_ewc_split1,ALGS Year 4 Midseason Playoffs / EWC,https://apexlegendsstatus.com/algs/Y4-Split1/EWC/Global/Overview,Y4-Split1,EWC,Global,Overview,,,https://apexlegendsstatus.com/algs/Y4-Split1/EWC/Global/Overview,overview,108,other,Top 10 Teams,17,GeeKay Esports,,,,2m 41s,,11m 56s,13m 7s,,14m 42s,2m 41s,,13m 2s,GK Panayie,,,,,,,,,,,,,,,,,,,,-,,-,,,,
midseason_ewc_split1,ALGS Year 4 Midseason Playoffs / EWC,https://apexlegendsstatus.com/algs/Y4-Split1/EWC/Global/Overview,Y4-Split1,EWC,Global,Overview,,,https://apexlegendsstatus.com/algs/Y4-Split1/EWC/Global/Overview,overview,108,other,Top 10 Teams,18,Disguised,,,,13m 9s,,14m 13s,14m 43s,,14m 43s,12m 20s,,13m 56s,DSG_Qzier,,,,,,,,,,,,,,,,,,,,12m 20s,,12m 20s,,,,
midseason_ewc_split1,ALGS Year 4 Midseason Playoffs / EWC,https://apexlegendsstatus.com/algs/Y4-Split1/EWC/Global/Overview,Y4-Split1,EWC,Global,Overview,,,https://apexlegendsstatus.com/algs/Y4-Split1/EWC/Global/Overview,overview,108,other,Top 10 Teams,19,Aurora,,,,10m 32s,,13m 2s,4m 26s,,7m 17s,4m 26s,,9m 41s,AUR ojrein,,,,,,,,,,,,,,,,,,,,5m 12s,,9m 56s,,,,
midseason_ewc_split1,ALGS Year 4 Midseason Playoffs / EWC,https://apexlegendsstatus.com/algs/Y4-Split1/EWC/Global/Overview,Y4-Split1,EWC,Global,Overview,,,https://apexlegendsstatus.com/algs/Y4-Split1/EWC/Global/Overview,overview,108,other,Top 10 Teams,20,E-XOLOS LAZER,,,,16m 9s,,16m 9s,15m 15s,,15m 15s,13m 2s,,14m 49s,EXL Azazel,,,,,,,,,,,,,,,,,,,,13m 2s,,13m 2s,,,,
midseason_ewc_split1,ALGS Year 4 Midseason Playoffs / EWC,https://apexlegendsstatus.com/algs/Y4-Split1/EWC/Global/Overview,Y4-Split1,EWC,Global,Overview,,,https://apexlegendsstatus.com/algs/Y4-Split1/EWC/Global/Overview,overview,108,other,Top 10 Teams,21,Aurora,,,,12m 53s,,14m 39s,-,,-,5m 9s,,12m 16s,AUR nine,,,,,,,,,,,,,,,,,,,,5m 9s,,9m 54s,,,,
midseason_ewc_split1,ALGS Year 4 Midseason Playoffs / EWC,https://apexlegendsstatus.com/algs/Y4-Split1/EWC/Global/Overview,Y4-Split1,EWC,Global,Overview,,,https://apexlegendsstatus.com/algs/Y4-Split1/EWC/Global/Overview,overview,108,other,Top 10 Teams,22,GHS Professional,,,,15m 59s,,16m 50s,-,,-,14m 47s,,16m 9s,GHS_1tappy,,,,,,,,,,,,,,,,,,,,14m 47s,,14m 47s,,,,
midseason_ewc_split1,ALGS Year 4 Midseason Playoffs / EWC,https://apexlegendsstatus.com/algs/Y4-Split1/EWC/Global/Overview,Y4-Split1,EWC,Global,Overview,,,https://apexlegendsstatus.com/algs/Y4-Split1/EWC/Global/Overview,overview,108,other,Top 10 Teams,23,Team Liquid,,,,6m 15s,,14m 13s,12m 21s,,13m 37s,6m 15s,,14m 7s,TLAW_jaguares,,,,,,,,,,,,,,,,,,,,14m 47s,,14m 47s,,,,
midseason_ewc_split1,ALGS Year 4 Midseason Playoffs / EWC,https://apexlegendsstatus.com/algs/Y4-Split1/EWC/Global/Overview,Y4-Split1,EWC,Global,Overview,,,https://apexlegendsstatus.com/algs/Y4-Split1/EWC/Global/Overview,overview,108,other,Top 10 Teams,24,CRAZY RACCOON,,,,12m 3s,,14m 16s,12m 58s,,14m 18s,12m 3s,,14m 17s,CR_obIy,,,,,,,,,,,,,,,,,,,,-,,-,,,,
midseason_ewc_split1,ALGS Year 4 Midseason Playoffs / EWC,https://apexlegendsstatus.com/algs/Y4-Split1/EWC/Global/Overview,Y4-Split1,EWC,Global,Overview,,,https://apexlegendsstatus.com/algs/Y4-Split1/EWC/Global/Overview,overview,108,other,Top 10 Teams,25,Team Liquid,,,,9m 2s,,14m 14s,10m 8s,,10m 8s,9m 2s,,13m 18s,TLAW_YanYa,,,,,,,,,,,,,,,,,,,,12m 44s,,12m 44s,,,,
midseason_ewc_split1,ALGS Year 4 Midseason Playoffs / EWC,https://apexlegendsstatus.com/algs/Y4-Split1/EWC/Global/Overview,Y4-Split1,EWC,Global,Overview,,,https://apexlegendsstatus.com/algs/Y4-Split1/EWC/Global/Overview,overview,108,other,Top 10 Teams,26,Disguised,,,,18m 6s,,18m 6s,13m 10s,,13m 26s,12m 20s,,14m 19s,DSG_Enemy,,,,,,,,,,,,,,,,,,,,12m 20s,,12m 20s,,,,
midseason_ewc_split1,ALGS Year 4 Midseason Playoffs / EWC,https://apexlegendsstatus.com/algs/Y4-Split1/EWC/Global/Overview,Y4-Split1,EWC,Global,Overview,,,https://apexlegendsstatus.com/algs/Y4-Split1/EWC/Global/Overview,overview,108,other,Top 10 Teams,27,Reject Winnity,,,,4m 21s,,4m 21s,15m 37s,,15m 37s,4m 21s,,10m 46s,RC_JungHee,,,,,,,,,,,,,,,,,,,,12m 20s,,12m 20s,,,,
midseason_ewc_split1,ALGS Year 4 Midseason Playoffs / EWC,https://apexlegendsstatus.com/algs/Y4-Split1/EWC/Global/Overview,Y4-Split1,EWC,Global,Overview,,,https://apexlegendsstatus.com/algs/Y4-Split1/EWC/Global/Overview,overview,108,other,Top 10 Teams,28,Evos Esports,,,,9m 33s,,11m 30s,13m 29s,,13m 29s,9m 33s,,12m 9s,EVOS_GOPGAPz,,,,,,,,,,,,,,,,,,,,-,,-,,,,
midseason_ewc_split1,ALGS Year 4 Midseason Playoffs / EWC,https://apexlegendsstatus.com/algs/Y4-Split1/EWC/Global/Overview,Y4-Split1,EWC,Global,Overview,,,https://apexlegendsstatus.com/algs/Y4-Split1/EWC/Global/Overview,overview,108,other,Top 10 Teams,29,Pioneers,,,,9m 33s,,11m 31s,-,,-,3m 37s,,8m 53s,KCP_Deeds,,,,,,,,,,,,,,,,,,,,3m 37s,,3m 37s,,,,
midseason_ewc_split1,ALGS Year 4 Midseason Playoffs / EWC,https://apexlegendsstatus.com/algs/Y4-Split1/EWC/Global/Overview,Y4-Split1,EWC,Global,Overview,,,https://apexlegendsstatus.com/algs/Y4-Split1/EWC/Global/Overview,overview,108,other,Top 10 Teams,30,CRAZY RACCOON,,,,12m 3s,,15m 10s,13m 28s,,13m 28s,7m 14s,,12m 45s,CR_Jusna,,,,,,,,,,,,,,,,,,,,7m 14s,,7m 14s,,,,
midseason_ewc_split1,ALGS Year 4 Midseason Playoffs / EWC,https://apexlegendsstatus.com/algs/Y4-Split1/EWC/Global/Overview,Y4-Split1,EWC,Global,Overview,,,https://apexlegendsstatus.com/algs/Y4-Split1/EWC/Global/Overview,overview,108,other,Top 10 Teams,31,E-XOLOS LAZER,,,,12m 54s,,12m 54s,14m 51s,,14m 51s,4m 3s,,11m 1s,EXL Brutus,,,,,,,,,,,,,,,,,,,,4m 3s,,8m 10s,,,,
midseason_ewc_split1,ALGS Year 4 Midseason Playoffs / EWC,https://apexlegendsstatus.com/algs/Y4-Split1/EWC/Global/Overview,Y4-Split1,EWC,Global,Overview,,,https://apexlegendsstatus.com/algs/Y4-Split1/EWC/Global/Overview,overview,108,other,Top 10 Teams,32,Aurora,,,,10m 55s,,11m 60s,12m 52s,,12m 52s,5m 12s,,11m 21s,AUR kazakh,,,,,,,,,,,,,,,,,,,,5m 12s,,9m 56s,,,,
midseason_ewc_split1,ALGS Year 4 Midseason Playoffs / EWC,https://apexlegendsstatus.com/algs/Y4-Split1/EWC/Global/Overview,Y4-Split1,EWC,Global,Overview,,,https://apexlegendsstatus.com/algs/Y4-Split1/EWC/Global/Overview,overview,108,other,Top 10 Teams,33,Evos Esports,,,,13m 28s,,13m 28s,11m 49s,,13m 20s,11m 49s,,13m 23s,EVOS_J4ckCute,,,,,,,,,,,,,,,,,,,,-,,-,,,,
midseason_ewc_split1,ALGS Year 4 Midseason Playoffs / EWC,https://apexlegendsstatus.com/algs/Y4-Split1/EWC/Global/Overview,Y4-Split1,EWC,Global,Overview,,,https://apexlegendsstatus.com/algs/Y4-Split1/EWC/Global/Overview,overview,108,other,Top 10 Teams,34,Team Liquid,,,,9m 2s,,11m 28s,-,,-,9m 2s,,11m 48s,TLAW_Neazul,,,,,,,,,,,,,,,,,,,,12m 45s,,12m 45s,,,,
midseason_ewc_split1,ALGS Year 4 Midseason Playoffs / EWC,https://apexlegendsstatus.com/algs/Y4-Split1/EWC/Global/Overview,Y4-Split1,EWC,Global,Overview,,,https://apexlegendsstatus.com/algs/Y4-Split1/EWC/Global/Overview,overview,108,other,Top 10 Teams,35,GHS Professional,,,,12m 53s,,14m 49s,13m 34s,,14m 14s,4m 20s,,12m 53s,GHS_4rufa,,,,,,,,,,,,,,,,,,,,4m 20s,,4m 20s,,,,
midseason_ewc_split1,ALGS Year 4 Midseason Playoffs / EWC,https://apexlegendsstatus.com/algs/Y4-Split1/EWC/Global/Overview,Y4-Split1,EWC,Global,Overview,,,https://apexlegendsstatus.com/algs/Y4-Split1/EWC/Global/Overview,overview,108,other,Top 10 Teams,36,FaZe,,,,9m 59s,,13m 14s,9m 28s,,13m 2s,9m 28s,,13m 8s,FaZe_Sinetic,,,,,,,,,,,,,,,,,,,,-,,-,,,,
midseason_ewc_split1,ALGS Year 4 Midseason Playoffs / EWC,https://apexlegendsstatus.com/algs/Y4-Split1/EWC/Global/Overview,Y4-Split1,EWC,Global,Overview,,,https://apexlegendsstatus.com/algs/Y4-Split1/EWC/Global/Overview,overview,108,other,Top 10 Teams,37,GaiminGladiators,,,,16m 8s,,16m 21s,5m 59s,,6m 15s,5m 59s,,11m 20s,GG_Blasts,,,,,,,,,,,,,,,,,,,,10m 30s,,11m 25s,,,,
midseason_ewc_split1,ALGS Year 4 Midseason Playoffs / EWC,https://apexlegendsstatus.com/algs/Y4-Split1/EWC/Global/Overview,Y4-Split1,EWC,Global,Overview,,,https://apexlegendsstatus.com/algs/Y4-Split1/EWC/Global/Overview,overview,108,other,Top 10 Teams,38,FaZe,,,,13m 32s,,15m 52s,-,,-,13m 32s,,16m 38s,FaZe_Arctic,,,,,,,,,,,,,,,,,,,,18m 10s,,18m 10s,,,,
midseason_ewc_split1,ALGS Year 4 Midseason Playoffs / EWC,https://apexlegendsstatus.com/algs/Y4-Split1/EWC/Global/Overview,Y4-Split1,EWC,Global,Overview,,,https://apexlegendsstatus.com/algs/Y4-Split1/EWC/Global/Overview,overview,108,other,Top 10 Teams,39,GaiminGladiators,,,,13m 43s,,15m 58s,4m 52s,,5m 43s,4m 52s,,11m 13s,GG_lighT,,,,,,,,,,,,,,,,,,,,11m 20s,,11m 57s,,,,
midseason_ewc_split1,ALGS Year 4 Midseason Playoffs / EWC,https://apexlegendsstatus.com/algs/Y4-Split1/EWC/Global/Overview,Y4-Split1,EWC,Global,Overview,,,https://apexlegendsstatus.com/algs/Y4-Split1/EWC/Global/Overview,overview,108,other,Top 10 Teams,40,Twisted Minds,,,,9m 15s,,15m 3s,13m 12s,,13m 12s,9m 15s,,14m 35s,TWIS_PlayerKay,,,,,,,,,,,,,,,,,,,,-,,-,,,,
midseason_ewc_split1,ALGS Year 4 Midseason Playoffs / EWC,https://apexlegendsstatus.com/algs/Y4-Split1/EWC/Global/Overview,Y4-Split1,EWC,Global,Overview,,,https://apexlegendsstatus.com/algs/Y4-Split1/EWC/Global/Overview,overview,108,other,Top 10 Teams,41,Disguised,,,,14m 58s,,14m 58s,4m 17s,,7m 43s,4m 17s,,10m 8s,DSG_Dezignful,,,,,,,,,,,,,,,,,,,,-,,-,,,,
midseason_ewc_split1,ALGS Year 4 Midseason Playoffs / EWC,https://apexlegendsstatus.com/algs/Y4-Split1/EWC/Global/Overview,Y4-Split1,EWC,Global,Overview,,,https://apexlegendsstatus.com/algs/Y4-Split1/EWC/Global/Overview,overview,108,other,Top 10 Teams,42,Ninjas in Pyjamas,,,,5m 51s,,9m 26s,12m 48s,,13m 55s,5m 51s,,11m 40s,NIP_Gnaske,,,,,,,,,,,,,,,,,,,,-,,-,,,,
midseason_ewc_split1,ALGS Year 4 Midseason Playoffs / EWC,https://apexlegendsstatus.com/algs/Y4-Split1/EWC/Global/Overview,Y4-Split1,EWC,Global,Overview,,,https://apexlegendsstatus.com/algs/Y4-Split1/EWC/Global/Overview,overview,108,other,Top 10 Teams,43,Ninjas in Pyjamas,,,,5m 51s,,5m 51s,12m 48s,,14m 38s,5m 51s,,11m 42s,NIP_Amphy,,,,,,,,,,,,,,,,,,,,-,,-,,,,
midseason_ewc_split1,ALGS Year 4 Midseason Playoffs / EWC,https://apexlegendsstatus.com/algs/Y4-Split1/EWC/Global/Overview,Y4-Split1,EWC,Global,Overview,,,https://apexlegendsstatus.com/algs/Y4-Split1/EWC/Global/Overview,overview,108,other,Top 10 Teams,44,Reject Winnity,,,,-,,-,15m 42s,,15m 42s,15m 42s,,15m 42s,RC_Dogma,,,,,,,,,,,,,,,,,,,,-,,-,,,,
midseason_ewc_split1,ALGS Year 4 Midseason Playoffs / EWC,https://apexlegendsstatus.com/algs/Y4-Split1/EWC/Global/Overview,Y4-Split1,EWC,Global,Overview,,,https://apexlegendsstatus.com/algs/Y4-Split1/EWC/Global/Overview,overview,108,other,Top 10 Teams,45,FENNEL,,,,5m 54s,,9m 42s,5m 8s,,11m 26s,5m 8s,,11m 10s,FL_Pinotr,,,,,,,,,,,,,,,,,,,,13m 16s,,13m 16s,,,,
midseason_ewc_split1,ALGS Year 4 Midseason Playoffs / EWC,https://apexlegendsstatus.com/algs/Y4-Split1/EWC/Global/Overview,Y4-Split1,EWC,Global,Overview,,,https://apexlegendsstatus.com/algs/Y4-Split1/EWC/Global/Overview,overview,108,other,Top 10 Teams,46,Luminosity Gaming,,,,5m 51s,,5m 51s,15m 47s,,15m 47s,1m 4s,,9m 60s,LG Sikezz,,,,,,,,,,,,,,,,,,,,1m 4s,,9m 11s,,,,
midseason_ewc_split1,ALGS Year 4 Midseason Playoffs / EWC,https://apexlegendsstatus.com/algs/Y4-Split1/EWC/Global/Overview,Y4-Split1,EWC,Global,Overview,,,https://apexlegendsstatus.com/algs/Y4-Split1/EWC/Global/Overview,overview,108,other,Top 10 Teams,47,Reject Winnity,,,,-,,-,9m 44s,,13m 24s,9m 44s,,13m 1s,RC_KaronPe,,,,,,,,,,,,,,,,,,,,12m 16s,,12m 16s,,,,
midseason_ewc_split1,ALGS Year 4 Midseason Playoffs / EWC,https://apexlegendsstatus.com/algs/Y4-Split1/EWC/Global/Overview,Y4-Split1,EWC,Global,Overview,,,https://apexlegendsstatus.com/algs/Y4-Split1/EWC/Global/Overview,overview,108,other,Top 10 Teams,48,Luminosity Gaming,,,,6m 28s,,6m 28s,17m 13s,,17m 21s,1m 4s,,10m 33s,LG Fuhhnq,,,,,,,,,,,,,,,,,,,,1m 4s,,1m 4s,,,,
midseason_ewc_split1,ALGS Year 4 Midseason Playoffs / EWC,https://apexlegendsstatus.com/algs/Y4-Split1/EWC/Global/Overview,Y4-Split1,EWC,Global,Overview,,,https://apexlegendsstatus.com/algs/Y4-Split1/EWC/Global/Overview,overview,108,other,Top 10 Teams,49,Luminosity Gaming,,,,7m 23s,,7m 23s,15m 26s,,15m 26s,1m 4s,,10m 17s,LG Sweet,,,,,,,,,,,,,,,,,,,,1m 4s,,9m 10s,,,,
midseason_ewc_split1,ALGS Year 4 Midseason Playoffs / EWC,https://apexlegendsstatus.com/algs/Y4-Split1/EWC/Global/Overview,Y4-Split1,EWC,Global,Overview,,,https://apexlegendsstatus.com/algs/Y4-Split1/EWC/Global/Overview,overview,108,other,Top 10 Teams,50,Pioneers,,,,13m 29s,,13m 29s,3m 41s,,3m 41s,3m 41s,,7m,KCP_gent,,,,,,,,,,,,,,,,,,,,3m 50s,,3m 50s,,,,
midseason_ewc_split1,ALGS Year 4 Midseason Playoffs / EWC,https://apexlegendsstatus.com/algs/Y4-Split1/EWC/Global/Overview,Y4-Split1,EWC,Global,Overview,,,https://apexlegendsstatus.com/algs/Y4-Split1/EWC/Global/Overview,overview,108,other,Top 10 Teams,51,Mkers,,,,20m 48s,,20m 48s,-,,-,8m 10s,,14m 29s,MKS_Z1CKKY,,,,,,,,,,,,,,,,,,,,8m 10s,,8m 10s,,,,
midseason_ewc_split1,ALGS Year 4 Midseason Playoffs / EWC,https://apexlegendsstatus.com/algs/Y4-Split1/EWC/Global/Overview,Y4-Split1,EWC,Global,Overview,,,https://apexlegendsstatus.com/algs/Y4-Split1/EWC/Global/Overview,overview,108,other,Top 10 Teams,52,Guild Esports,,,,13m 35s,,13m 35s,15m 4s,,15m 4s,8m 30s,,14m 30s,GUILD_Legacy,,,,,,,,,,,,,,,,,,,,8m 30s,,14m 40s,,,,
midseason_ewc_split1,ALGS Year 4 Midseason Playoffs / EWC,https://apexlegendsstatus.com/algs/Y4-Split1/EWC/Global/Overview,Y4-Split1,EWC,Global,Overview,,,https://apexlegendsstatus.com/algs/Y4-Split1/EWC/Global/Overview,overview,108,other,Top 10 Teams,53,Mkers,,,,20m 33s,,20m 33s,15m 9s,,15m 9s,14m 52s,,16m 51s,MKS_ASIAZXD,,,,,,,,,,,,,,,,,,,,14m 52s,,14m 52s,,,,
midseason_ewc_split1,ALGS Year 4 Midseason Playoffs / EWC,https://apexlegendsstatus.com/algs/Y4-Split1/EWC/Global/Overview,Y4-Split1,EWC,Global,Overview,,,https://apexlegendsstatus.com/algs/Y4-Split1/EWC/Global/Overview,overview,108,other,Top 10 Teams,54,Mkers,,,,11m 47s,,15m 55s,-,,-,11m 47s,,15m 36s,MKS_DEXTER,,,,,,,,,,,,,,,,,,,,14m 57s,,14m 57s,,,,
midseason_ewc_split1,ALGS Year 4 Midseason Playoffs / EWC,https://apexlegendsstatus.com/algs/Y4-Split1/EWC/Global/Overview,Y4-Split1,EWC,Global,Overview,,,https://apexlegendsstatus.com/algs/Y4-Split1/EWC/Global/Overview,overview,108,other,Top 10 Teams,55,GHS Professional,,,,12m 53s,,15m 28s,13m 57s,,13m 57s,12m 53s,,15m 10s,GHS_wabu,,,,,,,,,,,,,,,,,,,,15m 49s,,15m 49s,,,,
midseason_ewc_split1,ALGS Year 4 Midseason Playoffs / EWC,https://apexlegendsstatus.com/algs/Y4-Split1/EWC/Global/Overview,Y4-Split1,EWC,Global,Overview,,,https://apexlegendsstatus.com/algs/Y4-Split1/EWC/Global/Overview,overview,108,other,Top 10 Teams,56,Ninjas in Pyjamas,,,,-,,-,18m 4s,,18m 4s,5m 16s,,11m 40s,NIP_Zaine,,,,,,,,,,,,,,,,,,,,5m 16s,,5m 16s,,,,
midseason_ewc_split1,ALGS Year 4 Midseason Playoffs / EWC,https://apexlegendsstatus.com/algs/Y4-Split1/EWC/Global/Overview,Y4-Split1,EWC,Global,Overview,,,https://apexlegendsstatus.com/algs/Y4-Split1/EWC/Global/Overview,overview,108,other,Top 10 Teams,57,Guild Esports,,,,-,,-,4m 25s,,4m 25s,4m 25s,,7m 53s,GUILD_Jesko,,,,,,,,,,,,,,,,,,,,11m 20s,,11m 20s,,,,
midseason_ewc_split1,ALGS Year 4 Midseason Playoffs / EWC,https://apexlegendsstatus.com/algs/Y4-Split1/EWC/Global/Overview,Y4-Split1,EWC,Global,Overview,,,https://apexlegendsstatus.com/algs/Y4-Split1/EWC/Global/Overview,overview,108,other,Top 10 Teams,58,Evos Esports,,,,11m 25s,,13m 13s,11m 18s,,13m 18s,11m 18s,,13m 36s,EVOS_F4FAFIF,,,,,,,,,,,,,,,,,,,,15m,,15m,,,,
midseason_ewc_split1,ALGS Year 4 Midseason Playoffs / EWC,https://apexlegendsstatus.com/algs/Y4-Split1/EWC/Global/Overview,Y4-Split1,EWC,Global,Overview,,,https://apexlegendsstatus.com/algs/Y4-Split1/EWC/Global/Overview,overview,108,other,Top 10 Teams,59,Guild Esports,,,,-,,-,15m 23s,,15m 44s,15m 23s,,15m 46s,GUILD_Emtee,,,,,,,,,,,,,,,,,,,,15m 51s,,15m 51s,,,,
midseason_ewc_split1,ALGS Year 4 Midseason Playoffs / EWC,https://apexlegendsstatus.com/algs/Y4-Split1/EWC/Global/Overview,Y4-Split1,EWC,Global,Overview,,,https://apexlegendsstatus.com/algs/Y4-Split1/EWC/Global/Overview,overview,108,other,Top 10 Teams,60,FENNEL,,,,5m 54s,,5m 54s,4m 6s,,8m 47s,4m 6s,,7m 49s,FL_Mo-mon,,,,,,,,,,,,,,,,,,,,-,,-,,,,
midseason_ewc_split1,ALGS Year 4 Midseason Playoffs / EWC,https://apexlegendsstatus.com/algs/Y4-Split1/EWC/Global/Overview,Y4-Split1,EWC,Global,Overview,,,https://apexlegendsstatus.com/algs/Y4-Split1/EWC/Global/Overview,overview,108,other,Top 10 Teams,61,FNATIC,,,,2m 46s,,5m 28s,13m 5s,,15m 9s,2m 46s,,10m 5s,FNC_Satuki,,,,,,,,,,,,,,,,,,,,13m 47s,,13m 47s,,,,
midseason_ewc_split1,ALGS Year 4 Midseason Playoffs / EWC,https://apexlegendsstatus.com/algs/Y4-Split1/EWC/Global/Overview,Y4-Split1,EWC,Global,Overview,,,https://apexlegendsstatus.com/algs/Y4-Split1/EWC/Global/Overview,overview,108,other,Top 10 Teams,62,NRG,,,,6m,,11m 53s,4m 4s,,4m 4s,4m 4s,,11m 60s,NRG_Nocturnal,,,,,,,,,,,,,,,,,,,,20m 10s,,20m 10s,,,,
midseason_ewc_split1,ALGS Year 4 Midseason Playoffs / EWC,https://apexlegendsstatus.com/algs/Y4-Split1/EWC/Global/Overview,Y4-Split1,EWC,Global,Overview,,,https://apexlegendsstatus.com/algs/Y4-Split1/EWC/Global/Overview,overview,108,other,Top 10 Teams,63,Elev8 x Bleed,,,,6m 22s,,8m 48s,16m 56s,,17m 12s,6m 22s,,13m 1s,E8xBLD lou,,,,,,,,,,,,,,,,,,,,13m 4s,,13m 4s,,,,
midseason_ewc_split1,ALGS Year 4 Midseason Playoffs / EWC,https://apexlegendsstatus.com/algs/Y4-Split1/EWC/Global/Overview,Y4-Split1,EWC,Global,Overview,,,https://apexlegendsstatus.com/algs/Y4-Split1/EWC/Global/Overview,overview,108,other,Top 10 Teams,64,Elev8 x Bleed,,,,6m 27s,,13m 17s,15m 14s,,15m 14s,6m 27s,,13m 23s,E8xBLD Zachmazer,,,,,,,,,,,,,,,,,,,,11m 52s,,11m 52s,,,,
midseason_ewc_split1,ALGS Year 4 Midseason Playoffs / EWC,https://apexlegendsstatus.com/algs/Y4-Split1/EWC/Global/Overview,Y4-Split1,EWC,Global,Overview,,,https://apexlegendsstatus.com/algs/Y4-Split1/EWC/Global/Overview,overview,108,other,Top 10 Teams,65,Elev8 x Bleed,,,,6m 27s,,13m 17s,14m 15s,,14m 15s,6m 27s,,13m 32s,E8xBLD knoqd,,,,,,,,,,,,,,,,,,,,-,,-,,,,
midseason_ewc_split1,ALGS Year 4 Midseason Playoffs / EWC,https://apexlegendsstatus.com/algs/Y4-Split1/EWC/Global/Overview,Y4-Split1,EWC,Global,Overview,,,https://apexlegendsstatus.com/algs/Y4-Split1/EWC/Global/Overview,overview,108,other,Top 10 Teams,66,TSM,,,,11m 3s,,12m 48s,4m 41s,,10m 3s,4m 41s,,12m 11s,TSM_Verhulst,,,,,,,,,,,,,,,,,,,,14m 34s,,14m 34s,,,,
midseason_ewc_split1,ALGS Year 4 Midseason Playoffs / EWC,https://apexlegendsstatus.com/algs/Y4-Split1/EWC/Global/Overview,Y4-Split1,EWC,Global,Overview,,,https://apexlegendsstatus.com/algs/Y4-Split1/EWC/Global/Overview,overview,108,other,Top 10 Teams,67,TSM,,,,11m 7s,,14m 10s,4m 47s,,8m 37s,4m 47s,,11m 24s,TSM_Reps,,,,,,,,,,,,,,,,,,,,-,,-,,,,
midseason_ewc_split1,ALGS Year 4 Midseason Playoffs / EWC,https://apexlegendsstatus.com/algs/Y4-Split1/EWC/Global/Overview,Y4-Split1,EWC,Global,Overview,,,https://apexlegendsstatus.com/algs/Y4-Split1/EWC/Global/Overview,overview,108,other,Top 10 Teams,68,Blacklist International,,,,13m 7s,,14m 12s,3m 43s,,8m 18s,3m 43s,,11m 15s,BLCK_Uxako,,,,,,,,,,,,,,,,,,,,-,,-,,,,
midseason_ewc_split1,ALGS Year 4 Midseason Playoffs / EWC,https://apexlegendsstatus.com/algs/Y4-Split1/EWC/Global/Overview,Y4-Split1,EWC,Global,Overview,,,https://apexlegendsstatus.com/algs/Y4-Split1/EWC/Global/Overview,overview,108,other,Top 10 Teams,69,Blacklist International,,,,12m 49s,,13m 6s,3m 1s,,3m 1s,3m 1s,,11m 37s,BLCK_Jmw,,,,,,,,,,,,,,,,,,,,17m 16s,,17m 16s,,,,
midseason_ewc_split1,ALGS Year 4 Midseason Playoffs / EWC,https://apexlegendsstatus.com/algs/Y4-Split1/EWC/Global/Overview,Y4-Split1,EWC,Global,Overview,,,https://apexlegendsstatus.com/algs/Y4-Split1/EWC/Global/Overview,overview,108,other,Top 10 Teams,70,Mizuchi,,,,5m 11s,,12m 48s,16m 55s,,17m 16s,5m 11s,,14m 17s,iiTzTimmy,,,,,,,,,,,,,,,,,,,,-,,-,,,,
midseason_ewc_split1,ALGS Year 4 Midseason Playoffs / EWC,https://apexlegendsstatus.com/algs/Y4-Split1/EWC/Global/Overview,Y4-Split1,EWC,Global,Overview,,,https://apexlegendsstatus.com/algs/Y4-Split1/EWC/Global/Overview,overview,108,other,Top 10 Teams,71,Natus Vincere,,,,12m 50s,,13m 26s,5m 41s,,5m 41s,5m 41s,,9m 34s,NAVI_MaTaFe,,,,,,,,,,,,,,,,,,,,-,,-,,,,
midseason_ewc_split1,ALGS Year 4 Midseason Playoffs / EWC,https://apexlegendsstatus.com/algs/Y4-Split1/EWC/Global/Overview,Y4-Split1,EWC,Global,Overview,,,https://apexlegendsstatus.com/algs/Y4-Split1/EWC/Global/Overview,overview,108,other,Top 10 Teams,72,NRG,,,,11m 16s,,12m 49s,4m 44s,,9m 56s,4m 44s,,11m 22s,NRG_Reptar,,,,,,,,,,,,,,,,,,,,-,,-,,,,
midseason_ewc_split1,ALGS Year 4 Midseason Playoffs / EWC,https://apexlegendsstatus.com/algs/Y4-Split1/EWC/Global/Overview,Y4-Split1,EWC,Global,Overview,,,https://apexlegendsstatus.com/algs/Y4-Split1/EWC/Global/Overview,overview,108,other,Top 10 Teams,73,Alliance,,,,6m 44s,,12m 57s,6m 1s,,10m 58s,6m 1s,,13m 30s,AlIiance_Effect,,,,,,,,,,,,,,,,,,,,20m 44s,,20m 44s,,,,
midseason_ewc_split1,ALGS Year 4 Midseason Playoffs / EWC,https://apexlegendsstatus.com/algs/Y4-Split1/EWC/Global/Overview,Y4-Split1,EWC,Global,Overview,,,https://apexlegendsstatus.com/algs/Y4-Split1/EWC/Global/Overview,overview,108,other,Top 10 Teams,74,DMS,,,,9m 24s,,12m 26s,10m 4s,,15m 3s,9m 24s,,13m 45s,DMS_Prestis,,,,,,,,,,,,,,,,,,,,-,,-,,,,
midseason_ewc_split1,ALGS Year 4 Midseason Playoffs / EWC,https://apexlegendsstatus.com/algs/Y4-Split1/EWC/Global/Overview,Y4-Split1,EWC,Global,Overview,,,https://apexlegendsstatus.com/algs/Y4-Split1/EWC/Global/Overview,overview,108,other,Top 10 Teams,75,NORTHEPTION,,,,15m 14s,,15m 14s,-,,-,15m 14s,,15m 14s,Nth_Taida,,,,,,,,,,,,,,,,,,,,-,,-,,,,
midseason_ewc_split1,ALGS Year 4 Midseason Playoffs / EWC,https://apexlegendsstatus.com/algs/Y4-Split1/EWC/Global/Overview,Y4-Split1,EWC,Global,Overview,,,https://apexlegendsstatus.com/algs/Y4-Split1/EWC/Global/Overview,overview,108,other,Top 10 Teams,76,NRG,,,,11m 12s,,13m 31s,4m,,4m,4m,,10m 21s,NRG_FunFPS,,,,,,,,,,,,,,,,,,,,-,,-,,,,
midseason_ewc_split1,ALGS Year 4 Midseason Playoffs / EWC,https://apexlegendsstatus.com/algs/Y4-Split1/EWC/Global/Overview,Y4-Split1,EWC,Global,Overview,,,https://apexlegendsstatus.com/algs/Y4-Split1/EWC/Global/Overview,overview,108,other,Top 10 Teams,77,HAO,,,,16m 11s,,16m 11s,13m 24s,,13m 24s,13m 24s,,14m 48s,HAO_5CG,,,,,,,,,,,,,,,,,,,,-,,-,,,,
midseason_ewc_split1,ALGS Year 4 Midseason Playoffs / EWC,https://apexlegendsstatus.com/algs/Y4-Split1/EWC/Global/Overview,Y4-Split1,EWC,Global,Overview,,,https://apexlegendsstatus.com/algs/Y4-Split1/EWC/Global/Overview,overview,108,other,Top 10 Teams,78,Alliance,,,,14m 42s,,15m 41s,6m 2s,,6m 2s,6m 2s,,13m 17s,Alliance_Hakis,,,,,,,,,,,,,,,,,,,,-,,-,,,,
midseason_ewc_split1,ALGS Year 4 Midseason Playoffs / EWC,https://apexlegendsstatus.com/algs/Y4-Split1/EWC/Global/Overview,Y4-Split1,EWC,Global,Overview,,,https://apexlegendsstatus.com/algs/Y4-Split1/EWC/Global/Overview,overview,108,other,Top 10 Teams,79,EXO Clan,,,,16m 22s,,17m 27s,6m 28s,,12m 41s,6m 28s,,13m 32s,EXO_Feuda,,,,,,,,,,,,,,,,,,,,9m 8s,,9m 8s,,,,
midseason_ewc_split1,ALGS Year 4 Midseason Playoffs / EWC,https://apexlegendsstatus.com/algs/Y4-Split1/EWC/Global/Overview,Y4-Split1,EWC,Global,Overview,,,https://apexlegendsstatus.com/algs/Y4-Split1/EWC/Global/Overview,overview,108,other,Top 10 Teams,80,SpaceStation Gaming,,,,14m 47s,,15m 38s,12m 23s,,12m 44s,5m 6s,,12m 22s,SSG_Koy,,,,,,,,,,,,,,,,,,,,5m 6s,,5m 6s,,,,
midseason_ewc_split1,ALGS Year 4 Midseason Playoffs / EWC,https://apexlegendsstatus.com/algs/Y4-Split1/EWC/Global/Overview,Y4-Split1,EWC,Global,Overview,,,https://apexlegendsstatus.com/algs/Y4-Split1/EWC/Global/Overview,overview,108,other,Top 10 Teams,81,HAO,,,,15m 32s,,16m 8s,12m 46s,,13m 48s,9m 10s,,13m 48s,HAO_Right,,,,,,,,,,,,,,,,,,,,9m 10s,,9m 10s,,,,
midseason_ewc_split1,ALGS Year 4 Midseason Playoffs / EWC,https://apexlegendsstatus.com/algs/Y4-Split1/EWC/Global/Overview,Y4-Split1,EWC,Global,Overview,,,https://apexlegendsstatus.com/algs/Y4-Split1/EWC/Global/Overview,overview,108,other,Top 10 Teams,82,HAO,,,,15m 33s,,16m 9s,13m 53s,,15m 14s,13m 53s,,15m 32s,HAO_wgtagashi,,,,,,,,,,,,,,,,,,,,-,,-,,,,
midseason_ewc_split1,ALGS Year 4 Midseason Playoffs / EWC,https://apexlegendsstatus.com/algs/Y4-Split1/EWC/Global/Overview,Y4-Split1,EWC,Global,Overview,,,https://apexlegendsstatus.com/algs/Y4-Split1/EWC/Global/Overview,overview,108,other,Top 10 Teams,83,Alliance,,,,6m 44s,,11m 37s,12m 48s,,15m 49s,6m 44s,,13m 57s,Alliance_Unlucky,,,,,,,,,,,,,,,,,,,,17m 37s,,17m 37s,,,,
midseason_ewc_split1,ALGS Year 4 Midseason Playoffs / EWC,https://apexlegendsstatus.com/algs/Y4-Split1/EWC/Global/Overview,Y4-Split1,EWC,Global,Overview,,,https://apexlegendsstatus.com/algs/Y4-Split1/EWC/Global/Overview,overview,108,other,Top 10 Teams,84,DMS,,,,13m 26s,,15m 43s,10m 26s,,14m 24s,10m 26s,,15m 3s,DMS_7ozzzus,,,,,,,,,,,,,,,,,,,,-,,-,,,,
midseason_ewc_split1,ALGS Year 4 Midseason Playoffs / EWC,https://apexlegendsstatus.com/algs/Y4-Split1/EWC/Global/Overview,Y4-Split1,EWC,Global,Overview,,,https://apexlegendsstatus.com/algs/Y4-Split1/EWC/Global/Overview,overview,108,other,Top 10 Teams,85,NORTHEPTION,,,,18m 2s,,18m 2s,5m 41s,,10m 6s,5m 41s,,12m 5s,Nth_ReyzyGG,,,,,,,,,,,,,,,,,,,,-,,-,,,,
midseason_ewc_split1,ALGS Year 4 Midseason Playoffs / EWC,https://apexlegendsstatus.com/algs/Y4-Split1/EWC/Global/Overview,Y4-Split1,EWC,Global,Overview,,,https://apexlegendsstatus.com/algs/Y4-Split1/EWC/Global/Overview,overview,108,other,Top 10 Teams,86,Natus Vincere,,,,16m 20s,,17m 20s,12m 46s,,15m 30s,12m 46s,,16m 14s,NAVI_KIND4,,,,,,,,,,,,,,,,,,,,-,,-,,,,
midseason_ewc_split1,ALGS Year 4 Midseason Playoffs / EWC,https://apexlegendsstatus.com/algs/Y4-Split1/EWC/Global/Overview,Y4-Split1,EWC,Global,Overview,,,https://apexlegendsstatus.com/algs/Y4-Split1/EWC/Global/Overview,overview,108,other,Top 10 Teams,87,DMS,,,,9m 24s,,14m 2s,10m 3s,,14m 57s,9m 24s,,14m 29s,DMS_taskmast33r,,,,,,,,,,,,,,,,,,,,-,,-,,,,
midseason_ewc_split1,ALGS Year 4 Midseason Playoffs / EWC,https://apexlegendsstatus.com/algs/Y4-Split1/EWC/Global/Overview,Y4-Split1,EWC,Global,Overview,,,https://apexlegendsstatus.com/algs/Y4-Split1/EWC/Global/Overview,overview,108,other,Top 10 Teams,88,SpaceStation Gaming,,,,15m 27s,,17m 8s,13m 5s,,14m 24s,5m 6s,,13m 38s,SSG_Phony,,,,,,,,,,,,,,,,,,,,5m 6s,,5m 6s,,,,
midseason_ewc_split1,ALGS Year 4 Midseason Playoffs / EWC,https://apexlegendsstatus.com/algs/Y4-Split1/EWC/Global/Overview,Y4-Split1,EWC,Global,Overview,,,https://apexlegendsstatus.com/algs/Y4-Split1/EWC/Global/Overview,overview,108,other,Top 10 Teams,89,Weibo Gaming,,,,11m 18s,,13m 5s,12m 27s,,12m 27s,10m 55s,,12m 23s,WBG_JackieChan,,,,,,,,,,,,,,,,,,,,10m 55s,,10m 55s,,,,
midseason_ewc_split1,ALGS Year 4 Midseason Playoffs / EWC,https://apexlegendsstatus.com/algs/Y4-Split1/EWC/Global/Overview,Y4-Split1,EWC,Global,Overview,,,https://apexlegendsstatus.com/algs/Y4-Split1/EWC/Global/Overview,overview,108,other,Top 10 Teams,90,Blacklist International,,,,11m 18s,,12m 27s,3m 43s,,8m 18s,3m 43s,,11m 15s,BLCK_Hiarka,,,,,,,,,,,,,,,,,,,,14m 46s,,14m 46s,,,,
midseason_ewc_split1,ALGS Year 4 Midseason Playoffs / EWC,https://apexlegendsstatus.com/algs/Y4-Split1/EWC/Global/Overview,Y4-Split1,EWC,Global,Overview,,,https://apexlegendsstatus.com/algs/Y4-Split1/EWC/Global/Overview,overview,108,other,Top 10 Teams,91,Weibo Gaming,,,,11m 18s,,11m 18s,3m 28s,,7m 21s,3m 28s,,8m 51s,WBG_Gusenpa1,,,,,,,,,,,,,,,,,,,,10m 52s,,10m 52s,,,,
midseason_ewc_split1,ALGS Year 4 Midseason Playoffs / EWC,https://apexlegendsstatus.com/algs/Y4-Split1/EWC/Global/Overview,Y4-Split1,EWC,Global,Overview,,,https://apexlegendsstatus.com/algs/Y4-Split1/EWC/Global/Overview,overview,108,other,Top 10 Teams,92,Mizuchi,,,,10m 40s,,12m 15s,12m 48s,,14m 31s,10m 40s,,13m 30s,Wxltzy,,,,,,,,,,,,,,,,,,,,13m 11s,,13m 11s,,,,
midseason_ewc_split1,ALGS Year 4 Midseason Playoffs / EWC,https://apexlegendsstatus.com/algs/Y4-Split1/EWC/Global/Overview,Y4-Split1,EWC,Global,Overview,,,https://apexlegendsstatus.com/algs/Y4-Split1/EWC/Global/Overview,overview,108,other,Top 10 Teams,93,LGD GAMING,,,,13m 14s,,13m 14s,3m 28s,,12m 4s,3m 28s,,12m 27s,LGD_MingYue,,,,,,,,,,,,,,,,,,,,-,,-,,,,
midseason_ewc_split1,ALGS Year 4 Midseason Playoffs / EWC,https://apexlegendsstatus.com/algs/Y4-Split1/EWC/Global/Overview,Y4-Split1,EWC,Global,Overview,,,https://apexlegendsstatus.com/algs/Y4-Split1/EWC/Global/Overview,overview,108,other,Top 10 Teams,94,Natus Vincere,,,,13m 14s,,13m 14s,12m 43s,,14m 16s,12m 43s,,14m 1s,NAVI_iHenchman,,,,,,,,,,,,,,,,,,,,-,,-,,,,
midseason_ewc_split1,ALGS Year 4 Midseason Playoffs / EWC,https://apexlegendsstatus.com/algs/Y4-Split1/EWC/Global/Overview,Y4-Split1,EWC,Global,Overview,,,https://apexlegendsstatus.com/algs/Y4-Split1/EWC/Global/Overview,overview,108,other,Top 10 Teams,95,LGD GAMING,,,,13m 14s,,15m 9s,11m 17s,,13m 39s,11m 17s,,14m 12s,LGD_LqDuD,,,,,,,,,,,,,,,,,,,,13m 33s,,13m 33s,,,,
midseason_ewc_split1,ALGS Year 4 Midseason Playoffs / EWC,https://apexlegendsstatus.com/algs/Y4-Split1/EWC/Global/Overview,Y4-Split1,EWC,Global,Overview,,,https://apexlegendsstatus.com/algs/Y4-Split1/EWC/Global/Overview,overview,108,other,Top 10 Teams,96,LGD GAMING,,,,9m 52s,,11m 33s,11m 38s,,11m 59s,9m 52s,,11m 46s,LGD_FeiJu,,,,,,,,,,,,,,,,,,,,-,,-,,,,
midseason_ewc_split1,ALGS Year 4 Midseason Playoffs / EWC,https://apexlegendsstatus.com/algs/Y4-Split1/EWC/Global/Overview,Y4-Split1,EWC,Global,Overview,,,https://apexlegendsstatus.com/algs/Y4-Split1/EWC/Global/Overview,overview,108,other,Top 10 Teams,97,RIDDLE ORDER,,,,13m 25s,,14m 50s,11m 17s,,11m 17s,11m 17s,,13m 39s,Riddle UmichanLoveti,,,,,,,,,,,,,,,,,,,,-,,-,,,,
midseason_ewc_split1,ALGS Year 4 Midseason Playoffs / EWC,https://apexlegendsstatus.com/algs/Y4-Split1/EWC/Global/Overview,Y4-Split1,EWC,Global,Overview,,,https://apexlegendsstatus.com/algs/Y4-Split1/EWC/Global/Overview,overview,108,other,Top 10 Teams,98,RIDDLE ORDER,,,,13m 25s,,14m 50s,20m 17s,,20m 17s,13m 25s,,16m 39s,Riddle YUKIO,,,,,,,,,,,,,,,,,,,,-,,-,,,,
midseason_ewc_split1,ALGS Year 4 Midseason Playoffs / EWC,https://apexlegendsstatus.com/algs/Y4-Split1/EWC/Global/Overview,Y4-Split1,EWC,Global,Overview,,,https://apexlegendsstatus.com/algs/Y4-Split1/EWC/Global/Overview,overview,108,other,Top 10 Teams,99,Dragons Esports,,,,13m 33s,,14m 30s,10m 26s,,11m 52s,10m 26s,,13m 16s,DRG_Sleep,,,,,,,,,,,,,,,,,,,,13m 36s,,13m 36s,,,,
midseason_ewc_split1,ALGS Year 4 Midseason Playoffs / EWC,https://apexlegendsstatus.com/algs/Y4-Split1/EWC/Global/Overview,Y4-Split1,EWC,Global,Overview,,,https://apexlegendsstatus.com/algs/Y4-Split1/EWC/Global/Overview,overview,108,other,Top 10 Teams,100,Dragons Esports,,,,13m 33s,,15m 39s,5m 54s,,10m 48s,5m 54s,,13m 14s,DRG_Zillach,,,,,,,,,,,,,,,,,,,,-,,-,,,,
midseason_ewc_split1,ALGS Year 4 Midseason Playoffs / EWC,https://apexlegendsstatus.com/algs/Y4-Split1/EWC/Global/Overview,Y4-Split1,EWC,Global,Overview,,,https://apexlegendsstatus.com/algs/Y4-Split1/EWC/Global/Overview,overview,108,other,Top 10 Teams,101,Dragons Esports,,,,13m 33s,,15m 31s,-,,-,11m 44s,,14m 34s,DRG_PANIC,,,,,,,,,,,,,,,,,,,,11m 44s,,11m 44s,,,,
midseason_ewc_split1,ALGS Year 4 Midseason Playoffs / EWC,https://apexlegendsstatus.com/algs/Y4-Split1/EWC/Global/Overview,Y4-Split1,EWC,Global,Overview,,,https://apexlegendsstatus.com/algs/Y4-Split1/EWC/Global/Overview,overview,108,other,Top 10 Teams,102,TIE,,,,14m 23s,,14m 23s,-,,-,14m 23s,,14m 23s,TIE_Kamaneko,,,,,,,,,,,,,,,,,,,,-,,-,,,,
midseason_ewc_split1,ALGS Year 4 Midseason Playoffs / EWC,https://apexlegendsstatus.com/algs/Y4-Split1/EWC/Global/Overview,Y4-Split1,EWC,Global,Overview,,,https://apexlegendsstatus.com/algs/Y4-Split1/EWC/Global/Overview,overview,108,other,Top 10 Teams,103,TIE,,,,14m 24s,,15m 26s,2m 32s,,9m 25s,2m 32s,,12m 37s,TIE_Axis,,,,,,,,,,,,,,,,,,,,13m 26s,,13m 26s,,,,
midseason_ewc_split1,ALGS Year 4 Midseason Playoffs / EWC,https://apexlegendsstatus.com/algs/Y4-Split1/EWC/Global/Overview,Y4-Split1,EWC,Global,Overview,,,https://apexlegendsstatus.com/algs/Y4-Split1/EWC/Global/Overview,overview,108,other,Top 10 Teams,104,HEROEZ,,,,14m 24s,,14m 24s,8m 38s,,10m 54s,8m 38s,,12m 6s,HRZ laheemx_,,,,,,,,,,,,,,,,,,,,13m 26s,,13m 26s,,,,
midseason_ewc_split1,ALGS Year 4 Midseason Playoffs / EWC,https://apexlegendsstatus.com/algs/Y4-Split1/EWC/Global/Overview,Y4-Split1,EWC,Global,Overview,,,https://apexlegendsstatus.com/algs/Y4-Split1/EWC/Global/Overview,overview,108,other,Top 10 Teams,105,SpaceStation Gaming,,,,15m 12s,,15m 12s,15m 16s,,15m 16s,13m 41s,,14m 43s,SSG_XYNEW,,,,,,,,,,,,,,,,,,,,13m 41s,,13m 41s,,,,
midseason_ewc_split1,ALGS Year 4 Midseason Playoffs / EWC,https://apexlegendsstatus.com/algs/Y4-Split1/EWC/Global/Overview,Y4-Split1,EWC,Global,Overview,,,https://apexlegendsstatus.com/algs/Y4-Split1/EWC/Global/Overview,overview,108,other,Top 10 Teams,106,Virtus.Pro,,,,15m 50s,,15m 50s,13m 12s,,14m 45s,13m 6s,,14m 37s,VP_Sharky,,,,,,,,,,,,,,,,,,,,13m 6s,,13m 6s,,,,
midseason_ewc_split1,ALGS Year 4 Midseason Playoffs / EWC,https://apexlegendsstatus.com/algs/Y4-Split1/EWC/Global/Overview,Y4-Split1,EWC,Global,Overview,,,https://apexlegendsstatus.com/algs/Y4-Split1/EWC/Global/Overview,overview,108,other,Top 10 Teams,107,NORTHEPTION,,,,15m 50s,,15m 50s,11m 22s,,13m 29s,11m 22s,,14m 4s,Nth_YukaPEROdator,,,,,,,,,,,,,,,,,,,,-,,-,,,,
midseason_ewc_split1,ALGS Year 4 Midseason Playoffs / EWC,https://apexlegendsstatus.com/algs/Y4-Split1/EWC/Global/Overview,Y4-Split1,EWC,Global,Overview,,,https://apexlegendsstatus.com/algs/Y4-Split1/EWC/Global/Overview,overview,108,other,Top 10 Teams,108,Mizuchi,,,,11m 56s,,14m 35s,18m 45s,,18m 45s,11m 56s,,15m 58s,Gild,,,,,,,,,,,,,,,,,,,,-,,-,,,,
midseason_ewc_split1,ALGS Year 4 Midseason Playoffs / EWC,https://apexlegendsstatus.com/algs/Y4-Split1/EWC/Global/Overview,Y4-Split1,EWC,Global,Overview,,,https://apexlegendsstatus.com/algs/Y4-Split1/EWC/Global/Overview,overview,108,other,Top 10 Teams,109,Virtus.Pro,,,,20m 23s,,20m 23s,20m 21s,,20m 21s,20m 21s,,20m 22s,VP_Wey,,,,,,,,,,,,,,,,,,,,-,,-,,,,
midseason_ewc_split1,ALGS Year 4 Midseason Playoffs / EWC,https://apexlegendsstatus.com/algs/Y4-Split1/EWC/Global/Overview,Y4-Split1,EWC,Global,Overview,,,https://apexlegendsstatus.com/algs/Y4-Split1/EWC/Global/Overview,overview,108,other,Top 10 Teams,110,TSM,,,,4m 22s,,12m 24s,6m 20s,,6m 20s,4m 22s,,11m 24s,TSM_zap,,,,,,,,,,,,,,,,,,,,14m 29s,,14m 29s,,,,
midseason_ewc_split1,ALGS Year 4 Midseason Playoffs / EWC,https://apexlegendsstatus.com/algs/Y4-Split1/EWC/Global/Overview,Y4-Split1,EWC,Global,Overview,,,https://apexlegendsstatus.com/algs/Y4-Split1/EWC/Global/Overview,overview,108,other,Top 10 Teams,111,EXO Clan,,,,-,,-,11m 12s,,16m 9s,11m 12s,,15m 42s,EXO_Slayers,,,,,,,,,,,,,,,,,,,,14m 20s,,14m 20s,,,,
midseason_ewc_split1,ALGS Year 4 Midseason Playoffs / EWC,https://apexlegendsstatus.com/algs/Y4-Split1/EWC/Global/Overview,Y4-Split1,EWC,Global,Overview,,,https://apexlegendsstatus.com/algs/Y4-Split1/EWC/Global/Overview,overview,108,other,Top 10 Teams,112,HEROEZ,,,,11m 5s,,11m 5s,5m 24s,,11m 53s,5m 24s,,11m 41s,HRZ Bastiaan0Z,,,,,,,,,,,,,,,,,,,,-,,-,,,,
midseason_ewc_split1,ALGS Year 4 Midseason Playoffs / EWC,https://apexlegendsstatus.com/algs/Y4-Split1/EWC/Global/Overview,Y4-Split1,EWC,Global,Overview,,,https://apexlegendsstatus.com/algs/Y4-Split1/EWC/Global/Overview,overview,108,other,Top 10 Teams,113,Virtus.Pro,,,,-,,-,12m 46s,,14m 44s,12m 46s,,15m 22s,VP_Prycyy,,,,,,,,,,,,,,,,,,,,17m 16s,,17m 16s,,,,
midseason_ewc_split1,ALGS Year 4 Midseason Playoffs / EWC,https://apexlegendsstatus.com/algs/Y4-Split1/EWC/Global/Overview,Y4-Split1,EWC,Global,Overview,,,https://apexlegendsstatus.com/algs/Y4-Split1/EWC/Global/Overview,overview,108,other,Top 10 Teams,114,HEROEZ,,,,10m 40s,,10m 40s,17m 17s,,17m 17s,10m 40s,,13m 59s,HRZ Kisanss,,,,,,,,,,,,,,,,,,,,-,,-,,,,
midseason_ewc_split1,ALGS Year 4 Midseason Playoffs / EWC,https://apexlegendsstatus.com/algs/Y4-Split1/EWC/Global/Overview,Y4-Split1,EWC,Global,Overview,,,https://apexlegendsstatus.com/algs/Y4-Split1/EWC/Global/Overview,overview,108,other,Top 10 Teams,115,RIDDLE ORDER,,,,6m 19s,,6m 19s,3m 43s,,3m 43s,3m 43s,,7m 42s,Riddle saku,,,,,,,,,,,,,,,,,,,,13m 5s,,13m 5s,,,,
midseason_ewc_split1,ALGS Year 4 Midseason Playoffs / EWC,https://apexlegendsstatus.com/algs/Y4-Split1/EWC/Global/Overview,Y4-Split1,EWC,Global,Overview,,,https://apexlegendsstatus.com/algs/Y4-Split1/EWC/Global/Overview,overview,108,other,Top 10 Teams,116,TIE,,,,15m 15s,,15m 52s,16m 58s,,16m 58s,13m 11s,,15m 28s,TIE_Infamous,,,,,,,,,,,,,,,,,,,,13m 11s,,13m 11s,,,,
midseason_ewc_split1,ALGS Year 4 Midseason Playoffs / EWC,https://apexlegendsstatus.com/algs/Y4-Split1/EWC/Global/Overview,Y4-Split1,EWC,Global,Overview,,,https://apexlegendsstatus.com/algs/Y4-Split1/EWC/Global/Overview,overview,108,other,Top 10 Teams,117,EXO Clan,,,,6m 19s,,13m 43s,12m 48s,,15m 5s,6m 19s,,13m 39s,EXO_KSWINNIIE,,,,,,,,,,,,,,,,,,,,9m 10s,,9m 10s,,,,
midseason_ewc_split1,ALGS Year 4 Midseason Playoffs / EWC,https://apexlegendsstatus.com/algs/Y4-Split1/EWC/Global/Overview,Y4-Split1,EWC,Global,Overview,,,https://apexlegendsstatus.com/algs/Y4-Split1/EWC/Global/Overview,overview,108,other,Top 10 Teams,118,FNATIC,,,,59s,,59s,10m 2s,,14m 51s,59s,,11m 7s,FNC_YukaF,,,,,,,,,,,,,,,,,,,,13m 47s,,13m 47s,,,,
midseason_ewc_split1,ALGS Year 4 Midseason Playoffs / EWC,https://apexlegendsstatus.com/algs/Y4-Split1/EWC/Global/Overview,Y4-Split1,EWC,Global,Overview,,,https://apexlegendsstatus.com/algs/Y4-Split1/EWC/Global/Overview,overview,108,other,Top 10 Teams,119,FNATIC,,,,17m 40s,,17m 40s,18m 26s,,18m 26s,17m 40s,,18m 3s,FNC_Lyqk,,,,,,,,,,,,,,,,,,,,-,,-,,,,
midseason_ewc_split1,ALGS Year 4 Midseason Playoffs / EWC,https://apexlegendsstatus.com/algs/Y4-Split1/EWC/Global/Overview,Y4-Split1,EWC,Global,Overview,,,https://apexlegendsstatus.com/algs/Y4-Split1/EWC/Global/Overview,overview,108,other,Top 10 Teams,120,Weibo Gaming,,,,14m 55s,,14m 55s,15m 40s,,15m 40s,14m 55s,,16m 9s,WBG_Boring,,,,,,,,,,,,,,,,,,,,17m 52s,,17m 52s,,,,
midseason_ewc_split1,ALGS Year 4 Midseason Playoffs / EWC,https://apexlegendsstatus.com/algs/Y4-Split1/EWC/Global/Overview,Y4-Split1,EWC,Global,Overview,,,https://apexlegendsstatus.com/algs/Y4-Split1/EWC/Global/Overview,overview,112,other,Top 10 Teams,1,,,,,,,,,,,,,,Player,,,,,,,,,,,,,,,,,,,,,,,,,,
midseason_ewc_split1,ALGS Year 4 Midseason Playoffs / EWC,https://apexlegendsstatus.com/algs/Y4-Split1/EWC/Global/Overview,Y4-Split1,EWC,Global,Overview,,,https://apexlegendsstatus.com/algs/Y4-Split1/EWC/Global/Overview,overview,116,other,Top 10 Teams,1,,,,,,,,,,,,,,FLCN_ImperialHal,,,,,,,,,1,96.96,50.93,88.73,2.17,"1,169.30",1.63,,,,,,,,,,,
midseason_ewc_split1,ALGS Year 4 Midseason Playoffs / EWC,https://apexlegendsstatus.com/algs/Y4-Split1/EWC/Global/Overview,Y4-Split1,EWC,Global,Overview,,,https://apexlegendsstatus.com/algs/Y4-Split1/EWC/Global/Overview,overview,116,other,Top 10 Teams,2,,,,,,,,,,,,,,AlIiance_Effect,,,,,,,,,2,81.51,56.04,82.53,2.22,"1,024.35",1.38,,,,,,,,,,,
midseason_ewc_split1,ALGS Year 4 Midseason Playoffs / EWC,https://apexlegendsstatus.com/algs/Y4-Split1/EWC/Global/Overview,Y4-Split1,EWC,Global,Overview,,,https://apexlegendsstatus.com/algs/Y4-Split1/EWC/Global/Overview,overview,116,other,Top 10 Teams,3,,,,,,,,,,,,,,TLAW_YanYa,,,,,,,,,3,60.06,24.89,50.97,1.87,881.09,1.33,,,,,,,,,,,
midseason_ewc_split1,ALGS Year 4 Midseason Playoffs / EWC,https://apexlegendsstatus.com/algs/Y4-Split1/EWC/Global/Overview,Y4-Split1,EWC,Global,Overview,,,https://apexlegendsstatus.com/algs/Y4-Split1/EWC/Global/Overview,overview,116,other,Top 10 Teams,4,,,,,,,,,,,,,,TLAW_jaguares,,,,,,,,,4,53.45,14.98,41.05,1.61,850.00,1.44,,,,,,,,,,,
midseason_ewc_split1,ALGS Year 4 Midseason Playoffs / EWC,https://apexlegendsstatus.com/algs/Y4-Split1/EWC/Global/Overview,Y4-Split1,EWC,Global,Overview,,,https://apexlegendsstatus.com/algs/Y4-Split1/EWC/Global/Overview,overview,116,other,Top 10 Teams,5,,,,,,,,,,,,,,FLCN_Zer0,,,,,,,,,5,53.00,-15.01,22.79,1.91,869.78,1.09,,,,,,,,,,,
midseason_ewc_split1,ALGS Year 4 Midseason Playoffs / EWC,https://apexlegendsstatus.com/algs/Y4-Split1/EWC/Global/Overview,Y4-Split1,EWC,Global,Overview,,,https://apexlegendsstatus.com/algs/Y4-Split1/EWC/Global/Overview,overview,116,other,Top 10 Teams,6,,,,,,,,,,,,,,TWIS_StrafingFlame,,,,,,,,,6,52.48,48.48,60.58,1.83,871.91,1.15,,,,,,,,,,,
midseason_ewc_split1,ALGS Year 4 Midseason Playoffs / EWC,https://apexlegendsstatus.com/algs/Y4-Split1/EWC/Global/Overview,Y4-Split1,EWC,Global,Overview,,,https://apexlegendsstatus.com/algs/Y4-Split1/EWC/Global/Overview,overview,116,other,Top 10 Teams,7,,,,,,,,,,,,,,EXO_Feuda,,,,,,,,,7,43.40,39.33,49.64,1.65,764.74,1.24,,,,,,,,,,,
midseason_ewc_split1,ALGS Year 4 Midseason Playoffs / EWC,https://apexlegendsstatus.com/algs/Y4-Split1/EWC/Global/Overview,Y4-Split1,EWC,Global,Overview,,,https://apexlegendsstatus.com/algs/Y4-Split1/EWC/Global/Overview,overview,116,other,Top 10 Teams,8,,,,,,,,,,,,,,Alliance_Unlucky,,,,,,,,,8,43.09,-1.59,24.90,1.57,801.26,1.25,,,,,,,,,,,
midseason_ewc_split1,ALGS Year 4 Midseason Playoffs / EWC,https://apexlegendsstatus.com/algs/Y4-Split1/EWC/Global/Overview,Y4-Split1,EWC,Global,Overview,,,https://apexlegendsstatus.com/algs/Y4-Split1/EWC/Global/Overview,overview,116,other,Top 10 Teams,9,,,,,,,,,,,,,,FLCN_Genburten,,,,,,,,,9,39.06,-35.92,1.88,1.22,835.83,1.41,,,,,,,,,,,
midseason_ewc_split1,ALGS Year 4 Midseason Playoffs / EWC,https://apexlegendsstatus.com/algs/Y4-Split1/EWC/Global/Overview,Y4-Split1,EWC,Global,Overview,,,https://apexlegendsstatus.com/algs/Y4-Split1/EWC/Global/Overview,overview,116,other,Top 10 Teams,10,,,,,,,,,,,,,,Wxltzy,,,,,,,,,10,37.52,36.44,44.37,1.39,836.26,1.19,,,,,,,,,,,
midseason_ewc_split1,ALGS Year 4 Midseason Playoffs / EWC,https://apexlegendsstatus.com/algs/Y4-Split1/EWC/Global/Overview,Y4-Split1,EWC,Global,Overview,,,https://apexlegendsstatus.com/algs/Y4-Split1/EWC/Global/Overview,overview,116,other,Top 10 Teams,11,,,,,,,,,,,,,,FaZe_Sinetic,,,,,,,,,11,35.34,31.28,39.97,1.43,741.87,1.25,,,,,,,,,,,
midseason_ewc_split1,ALGS Year 4 Midseason Playoffs / EWC,https://apexlegendsstatus.com/algs/Y4-Split1/EWC/Global/Overview,Y4-Split1,EWC,Global,Overview,,,https://apexlegendsstatus.com/algs/Y4-Split1/EWC/Global/Overview,overview,116,other,Top 10 Teams,12,,,,,,,,,,,,,,SSG_Koy,,,,,,,,,12,33.37,34.79,40.89,1.15,766.79,1.43,,,,,,,,,,,
midseason_ewc_split1,ALGS Year 4 Midseason Playoffs / EWC,https://apexlegendsstatus.com/algs/Y4-Split1/EWC/Global/Overview,Y4-Split1,EWC,Global,Overview,,,https://apexlegendsstatus.com/algs/Y4-Split1/EWC/Global/Overview,overview,116,other,Top 10 Teams,13,,,,,,,,,,,,,,Nth_Taida,,,,,,,,,13,32.32,38.65,42.58,0.90,814.05,1.56,,,,,,,,,,,
midseason_ewc_split1,ALGS Year 4 Midseason Playoffs / EWC,https://apexlegendsstatus.com/algs/Y4-Split1/EWC/Global/Overview,Y4-Split1,EWC,Global,Overview,,,https://apexlegendsstatus.com/algs/Y4-Split1/EWC/Global/Overview,overview,116,other,Top 10 Teams,14,,,,,,,,,,,,,,SSG_XYNEW,,,,,,,,,14,31.47,31.95,38.05,1.18,755.64,1.36,,,,,,,,,,,
midseason_ewc_split1,ALGS Year 4 Midseason Playoffs / EWC,https://apexlegendsstatus.com/algs/Y4-Split1/EWC/Global/Overview,Y4-Split1,EWC,Global,Overview,,,https://apexlegendsstatus.com/algs/Y4-Split1/EWC/Global/Overview,overview,116,other,Top 10 Teams,15,,,,,,,,,,,,,,DMS_Prestis,,,,,,,,,15,28.96,30.91,35.92,1.17,862.35,1.10,,,,,,,,,,,
midseason_ewc_split1,ALGS Year 4 Midseason Playoffs / EWC,https://apexlegendsstatus.com/algs/Y4-Split1/EWC/Global/Overview,Y4-Split1,EWC,Global,Overview,,,https://apexlegendsstatus.com/algs/Y4-Split1/EWC/Global/Overview,overview,116,other,Top 10 Teams,16,,,,,,,,,,,,,,LGD_LqDuD,,,,,,,,,16,26.44,47.66,44.46,1.52,612.13,1.13,,,,,,,,,,,
midseason_ewc_split1,ALGS Year 4 Midseason Playoffs / EWC,https://apexlegendsstatus.com/algs/Y4-Split1/EWC/Global/Overview,Y4-Split1,EWC,Global,Overview,,,https://apexlegendsstatus.com/algs/Y4-Split1/EWC/Global/Overview,overview,116,other,Top 10 Teams,17,,,,,,,,,,,,,,DSG_Dezignful,,,,,,,,,17,26.20,28.22,32.65,1.00,840.00,1.23,,,,,,,,,,,
midseason_ewc_split1,ALGS Year 4 Midseason Playoffs / EWC,https://apexlegendsstatus.com/algs/Y4-Split1/EWC/Global/Overview,Y4-Split1,EWC,Global,Overview,,,https://apexlegendsstatus.com/algs/Y4-Split1/EWC/Global/Overview,overview,116,other,Top 10 Teams,18,,,,,,,,,,,,,,FaZe_Naghz,,,,,,,,,18,25.59,16.65,25.34,1.13,725.61,1.29,,,,,,,,,,,
midseason_ewc_split1,ALGS Year 4 Midseason Playoffs / EWC,https://apexlegendsstatus.com/algs/Y4-Split1/EWC/Global/Overview,Y4-Split1,EWC,Global,Overview,,,https://apexlegendsstatus.com/algs/Y4-Split1/EWC/Global/Overview,overview,116,other,Top 10 Teams,19,,,,,,,,,,,,,,AUR ojrein,,,,,,,,,19,23.83,36.63,36.28,1.57,643.65,0.95,,,,,,,,,,,
midseason_ewc_split1,ALGS Year 4 Midseason Playoffs / EWC,https://apexlegendsstatus.com/algs/Y4-Split1/EWC/Global/Overview,Y4-Split1,EWC,Global,Overview,,,https://apexlegendsstatus.com/algs/Y4-Split1/EWC/Global/Overview,overview,116,other,Top 10 Teams,20,,,,,,,,,,,,,,TIE_Axis,,,,,,,,,20,22.88,67.63,54.31,1.05,754.35,1.23,,,,,,,,,,,
midseason_ewc_split1,ALGS Year 4 Midseason Playoffs / EWC,https://apexlegendsstatus.com/algs/Y4-Split1/EWC/Global/Overview,Y4-Split1,EWC,Global,Overview,,,https://apexlegendsstatus.com/algs/Y4-Split1/EWC/Global/Overview,overview,116,other,Top 10 Teams,21,,,,,,,,,,,,,,LG Fuhhnq,,,,,,,,,21,22.14,9.47,18.97,1.17,725.35,1.14,,,,,,,,,,,
midseason_ewc_split1,ALGS Year 4 Midseason Playoffs / EWC,https://apexlegendsstatus.com/algs/Y4-Split1/EWC/Global/Overview,Y4-Split1,EWC,Global,Overview,,,https://apexlegendsstatus.com/algs/Y4-Split1/EWC/Global/Overview,overview,116,other,Top 10 Teams,22,,,,,,,,,,,,,,NRG_Nocturnal,,,,,,,,,22,21.71,28.25,29.98,1.30,757.95,0.94,,,,,,,,,,,
midseason_ewc_split1,ALGS Year 4 Midseason Playoffs / EWC,https://apexlegendsstatus.com/algs/Y4-Split1/EWC/Global/Overview,Y4-Split1,EWC,Global,Overview,,,https://apexlegendsstatus.com/algs/Y4-Split1/EWC/Global/Overview,overview,116,other,Top 10 Teams,23,,,,,,,,,,,,,,GG_Lufka,,,,,,,,,23,20.90,8.88,17.87,1.52,619.13,0.95,,,,,,,,,,,
midseason_ewc_split1,ALGS Year 4 Midseason Playoffs / EWC,https://apexlegendsstatus.com/algs/Y4-Split1/EWC/Global/Overview,Y4-Split1,EWC,Global,Overview,,,https://apexlegendsstatus.com/algs/Y4-Split1/EWC/Global/Overview,overview,116,other,Top 10 Teams,24,,,,,,,,,,,,,,EXL Kurev,,,,,,,,,24,19.18,20.21,23.63,0.83,835.09,1.19,,,,,,,,,,,
midseason_ewc_split1,ALGS Year 4 Midseason Playoffs / EWC,https://apexlegendsstatus.com/algs/Y4-Split1/EWC/Global/Overview,Y4-Split1,EWC,Global,Overview,,,https://apexlegendsstatus.com/algs/Y4-Split1/EWC/Global/Overview,overview,116,other,Top 10 Teams,25,,,,,,,,,,,,,,VP_Sharky,,,,,,,,,25,18.85,41.09,35.96,1.45,547.70,1.09,,,,,,,,,,,
midseason_ewc_split1,ALGS Year 4 Midseason Playoffs / EWC,https://apexlegendsstatus.com/algs/Y4-Split1/EWC/Global/Overview,Y4-Split1,EWC,Global,Overview,,,https://apexlegendsstatus.com/algs/Y4-Split1/EWC/Global/Overview,overview,116,other,Top 10 Teams,26,,,,,,,,,,,,,,GG_Blasts,,,,,,,,,26,18.50,5.29,14.27,1.48,602.13,0.95,,,,,,,,,,,
midseason_ewc_split1,ALGS Year 4 Midseason Playoffs / EWC,https://apexlegendsstatus.com/algs/Y4-Split1/EWC/Global/Overview,Y4-Split1,EWC,Global,Overview,,,https://apexlegendsstatus.com/algs/Y4-Split1/EWC/Global/Overview,overview,116,other,Top 10 Teams,27,,,,,,,,,,,,,,DSG_Qzier,,,,,,,,,27,18.46,16.62,21.05,1.40,546.30,1.13,,,,,,,,,,,
midseason_ewc_split1,ALGS Year 4 Midseason Playoffs / EWC,https://apexlegendsstatus.com/algs/Y4-Split1/EWC/Global/Overview,Y4-Split1,EWC,Global,Overview,,,https://apexlegendsstatus.com/algs/Y4-Split1/EWC/Global/Overview,overview,116,other,Top 10 Teams,28,,,,,,,,,,,,,,EXO_KSWINNIIE,,,,,,,,,28,17.92,1.10,11.41,1.00,712.17,1.20,,,,,,,,,,,
midseason_ewc_split1,ALGS Year 4 Midseason Playoffs / EWC,https://apexlegendsstatus.com/algs/Y4-Split1/EWC/Global/Overview,Y4-Split1,EWC,Global,Overview,,,https://apexlegendsstatus.com/algs/Y4-Split1/EWC/Global/Overview,overview,116,other,Top 10 Teams,29,,,,,,,,,,,,,,TLAW_Neazul,,,,,,,,,29,16.88,-39.87,-13.79,1.17,681.26,1.06,,,,,,,,,,,
midseason_ewc_split1,ALGS Year 4 Midseason Playoffs / EWC,https://apexlegendsstatus.com/algs/Y4-Split1/EWC/Global/Overview,Y4-Split1,EWC,Global,Overview,,,https://apexlegendsstatus.com/algs/Y4-Split1/EWC/Global/Overview,overview,116,other,Top 10 Teams,30,,,,,,,,,,,,,,LG Sweet,,,,,,,,,30,15.67,-0.23,9.26,1.17,709.74,0.97,,,,,,,,,,,
midseason_ewc_split1,ALGS Year 4 Midseason Playoffs / EWC,https://apexlegendsstatus.com/algs/Y4-Split1/EWC/Global/Overview,Y4-Split1,EWC,Global,Overview,,,https://apexlegendsstatus.com/algs/Y4-Split1/EWC/Global/Overview,overview,116,other,Top 10 Teams,31,,,,,,,,,,,,,,GUILD_Legacy,,,,,,,,,31,14.55,11.44,15.59,1.12,599.76,1.19,,,,,,,,,,,
midseason_ewc_split1,ALGS Year 4 Midseason Playoffs / EWC,https://apexlegendsstatus.com/algs/Y4-Split1/EWC/Global/Overview,Y4-Split1,EWC,Global,Overview,,,https://apexlegendsstatus.com/algs/Y4-Split1/EWC/Global/Overview,overview,116,other,Top 10 Teams,32,,,,,,,,,,,,,,FNC_Satuki,,,,,,,,,32,13.71,16.82,18.32,1.09,602.26,1.19,,,,,,,,,,,
midseason_ewc_split1,ALGS Year 4 Midseason Playoffs / EWC,https://apexlegendsstatus.com/algs/Y4-Split1/EWC/Global/Overview,Y4-Split1,EWC,Global,Overview,,,https://apexlegendsstatus.com/algs/Y4-Split1/EWC/Global/Overview,overview,116,other,Top 10 Teams,33,,,,,,,,,,,,,,E8xBLD Zachmazer,,,,,,,,,33,13.32,11.92,15.15,1.26,646.17,0.93,,,,,,,,,,,
midseason_ewc_split1,ALGS Year 4 Midseason Playoffs / EWC,https://apexlegendsstatus.com/algs/Y4-Split1/EWC/Global/Overview,Y4-Split1,EWC,Global,Overview,,,https://apexlegendsstatus.com/algs/Y4-Split1/EWC/Global/Overview,overview,116,other,Top 10 Teams,34,,,,,,,,,,,,,,TSM_Verhulst,,,,,,,,,34,13.10,13.03,15.68,1.20,589.10,1.08,,,,,,,,,,,
midseason_ewc_split1,ALGS Year 4 Midseason Playoffs / EWC,https://apexlegendsstatus.com/algs/Y4-Split1/EWC/Global/Overview,Y4-Split1,EWC,Global,Overview,,,https://apexlegendsstatus.com/algs/Y4-Split1/EWC/Global/Overview,overview,116,other,Top 10 Teams,35,,,,,,,,,,,,,,GUILD_Emtee,,,,,,,,,35,12.97,9.07,13.23,0.76,741.00,1.24,,,,,,,,,,,
midseason_ewc_split1,ALGS Year 4 Midseason Playoffs / EWC,https://apexlegendsstatus.com/algs/Y4-Split1/EWC/Global/Overview,Y4-Split1,EWC,Global,Overview,,,https://apexlegendsstatus.com/algs/Y4-Split1/EWC/Global/Overview,overview,116,other,Top 10 Teams,36,,,,,,,,,,,,,,TSM_Reps,,,,,,,,,36,10.66,9.36,12.01,1.20,547.20,1.08,,,,,,,,,,,
midseason_ewc_split1,ALGS Year 4 Midseason Playoffs / EWC,https://apexlegendsstatus.com/algs/Y4-Split1/EWC/Global/Overview,Y4-Split1,EWC,Global,Overview,,,https://apexlegendsstatus.com/algs/Y4-Split1/EWC/Global/Overview,overview,116,other,Top 10 Teams,37,,,,,,,,,,,,,,LG Sikezz,,,,,,,,,37,9.67,-9.24,0.25,0.96,694.91,1.03,,,,,,,,,,,
midseason_ewc_split1,ALGS Year 4 Midseason Playoffs / EWC,https://apexlegendsstatus.com/algs/Y4-Split1/EWC/Global/Overview,Y4-Split1,EWC,Global,Overview,,,https://apexlegendsstatus.com/algs/Y4-Split1/EWC/Global/Overview,overview,116,other,Top 10 Teams,38,,,,,,,,,,,,,,iiTzTimmy,,,,,,,,,38,8.46,-7.15,0.79,0.83,717.78,1.08,,,,,,,,,,,
midseason_ewc_split1,ALGS Year 4 Midseason Playoffs / EWC,https://apexlegendsstatus.com/algs/Y4-Split1/EWC/Global/Overview,Y4-Split1,EWC,Global,Overview,,,https://apexlegendsstatus.com/algs/Y4-Split1/EWC/Global/Overview,overview,116,other,Top 10 Teams,39,,,,,,,,,,,,,,Alliance_Hakis,,,,,,,,,39,7.85,-54.45,-27.96,1.00,682.61,0.95,,,,,,,,,,,
midseason_ewc_split1,ALGS Year 4 Midseason Playoffs / EWC,https://apexlegendsstatus.com/algs/Y4-Split1/EWC/Global/Overview,Y4-Split1,EWC,Global,Overview,,,https://apexlegendsstatus.com/algs/Y4-Split1/EWC/Global/Overview,overview,116,other,Top 10 Teams,40,,,,,,,,,,,,,,DMS_taskmast33r,,,,,,,,,40,7.14,-1.81,3.20,0.87,734.04,0.96,,,,,,,,,,,
midseason_ewc_split1,ALGS Year 4 Midseason Playoffs / EWC,https://apexlegendsstatus.com/algs/Y4-Split1/EWC/Global/Overview,Y4-Split1,EWC,Global,Overview,,,https://apexlegendsstatus.com/algs/Y4-Split1/EWC/Global/Overview,overview,116,other,Top 10 Teams,41,,,,,,,,,,,,,,CR_SangJoon,,,,,,,,,41,7.05,9.89,10.16,0.60,678.50,1.33,,,,,,,,,,,
midseason_ewc_split1,ALGS Year 4 Midseason Playoffs / EWC,https://apexlegendsstatus.com/algs/Y4-Split1/EWC/Global/Overview,Y4-Split1,EWC,Global,Overview,,,https://apexlegendsstatus.com/algs/Y4-Split1/EWC/Global/Overview,overview,116,other,Top 10 Teams,42,,,,,,,,,,,,,,NIP_Zaine,,,,,,,,,42,6.21,22.85,17.44,0.85,603.10,1.19,,,,,,,,,,,
midseason_ewc_split1,ALGS Year 4 Midseason Playoffs / EWC,https://apexlegendsstatus.com/algs/Y4-Split1/EWC/Global/Overview,Y4-Split1,EWC,Global,Overview,,,https://apexlegendsstatus.com/algs/Y4-Split1/EWC/Global/Overview,overview,116,other,Top 10 Teams,43,,,,,,,,,,,,,,FNC_Lyqk,,,,,,,,,43,5.71,4.83,6.32,0.74,581.87,1.33,,,,,,,,,,,
midseason_ewc_split1,ALGS Year 4 Midseason Playoffs / EWC,https://apexlegendsstatus.com/algs/Y4-Split1/EWC/Global/Overview,Y4-Split1,EWC,Global,Overview,,,https://apexlegendsstatus.com/algs/Y4-Split1/EWC/Global/Overview,overview,116,other,Top 10 Teams,44,,,,,,,,,,,,,,GK Killoposz,,,,,,,,,44,5.58,21.13,16.03,0.90,544.25,1.23,,,,,,,,,,,
midseason_ewc_split1,ALGS Year 4 Midseason Playoffs / EWC,https://apexlegendsstatus.com/algs/Y4-Split1/EWC/Global/Overview,Y4-Split1,EWC,Global,Overview,,,https://apexlegendsstatus.com/algs/Y4-Split1/EWC/Global/Overview,overview,116,other,Top 10 Teams,45,,,,,,,,,,,,,,NRG_FunFPS,,,,,,,,,45,5.58,4.06,5.79,0.65,708.85,1.18,,,,,,,,,,,
midseason_ewc_split1,ALGS Year 4 Midseason Playoffs / EWC,https://apexlegendsstatus.com/algs/Y4-Split1/EWC/Global/Overview,Y4-Split1,EWC,Global,Overview,,,https://apexlegendsstatus.com/algs/Y4-Split1/EWC/Global/Overview,overview,116,other,Top 10 Teams,46,,,,,,,,,,,,,,GG_lighT,,,,,,,,,46,5.53,-14.17,-5.18,0.87,706.30,0.97,,,,,,,,,,,
midseason_ewc_split1,ALGS Year 4 Midseason Playoffs / EWC,https://apexlegendsstatus.com/algs/Y4-Split1/EWC/Global/Overview,Y4-Split1,EWC,Global,Overview,,,https://apexlegendsstatus.com/algs/Y4-Split1/EWC/Global/Overview,overview,116,other,Top 10 Teams,47,,,,,,,,,,,,,,EXL Brutus,,,,,,,,,47,4.78,-1.39,2.03,0.87,645.61,1.05,,,,,,,,,,,
midseason_ewc_split1,ALGS Year 4 Midseason Playoffs / EWC,https://apexlegendsstatus.com/algs/Y4-Split1/EWC/Global/Overview,Y4-Split1,EWC,Global,Overview,,,https://apexlegendsstatus.com/algs/Y4-Split1/EWC/Global/Overview,overview,116,other,Top 10 Teams,48,,,,,,,,,,,,,,TWIS_EzFlashKLDZ,,,,,,,,,48,4.56,-23.41,-11.31,1.13,595.57,0.88,,,,,,,,,,,
midseason_ewc_split1,ALGS Year 4 Midseason Playoffs / EWC,https://apexlegendsstatus.com/algs/Y4-Split1/EWC/Global/Overview,Y4-Split1,EWC,Global,Overview,,,https://apexlegendsstatus.com/algs/Y4-Split1/EWC/Global/Overview,overview,116,other,Top 10 Teams,49,,,,,,,,,,,,,,TWIS_PlayerKay,,,,,,,,,49,3.45,-25.07,-12.97,1.04,579.74,0.96,,,,,,,,,,,
midseason_ewc_split1,ALGS Year 4 Midseason Playoffs / EWC,https://apexlegendsstatus.com/algs/Y4-Split1/EWC/Global/Overview,Y4-Split1,EWC,Global,Overview,,,https://apexlegendsstatus.com/algs/Y4-Split1/EWC/Global/Overview,overview,116,other,Top 10 Teams,50,,,,,,,,,,,,,,GHS_1tappy,,,,,,,,,50,3.24,34.30,22.53,0.96,574.22,1.05,,,,,,,,,,,
midseason_ewc_split1,ALGS Year 4 Midseason Playoffs / EWC,https://apexlegendsstatus.com/algs/Y4-Split1/EWC/Global/Overview,Y4-Split1,EWC,Global,Overview,,,https://apexlegendsstatus.com/algs/Y4-Split1/EWC/Global/Overview,overview,116,other,Top 10 Teams,51,,,,,,,,,,,,,,RR_Datch,,,,,,,,,51,2.65,28.98,18.98,1.00,439.75,1.23,,,,,,,,,,,
midseason_ewc_split1,ALGS Year 4 Midseason Playoffs / EWC,https://apexlegendsstatus.com/algs/Y4-Split1/EWC/Global/Overview,Y4-Split1,EWC,Global,Overview,,,https://apexlegendsstatus.com/algs/Y4-Split1/EWC/Global/Overview,overview,116,other,Top 10 Teams,52,,,,,,,,,,,,,,HAO_wgtagashi,,,,,,,,,52,2.63,8.75,6.83,0.90,572.80,1.09,,,,,,,,,,,
midseason_ewc_split1,ALGS Year 4 Midseason Playoffs / EWC,https://apexlegendsstatus.com/algs/Y4-Split1/EWC/Global/Overview,Y4-Split1,EWC,Global,Overview,,,https://apexlegendsstatus.com/algs/Y4-Split1/EWC/Global/Overview,overview,116,other,Top 10 Teams,53,,,,,,,,,,,,,,FL_Curihara,,,,,,,,,53,2.34,19.00,12.81,0.80,605.55,1.12,,,,,,,,,,,
midseason_ewc_split1,ALGS Year 4 Midseason Playoffs / EWC,https://apexlegendsstatus.com/algs/Y4-Split1/EWC/Global/Overview,Y4-Split1,EWC,Global,Overview,,,https://apexlegendsstatus.com/algs/Y4-Split1/EWC/Global/Overview,overview,116,other,Top 10 Teams,54,,,,,,,,,,,,,,E8xBLD knoqd,,,,,,,,,54,2.04,-5.00,-1.78,1.26,470.00,0.90,,,,,,,,,,,
midseason_ewc_split1,ALGS Year 4 Midseason Playoffs / EWC,https://apexlegendsstatus.com/algs/Y4-Split1/EWC/Global/Overview,Y4-Split1,EWC,Global,Overview,,,https://apexlegendsstatus.com/algs/Y4-Split1/EWC/Global/Overview,overview,116,other,Top 10 Teams,55,,,,,,,,,,,,,,HAO_Right,,,,,,,,,55,1.41,6.91,4.99,1.25,485.00,0.86,,,,,,,,,,,
midseason_ewc_split1,ALGS Year 4 Midseason Playoffs / EWC,https://apexlegendsstatus.com/algs/Y4-Split1/EWC/Global/Overview,Y4-Split1,EWC,Global,Overview,,,https://apexlegendsstatus.com/algs/Y4-Split1/EWC/Global/Overview,overview,116,other,Top 10 Teams,56,,,,,,,,,,,,,,E8xBLD lou,,,,,,,,,56,0.75,-6.93,-3.71,1.13,543.83,0.86,,,,,,,,,,,
midseason_ewc_split1,ALGS Year 4 Midseason Playoffs / EWC,https://apexlegendsstatus.com/algs/Y4-Split1/EWC/Global/Overview,Y4-Split1,EWC,Global,Overview,,,https://apexlegendsstatus.com/algs/Y4-Split1/EWC/Global/Overview,overview,116,other,Top 10 Teams,57,,,,,,,,,,,,,,GHS_4rufa,,,,,,,,,57,0.11,29.60,17.83,0.78,587.26,1.10,,,,,,,,,,,
midseason_ewc_split1,ALGS Year 4 Midseason Playoffs / EWC,https://apexlegendsstatus.com/algs/Y4-Split1/EWC/Global/Overview,Y4-Split1,EWC,Global,Overview,,,https://apexlegendsstatus.com/algs/Y4-Split1/EWC/Global/Overview,overview,116,other,Top 10 Teams,58,,,,,,,,,,,,,,CR_obIy,,,,,,,,,58,-0.49,-1.42,-1.15,1.00,483.20,1.06,,,,,,,,,,,
midseason_ewc_split1,ALGS Year 4 Midseason Playoffs / EWC,https://apexlegendsstatus.com/algs/Y4-Split1/EWC/Global/Overview,Y4-Split1,EWC,Global,Overview,,,https://apexlegendsstatus.com/algs/Y4-Split1/EWC/Global/Overview,overview,116,other,Top 10 Teams,59,,,,,,,,,,,,,,DRG_PANIC,,,,,,,,,59,-2.37,3.87,0.90,0.91,593.91,0.88,,,,,,,,,,,
midseason_ewc_split1,ALGS Year 4 Midseason Playoffs / EWC,https://apexlegendsstatus.com/algs/Y4-Split1/EWC/Global/Overview,Y4-Split1,EWC,Global,Overview,,,https://apexlegendsstatus.com/algs/Y4-Split1/EWC/Global/Overview,overview,116,other,Top 10 Teams,60,,,,,,,,,,,,,,MKS_DEXTER,,,,,,,,,60,-3.17,17.61,8.66,0.70,518.50,1.21,,,,,,,,,,,
midseason_ewc_split1,ALGS Year 4 Midseason Playoffs / EWC,https://apexlegendsstatus.com/algs/Y4-Split1/EWC/Global/Overview,Y4-Split1,EWC,Global,Overview,,,https://apexlegendsstatus.com/algs/Y4-Split1/EWC/Global/Overview,overview,116,other,Top 10 Teams,61,,,,,,,,,,,,,,Nth_YukaPEROdator,,,,,,,,,61,-4.13,-16.02,-12.09,0.95,464.20,1.03,,,,,,,,,,,
midseason_ewc_split1,ALGS Year 4 Midseason Playoffs / EWC,https://apexlegendsstatus.com/algs/Y4-Split1/EWC/Global/Overview,Y4-Split1,EWC,Global,Overview,,,https://apexlegendsstatus.com/algs/Y4-Split1/EWC/Global/Overview,overview,116,other,Top 10 Teams,62,,,,,,,,,,,,,,MKS_ASIAZXD,,,,,,,,,62,-5.02,14.83,5.88,0.85,476.10,1.08,,,,,,,,,,,
midseason_ewc_split1,ALGS Year 4 Midseason Playoffs / EWC,https://apexlegendsstatus.com/algs/Y4-Split1/EWC/Global/Overview,Y4-Split1,EWC,Global,Overview,,,https://apexlegendsstatus.com/algs/Y4-Split1/EWC/Global/Overview,overview,116,other,Top 10 Teams,63,,,,,,,,,,,,,,WBG_JackieChan,,,,,,,,,63,-5.10,13.93,5.30,0.75,498.90,1.14,,,,,,,,,,,
midseason_ewc_split1,ALGS Year 4 Midseason Playoffs / EWC,https://apexlegendsstatus.com/algs/Y4-Split1/EWC/Global/Overview,Y4-Split1,EWC,Global,Overview,,,https://apexlegendsstatus.com/algs/Y4-Split1/EWC/Global/Overview,overview,116,other,Top 10 Teams,64,,,,,,,,,,,,,,VP_Prycyy,,,,,,,,,64,-5.15,5.09,-0.04,0.90,515.55,0.95,,,,,,,,,,,
midseason_ewc_split1,ALGS Year 4 Midseason Playoffs / EWC,https://apexlegendsstatus.com/algs/Y4-Split1/EWC/Global/Overview,Y4-Split1,EWC,Global,Overview,,,https://apexlegendsstatus.com/algs/Y4-Split1/EWC/Global/Overview,overview,116,other,Top 10 Teams,65,,,,,,,,,,,,,,BLCK_Uxako,,,,,,,,,65,-5.18,19.01,8.30,0.83,574.39,0.92,,,,,,,,,,,
midseason_ewc_split1,ALGS Year 4 Midseason Playoffs / EWC,https://apexlegendsstatus.com/algs/Y4-Split1/EWC/Global/Overview,Y4-Split1,EWC,Global,Overview,,,https://apexlegendsstatus.com/algs/Y4-Split1/EWC/Global/Overview,overview,116,other,Top 10 Teams,66,,,,,,,,,,,,,,CR_Jusna,,,,,,,,,66,-5.20,-8.47,-8.20,0.90,433.45,1.10,,,,,,,,,,,
midseason_ewc_split1,ALGS Year 4 Midseason Playoffs / EWC,https://apexlegendsstatus.com/algs/Y4-Split1/EWC/Global/Overview,Y4-Split1,EWC,Global,Overview,,,https://apexlegendsstatus.com/algs/Y4-Split1/EWC/Global/Overview,overview,116,other,Top 10 Teams,67,,,,,,,,,,,,,,NAVI_MaTaFe,,,,,,,,,67,-5.60,5.60,0.00,1.10,487.60,0.79,,,,,,,,,,,
midseason_ewc_split1,ALGS Year 4 Midseason Playoffs / EWC,https://apexlegendsstatus.com/algs/Y4-Split1/EWC/Global/Overview,Y4-Split1,EWC,Global,Overview,,,https://apexlegendsstatus.com/algs/Y4-Split1/EWC/Global/Overview,overview,116,other,Top 10 Teams,68,,,,,,,,,,,,,,DRG_Zillach,,,,,,,,,68,-5.69,-1.11,-4.08,0.96,533.17,0.85,,,,,,,,,,,
midseason_ewc_split1,ALGS Year 4 Midseason Playoffs / EWC,https://apexlegendsstatus.com/algs/Y4-Split1/EWC/Global/Overview,Y4-Split1,EWC,Global,Overview,,,https://apexlegendsstatus.com/algs/Y4-Split1/EWC/Global/Overview,overview,116,other,Top 10 Teams,69,,,,,,,,,,,,,,Gild,,,,,,,,,69,-6.31,-29.30,-21.37,0.61,605.30,1.04,,,,,,,,,,,
midseason_ewc_split1,ALGS Year 4 Midseason Playoffs / EWC,https://apexlegendsstatus.com/algs/Y4-Split1/EWC/Global/Overview,Y4-Split1,EWC,Global,Overview,,,https://apexlegendsstatus.com/algs/Y4-Split1/EWC/Global/Overview,overview,116,other,Top 10 Teams,70,,,,,,,,,,,,,,GK Rakiiii,,,,,,,,,70,-6.59,2.88,-2.22,0.90,480.20,0.98,,,,,,,,,,,
midseason_ewc_split1,ALGS Year 4 Midseason Playoffs / EWC,https://apexlegendsstatus.com/algs/Y4-Split1/EWC/Global/Overview,Y4-Split1,EWC,Global,Overview,,,https://apexlegendsstatus.com/algs/Y4-Split1/EWC/Global/Overview,overview,116,other,Top 10 Teams,71,,,,,,,,,,,,,,GUILD_Jesko,,,,,,,,,71,-6.76,-20.52,-16.36,0.82,484.79,1.04,,,,,,,,,,,
midseason_ewc_split1,ALGS Year 4 Midseason Playoffs / EWC,https://apexlegendsstatus.com/algs/Y4-Split1/EWC/Global/Overview,Y4-Split1,EWC,Global,Overview,,,https://apexlegendsstatus.com/algs/Y4-Split1/EWC/Global/Overview,overview,116,other,Top 10 Teams,72,,,,,,,,,,,,,,DRG_Sleep,,,,,,,,,72,-6.78,-2.75,-5.72,1.04,505.26,0.78,,,,,,,,,,,
midseason_ewc_split1,ALGS Year 4 Midseason Playoffs / EWC,https://apexlegendsstatus.com/algs/Y4-Split1/EWC/Global/Overview,Y4-Split1,EWC,Global,Overview,,,https://apexlegendsstatus.com/algs/Y4-Split1/EWC/Global/Overview,overview,116,other,Top 10 Teams,73,,,,,,,,,,,,,,EXL Azazel,,,,,,,,,73,-6.84,-18.82,-15.40,0.87,522.39,0.92,,,,,,,,,,,
midseason_ewc_split1,ALGS Year 4 Midseason Playoffs / EWC,https://apexlegendsstatus.com/algs/Y4-Split1/EWC/Global/Overview,Y4-Split1,EWC,Global,Overview,,,https://apexlegendsstatus.com/algs/Y4-Split1/EWC/Global/Overview,overview,116,other,Top 10 Teams,74,,,,,,,,,,,,,,NIP_Gnaske,,,,,,,,,74,-7.21,2.71,-2.70,0.70,560.90,1.01,,,,,,,,,,,
midseason_ewc_split1,ALGS Year 4 Midseason Playoffs / EWC,https://apexlegendsstatus.com/algs/Y4-Split1/EWC/Global/Overview,Y4-Split1,EWC,Global,Overview,,,https://apexlegendsstatus.com/algs/Y4-Split1/EWC/Global/Overview,overview,116,other,Top 10 Teams,75,,,,,,,,,,,,,,FL_Pinotr,,,,,,,,,75,-8.21,3.19,-3.01,0.80,566.10,0.87,,,,,,,,,,,
midseason_ewc_split1,ALGS Year 4 Midseason Playoffs / EWC,https://apexlegendsstatus.com/algs/Y4-Split1/EWC/Global/Overview,Y4-Split1,EWC,Global,Overview,,,https://apexlegendsstatus.com/algs/Y4-Split1/EWC/Global/Overview,overview,116,other,Top 10 Teams,76,,,,,,,,,,,,,,Nth_ReyzyGG,,,,,,,,,76,-8.54,-22.63,-18.70,1.05,431.85,0.85,,,,,,,,,,,
midseason_ewc_split1,ALGS Year 4 Midseason Playoffs / EWC,https://apexlegendsstatus.com/algs/Y4-Split1/EWC/Global/Overview,Y4-Split1,EWC,Global,Overview,,,https://apexlegendsstatus.com/algs/Y4-Split1/EWC/Global/Overview,overview,116,other,Top 10 Teams,77,,,,,,,,,,,,,,WBG_Gusenpa1,,,,,,,,,77,-8.57,8.72,0.09,0.90,460.70,0.95,,,,,,,,,,,
midseason_ewc_split1,ALGS Year 4 Midseason Playoffs / EWC,https://apexlegendsstatus.com/algs/Y4-Split1/EWC/Global/Overview,Y4-Split1,EWC,Global,Overview,,,https://apexlegendsstatus.com/algs/Y4-Split1/EWC/Global/Overview,overview,116,other,Top 10 Teams,78,,,,,,,,,,,,,,EXO_Slayers,,,,,,,,,78,-9.78,-40.44,-30.13,0.70,512.13,1.02,,,,,,,,,,,
midseason_ewc_split1,ALGS Year 4 Midseason Playoffs / EWC,https://apexlegendsstatus.com/algs/Y4-Split1/EWC/Global/Overview,Y4-Split1,EWC,Global,Overview,,,https://apexlegendsstatus.com/algs/Y4-Split1/EWC/Global/Overview,overview,116,other,Top 10 Teams,79,,,,,,,,,,,,,,NAVI_KIND4,,,,,,,,,79,-10.25,-1.37,-6.97,1.10,415.05,0.78,,,,,,,,,,,
midseason_ewc_split1,ALGS Year 4 Midseason Playoffs / EWC,https://apexlegendsstatus.com/algs/Y4-Split1/EWC/Global/Overview,Y4-Split1,EWC,Global,Overview,,,https://apexlegendsstatus.com/algs/Y4-Split1/EWC/Global/Overview,overview,116,other,Top 10 Teams,80,,,,,,,,,,,,,,TSM_zap,,,,,,,,,80,-10.51,-22.39,-19.74,1.00,433.70,0.84,,,,,,,,,,,
midseason_ewc_split1,ALGS Year 4 Midseason Playoffs / EWC,https://apexlegendsstatus.com/algs/Y4-Split1/EWC/Global/Overview,Y4-Split1,EWC,Global,Overview,,,https://apexlegendsstatus.com/algs/Y4-Split1/EWC/Global/Overview,overview,116,other,Top 10 Teams,81,,,,,,,,,,,,,,KCP_gent,,,,,,,,,81,-10.54,17.92,4.43,0.50,563.10,1.10,,,,,,,,,,,
midseason_ewc_split1,ALGS Year 4 Midseason Playoffs / EWC,https://apexlegendsstatus.com/algs/Y4-Split1/EWC/Global/Overview,Y4-Split1,EWC,Global,Overview,,,https://apexlegendsstatus.com/algs/Y4-Split1/EWC/Global/Overview,overview,116,other,Top 10 Teams,82,,,,,,,,,,,,,,DMS_7ozzzus,,,,,,,,,82,-11.05,-29.10,-24.09,0.61,560.83,0.98,,,,,,,,,,,
midseason_ewc_split1,ALGS Year 4 Midseason Playoffs / EWC,https://apexlegendsstatus.com/algs/Y4-Split1/EWC/Global/Overview,Y4-Split1,EWC,Global,Overview,,,https://apexlegendsstatus.com/algs/Y4-Split1/EWC/Global/Overview,overview,116,other,Top 10 Teams,83,,,,,,,,,,,,,,FNC_YukaF,,,,,,,,,83,-11.95,-21.65,-20.16,0.65,511.48,1.00,,,,,,,,,,,
midseason_ewc_split1,ALGS Year 4 Midseason Playoffs / EWC,https://apexlegendsstatus.com/algs/Y4-Split1/EWC/Global/Overview,Y4-Split1,EWC,Global,Overview,,,https://apexlegendsstatus.com/algs/Y4-Split1/EWC/Global/Overview,overview,116,other,Top 10 Teams,84,,,,,,,,,,,,,,AUR nine,,,,,,,,,84,-12.09,-17.27,-17.62,0.91,514.04,0.73,,,,,,,,,,,
midseason_ewc_split1,ALGS Year 4 Midseason Playoffs / EWC,https://apexlegendsstatus.com/algs/Y4-Split1/EWC/Global/Overview,Y4-Split1,EWC,Global,Overview,,,https://apexlegendsstatus.com/algs/Y4-Split1/EWC/Global/Overview,overview,116,other,Top 10 Teams,85,,,,,,,,,,,,,,NAVI_iHenchman,,,,,,,,,85,-12.16,-4.23,-9.83,0.80,498.95,0.87,,,,,,,,,,,
midseason_ewc_split1,ALGS Year 4 Midseason Playoffs / EWC,https://apexlegendsstatus.com/algs/Y4-Split1/EWC/Global/Overview,Y4-Split1,EWC,Global,Overview,,,https://apexlegendsstatus.com/algs/Y4-Split1/EWC/Global/Overview,overview,116,other,Top 10 Teams,86,,,,,,,,,,,,,,AUR kazakh,,,,,,,,,86,-13.49,-19.36,-19.71,1.00,450.09,0.72,,,,,,,,,,,
midseason_ewc_split1,ALGS Year 4 Midseason Playoffs / EWC,https://apexlegendsstatus.com/algs/Y4-Split1/EWC/Global/Overview,Y4-Split1,EWC,Global,Overview,,,https://apexlegendsstatus.com/algs/Y4-Split1/EWC/Global/Overview,overview,116,other,Top 10 Teams,87,,,,,,,,,,,,,,HAO_5CG,,,,,,,,,87,-13.64,-15.66,-17.58,0.65,499.10,0.97,,,,,,,,,,,
midseason_ewc_split1,ALGS Year 4 Midseason Playoffs / EWC,https://apexlegendsstatus.com/algs/Y4-Split1/EWC/Global/Overview,Y4-Split1,EWC,Global,Overview,,,https://apexlegendsstatus.com/algs/Y4-Split1/EWC/Global/Overview,overview,116,other,Top 10 Teams,88,,,,,,,,,,,,,,LGD_FeiJu,,,,,,,,,88,-15.10,-14.66,-17.86,0.65,565.57,0.80,,,,,,,,,,,
midseason_ewc_split1,ALGS Year 4 Midseason Playoffs / EWC,https://apexlegendsstatus.com/algs/Y4-Split1/EWC/Global/Overview,Y4-Split1,EWC,Global,Overview,,,https://apexlegendsstatus.com/algs/Y4-Split1/EWC/Global/Overview,overview,116,other,Top 10 Teams,89,,,,,,,,,,,,,,EVOS_F4FAFIF,,,,,,,,,89,-17.03,10.32,-4.03,0.60,511.70,0.90,,,,,,,,,,,
midseason_ewc_split1,ALGS Year 4 Midseason Playoffs / EWC,https://apexlegendsstatus.com/algs/Y4-Split1/EWC/Global/Overview,Y4-Split1,EWC,Global,Overview,,,https://apexlegendsstatus.com/algs/Y4-Split1/EWC/Global/Overview,overview,116,other,Top 10 Teams,90,,,,,,,,,,,,,,Riddle UmichanLoveti,,,,,,,,,90,-17.32,21.38,2.43,0.50,485.90,1.03,,,,,,,,,,,
midseason_ewc_split1,ALGS Year 4 Midseason Playoffs / EWC,https://apexlegendsstatus.com/algs/Y4-Split1/EWC/Global/Overview,Y4-Split1,EWC,Global,Overview,,,https://apexlegendsstatus.com/algs/Y4-Split1/EWC/Global/Overview,overview,116,other,Top 10 Teams,91,,,,,,,,,,,,,,FaZe_Arctic,,,,,,,,,91,-17.47,-47.93,-39.24,0.35,544.65,1.07,,,,,,,,,,,
midseason_ewc_split1,ALGS Year 4 Midseason Playoffs / EWC,https://apexlegendsstatus.com/algs/Y4-Split1/EWC/Global/Overview,Y4-Split1,EWC,Global,Overview,,,https://apexlegendsstatus.com/algs/Y4-Split1/EWC/Global/Overview,overview,116,other,Top 10 Teams,92,,,,,,,,,,,,,,RC_KaronPe,,,,,,,,,92,-17.98,29.18,6.72,0.40,458.70,1.16,,,,,,,,,,,
midseason_ewc_split1,ALGS Year 4 Midseason Playoffs / EWC,https://apexlegendsstatus.com/algs/Y4-Split1/EWC/Global/Overview,Y4-Split1,EWC,Global,Overview,,,https://apexlegendsstatus.com/algs/Y4-Split1/EWC/Global/Overview,overview,116,other,Top 10 Teams,93,,,,,,,,,,,,,,TIE_Infamous,,,,,,,,,93,-18.12,6.12,-7.20,0.50,505.05,0.97,,,,,,,,,,,
midseason_ewc_split1,ALGS Year 4 Midseason Playoffs / EWC,https://apexlegendsstatus.com/algs/Y4-Split1/EWC/Global/Overview,Y4-Split1,EWC,Global,Overview,,,https://apexlegendsstatus.com/algs/Y4-Split1/EWC/Global/Overview,overview,116,other,Top 10 Teams,94,,,,,,,,,,,,,,NRG_Reptar,,,,,,,,,94,-18.67,-32.31,-30.59,0.80,448.90,0.76,,,,,,,,,,,
midseason_ewc_split1,ALGS Year 4 Midseason Playoffs / EWC,https://apexlegendsstatus.com/algs/Y4-Split1/EWC/Global/Overview,Y4-Split1,EWC,Global,Overview,,,https://apexlegendsstatus.com/algs/Y4-Split1/EWC/Global/Overview,overview,116,other,Top 10 Teams,95,,,,,,,,,,,,,,BLCK_Hiarka,,,,,,,,,95,-19.52,-2.50,-13.21,0.74,465.91,0.76,,,,,,,,,,,
midseason_ewc_split1,ALGS Year 4 Midseason Playoffs / EWC,https://apexlegendsstatus.com/algs/Y4-Split1/EWC/Global/Overview,Y4-Split1,EWC,Global,Overview,,,https://apexlegendsstatus.com/algs/Y4-Split1/EWC/Global/Overview,overview,116,other,Top 10 Teams,96,,,,,,,,,,,,,,RR_inkya,,,,,,,,,96,-19.82,-4.73,-14.73,0.65,426.70,0.91,,,,,,,,,,,
midseason_ewc_split1,ALGS Year 4 Midseason Playoffs / EWC,https://apexlegendsstatus.com/algs/Y4-Split1/EWC/Global/Overview,Y4-Split1,EWC,Global,Overview,,,https://apexlegendsstatus.com/algs/Y4-Split1/EWC/Global/Overview,overview,116,other,Top 10 Teams,97,,,,,,,,,,,,,,DSG_Enemy,,,,,,,,,97,-22.51,-44.84,-40.41,0.70,388.25,0.85,,,,,,,,,,,
midseason_ewc_split1,ALGS Year 4 Midseason Playoffs / EWC,https://apexlegendsstatus.com/algs/Y4-Split1/EWC/Global/Overview,Y4-Split1,EWC,Global,Overview,,,https://apexlegendsstatus.com/algs/Y4-Split1/EWC/Global/Overview,overview,116,other,Top 10 Teams,98,,,,,,,,,,,,,,HRZ Bastiaan0Z,,,,,,,,,98,-23.37,4.42,-11.37,0.60,463.40,0.79,,,,,,,,,,,
midseason_ewc_split1,ALGS Year 4 Midseason Playoffs / EWC,https://apexlegendsstatus.com/algs/Y4-Split1/EWC/Global/Overview,Y4-Split1,EWC,Global,Overview,,,https://apexlegendsstatus.com/algs/Y4-Split1/EWC/Global/Overview,overview,116,other,Top 10 Teams,99,,,,,,,,,,,,,,GK Panayie,,,,,,,,,99,-24.51,-24.01,-29.12,0.70,376.70,0.81,,,,,,,,,,,
midseason_ewc_split1,ALGS Year 4 Midseason Playoffs / EWC,https://apexlegendsstatus.com/algs/Y4-Split1/EWC/Global/Overview,Y4-Split1,EWC,Global,Overview,,,https://apexlegendsstatus.com/algs/Y4-Split1/EWC/Global/Overview,overview,116,other,Top 10 Teams,100,,,,,,,,,,,,,,FL_Mo-mon,,,,,,,,,100,-25.12,-22.19,-28.39,0.65,430.25,0.75,,,,,,,,,,,
midseason_ewc_split1,ALGS Year 4 Midseason Playoffs / EWC,https://apexlegendsstatus.com/algs/Y4-Split1/EWC/Global/Overview,Y4-Split1,EWC,Global,Overview,,,https://apexlegendsstatus.com/algs/Y4-Split1/EWC/Global/Overview,overview,116,other,Top 10 Teams,101,,,,,,,,,,,,,,EVOS_GOPGAPz,,,,,,,,,101,-25.28,-2.05,-16.40,0.45,478.80,0.85,,,,,,,,,,,
midseason_ewc_split1,ALGS Year 4 Midseason Playoffs / EWC,https://apexlegendsstatus.com/algs/Y4-Split1/EWC/Global/Overview,Y4-Split1,EWC,Global,Overview,,,https://apexlegendsstatus.com/algs/Y4-Split1/EWC/Global/Overview,overview,116,other,Top 10 Teams,102,,,,,,,,,,,,,,HRZ Kisanss,,,,,,,,,102,-25.75,0.86,-14.93,0.30,516.00,0.92,,,,,,,,,,,
midseason_ewc_split1,ALGS Year 4 Midseason Playoffs / EWC,https://apexlegendsstatus.com/algs/Y4-Split1/EWC/Global/Overview,Y4-Split1,EWC,Global,Overview,,,https://apexlegendsstatus.com/algs/Y4-Split1/EWC/Global/Overview,overview,116,other,Top 10 Teams,103,,,,,,,,,,,,,,NIP_Amphy,,,,,,,,,103,-26.06,-25.56,-30.97,0.65,353.15,0.86,,,,,,,,,,,
midseason_ewc_split1,ALGS Year 4 Midseason Playoffs / EWC,https://apexlegendsstatus.com/algs/Y4-Split1/EWC/Global/Overview,Y4-Split1,EWC,Global,Overview,,,https://apexlegendsstatus.com/algs/Y4-Split1/EWC/Global/Overview,overview,116,other,Top 10 Teams,104,,,,,,,,,,,,,,LGD_MingYue,,,,,,,,,104,-27.32,-32.99,-36.19,0.35,399.48,1.03,,,,,,,,,,,
midseason_ewc_split1,ALGS Year 4 Midseason Playoffs / EWC,https://apexlegendsstatus.com/algs/Y4-Split1/EWC/Global/Overview,Y4-Split1,EWC,Global,Overview,,,https://apexlegendsstatus.com/algs/Y4-Split1/EWC/Global/Overview,overview,116,other,Top 10 Teams,105,,,,,,,,,,,,,,KCP_Onmuu,,,,,,,,,105,-28.43,-8.91,-22.40,0.65,350.70,0.79,,,,,,,,,,,
midseason_ewc_split1,ALGS Year 4 Midseason Playoffs / EWC,https://apexlegendsstatus.com/algs/Y4-Split1/EWC/Global/Overview,Y4-Split1,EWC,Global,Overview,,,https://apexlegendsstatus.com/algs/Y4-Split1/EWC/Global/Overview,overview,116,other,Top 10 Teams,106,,,,,,,,,,,,,,KCP_Deeds,,,,,,,,,106,-28.49,-9.01,-22.50,0.60,366.25,0.81,,,,,,,,,,,
midseason_ewc_split1,ALGS Year 4 Midseason Playoffs / EWC,https://apexlegendsstatus.com/algs/Y4-Split1/EWC/Global/Overview,Y4-Split1,EWC,Global,Overview,,,https://apexlegendsstatus.com/algs/Y4-Split1/EWC/Global/Overview,overview,116,other,Top 10 Teams,107,,,,,,,,,,,,,,BLCK_Jmw,,,,,,,,,107,-28.85,-16.51,-27.22,0.65,371.35,0.74,,,,,,,,,,,
midseason_ewc_split1,ALGS Year 4 Midseason Playoffs / EWC,https://apexlegendsstatus.com/algs/Y4-Split1/EWC/Global/Overview,Y4-Split1,EWC,Global,Overview,,,https://apexlegendsstatus.com/algs/Y4-Split1/EWC/Global/Overview,overview,116,other,Top 10 Teams,108,,,,,,,,,,,,,,EVOS_J4ckCute,,,,,,,,,108,-29.43,-8.27,-22.62,0.65,384.55,0.70,,,,,,,,,,,
midseason_ewc_split1,ALGS Year 4 Midseason Playoffs / EWC,https://apexlegendsstatus.com/algs/Y4-Split1/EWC/Global/Overview,Y4-Split1,EWC,Global,Overview,,,https://apexlegendsstatus.com/algs/Y4-Split1/EWC/Global/Overview,overview,116,other,Top 10 Teams,109,,,,,,,,,,,,,,WBG_Boring,,,,,,,,,109,-29.48,-22.64,-31.27,0.60,380.25,0.75,,,,,,,,,,,
midseason_ewc_split1,ALGS Year 4 Midseason Playoffs / EWC,https://apexlegendsstatus.com/algs/Y4-Split1/EWC/Global/Overview,Y4-Split1,EWC,Global,Overview,,,https://apexlegendsstatus.com/algs/Y4-Split1/EWC/Global/Overview,overview,116,other,Top 10 Teams,110,,,,,,,,,,,,,,HRZ laheemx_,,,,,,,,,110,-29.84,-5.28,-21.07,0.65,363.80,0.72,,,,,,,,,,,
midseason_ewc_split1,ALGS Year 4 Midseason Playoffs / EWC,https://apexlegendsstatus.com/algs/Y4-Split1/EWC/Global/Overview,Y4-Split1,EWC,Global,Overview,,,https://apexlegendsstatus.com/algs/Y4-Split1/EWC/Global/Overview,overview,116,other,Top 10 Teams,111,,,,,,,,,,,,,,RC_JungHee,,,,,,,,,111,-30.46,10.47,-12.00,0.30,355.80,1.07,,,,,,,,,,,
midseason_ewc_split1,ALGS Year 4 Midseason Playoffs / EWC,https://apexlegendsstatus.com/algs/Y4-Split1/EWC/Global/Overview,Y4-Split1,EWC,Global,Overview,,,https://apexlegendsstatus.com/algs/Y4-Split1/EWC/Global/Overview,overview,116,other,Top 10 Teams,112,,,,,,,,,,,,,,RR_wayachang,,,,,,,,,112,-32.84,-24.25,-34.26,0.65,311.45,0.73,,,,,,,,,,,
midseason_ewc_split1,ALGS Year 4 Midseason Playoffs / EWC,https://apexlegendsstatus.com/algs/Y4-Split1/EWC/Global/Overview,Y4-Split1,EWC,Global,Overview,,,https://apexlegendsstatus.com/algs/Y4-Split1/EWC/Global/Overview,overview,116,other,Top 10 Teams,113,,,,,,,,,,,,,,Riddle saku,,,,,,,,,113,-33.25,-2.52,-21.47,0.40,431.00,0.74,,,,,,,,,,,
midseason_ewc_split1,ALGS Year 4 Midseason Playoffs / EWC,https://apexlegendsstatus.com/algs/Y4-Split1/EWC/Global/Overview,Y4-Split1,EWC,Global,Overview,,,https://apexlegendsstatus.com/algs/Y4-Split1/EWC/Global/Overview,overview,116,other,Top 10 Teams,114,,,,,,,,,,,,,,SSG_Phony,,,,,,,,,114,-34.32,-66.74,-60.63,0.61,341.76,0.67,,,,,,,,,,,
midseason_ewc_split1,ALGS Year 4 Midseason Playoffs / EWC,https://apexlegendsstatus.com/algs/Y4-Split1/EWC/Global/Overview,Y4-Split1,EWC,Global,Overview,,,https://apexlegendsstatus.com/algs/Y4-Split1/EWC/Global/Overview,overview,116,other,Top 10 Teams,115,,,,,,,,,,,,,,MKS_Z1CKKY,,,,,,,,,115,-36.53,-32.43,-41.38,0.25,345.05,0.95,,,,,,,,,,,
midseason_ewc_split1,ALGS Year 4 Midseason Playoffs / EWC,https://apexlegendsstatus.com/algs/Y4-Split1/EWC/Global/Overview,Y4-Split1,EWC,Global,Overview,,,https://apexlegendsstatus.com/algs/Y4-Split1/EWC/Global/Overview,overview,116,other,Top 10 Teams,116,,,,,,,,,,,,,,VP_Wey,,,,,,,,,116,-39.32,-46.17,-51.30,0.40,354.75,0.70,,,,,,,,,,,
midseason_ewc_split1,ALGS Year 4 Midseason Playoffs / EWC,https://apexlegendsstatus.com/algs/Y4-Split1/EWC/Global/Overview,Y4-Split1,EWC,Global,Overview,,,https://apexlegendsstatus.com/algs/Y4-Split1/EWC/Global/Overview,overview,116,other,Top 10 Teams,117,,,,,,,,,,,,,,Riddle YUKIO,,,,,,,,,117,-44.14,-18.85,-37.80,0.20,398.00,0.67,,,,,,,,,,,
midseason_ewc_split1,ALGS Year 4 Midseason Playoffs / EWC,https://apexlegendsstatus.com/algs/Y4-Split1/EWC/Global/Overview,Y4-Split1,EWC,Global,Overview,,,https://apexlegendsstatus.com/algs/Y4-Split1/EWC/Global/Overview,overview,116,other,Top 10 Teams,118,,,,,,,,,,,,,,GHS_wabu,,,,,,,,,118,-62.23,-63.91,-75.68,0.17,176.57,0.54,,,,,,,,,,,
midseason_ewc_split1,ALGS Year 4 Midseason Playoffs / EWC,https://apexlegendsstatus.com/algs/Y4-Split1/EWC/Global/Overview,Y4-Split1,EWC,Global,Overview,,,https://apexlegendsstatus.com/algs/Y4-Split1/EWC/Global/Overview,overview,116,other,Top 10 Teams,119,,,,,,,,,,,,,,RC_Dogma,,,,,,,,,119,-63.87,-39.65,-62.12,0.10,221.40,0.48,,,,,,,,,,,
midseason_ewc_split1,ALGS Year 4 Midseason Playoffs / EWC,https://apexlegendsstatus.com/algs/Y4-Split1/EWC/Global/Overview,Y4-Split1,EWC,Global,Overview,,,https://apexlegendsstatus.com/algs/Y4-Split1/EWC/Global/Overview,overview,116,other,Top 10 Teams,120,,,,,,,,,,,,,,TIE_Kamaneko,,,,,,,,,120,-71.37,-73.75,-87.07,0.10,148.30,0.39,,,,,,,,,,,
midseason_ewc_split1,ALGS Year 4 Midseason Playoffs / EWC,https://apexlegendsstatus.com/algs/Y4-Split1/EWC/Global/Overview,Y4-Split1,EWC,Global,Overview,,,https://apexlegendsstatus.com/algs/Y4-Split1/EWC/Global/Overview,overview,117,other,Top 10 Teams,1,Team Falcons,,,,,,,,,,,,,,,,,,,,,,,,,,5.30,"2,874.91",1.36,1,119.94,6.39,,,,,,,,
midseason_ewc_split1,ALGS Year 4 Midseason Playoffs / EWC,https://apexlegendsstatus.com/algs/Y4-Split1/EWC/Global/Overview,Y4-Split1,EWC,Global,Overview,,,https://apexlegendsstatus.com/algs/Y4-Split1/EWC/Global/Overview,overview,117,other,Top 10 Teams,2,Alliance,,,,,,,,,,,,,,,,,,,,,,,,,,4.78,"2,508.22",1.19,2,90.66,6.87,,,,,,,,
midseason_ewc_split1,ALGS Year 4 Midseason Playoffs / EWC,https://apexlegendsstatus.com/algs/Y4-Split1/EWC/Global/Overview,Y4-Split1,EWC,Global,Overview,,,https://apexlegendsstatus.com/algs/Y4-Split1/EWC/Global/Overview,overview,117,other,Top 10 Teams,3,Team Liquid,,,,,,,,,,,,,,,,,,,,,,,,,,4.65,"2,412.35",1.27,3,71.19,9.13,,,,,,,,
midseason_ewc_split1,ALGS Year 4 Midseason Playoffs / EWC,https://apexlegendsstatus.com/algs/Y4-Split1/EWC/Global/Overview,Y4-Split1,EWC,Global,Overview,,,https://apexlegendsstatus.com/algs/Y4-Split1/EWC/Global/Overview,overview,117,other,Top 10 Teams,4,EXO Clan,,,,,,,,,,,,,,,,,,,,,,,,,,3.35,"1,989.04",1.17,4,41.74,8.52,,,,,,,,
midseason_ewc_split1,ALGS Year 4 Midseason Playoffs / EWC,https://apexlegendsstatus.com/algs/Y4-Split1/EWC/Global/Overview,Y4-Split1,EWC,Global,Overview,,,https://apexlegendsstatus.com/algs/Y4-Split1/EWC/Global/Overview,overview,117,other,Top 10 Teams,5,Luminosity Gaming,,,,,,,,,,,,,,,,,,,,,,,,,,3.30,"2,130.00",1.04,5,40.79,8.26,,,,,,,,
midseason_ewc_split1,ALGS Year 4 Midseason Playoffs / EWC,https://apexlegendsstatus.com/algs/Y4-Split1/EWC/Global/Overview,Y4-Split1,EWC,Global,Overview,,,https://apexlegendsstatus.com/algs/Y4-Split1/EWC/Global/Overview,overview,117,other,Top 10 Teams,6,Twisted Minds,,,,,,,,,,,,,,,,,,,,,,,,,,4.00,"2,047.22",1.00,6,36.81,9.43,,,,,,,,
midseason_ewc_split1,ALGS Year 4 Midseason Playoffs / EWC,https://apexlegendsstatus.com/algs/Y4-Split1/EWC/Global/Overview,Y4-Split1,EWC,Global,Overview,,,https://apexlegendsstatus.com/algs/Y4-Split1/EWC/Global/Overview,overview,117,other,Top 10 Teams,7,Guild Esports,,,,,,,,,,,,,,,,,,,,,,,,,,2.70,"1,825.55",1.16,7,35.99,7.61,,,,,,,,
midseason_ewc_split1,ALGS Year 4 Midseason Playoffs / EWC,https://apexlegendsstatus.com/algs/Y4-Split1/EWC/Global/Overview,Y4-Split1,EWC,Global,Overview,,,https://apexlegendsstatus.com/algs/Y4-Split1/EWC/Global/Overview,overview,117,other,Top 10 Teams,8,FaZe,,,,,,,,,,,,,,,,,,,,,,,,,,2.91,"2,012.13",1.21,8,32.60,9.22,,,,,,,,
midseason_ewc_split1,ALGS Year 4 Midseason Playoffs / EWC,https://apexlegendsstatus.com/algs/Y4-Split1/EWC/Global/Overview,Y4-Split1,EWC,Global,Overview,,,https://apexlegendsstatus.com/algs/Y4-Split1/EWC/Global/Overview,overview,117,other,Top 10 Teams,9,DMS,,,,,,,,,,,,,,,,,,,,,,,,,,2.65,"2,157.22",1.02,9,29.07,8.52,,,,,,,,
midseason_ewc_split1,ALGS Year 4 Midseason Playoffs / EWC,https://apexlegendsstatus.com/algs/Y4-Split1/EWC/Global/Overview,Y4-Split1,EWC,Global,Overview,,,https://apexlegendsstatus.com/algs/Y4-Split1/EWC/Global/Overview,overview,117,other,Top 10 Teams,10,GaiminGladiators,,,,,,,,,,,,,,,,,,,,,,,,,,3.87,"1,927.57",0.95,10,27.93,9.61,,,,,,,,
midseason_ewc_split1,ALGS Year 4 Midseason Playoffs / EWC,https://apexlegendsstatus.com/algs/Y4-Split1/EWC/Global/Overview,Y4-Split1,EWC,Global,Overview,,,https://apexlegendsstatus.com/algs/Y4-Split1/EWC/Global/Overview,overview,117,other,Top 10 Teams,11,Mizuchi,,,,,,,,,,,,,,,,,,,,,,,,,,2.83,"2,159.35",1.11,11,25.51,9.78,,,,,,,,
midseason_ewc_split1,ALGS Year 4 Midseason Playoffs / EWC,https://apexlegendsstatus.com/algs/Y4-Split1/EWC/Global/Overview,Y4-Split1,EWC,Global,Overview,,,https://apexlegendsstatus.com/algs/Y4-Split1/EWC/Global/Overview,overview,117,other,Top 10 Teams,12,Disguised,,,,,,,,,,,,,,,,,,,,,,,,,,3.10,"1,774.55",1.09,12,17.93,9.85,,,,,,,,
midseason_ewc_split1,ALGS Year 4 Midseason Playoffs / EWC,https://apexlegendsstatus.com/algs/Y4-Split1/EWC/Global/Overview,Y4-Split1,EWC,Global,Overview,,,https://apexlegendsstatus.com/algs/Y4-Split1/EWC/Global/Overview,overview,117,other,Top 10 Teams,13,NORTHEPTION,,,,,,,,,,,,,,,,,,,,,,,,,,2.90,"1,710.10",1.16,13,12.50,10.35,,,,,,,,
midseason_ewc_split1,ALGS Year 4 Midseason Playoffs / EWC,https://apexlegendsstatus.com/algs/Y4-Split1/EWC/Global/Overview,Y4-Split1,EWC,Global,Overview,,,https://apexlegendsstatus.com/algs/Y4-Split1/EWC/Global/Overview,overview,117,other,Top 10 Teams,14,SpaceStation Gaming,,,,,,,,,,,,,,,,,,,,,,,,,,2.94,"1,864.18",1.16,14,10.64,11.15,,,,,,,,
midseason_ewc_split1,ALGS Year 4 Midseason Playoffs / EWC,https://apexlegendsstatus.com/algs/Y4-Split1/EWC/Global/Overview,Y4-Split1,EWC,Global,Overview,,,https://apexlegendsstatus.com/algs/Y4-Split1/EWC/Global/Overview,overview,117,other,Top 10 Teams,15,Elev8 x Bleed,,,,,,,,,,,,,,,,,,,,,,,,,,3.65,"1,660.00",0.89,15,10.20,10.17,,,,,,,,
midseason_ewc_split1,ALGS Year 4 Midseason Playoffs / EWC,https://apexlegendsstatus.com/algs/Y4-Split1/EWC/Global/Overview,Y4-Split1,EWC,Global,Overview,,,https://apexlegendsstatus.com/algs/Y4-Split1/EWC/Global/Overview,overview,117,other,Top 10 Teams,16,E-XOLOS LAZER,,,,,,,,,,,,,,,,,,,,,,,,,,2.57,"2,003.09",1.06,16,7.59,10.74,,,,,,,,
midseason_ewc_split1,ALGS Year 4 Midseason Playoffs / EWC,https://apexlegendsstatus.com/algs/Y4-Split1/EWC/Global/Overview,Y4-Split1,EWC,Global,Overview,,,https://apexlegendsstatus.com/algs/Y4-Split1/EWC/Global/Overview,overview,117,other,Top 10 Teams,17,TSM,,,,,,,,,,,,,,,,,,,,,,,,,,3.40,"1,570.00",1.00,17,6.99,10.50,,,,,,,,
midseason_ewc_split1,ALGS Year 4 Midseason Playoffs / EWC,https://apexlegendsstatus.com/algs/Y4-Split1/EWC/Global/Overview,Y4-Split1,EWC,Global,Overview,,,https://apexlegendsstatus.com/algs/Y4-Split1/EWC/Global/Overview,overview,117,other,Top 10 Teams,18,NRG,,,,,,,,,,,,,,,,,,,,,,,,,,2.75,"1,915.70",0.96,18,5.11,10.45,,,,,,,,
midseason_ewc_split1,ALGS Year 4 Midseason Playoffs / EWC,https://apexlegendsstatus.com/algs/Y4-Split1/EWC/Global/Overview,Y4-Split1,EWC,Global,Overview,,,https://apexlegendsstatus.com/algs/Y4-Split1/EWC/Global/Overview,overview,117,other,Top 10 Teams,19,Aurora,,,,,,,,,,,,,,,,,,,,,,,,,,3.48,"1,607.78",0.80,19,4.71,9.83,,,,,,,,
midseason_ewc_split1,ALGS Year 4 Midseason Playoffs / EWC,https://apexlegendsstatus.com/algs/Y4-Split1/EWC/Global/Overview,Y4-Split1,EWC,Global,Overview,,,https://apexlegendsstatus.com/algs/Y4-Split1/EWC/Global/Overview,overview,117,other,Top 10 Teams,20,HAO,,,,,,,,,,,,,,,,,,,,,,,,,,2.80,"1,556.90",0.97,20,2.58,9.80,,,,,,,,
midseason_ewc_split1,ALGS Year 4 Midseason Playoffs / EWC,https://apexlegendsstatus.com/algs/Y4-Split1/EWC/Global/Overview,Y4-Split1,EWC,Global,Overview,,,https://apexlegendsstatus.com/algs/Y4-Split1/EWC/Global/Overview,overview,117,other,Top 10 Teams,21,Virtus.Pro,,,,,,,,,,,,,,,,,,,,,,,,,,2.75,"1,418.00",0.91,21,-6.41,10.00,,,,,,,,
midseason_ewc_split1,ALGS Year 4 Midseason Playoffs / EWC,https://apexlegendsstatus.com/algs/Y4-Split1/EWC/Global/Overview,Y4-Split1,EWC,Global,Overview,,,https://apexlegendsstatus.com/algs/Y4-Split1/EWC/Global/Overview,overview,117,other,Top 10 Teams,22,Dragons Esports,,,,,,,,,,,,,,,,,,,,,,,,,,2.91,"1,632.35",0.84,22,-9.46,10.87,,,,,,,,
midseason_ewc_split1,ALGS Year 4 Midseason Playoffs / EWC,https://apexlegendsstatus.com/algs/Y4-Split1/EWC/Global/Overview,Y4-Split1,EWC,Global,Overview,,,https://apexlegendsstatus.com/algs/Y4-Split1/EWC/Global/Overview,overview,117,other,Top 10 Teams,23,FNATIC,,,,,,,,,,,,,,,,,,,,,,,,,,2.48,"1,695.61",1.16,23,-12.72,12.65,,,,,,,,
midseason_ewc_split1,ALGS Year 4 Midseason Playoffs / EWC,https://apexlegendsstatus.com/algs/Y4-Split1/EWC/Global/Overview,Y4-Split1,EWC,Global,Overview,,,https://apexlegendsstatus.com/algs/Y4-Split1/EWC/Global/Overview,overview,117,other,Top 10 Teams,24,Crazy Raccoon,,,,,,,,,,,,,,,,,,,,,,,,,,2.50,"1,595.15",1.17,24,-14.17,12.60,,,,,,,,
midseason_ewc_split1,ALGS Year 4 Midseason Playoffs / EWC,https://apexlegendsstatus.com/algs/Y4-Split1/EWC/Global/Overview,Y4-Split1,EWC,Global,Overview,,,https://apexlegendsstatus.com/algs/Y4-Split1/EWC/Global/Overview,overview,117,other,Top 10 Teams,25,FENNEL,,,,,,,,,,,,,,,,,,,,,,,,,,2.25,"1,601.90",0.91,25,-14.44,10.65,,,,,,,,
midseason_ewc_split1,ALGS Year 4 Midseason Playoffs / EWC,https://apexlegendsstatus.com/algs/Y4-Split1/EWC/Global/Overview,Y4-Split1,EWC,Global,Overview,,,https://apexlegendsstatus.com/algs/Y4-Split1/EWC/Global/Overview,overview,117,other,Top 10 Teams,26,LGD GAMING,,,,,,,,,,,,,,,,,,,,,,,,,,2.52,"1,577.17",0.97,26,-15.13,11.48,,,,,,,,
midseason_ewc_split1,ALGS Year 4 Midseason Playoffs / EWC,https://apexlegendsstatus.com/algs/Y4-Split1/EWC/Global/Overview,Y4-Split1,EWC,Global,Overview,,,https://apexlegendsstatus.com/algs/Y4-Split1/EWC/Global/Overview,overview,117,other,Top 10 Teams,27,GEEKAY ESPORTS,,,,,,,,,,,,,,,,,,,,,,,,,,2.50,"1,401.15",1.00,27,-20.98,11.80,,,,,,,,
midseason_ewc_split1,ALGS Year 4 Midseason Playoffs / EWC,https://apexlegendsstatus.com/algs/Y4-Split1/EWC/Global/Overview,Y4-Split1,EWC,Global,Overview,,,https://apexlegendsstatus.com/algs/Y4-Split1/EWC/Global/Overview,overview,117,other,Top 10 Teams,28,Natus Vincere,,,,,,,,,,,,,,,,,,,,,,,,,,3.00,"1,401.60",0.82,28,-26.96,12.25,,,,,,,,
midseason_ewc_split1,ALGS Year 4 Midseason Playoffs / EWC,https://apexlegendsstatus.com/algs/Y4-Split1/EWC/Global/Overview,Y4-Split1,EWC,Global,Overview,,,https://apexlegendsstatus.com/algs/Y4-Split1/EWC/Global/Overview,overview,117,other,Top 10 Teams,29,GHS Professional,,,,,,,,,,,,,,,,,,,,,,,,,,1.91,"1,338.04",0.95,29,-28.12,11.17,,,,,,,,
midseason_ewc_split1,ALGS Year 4 Midseason Playoffs / EWC,https://apexlegendsstatus.com/algs/Y4-Split1/EWC/Global/Overview,Y4-Split1,EWC,Global,Overview,,,https://apexlegendsstatus.com/algs/Y4-Split1/EWC/Global/Overview,overview,117,other,Top 10 Teams,30,Ninjas in Pyjamas,,,,,,,,,,,,,,,,,,,,,,,,,,2.20,"1,517.15",1.03,30,-28.36,12.70,,,,,,,,
midseason_ewc_split1,ALGS Year 4 Midseason Playoffs / EWC,https://apexlegendsstatus.com/algs/Y4-Split1/EWC/Global/Overview,Y4-Split1,EWC,Global,Overview,,,https://apexlegendsstatus.com/algs/Y4-Split1/EWC/Global/Overview,overview,117,other,Top 10 Teams,31,Evos Esports,,,,,,,,,,,,,,,,,,,,,,,,,,1.70,"1,375.05",0.82,31,-31.68,10.55,,,,,,,,
midseason_ewc_split1,ALGS Year 4 Midseason Playoffs / EWC,https://apexlegendsstatus.com/algs/Y4-Split1/EWC/Global/Overview,Y4-Split1,EWC,Global,Overview,,,https://apexlegendsstatus.com/algs/Y4-Split1/EWC/Global/Overview,overview,117,other,Top 10 Teams,32,TIE,,,,,,,,,,,,,,,,,,,,,,,,,,1.65,"1,407.70",0.93,32,-33.86,11.50,,,,,,,,
midseason_ewc_split1,ALGS Year 4 Midseason Playoffs / EWC,https://apexlegendsstatus.com/algs/Y4-Split1/EWC/Global/Overview,Y4-Split1,EWC,Global,Overview,,,https://apexlegendsstatus.com/algs/Y4-Split1/EWC/Global/Overview,overview,117,other,Top 10 Teams,33,MKERS,,,,,,,,,,,,,,,,,,,,,,,,,,1.80,"1,339.65",1.09,33,-36.21,12.75,,,,,,,,
midseason_ewc_split1,ALGS Year 4 Midseason Playoffs / EWC,https://apexlegendsstatus.com/algs/Y4-Split1/EWC/Global/Overview,Y4-Split1,EWC,Global,Overview,,,https://apexlegendsstatus.com/algs/Y4-Split1/EWC/Global/Overview,overview,117,other,Top 10 Teams,34,Blacklist International,,,,,,,,,,,,,,,,,,,,,,,,,,2.22,"1,411.65",0.81,34,-36.49,12.09,,,,,,,,
midseason_ewc_split1,ALGS Year 4 Midseason Playoffs / EWC,https://apexlegendsstatus.com/algs/Y4-Split1/EWC/Global/Overview,Y4-Split1,EWC,Global,Overview,,,https://apexlegendsstatus.com/algs/Y4-Split1/EWC/Global/Overview,overview,117,other,Top 10 Teams,35,Red Rams,,,,,,,,,,,,,,,,,,,,,,,,,,2.30,"1,177.90",0.94,35,-37.68,12.40,,,,,,,,
midseason_ewc_split1,ALGS Year 4 Midseason Playoffs / EWC,https://apexlegendsstatus.com/algs/Y4-Split1/EWC/Global/Overview,Y4-Split1,EWC,Global,Overview,,,https://apexlegendsstatus.com/algs/Y4-Split1/EWC/Global/Overview,overview,117,other,Top 10 Teams,36,HEROEZ,,,,,,,,,,,,,,,,,,,,,,,,,,1.55,"1,343.20",0.81,36,-40.63,11.25,,,,,,,,
midseason_ewc_split1,ALGS Year 4 Midseason Playoffs / EWC,https://apexlegendsstatus.com/algs/Y4-Split1/EWC/Global/Overview,Y4-Split1,EWC,Global,Overview,,,https://apexlegendsstatus.com/algs/Y4-Split1/EWC/Global/Overview,overview,117,other,Top 10 Teams,37,Pioneers,,,,,,,,,,,,,,,,,,,,,,,,,,1.75,"1,280.05",0.91,37,-46.84,12.70,,,,,,,,
midseason_ewc_split1,ALGS Year 4 Midseason Playoffs / EWC,https://apexlegendsstatus.com/algs/Y4-Split1/EWC/Global/Overview,Y4-Split1,EWC,Global,Overview,,,https://apexlegendsstatus.com/algs/Y4-Split1/EWC/Global/Overview,overview,117,other,Top 10 Teams,38,Weibo Gaming,,,,,,,,,,,,,,,,,,,,,,,,,,2.25,"1,339.85",0.94,38,-47.30,13.95,,,,,,,,
midseason_ewc_split1,ALGS Year 4 Midseason Playoffs / EWC,https://apexlegendsstatus.com/algs/Y4-Split1/EWC/Global/Overview,Y4-Split1,EWC,Global,Overview,,,https://apexlegendsstatus.com/algs/Y4-Split1/EWC/Global/Overview,overview,117,other,Top 10 Teams,39,RIDDLE ORDER,,,,,,,,,,,,,,,,,,,,,,,,,,1.10,"1,314.90",0.80,39,-59.66,12.60,,,,,,,,
midseason_ewc_split1,ALGS Year 4 Midseason Playoffs / EWC,https://apexlegendsstatus.com/algs/Y4-Split1/EWC/Global/Overview,Y4-Split1,EWC,Global,Overview,,,https://apexlegendsstatus.com/algs/Y4-Split1/EWC/Global/Overview,overview,117,other,Top 10 Teams,40,Reject Winnity,,,,,,,,,,,,,,,,,,,,,,,,,,0.80,"1,035.90",0.87,40,-83.37,14.50,,,,,,,,
playoffs_split2,ALGS Year 4 Split 2 Playoffs,https://apexlegendsstatus.com/algs/Y4-Split2/ALGS-Playoffs/Global/Overview,Y4-Split2,ALGS-Playoffs,Global,Overview,,,https://apexlegendsstatus.com/algs/Y4-Split2/ALGS-Playoffs/Global/Overview,overview,90,other,Scores,1,ENTER FORCE.36,7,12,12,,,,,,,,,,,,,,,,,,,,,,,,,,,,,,,,,,,,
playoffs_split2,ALGS Year 4 Split 2 Playoffs,https://apexlegendsstatus.com/algs/Y4-Split2/ALGS-Playoffs/Global/Overview,Y4-Split2,ALGS-Playoffs,Global,Overview,,,https://apexlegendsstatus.com/algs/Y4-Split2/ALGS-Playoffs/Global/Overview,overview,90,other,Scores,2,DreamFire,9,12,12,,,,,,,,,,,,,,,,,,,,,,,,,,,,,,,,,,,,
playoffs_split2,ALGS Year 4 Split 2 Playoffs,https://apexlegendsstatus.com/algs/Y4-Split2/ALGS-Playoffs/Global/Overview,Y4-Split2,ALGS-Playoffs,Global,Overview,,,https://apexlegendsstatus.com/algs/Y4-Split2/ALGS-Playoffs/Global/Overview,overview,90,other,Scores,3,XNY,5,3,5,,,,,,,,,,,,,,,,,,,,,,,,,,,,,,,,,,,,
playoffs_split2,ALGS Year 4 Split 2 Playoffs,https://apexlegendsstatus.com/algs/Y4-Split2/ALGS-Playoffs/Global/Overview,Y4-Split2,ALGS-Playoffs,Global,Overview,,,https://apexlegendsstatus.com/algs/Y4-Split2/ALGS-Playoffs/Global/Overview,overview,90,other,Scores,4,HAO,9,6,9,,,,,,,,,,,,,,,,,,,,,,,,,,,,,,,,,,,,
playoffs_split2,ALGS Year 4 Split 2 Playoffs,https://apexlegendsstatus.com/algs/Y4-Split2/ALGS-Playoffs/Global/Overview,Y4-Split2,ALGS-Playoffs,Global,Overview,,,https://apexlegendsstatus.com/algs/Y4-Split2/ALGS-Playoffs/Global/Overview,overview,90,other,Scores,5,LG,12,11,12,,,,,,,,,,,,,,,,,,,,,,,,,,,,,,,,,,,,
playoffs_split2,ALGS Year 4 Split 2 Playoffs,https://apexlegendsstatus.com/algs/Y4-Split2/ALGS-Playoffs/Global/Overview,Y4-Split2,ALGS-Playoffs,Global,Overview,,,https://apexlegendsstatus.com/algs/Y4-Split2/ALGS-Playoffs/Global/Overview,overview,90,other,Scores,6,Team Falcons,11,16,16,,,,,,,,,,,,,,,,,,,,,,,,,,,,,,,,,,,,
playoffs_split2,ALGS Year 4 Split 2 Playoffs,https://apexlegendsstatus.com/algs/Y4-Split2/ALGS-Playoffs/Global/Overview,Y4-Split2,ALGS-Playoffs,Global,Overview,,,https://apexlegendsstatus.com/algs/Y4-Split2/ALGS-Playoffs/Global/Overview,overview,90,other,Scores,7,FNATIC,12,9,12,,,,,,,,,,,,,,,,,,,,,,,,,,,,,,,,,,,,
playoffs_split2,ALGS Year 4 Split 2 Playoffs,https://apexlegendsstatus.com/algs/Y4-Split2/ALGS-Playoffs/Global/Overview,Y4-Split2,ALGS-Playoffs,Global,Overview,,,https://apexlegendsstatus.com/algs/Y4-Split2/ALGS-Playoffs/Global/Overview,overview,90,other,Scores,8,GUILD,6,8,8,,,,,,,,,,,,,,,,,,,,,,,,,,,,,,,,,,,,
playoffs_split2,ALGS Year 4 Split 2 Playoffs,https://apexlegendsstatus.com/algs/Y4-Split2/ALGS-Playoffs/Global/Overview,Y4-Split2,ALGS-Playoffs,Global,Overview,,,https://apexlegendsstatus.com/algs/Y4-Split2/ALGS-Playoffs/Global/Overview,overview,90,other,Scores,9,NRG,9,7,9,,,,,,,,,,,,,,,,,,,,,,,,,,,,,,,,,,,,
playoffs_split2,ALGS Year 4 Split 2 Playoffs,https://apexlegendsstatus.com/algs/Y4-Split2/ALGS-Playoffs/Global/Overview,Y4-Split2,ALGS-Playoffs,Global,Overview,,,https://apexlegendsstatus.com/algs/Y4-Split2/ALGS-Playoffs/Global/Overview,overview,90,other,Scores,10,SSG,13,17,17,,,,,,,,,,,,,,,,,,,,,,,,,,,,,,,,,,,,
playoffs_split2,ALGS Year 4 Split 2 Playoffs,https://apexlegendsstatus.com/algs/Y4-Split2/ALGS-Playoffs/Global/Overview,Y4-Split2,ALGS-Playoffs,Global,Overview,,,https://apexlegendsstatus.com/algs/Y4-Split2/ALGS-Playoffs/Global/Overview,overview,90,other,Scores,11,GHS Professional,5,6,6,,,,,,,,,,,,,,,,,,,,,,,,,,,,,,,,,,,,
playoffs_split2,ALGS Year 4 Split 2 Playoffs,https://apexlegendsstatus.com/algs/Y4-Split2/ALGS-Playoffs/Global/Overview,Y4-Split2,ALGS-Playoffs,Global,Overview,,,https://apexlegendsstatus.com/algs/Y4-Split2/ALGS-Playoffs/Global/Overview,overview,90,other,Scores,12,STRIDERZ,5,3,5,,,,,,,,,,,,,,,,,,,,,,,,,,,,,,,,,,,,
playoffs_split2,ALGS Year 4 Split 2 Playoffs,https://apexlegendsstatus.com/algs/Y4-Split2/ALGS-Playoffs/Global/Overview,Y4-Split2,ALGS-Playoffs,Global,Overview,,,https://apexlegendsstatus.com/algs/Y4-Split2/ALGS-Playoffs/Global/Overview,overview,90,other,Scores,13,Not Moist,14,16,16,,,,,,,,,,,,,,,,,,,,,,,,,,,,,,,,,,,,
playoffs_split2,ALGS Year 4 Split 2 Playoffs,https://apexlegendsstatus.com/algs/Y4-Split2/ALGS-Playoffs/Global/Overview,Y4-Split2,ALGS-Playoffs,Global,Overview,,,https://apexlegendsstatus.com/algs/Y4-Split2/ALGS-Playoffs/Global/Overview,overview,90,other,Scores,14,Liquid Alienware,8,7,8,,,,,,,,,,,,,,,,,,,,,,,,,,,,,,,,,,,,
playoffs_split2,ALGS Year 4 Split 2 Playoffs,https://apexlegendsstatus.com/algs/Y4-Split2/ALGS-Playoffs/Global/Overview,Y4-Split2,ALGS-Playoffs,Global,Overview,,,https://apexlegendsstatus.com/algs/Y4-Split2/ALGS-Playoffs/Global/Overview,overview,90,other,Scores,15,shadow3690,18,6,18,,,,,,,,,,,,,,,,,,,,,,,,,,,,,,,,,,,,
playoffs_split2,ALGS Year 4 Split 2 Playoffs,https://apexlegendsstatus.com/algs/Y4-Split2/ALGS-Playoffs/Global/Overview,Y4-Split2,ALGS-Playoffs,Global,Overview,,,https://apexlegendsstatus.com/algs/Y4-Split2/ALGS-Playoffs/Global/Overview,overview,90,other,Scores,16,FaZe,6,8,8,,,,,,,,,,,,,,,,,,,,,,,,,,,,,,,,,,,,
playoffs_split2,ALGS Year 4 Split 2 Playoffs,https://apexlegendsstatus.com/algs/Y4-Split2/ALGS-Playoffs/Global/Overview,Y4-Split2,ALGS-Playoffs,Global,Overview,,,https://apexlegendsstatus.com/algs/Y4-Split2/ALGS-Playoffs/Global/Overview,overview,90,other,Scores,17,Natus Vincere,9,16,16,,,,,,,,,,,,,,,,,,,,,,,,,,,,,,,,,,,,
playoffs_split2,ALGS Year 4 Split 2 Playoffs,https://apexlegendsstatus.com/algs/Y4-Split2/ALGS-Playoffs/Global/Overview,Y4-Split2,ALGS-Playoffs,Global,Overview,,,https://apexlegendsstatus.com/algs/Y4-Split2/ALGS-Playoffs/Global/Overview,overview,90,other,Scores,18,E-Xolos LAZER,11,16,16,,,,,,,,,,,,,,,,,,,,,,,,,,,,,,,,,,,,
playoffs_split2,ALGS Year 4 Split 2 Playoffs,https://apexlegendsstatus.com/algs/Y4-Split2/ALGS-Playoffs/Global/Overview,Y4-Split2,ALGS-Playoffs,Global,Overview,,,https://apexlegendsstatus.com/algs/Y4-Split2/ALGS-Playoffs/Global/Overview,overview,90,other,Scores,19,Alliance,15,16,16,,,,,,,,,,,,,,,,,,,,,,,,,,,,,,,,,,,,
playoffs_split2,ALGS Year 4 Split 2 Playoffs,https://apexlegendsstatus.com/algs/Y4-Split2/ALGS-Playoffs/Global/Overview,Y4-Split2,ALGS-Playoffs,Global,Overview,,,https://apexlegendsstatus.com/algs/Y4-Split2/ALGS-Playoffs/Global/Overview,overview,90,other,Scores,20,FA KIDS,8,5,8,,,,,,,,,,,,,,,,,,,,,,,,,,,,,,,,,,,,
playoffs_split2,ALGS Year 4 Split 2 Playoffs,https://apexlegendsstatus.com/algs/Y4-Split2/ALGS-Playoffs/Global/Overview,Y4-Split2,ALGS-Playoffs,Global,Overview,,,https://apexlegendsstatus.com/algs/Y4-Split2/ALGS-Playoffs/Global/Overview,overview,90,other,Scores,21,Team 8,,3,3,,,,,,,,,,,,,,,,,,,,,,,,,,,,,,,,,,,,
playoffs_split2,ALGS Year 4 Split 2 Playoffs,https://apexlegendsstatus.com/algs/Y4-Split2/ALGS-Playoffs/Global/Overview,Y4-Split2,ALGS-Playoffs,Global,Overview,,,https://apexlegendsstatus.com/algs/Y4-Split2/ALGS-Playoffs/Global/Overview,overview,90,other,Scores,22,SSE-Xray,5,6,6,,,,,,,,,,,,,,,,,,,,,,,,,,,,,,,,,,,,
playoffs_split2,ALGS Year 4 Split 2 Playoffs,https://apexlegendsstatus.com/algs/Y4-Split2/ALGS-Playoffs/Global/Overview,Y4-Split2,ALGS-Playoffs,Global,Overview,,,https://apexlegendsstatus.com/algs/Y4-Split2/ALGS-Playoffs/Global/Overview,overview,90,other,Scores,23,FENNEL,7,6,7,,,,,,,,,,,,,,,,,,,,,,,,,,,,,,,,,,,,
playoffs_split2,ALGS Year 4 Split 2 Playoffs,https://apexlegendsstatus.com/algs/Y4-Split2/ALGS-Playoffs/Global/Overview,Y4-Split2,ALGS-Playoffs,Global,Overview,,,https://apexlegendsstatus.com/algs/Y4-Split2/ALGS-Playoffs/Global/Overview,overview,90,other,Scores,24,GoNext Esports,10,11,11,,,,,,,,,,,,,,,,,,,,,,,,,,,,,,,,,,,,
playoffs_split2,ALGS Year 4 Split 2 Playoffs,https://apexlegendsstatus.com/algs/Y4-Split2/ALGS-Playoffs/Global/Overview,Y4-Split2,ALGS-Playoffs,Global,Overview,,,https://apexlegendsstatus.com/algs/Y4-Split2/ALGS-Playoffs/Global/Overview,overview,90,other,Scores,25,Noctem Scan,11,14,14,,,,,,,,,,,,,,,,,,,,,,,,,,,,,,,,,,,,
playoffs_split2,ALGS Year 4 Split 2 Playoffs,https://apexlegendsstatus.com/algs/Y4-Split2/ALGS-Playoffs/Global/Overview,Y4-Split2,ALGS-Playoffs,Global,Overview,,,https://apexlegendsstatus.com/algs/Y4-Split2/ALGS-Playoffs/Global/Overview,overview,90,other,Scores,26,VK GAMING,8,9,9,,,,,,,,,,,,,,,,,,,,,,,,,,,,,,,,,,,,
playoffs_split2,ALGS Year 4 Split 2 Playoffs,https://apexlegendsstatus.com/algs/Y4-Split2/ALGS-Playoffs/Global/Overview,Y4-Split2,ALGS-Playoffs,Global,Overview,,,https://apexlegendsstatus.com/algs/Y4-Split2/ALGS-Playoffs/Global/Overview,overview,90,other,Scores,27,MKERS,8,15,15,,,,,,,,,,,,,,,,,,,,,,,,,,,,,,,,,,,,
playoffs_split2,ALGS Year 4 Split 2 Playoffs,https://apexlegendsstatus.com/algs/Y4-Split2/ALGS-Playoffs/Global/Overview,Y4-Split2,ALGS-Playoffs,Global,Overview,,,https://apexlegendsstatus.com/algs/Y4-Split2/ALGS-Playoffs/Global/Overview,overview,90,other,Scores,28,REJECT WINNITYJP,8,4,8,,,,,,,,,,,,,,,,,,,,,,,,,,,,,,,,,,,,
playoffs_split2,ALGS Year 4 Split 2 Playoffs,https://apexlegendsstatus.com/algs/Y4-Split2/ALGS-Playoffs/Global/Overview,Y4-Split2,ALGS-Playoffs,Global,Overview,,,https://apexlegendsstatus.com/algs/Y4-Split2/ALGS-Playoffs/Global/Overview,overview,90,other,Scores,29,GaiminGladiators,11,14,14,,,,,,,,,,,,,,,,,,,,,,,,,,,,,,,,,,,,
playoffs_split2,ALGS Year 4 Split 2 Playoffs,https://apexlegendsstatus.com/algs/Y4-Split2/ALGS-Playoffs/Global/Overview,Y4-Split2,ALGS-Playoffs,Global,Overview,,,https://apexlegendsstatus.com/algs/Y4-Split2/ALGS-Playoffs/Global/Overview,overview,90,other,Scores,30,TSM,15,12,15,,,,,,,,,,,,,,,,,,,,,,,,,,,,,,,,,,,,
playoffs_split2,ALGS Year 4 Split 2 Playoffs,https://apexlegendsstatus.com/algs/Y4-Split2/ALGS-Playoffs/Global/Overview,Y4-Split2,ALGS-Playoffs,Global,Overview,,,https://apexlegendsstatus.com/algs/Y4-Split2/ALGS-Playoffs/Global/Overview,overview,90,other,Scores,31,Exo Clan,6,13,13,,,,,,,,,,,,,,,,,,,,,,,,,,,,,,,,,,,,
playoffs_split2,ALGS Year 4 Split 2 Playoffs,https://apexlegendsstatus.com/algs/Y4-Split2/ALGS-Playoffs/Global/Overview,Y4-Split2,ALGS-Playoffs,Global,Overview,,,https://apexlegendsstatus.com/algs/Y4-Split2/ALGS-Playoffs/Global/Overview,overview,90,other,Scores,32,Pioneers,6,6,6,,,,,,,,,,,,,,,,,,,,,,,,,,,,,,,,,,,,
playoffs_split2,ALGS Year 4 Split 2 Playoffs,https://apexlegendsstatus.com/algs/Y4-Split2/ALGS-Playoffs/Global/Overview,Y4-Split2,ALGS-Playoffs,Global,Overview,,,https://apexlegendsstatus.com/algs/Y4-Split2/ALGS-Playoffs/Global/Overview,overview,90,other,Scores,33,Legends Gaming,7,7,7,,,,,,,,,,,,,,,,,,,,,,,,,,,,,,,,,,,,
playoffs_split2,ALGS Year 4 Split 2 Playoffs,https://apexlegendsstatus.com/algs/Y4-Split2/ALGS-Playoffs/Global/Overview,Y4-Split2,ALGS-Playoffs,Global,Overview,,,https://apexlegendsstatus.com/algs/Y4-Split2/ALGS-Playoffs/Global/Overview,overview,90,other,Scores,34,OLIMPO,7,7,7,,,,,,,,,,,,,,,,,,,,,,,,,,,,,,,,,,,,
playoffs_split2,ALGS Year 4 Split 2 Playoffs,https://apexlegendsstatus.com/algs/Y4-Split2/ALGS-Playoffs/Global/Overview,Y4-Split2,ALGS-Playoffs,Global,Overview,,,https://apexlegendsstatus.com/algs/Y4-Split2/ALGS-Playoffs/Global/Overview,overview,90,other,Scores,35,BLEED Esports,16,6,16,,,,,,,,,,,,,,,,,,,,,,,,,,,,,,,,,,,,
playoffs_split2,ALGS Year 4 Split 2 Playoffs,https://apexlegendsstatus.com/algs/Y4-Split2/ALGS-Playoffs/Global/Overview,Y4-Split2,ALGS-Playoffs,Global,Overview,,,https://apexlegendsstatus.com/algs/Y4-Split2/ALGS-Playoffs/Global/Overview,overview,90,other,Scores,36,Cloud9,12,13,13,,,,,,,,,,,,,,,,,,,,,,,,,,,,,,,,,,,,
playoffs_split2,ALGS Year 4 Split 2 Playoffs,https://apexlegendsstatus.com/algs/Y4-Split2/ALGS-Playoffs/Global/Overview,Y4-Split2,ALGS-Playoffs,Global,Overview,,,https://apexlegendsstatus.com/algs/Y4-Split2/ALGS-Playoffs/Global/Overview,overview,90,other,Scores,37,NORTHEPTION,6,8,8,,,,,,,,,,,,,,,,,,,,,,,,,,,,,,,,,,,,
playoffs_split2,ALGS Year 4 Split 2 Playoffs,https://apexlegendsstatus.com/algs/Y4-Split2/ALGS-Playoffs/Global/Overview,Y4-Split2,ALGS-Playoffs,Global,Overview,,,https://apexlegendsstatus.com/algs/Y4-Split2/ALGS-Playoffs/Global/Overview,overview,90,other,Scores,38,SWQ,6,9,9,,,,,,,,,,,,,,,,,,,,,,,,,,,,,,,,,,,,
playoffs_split2,ALGS Year 4 Split 2 Playoffs,https://apexlegendsstatus.com/algs/Y4-Split2/ALGS-Playoffs/Global/Overview,Y4-Split2,ALGS-Playoffs,Global,Overview,,,https://apexlegendsstatus.com/algs/Y4-Split2/ALGS-Playoffs/Global/Overview,overview,90,other,Scores,39,Complexity,10,8,10,,,,,,,,,,,,,,,,,,,,,,,,,,,,,,,,,,,,
playoffs_split2,ALGS Year 4 Split 2 Playoffs,https://apexlegendsstatus.com/algs/Y4-Split2/ALGS-Playoffs/Global/Overview,Y4-Split2,ALGS-Playoffs,Global,Overview,,,https://apexlegendsstatus.com/algs/Y4-Split2/ALGS-Playoffs/Global/Overview,overview,90,other,Scores,40,NOEZ FOXX,4,9,9,,,,,,,,,,,,,,,,,,,,,,,,,,,,,,,,,,,,
playoffs_split2,ALGS Year 4 Split 2 Playoffs,https://apexlegendsstatus.com/algs/Y4-Split2/ALGS-Playoffs/Global/Overview,Y4-Split2,ALGS-Playoffs,Global,Overview,,,https://apexlegendsstatus.com/algs/Y4-Split2/ALGS-Playoffs/Global/Overview,overview,90,other,Scores,41,FURIA,14,13,14,,,,,,,,,,,,,,,,,,,,,,,,,,,,,,,,,,,,
playoffs_split2,ALGS Year 4 Split 2 Playoffs,https://apexlegendsstatus.com/algs/Y4-Split2/ALGS-Playoffs/Global/Overview,Y4-Split2,ALGS-Playoffs,Global,Overview,,,https://apexlegendsstatus.com/algs/Y4-Split2/ALGS-Playoffs/Global/Overview,overview,99,other,Scores,1,,,,,,,,,,,,,,Player,,,,,,,,,,,,,,,,,,,,,,,,,,
playoffs_split2,ALGS Year 4 Split 2 Playoffs,https://apexlegendsstatus.com/algs/Y4-Split2/ALGS-Playoffs/Global/Overview,Y4-Split2,ALGS-Playoffs,Global,Overview,,,https://apexlegendsstatus.com/algs/Y4-Split2/ALGS-Playoffs/Global/Overview,overview,100,other,Scores,1,,,,,,,,,,,,,,,Bangalore,Tactical Cooldown,98.37%,968,,,,,,,,,,,,,,,,,,,,,,
playoffs_split2,ALGS Year 4 Split 2 Playoffs,https://apexlegendsstatus.com/algs/Y4-Split2/ALGS-Playoffs/Global/Overview,Y4-Split2,ALGS-Playoffs,Global,Overview,,,https://apexlegendsstatus.com/algs/Y4-Split2/ALGS-Playoffs/Global/Overview,overview,100,other,Scores,2,,,,,,,,,,,,,,,Bangalore,Ultimate Cooldown+,1.63%,16,,,,,,,,,,,,,,,,,,,,,,
playoffs_split2,ALGS Year 4 Split 2 Playoffs,https://apexlegendsstatus.com/algs/Y4-Split2/ALGS-Playoffs/Global/Overview,Y4-Split2,ALGS-Playoffs,Global,Overview,,,https://apexlegendsstatus.com/algs/Y4-Split2/ALGS-Playoffs/Global/Overview,overview,100,other,Scores,3,,,,,,,,,,,,,,,Catalyst,Long Veil,98.23%,222,,,,,,,,,,,,,,,,,,,,,,
playoffs_split2,ALGS Year 4 Split 2 Playoffs,https://apexlegendsstatus.com/algs/Y4-Split2/ALGS-Playoffs/Global/Overview,Y4-Split2,ALGS-Playoffs,Global,Overview,,,https://apexlegendsstatus.com/algs/Y4-Split2/ALGS-Playoffs/Global/Overview,overview,100,other,Scores,4,,,,,,,,,,,,,,,Catalyst,Sister Spikes,1.77%,4,,,,,,,,,,,,,,,,,,,,,,
playoffs_split2,ALGS Year 4 Split 2 Playoffs,https://apexlegendsstatus.com/algs/Y4-Split2/ALGS-Playoffs/Global/Overview,Y4-Split2,ALGS-Playoffs,Global,Overview,,,https://apexlegendsstatus.com/algs/Y4-Split2/ALGS-Playoffs/Global/Overview,overview,100,other,Scores,5,,,,,,,,,,,,,,,Newcastle,Thick Shield,92.39%,449,,,,,,,,,,,,,,,,,,,,,,
playoffs_split2,ALGS Year 4 Split 2 Playoffs,https://apexlegendsstatus.com/algs/Y4-Split2/ALGS-Playoffs/Global/Overview,Y4-Split2,ALGS-Playoffs,Global,Overview,,,https://apexlegendsstatus.com/algs/Y4-Split2/ALGS-Playoffs/Global/Overview,overview,100,other,Scores,6,,,,,,,,,,,,,,,Newcastle,Swift Shield,7.61%,37,,,,,,,,,,,,,,,,,,,,,,
playoffs_split2,ALGS Year 4 Split 2 Playoffs,https://apexlegendsstatus.com/algs/Y4-Split2/ALGS-Playoffs/Global/Overview,Y4-Split2,ALGS-Playoffs,Global,Overview,,,https://apexlegendsstatus.com/algs/Y4-Split2/ALGS-Playoffs/Global/Overview,overview,100,other,Scores,7,,,,,,,,,,,,,,,Wattson,Falling Stars,97.72%,600,,,,,,,,,,,,,,,,,,,,,,
playoffs_split2,ALGS Year 4 Split 2 Playoffs,https://apexlegendsstatus.com/algs/Y4-Split2/ALGS-Playoffs/Global/Overview,Y4-Split2,ALGS-Playoffs,Global,Overview,,,https://apexlegendsstatus.com/algs/Y4-Split2/ALGS-Playoffs/Global/Overview,overview,100,other,Scores,8,,,,,,,,,,,,,,,Wattson,Fresh Start,2.28%,14,,,,,,,,,,,,,,,,,,,,,,
playoffs_split2,ALGS Year 4 Split 2 Playoffs,https://apexlegendsstatus.com/algs/Y4-Split2/ALGS-Playoffs/Global/Overview,Y4-Split2,ALGS-Playoffs,Global,Overview,,,https://apexlegendsstatus.com/algs/Y4-Split2/ALGS-Playoffs/Global/Overview,overview,100,other,Scores,9,,,,,,,,,,,,,,,Crypto,Off The Grid,99.77%,883,,,,,,,,,,,,,,,,,,,,,,
playoffs_split2,ALGS Year 4 Split 2 Playoffs,https://apexlegendsstatus.com/algs/Y4-Split2/ALGS-Playoffs/Global/Overview,Y4-Split2,ALGS-Playoffs,Global,Overview,,,https://apexlegendsstatus.com/algs/Y4-Split2/ALGS-Playoffs/Global/Overview,overview,100,other,Scores,10,,,,,,,,,,,,,,,Crypto,Network Expansion,0.23%,2,,,,,,,,,,,,,,,,,,,,,,
playoffs_split2,ALGS Year 4 Split 2 Playoffs,https://apexlegendsstatus.com/algs/Y4-Split2/ALGS-Playoffs/Global/Overview,Y4-Split2,ALGS-Playoffs,Global,Overview,,,https://apexlegendsstatus.com/algs/Y4-Split2/ALGS-Playoffs/Global/Overview,overview,100,other,Scores,11,,,,,,,,,,,,,,,Fuse,Ringmaster,96.59%,170,,,,,,,,,,,,,,,,,,,,,,
playoffs_split2,ALGS Year 4 Split 2 Playoffs,https://apexlegendsstatus.com/algs/Y4-Split2/ALGS-Playoffs/Global/Overview,Y4-Split2,ALGS-Playoffs,Global,Overview,,,https://apexlegendsstatus.com/algs/Y4-Split2/ALGS-Playoffs/Global/Overview,overview,100,other,Scores,12,,,,,,,,,,,,,,,Fuse,Scar Tissue,3.41%,6,,,,,,,,,,,,,,,,,,,,,,
playoffs_split2,ALGS Year 4 Split 2 Playoffs,https://apexlegendsstatus.com/algs/Y4-Split2/ALGS-Playoffs/Global/Overview,Y4-Split2,ALGS-Playoffs,Global,Overview,,,https://apexlegendsstatus.com/algs/Y4-Split2/ALGS-Playoffs/Global/Overview,overview,100,other,Scores,13,,,,,,,,,,,,,,,Pathfinder,Ringmaster,77.14%,189,,,,,,,,,,,,,,,,,,,,,,
playoffs_split2,ALGS Year 4 Split 2 Playoffs,https://apexlegendsstatus.com/algs/Y4-Split2/ALGS-Playoffs/Global/Overview,Y4-Split2,ALGS-Playoffs,Global,Overview,,,https://apexlegendsstatus.com/algs/Y4-Split2/ALGS-Playoffs/Global/Overview,overview,100,other,Scores,14,,,,,,,,,,,,,,,Pathfinder,Field Research,22.86%,56,,,,,,,,,,,,,,,,,,,,,,
playoffs_split2,ALGS Year 4 Split 2 Playoffs,https://apexlegendsstatus.com/algs/Y4-Split2/ALGS-Playoffs/Global/Overview,Y4-Split2,ALGS-Playoffs,Global,Overview,,,https://apexlegendsstatus.com/algs/Y4-Split2/ALGS-Playoffs/Global/Overview,overview,100,other,Scores,15,,,,,,,,,,,,,,,Caustic,Parabolic Force,100%,5,,,,,,,,,,,,,,,,,,,,,,
playoffs_split2,ALGS Year 4 Split 2 Playoffs,https://apexlegendsstatus.com/algs/Y4-Split2/ALGS-Playoffs/Global/Overview,Y4-Split2,ALGS-Playoffs,Global,Overview,,,https://apexlegendsstatus.com/algs/Y4-Split2/ALGS-Playoffs/Global/Overview,overview,100,other,Scores,16,,,,,,,,,,,,,,,Valkyrie,Afterburners,100%,27,,,,,,,,,,,,,,,,,,,,,,
playoffs_split2,ALGS Year 4 Split 2 Playoffs,https://apexlegendsstatus.com/algs/Y4-Split2/ALGS-Playoffs/Global/Overview,Y4-Split2,ALGS-Playoffs,Global,Overview,,,https://apexlegendsstatus.com/algs/Y4-Split2/ALGS-Playoffs/Global/Overview,overview,100,other,Scores,17,,,,,,,,,,,,,,,Revenant,Ultimate Cooldown,95.65%,22,,,,,,,,,,,,,,,,,,,,,,
playoffs_split2,ALGS Year 4 Split 2 Playoffs,https://apexlegendsstatus.com/algs/Y4-Split2/ALGS-Playoffs/Global/Overview,Y4-Split2,ALGS-Playoffs,Global,Overview,,,https://apexlegendsstatus.com/algs/Y4-Split2/ALGS-Playoffs/Global/Overview,overview,100,other,Scores,18,,,,,,,,,,,,,,,Revenant,Murder Machine,4.35%,1,,,,,,,,,,,,,,,,,,,,,,
playoffs_split2,ALGS Year 4 Split 2 Playoffs,https://apexlegendsstatus.com/algs/Y4-Split2/ALGS-Playoffs/Global/Overview,Y4-Split2,ALGS-Playoffs,Global,Overview,,,https://apexlegendsstatus.com/algs/Y4-Split2/ALGS-Playoffs/Global/Overview,overview,100,other,Scores,19,,,,,,,,,,,,,,,Wraith,Ultimate Cooldown+,100%,30,,,,,,,,,,,,,,,,,,,,,,
playoffs_split2,ALGS Year 4 Split 2 Playoffs,https://apexlegendsstatus.com/algs/Y4-Split2/ALGS-Playoffs/Global/Overview,Y4-Split2,ALGS-Playoffs,Global,Overview,,,https://apexlegendsstatus.com/algs/Y4-Split2/ALGS-Playoffs/Global/Overview,overview,100,other,Scores,20,,,,,,,,,,,,,,,Mad Maggie,Shots Shots Shots,54.55%,6,,,,,,,,,,,,,,,,,,,,,,
playoffs_split2,ALGS Year 4 Split 2 Playoffs,https://apexlegendsstatus.com/algs/Y4-Split2/ALGS-Playoffs/Global/Overview,Y4-Split2,ALGS-Playoffs,Global,Overview,,,https://apexlegendsstatus.com/algs/Y4-Split2/ALGS-Playoffs/Global/Overview,overview,100,other,Scores,21,,,,,,,,,,,,,,,Mad Maggie,Fire Ball,45.45%,5,,,,,,,,,,,,,,,,,,,,,,
playoffs_split2,ALGS Year 4 Split 2 Playoffs,https://apexlegendsstatus.com/algs/Y4-Split2/ALGS-Playoffs/Global/Overview,Y4-Split2,ALGS-Playoffs,Global,Overview,,,https://apexlegendsstatus.com/algs/Y4-Split2/ALGS-Playoffs/Global/Overview,overview,100,other,Scores,22,,,,,,,,,,,,,,,Alter,Ringmaster,100%,1,,,,,,,,,,,,,,,,,,,,,,
playoffs_split2,ALGS Year 4 Split 2 Playoffs,https://apexlegendsstatus.com/algs/Y4-Split2/ALGS-Playoffs/Global/Overview,Y4-Split2,ALGS-Playoffs,Global,Overview,,,https://apexlegendsstatus.com/algs/Y4-Split2/ALGS-Playoffs/Global/Overview,overview,100,other,Scores,23,,,,,,,,,,,,,,,Horizon,Big Bang,100%,2,,,,,,,,,,,,,,,,,,,,,,
playoffs_split2,ALGS Year 4 Split 2 Playoffs,https://apexlegendsstatus.com/algs/Y4-Split2/ALGS-Playoffs/Global/Overview,Y4-Split2,ALGS-Playoffs,Global,Overview,,,https://apexlegendsstatus.com/algs/Y4-Split2/ALGS-Playoffs/Global/Overview,overview,100,other,Scores,24,,,,,,,,,,,,,,,Bloodhound,Raven's Blessing,100%,2,,,,,,,,,,,,,,,,,,,,,,
playoffs_split2,ALGS Year 4 Split 2 Playoffs,https://apexlegendsstatus.com/algs/Y4-Split2/ALGS-Playoffs/Global/Overview,Y4-Split2,ALGS-Playoffs,Global,Overview,,,https://apexlegendsstatus.com/algs/Y4-Split2/ALGS-Playoffs/Global/Overview,overview,100,other,Scores,25,,,,,,,,,,,,,,,Conduit,Bigger Jam,100%,1,,,,,,,,,,,,,,,,,,,,,,
playoffs_split2,ALGS Year 4 Split 2 Playoffs,https://apexlegendsstatus.com/algs/Y4-Split2/ALGS-Playoffs/Global/Overview,Y4-Split2,ALGS-Playoffs,Global,Overview,,,https://apexlegendsstatus.com/algs/Y4-Split2/ALGS-Playoffs/Global/Overview,overview,101,other,Scores,1,,,,,,,,,,,,,,,Bangalore,Refuge,99.26%,675,,,,,,,,,,,,,,,,,,,,,,
playoffs_split2,ALGS Year 4 Split 2 Playoffs,https://apexlegendsstatus.com/algs/Y4-Split2/ALGS-Playoffs/Global/Overview,Y4-Split2,ALGS-Playoffs,Global,Overview,,,https://apexlegendsstatus.com/algs/Y4-Split2/ALGS-Playoffs/Global/Overview,overview,101,other,Scores,2,,,,,,,,,,,,,,,Bangalore,Cover Me,0.74%,5,,,,,,,,,,,,,,,,,,,,,,
playoffs_split2,ALGS Year 4 Split 2 Playoffs,https://apexlegendsstatus.com/algs/Y4-Split2/ALGS-Playoffs/Global/Overview,Y4-Split2,ALGS-Playoffs,Global,Overview,,,https://apexlegendsstatus.com/algs/Y4-Split2/ALGS-Playoffs/Global/Overview,overview,101,other,Scores,3,,,,,,,,,,,,,,,Catalyst,Resilient Veil,86.58%,129,,,,,,,,,,,,,,,,,,,,,,
playoffs_split2,ALGS Year 4 Split 2 Playoffs,https://apexlegendsstatus.com/algs/Y4-Split2/ALGS-Playoffs/Global/Overview,Y4-Split2,ALGS-Playoffs,Global,Overview,,,https://apexlegendsstatus.com/algs/Y4-Split2/ALGS-Playoffs/Global/Overview,overview,101,other,Scores,4,,,,,,,,,,,,,,,Catalyst,Ferro-Door,13.42%,20,,,,,,,,,,,,,,,,,,,,,,
playoffs_split2,ALGS Year 4 Split 2 Playoffs,https://apexlegendsstatus.com/algs/Y4-Split2/ALGS-Playoffs/Global/Overview,Y4-Split2,ALGS-Playoffs,Global,Overview,,,https://apexlegendsstatus.com/algs/Y4-Split2/ALGS-Playoffs/Global/Overview,overview,101,other,Scores,5,,,,,,,,,,,,,,,Crypto,Satellite Imagery,95.19%,534,,,,,,,,,,,,,,,,,,,,,,
playoffs_split2,ALGS Year 4 Split 2 Playoffs,https://apexlegendsstatus.com/algs/Y4-Split2/ALGS-Playoffs/Global/Overview,Y4-Split2,ALGS-Playoffs,Global,Overview,,,https://apexlegendsstatus.com/algs/Y4-Split2/ALGS-Playoffs/Global/Overview,overview,101,other,Scores,6,,,,,,,,,,,,,,,Crypto,Hackathon,4.81%,27,,,,,,,,,,,,,,,,,,,,,,
playoffs_split2,ALGS Year 4 Split 2 Playoffs,https://apexlegendsstatus.com/algs/Y4-Split2/ALGS-Playoffs/Global/Overview,Y4-Split2,ALGS-Playoffs,Global,Overview,,,https://apexlegendsstatus.com/algs/Y4-Split2/ALGS-Playoffs/Global/Overview,overview,101,other,Scores,7,,,,,,,,,,,,,,,Fuse,Wreckless,83.01%,127,,,,,,,,,,,,,,,,,,,,,,
playoffs_split2,ALGS Year 4 Split 2 Playoffs,https://apexlegendsstatus.com/algs/Y4-Split2/ALGS-Playoffs/Global/Overview,Y4-Split2,ALGS-Playoffs,Global,Overview,,,https://apexlegendsstatus.com/algs/Y4-Split2/ALGS-Playoffs/Global/Overview,overview,101,other,Scores,8,,,,,,,,,,,,,,,Fuse,Knuckle Hustler,16.99%,26,,,,,,,,,,,,,,,,,,,,,,
playoffs_split2,ALGS Year 4 Split 2 Playoffs,https://apexlegendsstatus.com/algs/Y4-Split2/ALGS-Playoffs/Global/Overview,Y4-Split2,ALGS-Playoffs,Global,Overview,,,https://apexlegendsstatus.com/algs/Y4-Split2/ALGS-Playoffs/Global/Overview,overview,101,other,Scores,9,,,,,,,,,,,,,,,Pathfinder,Zipline Zen,99.51%,205,,,,,,,,,,,,,,,,,,,,,,
playoffs_split2,ALGS Year 4 Split 2 Playoffs,https://apexlegendsstatus.com/algs/Y4-Split2/ALGS-Playoffs/Global/Overview,Y4-Split2,ALGS-Playoffs,Global,Overview,,,https://apexlegendsstatus.com/algs/Y4-Split2/ALGS-Playoffs/Global/Overview,overview,101,other,Scores,10,,,,,,,,,,,,,,,Pathfinder,Down and Away,0.49%,1,,,,,,,,,,,,,,,,,,,,,,
playoffs_split2,ALGS Year 4 Split 2 Playoffs,https://apexlegendsstatus.com/algs/Y4-Split2/ALGS-Playoffs/Global/Overview,Y4-Split2,ALGS-Playoffs,Global,Overview,,,https://apexlegendsstatus.com/algs/Y4-Split2/ALGS-Playoffs/Global/Overview,overview,101,other,Scores,11,,,,,,,,,,,,,,,Newcastle,Stronghold,98.22%,332,,,,,,,,,,,,,,,,,,,,,,
playoffs_split2,ALGS Year 4 Split 2 Playoffs,https://apexlegendsstatus.com/algs/Y4-Split2/ALGS-Playoffs/Global/Overview,Y4-Split2,ALGS-Playoffs,Global,Overview,,,https://apexlegendsstatus.com/algs/Y4-Split2/ALGS-Playoffs/Global/Overview,overview,101,other,Scores,12,,,,,,,,,,,,,,,Newcastle,Miracle Worker,1.78%,6,,,,,,,,,,,,,,,,,,,,,,
playoffs_split2,ALGS Year 4 Split 2 Playoffs,https://apexlegendsstatus.com/algs/Y4-Split2/ALGS-Playoffs/Global/Overview,Y4-Split2,ALGS-Playoffs,Global,Overview,,,https://apexlegendsstatus.com/algs/Y4-Split2/ALGS-Playoffs/Global/Overview,overview,101,other,Scores,13,,,,,,,,,,,,,,,Wattson,Emergency Power,95.01%,343,,,,,,,,,,,,,,,,,,,,,,
playoffs_split2,ALGS Year 4 Split 2 Playoffs,https://apexlegendsstatus.com/algs/Y4-Split2/ALGS-Playoffs/Global/Overview,Y4-Split2,ALGS-Playoffs,Global,Overview,,,https://apexlegendsstatus.com/algs/Y4-Split2/ALGS-Playoffs/Global/Overview,overview,101,other,Scores,14,,,,,,,,,,,,,,,Wattson,Power Pylon,4.99%,18,,,,,,,,,,,,,,,,,,,,,,
playoffs_split2,ALGS Year 4 Split 2 Playoffs,https://apexlegendsstatus.com/algs/Y4-Split2/ALGS-Playoffs/Global/Overview,Y4-Split2,ALGS-Playoffs,Global,Overview,,,https://apexlegendsstatus.com/algs/Y4-Split2/ALGS-Playoffs/Global/Overview,overview,101,other,Scores,15,,,,,,,,,,,,,,,Caustic,Particle Diffuser,100%,3,,,,,,,,,,,,,,,,,,,,,,
playoffs_split2,ALGS Year 4 Split 2 Playoffs,https://apexlegendsstatus.com/algs/Y4-Split2/ALGS-Playoffs/Global/Overview,Y4-Split2,ALGS-Playoffs,Global,Overview,,,https://apexlegendsstatus.com/algs/Y4-Split2/ALGS-Playoffs/Global/Overview,overview,101,other,Scores,16,,,,,,,,,,,,,,,Revenant,Grim Leaper,81.25%,13,,,,,,,,,,,,,,,,,,,,,,
playoffs_split2,ALGS Year 4 Split 2 Playoffs,https://apexlegendsstatus.com/algs/Y4-Split2/ALGS-Playoffs/Global/Overview,Y4-Split2,ALGS-Playoffs,Global,Overview,,,https://apexlegendsstatus.com/algs/Y4-Split2/ALGS-Playoffs/Global/Overview,overview,101,other,Scores,17,,,,,,,,,,,,,,,Revenant,Tactical Cooldown,18.75%,3,,,,,,,,,,,,,,,,,,,,,,
playoffs_split2,ALGS Year 4 Split 2 Playoffs,https://apexlegendsstatus.com/algs/Y4-Split2/ALGS-Playoffs/Global/Overview,Y4-Split2,ALGS-Playoffs,Global,Overview,,,https://apexlegendsstatus.com/algs/Y4-Split2/ALGS-Playoffs/Global/Overview,overview,101,other,Scores,18,,,,,,,,,,,,,,,Valkyrie,Full Tank,100%,8,,,,,,,,,,,,,,,,,,,,,,
playoffs_split2,ALGS Year 4 Split 2 Playoffs,https://apexlegendsstatus.com/algs/Y4-Split2/ALGS-Playoffs/Global/Overview,Y4-Split2,ALGS-Playoffs,Global,Overview,,,https://apexlegendsstatus.com/algs/Y4-Split2/ALGS-Playoffs/Global/Overview,overview,101,other,Scores,19,,,,,,,,,,,,,,,Wraith,Fast Phase,95.65%,22,,,,,,,,,,,,,,,,,,,,,,
playoffs_split2,ALGS Year 4 Split 2 Playoffs,https://apexlegendsstatus.com/algs/Y4-Split2/ALGS-Playoffs/Global/Overview,Y4-Split2,ALGS-Playoffs,Global,Overview,,,https://apexlegendsstatus.com/algs/Y4-Split2/ALGS-Playoffs/Global/Overview,overview,101,other,Scores,20,,,,,,,,,,,,,,,Wraith,Tactical Cooldown,4.35%,1,,,,,,,,,,,,,,,,,,,,,,
playoffs_split2,ALGS Year 4 Split 2 Playoffs,https://apexlegendsstatus.com/algs/Y4-Split2/ALGS-Playoffs/Global/Overview,Y4-Split2,ALGS-Playoffs,Global,Overview,,,https://apexlegendsstatus.com/algs/Y4-Split2/ALGS-Playoffs/Global/Overview,overview,101,other,Scores,21,,,,,,,,,,,,,,,Mad Maggie,Big Drill,62.5%,5,,,,,,,,,,,,,,,,,,,,,,
playoffs_split2,ALGS Year 4 Split 2 Playoffs,https://apexlegendsstatus.com/algs/Y4-Split2/ALGS-Playoffs/Global/Overview,Y4-Split2,ALGS-Playoffs,Global,Overview,,,https://apexlegendsstatus.com/algs/Y4-Split2/ALGS-Playoffs/Global/Overview,overview,101,other,Scores,22,,,,,,,,,,,,,,,Mad Maggie,Drillslinger,37.5%,3,,,,,,,,,,,,,,,,,,,,,,
playoffs_split2,ALGS Year 4 Split 2 Playoffs,https://apexlegendsstatus.com/algs/Y4-Split2/ALGS-Playoffs/Global/Overview,Y4-Split2,ALGS-Playoffs,Global,Overview,,,https://apexlegendsstatus.com/algs/Y4-Split2/ALGS-Playoffs/Global/Overview,overview,101,other,Scores,23,,,,,,,,,,,,,,,Alter,Tactical Cooldown+,100%,1,,,,,,,,,,,,,,,,,,,,,,
playoffs_split2,ALGS Year 4 Split 2 Playoffs,https://apexlegendsstatus.com/algs/Y4-Split2/ALGS-Playoffs/Global/Overview,Y4-Split2,ALGS-Playoffs,Global,Overview,,,https://apexlegendsstatus.com/algs/Y4-Split2/ALGS-Playoffs/Global/Overview,overview,101,other,Scores,24,,,,,,,,,,,,,,,Horizon,Tactical Cooldown,50%,1,,,,,,,,,,,,,,,,,,,,,,
playoffs_split2,ALGS Year 4 Split 2 Playoffs,https://apexlegendsstatus.com/algs/Y4-Split2/ALGS-Playoffs/Global/Overview,Y4-Split2,ALGS-Playoffs,Global,Overview,,,https://apexlegendsstatus.com/algs/Y4-Split2/ALGS-Playoffs/Global/Overview,overview,101,other,Scores,25,,,,,,,,,,,,,,,Horizon,Ultimate Cooldown,50%,1,,,,,,,,,,,,,,,,,,,,,,
playoffs_split2,ALGS Year 4 Split 2 Playoffs,https://apexlegendsstatus.com/algs/Y4-Split2/ALGS-Playoffs/Global/Overview,Y4-Split2,ALGS-Playoffs,Global,Overview,,,https://apexlegendsstatus.com/algs/Y4-Split2/ALGS-Playoffs/Global/Overview,overview,101,other,Scores,26,,,,,,,,,,,,,,,Bloodhound,Sighthound,100%,2,,,,,,,,,,,,,,,,,,,,,,
playoffs_split2,ALGS Year 4 Split 2 Playoffs,https://apexlegendsstatus.com/algs/Y4-Split2/ALGS-Playoffs/Global/Overview,Y4-Split2,ALGS-Playoffs,Global,Overview,,,https://apexlegendsstatus.com/algs/Y4-Split2/ALGS-Playoffs/Global/Overview,overview,101,other,Scores,27,,,,,,,,,,,,,,,Conduit,Radiant Transfer,100%,1,,,,,,,,,,,,,,,,,,,,,,
playoffs_split2,ALGS Year 4 Split 2 Playoffs,https://apexlegendsstatus.com/algs/Y4-Split2/ALGS-Playoffs/Global/Overview,Y4-Split2,ALGS-Playoffs,Global,Overview,,,https://apexlegendsstatus.com/algs/Y4-Split2/ALGS-Playoffs/Global/Overview,overview,102,other,Scores,1,,,,,,,,,,,,,,ALL TylerFPS,,,,,1m 38s,6m 37s,12m 3s,,,,,,,,,,,,,,,,,,,
playoffs_split2,ALGS Year 4 Split 2 Playoffs,https://apexlegendsstatus.com/algs/Y4-Split2/ALGS-Playoffs/Global/Overview,Y4-Split2,ALGS-Playoffs,Global,Overview,,,https://apexlegendsstatus.com/algs/Y4-Split2/ALGS-Playoffs/Global/Overview,overview,102,other,Scores,2,,,,,,,,,,,,,,NRG Nocturnal,,,,,2m 30s,10m 48s,15m 21s,,,,,,,,,,,,,,,,,,,
playoffs_split2,ALGS Year 4 Split 2 Playoffs,https://apexlegendsstatus.com/algs/Y4-Split2/ALGS-Playoffs/Global/Overview,Y4-Split2,ALGS-Playoffs,Global,Overview,,,https://apexlegendsstatus.com/algs/Y4-Split2/ALGS-Playoffs/Global/Overview,overview,102,other,Scores,3,,,,,,,,,,,,,,NRG Reptar,,,,,3m 6s,12m 18s,16m 22s,,,,,,,,,,,,,,,,,,,
playoffs_split2,ALGS Year 4 Split 2 Playoffs,https://apexlegendsstatus.com/algs/Y4-Split2/ALGS-Playoffs/Global/Overview,Y4-Split2,ALGS-Playoffs,Global,Overview,,,https://apexlegendsstatus.com/algs/Y4-Split2/ALGS-Playoffs/Global/Overview,overview,102,other,Scores,4,,,,,,,,,,,,,,NRG FunFPS,,,,,2m 36s,12m 37s,20m 4s,,,,,,,,,,,,,,,,,,,
playoffs_split2,ALGS Year 4 Split 2 Playoffs,https://apexlegendsstatus.com/algs/Y4-Split2/ALGS-Playoffs/Global/Overview,Y4-Split2,ALGS-Playoffs,Global,Overview,,,https://apexlegendsstatus.com/algs/Y4-Split2/ALGS-Playoffs/Global/Overview,overview,102,other,Scores,5,,,,,,,,,,,,,,FAK lzhidan,,,,,1m 57s,7m 14s,14m 12s,,,,,,,,,,,,,,,,,,,
playoffs_split2,ALGS Year 4 Split 2 Playoffs,https://apexlegendsstatus.com/algs/Y4-Split2/ALGS-Playoffs/Global/Overview,Y4-Split2,ALGS-Playoffs,Global,Overview,,,https://apexlegendsstatus.com/algs/Y4-Split2/ALGS-Playoffs/Global/Overview,overview,102,other,Scores,6,,,,,,,,,,,,,,FAK JSavageW,,,,,2m 11s,8m 56s,14m 11s,,,,,,,,,,,,,,,,,,,
playoffs_split2,ALGS Year 4 Split 2 Playoffs,https://apexlegendsstatus.com/algs/Y4-Split2/ALGS-Playoffs/Global/Overview,Y4-Split2,ALGS-Playoffs,Global,Overview,,,https://apexlegendsstatus.com/algs/Y4-Split2/ALGS-Playoffs/Global/Overview,overview,102,other,Scores,7,,,,,,,,,,,,,,FAK Kyner,,,,,2m 11s,8m 38s,11m 40s,,,,,,,,,,,,,,,,,,,
playoffs_split2,ALGS Year 4 Split 2 Playoffs,https://apexlegendsstatus.com/algs/Y4-Split2/ALGS-Playoffs/Global/Overview,Y4-Split2,ALGS-Playoffs,Global,Overview,,,https://apexlegendsstatus.com/algs/Y4-Split2/ALGS-Playoffs/Global/Overview,overview,102,other,Scores,8,,,,,,,,,,,,,,SDW Zhouzhou,,,,,2m 28s,11m 31s,13m 56s,,,,,,,,,,,,,,,,,,,
playoffs_split2,ALGS Year 4 Split 2 Playoffs,https://apexlegendsstatus.com/algs/Y4-Split2/ALGS-Playoffs/Global/Overview,Y4-Split2,ALGS-Playoffs,Global,Overview,,,https://apexlegendsstatus.com/algs/Y4-Split2/ALGS-Playoffs/Global/Overview,overview,102,other,Scores,9,,,,,,,,,,,,,,SDW KPG_OuOKh,,,,,2m 10s,9m 34s,13m 44s,,,,,,,,,,,,,,,,,,,
playoffs_split2,ALGS Year 4 Split 2 Playoffs,https://apexlegendsstatus.com/algs/Y4-Split2/ALGS-Playoffs/Global/Overview,Y4-Split2,ALGS-Playoffs,Global,Overview,,,https://apexlegendsstatus.com/algs/Y4-Split2/ALGS-Playoffs/Global/Overview,overview,102,other,Scores,10,,,,,,,,,,,,,,SDW Jacky1,,,,,2m 23s,9m 57s,13m 39s,,,,,,,,,,,,,,,,,,,
playoffs_split2,ALGS Year 4 Split 2 Playoffs,https://apexlegendsstatus.com/algs/Y4-Split2/ALGS-Playoffs/Global/Overview,Y4-Split2,ALGS-Playoffs,Global,Overview,,,https://apexlegendsstatus.com/algs/Y4-Split2/ALGS-Playoffs/Global/Overview,overview,102,other,Scores,11,,,,,,,,,,,,,,GHS 4rufa,,,,,3m 27s,12m 28s,-,,,,,,,,,,,,,,,,,,,
playoffs_split2,ALGS Year 4 Split 2 Playoffs,https://apexlegendsstatus.com/algs/Y4-Split2/ALGS-Playoffs/Global/Overview,Y4-Split2,ALGS-Playoffs,Global,Overview,,,https://apexlegendsstatus.com/algs/Y4-Split2/ALGS-Playoffs/Global/Overview,overview,102,other,Scores,12,,,,,,,,,,,,,,GHS Wabu,,,,,2m 36s,14m,-,,,,,,,,,,,,,,,,,,,
playoffs_split2,ALGS Year 4 Split 2 Playoffs,https://apexlegendsstatus.com/algs/Y4-Split2/ALGS-Playoffs/Global/Overview,Y4-Split2,ALGS-Playoffs,Global,Overview,,,https://apexlegendsstatus.com/algs/Y4-Split2/ALGS-Playoffs/Global/Overview,overview,102,other,Scores,13,,,,,,,,,,,,,,GHS 1tappy,,,,,3m 14s,11m 56s,14m 41s,,,,,,,,,,,,,,,,,,,
playoffs_split2,ALGS Year 4 Split 2 Playoffs,https://apexlegendsstatus.com/algs/Y4-Split2/ALGS-Playoffs/Global/Overview,Y4-Split2,ALGS-Playoffs,Global,Overview,,,https://apexlegendsstatus.com/algs/Y4-Split2/ALGS-Playoffs/Global/Overview,overview,102,other,Scores,14,,,,,,,,,,,,,,FAZE Sinetic,,,,,1m 54s,12m 5s,-,,,,,,,,,,,,,,,,,,,
playoffs_split2,ALGS Year 4 Split 2 Playoffs,https://apexlegendsstatus.com/algs/Y4-Split2/ALGS-Playoffs/Global/Overview,Y4-Split2,ALGS-Playoffs,Global,Overview,,,https://apexlegendsstatus.com/algs/Y4-Split2/ALGS-Playoffs/Global/Overview,overview,102,other,Scores,15,,,,,,,,,,,,,,FAZE arctic,,,,,1m 52s,12m 5s,-,,,,,,,,,,,,,,,,,,,
playoffs_split2,ALGS Year 4 Split 2 Playoffs,https://apexlegendsstatus.com/algs/Y4-Split2/ALGS-Playoffs/Global/Overview,Y4-Split2,ALGS-Playoffs,Global,Overview,,,https://apexlegendsstatus.com/algs/Y4-Split2/ALGS-Playoffs/Global/Overview,overview,102,other,Scores,16,,,,,,,,,,,,,,FAZE Naghz,,,,,1m 58s,10m 57s,12m 40s,,,,,,,,,,,,,,,,,,,
playoffs_split2,ALGS Year 4 Split 2 Playoffs,https://apexlegendsstatus.com/algs/Y4-Split2/ALGS-Playoffs/Global/Overview,Y4-Split2,ALGS-Playoffs,Global,Overview,,,https://apexlegendsstatus.com/algs/Y4-Split2/ALGS-Playoffs/Global/Overview,overview,102,other,Scores,17,,,,,,,,,,,,,,XNY JonnyR,,,,,2m 13s,6m 41s,12m 46s,,,,,,,,,,,,,,,,,,,
playoffs_split2,ALGS Year 4 Split 2 Playoffs,https://apexlegendsstatus.com/algs/Y4-Split2/ALGS-Playoffs/Global/Overview,Y4-Split2,ALGS-Playoffs,Global,Overview,,,https://apexlegendsstatus.com/algs/Y4-Split2/ALGS-Playoffs/Global/Overview,overview,102,other,Scores,18,,,,,,,,,,,,,,XNY xd,,,,,2m 9s,7m 35s,12m 58s,,,,,,,,,,,,,,,,,,,
playoffs_split2,ALGS Year 4 Split 2 Playoffs,https://apexlegendsstatus.com/algs/Y4-Split2/ALGS-Playoffs/Global/Overview,Y4-Split2,ALGS-Playoffs,Global,Overview,,,https://apexlegendsstatus.com/algs/Y4-Split2/ALGS-Playoffs/Global/Overview,overview,102,other,Scores,19,,,,,,,,,,,,,,XNY Yuchen,,,,,2m 40s,6m 11s,12m 35s,,,,,,,,,,,,,,,,,,,
playoffs_split2,ALGS Year 4 Split 2 Playoffs,https://apexlegendsstatus.com/algs/Y4-Split2/ALGS-Playoffs/Global/Overview,Y4-Split2,ALGS-Playoffs,Global,Overview,,,https://apexlegendsstatus.com/algs/Y4-Split2/ALGS-Playoffs/Global/Overview,overview,102,other,Scores,20,,,,,,,,,,,,,,SSG Koyful,,,,,2m,10m 7s,14m 54s,,,,,,,,,,,,,,,,,,,
playoffs_split2,ALGS Year 4 Split 2 Playoffs,https://apexlegendsstatus.com/algs/Y4-Split2/ALGS-Playoffs/Global/Overview,Y4-Split2,ALGS-Playoffs,Global,Overview,,,https://apexlegendsstatus.com/algs/Y4-Split2/ALGS-Playoffs/Global/Overview,overview,102,other,Scores,21,,,,,,,,,,,,,,SSG Phony,,,,,2m 13s,10m 49s,12m 52s,,,,,,,,,,,,,,,,,,,
playoffs_split2,ALGS Year 4 Split 2 Playoffs,https://apexlegendsstatus.com/algs/Y4-Split2/ALGS-Playoffs/Global/Overview,Y4-Split2,ALGS-Playoffs,Global,Overview,,,https://apexlegendsstatus.com/algs/Y4-Split2/ALGS-Playoffs/Global/Overview,overview,102,other,Scores,22,,,,,,,,,,,,,,SSG Xynew,,,,,2m 20s,9m 41s,15m 10s,,,,,,,,,,,,,,,,,,,
playoffs_split2,ALGS Year 4 Split 2 Playoffs,https://apexlegendsstatus.com/algs/Y4-Split2/ALGS-Playoffs/Global/Overview,Y4-Split2,ALGS-Playoffs,Global,Overview,,,https://apexlegendsstatus.com/algs/Y4-Split2/ALGS-Playoffs/Global/Overview,overview,102,other,Scores,23,,,,,,,,,,,,,,EXL brtus_o,,,,,1m 54s,11m 49s,18m 20s,,,,,,,,,,,,,,,,,,,
playoffs_split2,ALGS Year 4 Split 2 Playoffs,https://apexlegendsstatus.com/algs/Y4-Split2/ALGS-Playoffs/Global/Overview,Y4-Split2,ALGS-Playoffs,Global,Overview,,,https://apexlegendsstatus.com/algs/Y4-Split2/ALGS-Playoffs/Global/Overview,overview,102,other,Scores,24,,,,,,,,,,,,,,EXL Azazel,,,,,2m,11m 38s,18m 29s,,,,,,,,,,,,,,,,,,,
playoffs_split2,ALGS Year 4 Split 2 Playoffs,https://apexlegendsstatus.com/algs/Y4-Split2/ALGS-Playoffs/Global/Overview,Y4-Split2,ALGS-Playoffs,Global,Overview,,,https://apexlegendsstatus.com/algs/Y4-Split2/ALGS-Playoffs/Global/Overview,overview,102,other,Scores,25,,,,,,,,,,,,,,EXL Kurev,,,,,2m,12m 44s,16m 14s,,,,,,,,,,,,,,,,,,,
playoffs_split2,ALGS Year 4 Split 2 Playoffs,https://apexlegendsstatus.com/algs/Y4-Split2/ALGS-Playoffs/Global/Overview,Y4-Split2,ALGS-Playoffs,Global,Overview,,,https://apexlegendsstatus.com/algs/Y4-Split2/ALGS-Playoffs/Global/Overview,overview,102,other,Scores,26,,,,,,,,,,,,,,ALL Hakis,,,,,1m 45s,6m 16s,13m 3s,,,,,,,,,,,,,,,,,,,
playoffs_split2,ALGS Year 4 Split 2 Playoffs,https://apexlegendsstatus.com/algs/Y4-Split2/ALGS-Playoffs/Global/Overview,Y4-Split2,ALGS-Playoffs,Global,Overview,,,https://apexlegendsstatus.com/algs/Y4-Split2/ALGS-Playoffs/Global/Overview,overview,102,other,Scores,27,,,,,,,,,,,,,,ALL Unlucky,,,,,1m 42s,6m 33s,13m 34s,,,,,,,,,,,,,,,,,,,
playoffs_split2,ALGS Year 4 Split 2 Playoffs,https://apexlegendsstatus.com/algs/Y4-Split2/ALGS-Playoffs/Global/Overview,Y4-Split2,ALGS-Playoffs,Global,Overview,,,https://apexlegendsstatus.com/algs/Y4-Split2/ALGS-Playoffs/Global/Overview,overview,102,other,Scores,28,,,,,,,,,,,,,,LG Sikezz,,,,,2m 12s,12m 53s,15m 33s,,,,,,,,,,,,,,,,,,,
playoffs_split2,ALGS Year 4 Split 2 Playoffs,https://apexlegendsstatus.com/algs/Y4-Split2/ALGS-Playoffs/Global/Overview,Y4-Split2,ALGS-Playoffs,Global,Overview,,,https://apexlegendsstatus.com/algs/Y4-Split2/ALGS-Playoffs/Global/Overview,overview,102,other,Scores,29,,,,,,,,,,,,,,LG Fuhhnq,,,,,2m 40s,12m 28s,15m 55s,,,,,,,,,,,,,,,,,,,
playoffs_split2,ALGS Year 4 Split 2 Playoffs,https://apexlegendsstatus.com/algs/Y4-Split2/ALGS-Playoffs/Global/Overview,Y4-Split2,ALGS-Playoffs,Global,Overview,,,https://apexlegendsstatus.com/algs/Y4-Split2/ALGS-Playoffs/Global/Overview,overview,102,other,Scores,30,,,,,,,,,,,,,,LG Sweet,,,,,2m 28s,10m 50s,16m 20s,,,,,,,,,,,,,,,,,,,
playoffs_split2,ALGS Year 4 Split 2 Playoffs,https://apexlegendsstatus.com/algs/Y4-Split2/ALGS-Playoffs/Global/Overview,Y4-Split2,ALGS-Playoffs,Global,Overview,,,https://apexlegendsstatus.com/algs/Y4-Split2/ALGS-Playoffs/Global/Overview,overview,102,other,Scores,31,,,,,,,,,,,,,,GLD Jeskoesk,,,,,2m 4s,11m 23s,16m 7s,,,,,,,,,,,,,,,,,,,
playoffs_split2,ALGS Year 4 Split 2 Playoffs,https://apexlegendsstatus.com/algs/Y4-Split2/ALGS-Playoffs/Global/Overview,Y4-Split2,ALGS-Playoffs,Global,Overview,,,https://apexlegendsstatus.com/algs/Y4-Split2/ALGS-Playoffs/Global/Overview,overview,102,other,Scores,32,,,,,,,,,,,,,,GLD Emtee,,,,,2m,12m 6s,16m 39s,,,,,,,,,,,,,,,,,,,
playoffs_split2,ALGS Year 4 Split 2 Playoffs,https://apexlegendsstatus.com/algs/Y4-Split2/ALGS-Playoffs/Global/Overview,Y4-Split2,ALGS-Playoffs,Global,Overview,,,https://apexlegendsstatus.com/algs/Y4-Split2/ALGS-Playoffs/Global/Overview,overview,102,other,Scores,33,,,,,,,,,,,,,,GLD Legacy,,,,,2m 1s,10m 55s,15m 13s,,,,,,,,,,,,,,,,,,,
playoffs_split2,ALGS Year 4 Split 2 Playoffs,https://apexlegendsstatus.com/algs/Y4-Split2/ALGS-Playoffs/Global/Overview,Y4-Split2,ALGS-Playoffs,Global,Overview,,,https://apexlegendsstatus.com/algs/Y4-Split2/ALGS-Playoffs/Global/Overview,overview,102,other,Scores,34,,,,,,,,,,,,,,FLCN Zer0,,,,,1m 49s,7m 33s,13m 15s,,,,,,,,,,,,,,,,,,,
playoffs_split2,ALGS Year 4 Split 2 Playoffs,https://apexlegendsstatus.com/algs/Y4-Split2/ALGS-Playoffs/Global/Overview,Y4-Split2,ALGS-Playoffs,Global,Overview,,,https://apexlegendsstatus.com/algs/Y4-Split2/ALGS-Playoffs/Global/Overview,overview,102,other,Scores,35,,,,,,,,,,,,,,FLCN Imperialhal,,,,,1m 45s,8m 30s,15m 11s,,,,,,,,,,,,,,,,,,,
playoffs_split2,ALGS Year 4 Split 2 Playoffs,https://apexlegendsstatus.com/algs/Y4-Split2/ALGS-Playoffs/Global/Overview,Y4-Split2,ALGS-Playoffs,Global,Overview,,,https://apexlegendsstatus.com/algs/Y4-Split2/ALGS-Playoffs/Global/Overview,overview,102,other,Scores,36,,,,,,,,,,,,,,FLCN Genburten,,,,,1m 52s,7m 19s,15m 16s,,,,,,,,,,,,,,,,,,,
playoffs_split2,ALGS Year 4 Split 2 Playoffs,https://apexlegendsstatus.com/algs/Y4-Split2/ALGS-Playoffs/Global/Overview,Y4-Split2,ALGS-Playoffs,Global,Overview,,,https://apexlegendsstatus.com/algs/Y4-Split2/ALGS-Playoffs/Global/Overview,overview,102,other,Scores,37,,,,,,,,,,,,,,SRZ Noxi,,,,,3m 27s,9m 42s,-,,,,,,,,,,,,,,,,,,,
playoffs_split2,ALGS Year 4 Split 2 Playoffs,https://apexlegendsstatus.com/algs/Y4-Split2/ALGS-Playoffs/Global/Overview,Y4-Split2,ALGS-Playoffs,Global,Overview,,,https://apexlegendsstatus.com/algs/Y4-Split2/ALGS-Playoffs/Global/Overview,overview,102,other,Scores,38,,,,,,,,,,,,,,SRZ Re1qz,,,,,2m 48s,9m 46s,16m 52s,,,,,,,,,,,,,,,,,,,
playoffs_split2,ALGS Year 4 Split 2 Playoffs,https://apexlegendsstatus.com/algs/Y4-Split2/ALGS-Playoffs/Global/Overview,Y4-Split2,ALGS-Playoffs,Global,Overview,,,https://apexlegendsstatus.com/algs/Y4-Split2/ALGS-Playoffs/Global/Overview,overview,102,other,Scores,39,,,,,,,,,,,,,,SRZ SyanaMu,,,,,2m 54s,10m 45s,16m 47s,,,,,,,,,,,,,,,,,,,
playoffs_split2,ALGS Year 4 Split 2 Playoffs,https://apexlegendsstatus.com/algs/Y4-Split2/ALGS-Playoffs/Global/Overview,Y4-Split2,ALGS-Playoffs,Global,Overview,,,https://apexlegendsstatus.com/algs/Y4-Split2/ALGS-Playoffs/Global/Overview,overview,102,other,Scores,40,,,,,,,,,,,,,,FNC satuki,,,,,2m 18s,10m 6s,16m 18s,,,,,,,,,,,,,,,,,,,
playoffs_split2,ALGS Year 4 Split 2 Playoffs,https://apexlegendsstatus.com/algs/Y4-Split2/ALGS-Playoffs/Global/Overview,Y4-Split2,ALGS-Playoffs,Global,Overview,,,https://apexlegendsstatus.com/algs/Y4-Split2/ALGS-Playoffs/Global/Overview,overview,102,other,Scores,41,,,,,,,,,,,,,,FNC Lykq,,,,,2m 44s,10m,16m 1s,,,,,,,,,,,,,,,,,,,
playoffs_split2,ALGS Year 4 Split 2 Playoffs,https://apexlegendsstatus.com/algs/Y4-Split2/ALGS-Playoffs/Global/Overview,Y4-Split2,ALGS-Playoffs,Global,Overview,,,https://apexlegendsstatus.com/algs/Y4-Split2/ALGS-Playoffs/Global/Overview,overview,102,other,Scores,42,,,,,,,,,,,,,,FNC YukaF,,,,,2m 34s,9m 57s,13m 40s,,,,,,,,,,,,,,,,,,,
playoffs_split2,ALGS Year 4 Split 2 Playoffs,https://apexlegendsstatus.com/algs/Y4-Split2/ALGS-Playoffs/Global/Overview,Y4-Split2,ALGS-Playoffs,Global,Overview,,,https://apexlegendsstatus.com/algs/Y4-Split2/ALGS-Playoffs/Global/Overview,overview,102,other,Scores,43,,,,,,,,,,,,,,TLAW jaguaresl,,,,,2m 19s,9m 33s,17m 24s,,,,,,,,,,,,,,,,,,,
playoffs_split2,ALGS Year 4 Split 2 Playoffs,https://apexlegendsstatus.com/algs/Y4-Split2/ALGS-Playoffs/Global/Overview,Y4-Split2,ALGS-Playoffs,Global,Overview,,,https://apexlegendsstatus.com/algs/Y4-Split2/ALGS-Playoffs/Global/Overview,overview,102,other,Scores,44,,,,,,,,,,,,,,TLAW NeazuI,,,,,1m 53s,8m 49s,15m 10s,,,,,,,,,,,,,,,,,,,
playoffs_split2,ALGS Year 4 Split 2 Playoffs,https://apexlegendsstatus.com/algs/Y4-Split2/ALGS-Playoffs/Global/Overview,Y4-Split2,ALGS-Playoffs,Global,Overview,,,https://apexlegendsstatus.com/algs/Y4-Split2/ALGS-Playoffs/Global/Overview,overview,102,other,Scores,45,,,,,,,,,,,,,,TLAW lYanYal,,,,,2m 14s,9m 39s,15m 54s,,,,,,,,,,,,,,,,,,,
playoffs_split2,ALGS Year 4 Split 2 Playoffs,https://apexlegendsstatus.com/algs/Y4-Split2/ALGS-Playoffs/Global/Overview,Y4-Split2,ALGS-Playoffs,Global,Overview,,,https://apexlegendsstatus.com/algs/Y4-Split2/ALGS-Playoffs/Global/Overview,overview,102,other,Scores,46,,,,,,,,,,,,,,E36 Aimbot,,,,,3m 6s,9m 52s,13m 27s,,,,,,,,,,,,,,,,,,,
playoffs_split2,ALGS Year 4 Split 2 Playoffs,https://apexlegendsstatus.com/algs/Y4-Split2/ALGS-Playoffs/Global/Overview,Y4-Split2,ALGS-Playoffs,Global,Overview,,,https://apexlegendsstatus.com/algs/Y4-Split2/ALGS-Playoffs/Global/Overview,overview,102,other,Scores,47,,,,,,,,,,,,,,E36 ILY,,,,,2m 47s,10m 55s,14m 40s,,,,,,,,,,,,,,,,,,,
playoffs_split2,ALGS Year 4 Split 2 Playoffs,https://apexlegendsstatus.com/algs/Y4-Split2/ALGS-Playoffs/Global/Overview,Y4-Split2,ALGS-Playoffs,Global,Overview,,,https://apexlegendsstatus.com/algs/Y4-Split2/ALGS-Playoffs/Global/Overview,overview,102,other,Scores,48,,,,,,,,,,,,,,E36 Cinap,,,,,2m 54s,10m 34s,10m 48s,,,,,,,,,,,,,,,,,,,
playoffs_split2,ALGS Year 4 Split 2 Playoffs,https://apexlegendsstatus.com/algs/Y4-Split2/ALGS-Playoffs/Global/Overview,Y4-Split2,ALGS-Playoffs,Global,Overview,,,https://apexlegendsstatus.com/algs/Y4-Split2/ALGS-Playoffs/Global/Overview,overview,102,other,Scores,49,,,,,,,,,,,,,,MST Gild,,,,,2m 19s,8m 52s,15m 11s,,,,,,,,,,,,,,,,,,,
playoffs_split2,ALGS Year 4 Split 2 Playoffs,https://apexlegendsstatus.com/algs/Y4-Split2/ALGS-Playoffs/Global/Overview,Y4-Split2,ALGS-Playoffs,Global,Overview,,,https://apexlegendsstatus.com/algs/Y4-Split2/ALGS-Playoffs/Global/Overview,overview,102,other,Scores,50,,,,,,,,,,,,,,MST Wxltzy,,,,,2m 13s,8m 43s,13m 17s,,,,,,,,,,,,,,,,,,,
playoffs_split2,ALGS Year 4 Split 2 Playoffs,https://apexlegendsstatus.com/algs/Y4-Split2/ALGS-Playoffs/Global/Overview,Y4-Split2,ALGS-Playoffs,Global,Overview,,,https://apexlegendsstatus.com/algs/Y4-Split2/ALGS-Playoffs/Global/Overview,overview,102,other,Scores,51,,,,,,,,,,,,,,MST iiTzTimmy,,,,,2m 3s,9m 6s,14m 7s,,,,,,,,,,,,,,,,,,,
playoffs_split2,ALGS Year 4 Split 2 Playoffs,https://apexlegendsstatus.com/algs/Y4-Split2/ALGS-Playoffs/Global/Overview,Y4-Split2,ALGS-Playoffs,Global,Overview,,,https://apexlegendsstatus.com/algs/Y4-Split2/ALGS-Playoffs/Global/Overview,overview,102,other,Scores,52,,,,,,,,,,,,,,HAO Right,,,,,3m 19s,13m 10s,16m 6s,,,,,,,,,,,,,,,,,,,
playoffs_split2,ALGS Year 4 Split 2 Playoffs,https://apexlegendsstatus.com/algs/Y4-Split2/ALGS-Playoffs/Global/Overview,Y4-Split2,ALGS-Playoffs,Global,Overview,,,https://apexlegendsstatus.com/algs/Y4-Split2/ALGS-Playoffs/Global/Overview,overview,102,other,Scores,53,,,,,,,,,,,,,,HAO 5CG,,,,,3m 45s,12m,-,,,,,,,,,,,,,,,,,,,
playoffs_split2,ALGS Year 4 Split 2 Playoffs,https://apexlegendsstatus.com/algs/Y4-Split2/ALGS-Playoffs/Global/Overview,Y4-Split2,ALGS-Playoffs,Global,Overview,,,https://apexlegendsstatus.com/algs/Y4-Split2/ALGS-Playoffs/Global/Overview,overview,102,other,Scores,54,,,,,,,,,,,,,,HAO wqtagashi,,,,,3m 34s,13m 34s,19m 50s,,,,,,,,,,,,,,,,,,,
playoffs_split2,ALGS Year 4 Split 2 Playoffs,https://apexlegendsstatus.com/algs/Y4-Split2/ALGS-Playoffs/Global/Overview,Y4-Split2,ALGS-Playoffs,Global,Overview,,,https://apexlegendsstatus.com/algs/Y4-Split2/ALGS-Playoffs/Global/Overview,overview,102,other,Scores,55,,,,,,,,,,,,,,DF Pite,,,,,2m 7s,8m 55s,12m 14s,,,,,,,,,,,,,,,,,,,
playoffs_split2,ALGS Year 4 Split 2 Playoffs,https://apexlegendsstatus.com/algs/Y4-Split2/ALGS-Playoffs/Global/Overview,Y4-Split2,ALGS-Playoffs,Global,Overview,,,https://apexlegendsstatus.com/algs/Y4-Split2/ALGS-Playoffs/Global/Overview,overview,102,other,Scores,56,,,,,,,,,,,,,,NAVI iHenchman,,,,,3m 13s,13m 41s,19m 8s,,,,,,,,,,,,,,,,,,,
playoffs_split2,ALGS Year 4 Split 2 Playoffs,https://apexlegendsstatus.com/algs/Y4-Split2/ALGS-Playoffs/Global/Overview,Y4-Split2,ALGS-Playoffs,Global,Overview,,,https://apexlegendsstatus.com/algs/Y4-Split2/ALGS-Playoffs/Global/Overview,overview,102,other,Scores,57,,,,,,,,,,,,,,DF 3Mz,,,,,2m 15s,10m 10s,14m 19s,,,,,,,,,,,,,,,,,,,
playoffs_split2,ALGS Year 4 Split 2 Playoffs,https://apexlegendsstatus.com/algs/Y4-Split2/ALGS-Playoffs/Global/Overview,Y4-Split2,ALGS-Playoffs,Global,Overview,,,https://apexlegendsstatus.com/algs/Y4-Split2/ALGS-Playoffs/Global/Overview,overview,102,other,Scores,58,,,,,,,,,,,,,,NAVI KIND4,,,,,3m 9s,14m 36s,16m 57s,,,,,,,,,,,,,,,,,,,
playoffs_split2,ALGS Year 4 Split 2 Playoffs,https://apexlegendsstatus.com/algs/Y4-Split2/ALGS-Playoffs/Global/Overview,Y4-Split2,ALGS-Playoffs,Global,Overview,,,https://apexlegendsstatus.com/algs/Y4-Split2/ALGS-Playoffs/Global/Overview,overview,102,other,Scores,59,,,,,,,,,,,,,,DF Bolin,,,,,3m 22s,13m 32s,-,,,,,,,,,,,,,,,,,,,
playoffs_split2,ALGS Year 4 Split 2 Playoffs,https://apexlegendsstatus.com/algs/Y4-Split2/ALGS-Playoffs/Global/Overview,Y4-Split2,ALGS-Playoffs,Global,Overview,,,https://apexlegendsstatus.com/algs/Y4-Split2/ALGS-Playoffs/Global/Overview,overview,102,other,Scores,60,,,,,,,,,,,,,,NAVI MaTaFe,,,,,3m 16s,14m 53s,17m 54s,,,,,,,,,,,,,,,,,,,
playoffs_split2,ALGS Year 4 Split 2 Playoffs,https://apexlegendsstatus.com/algs/Y4-Split2/ALGS-Playoffs/Global/Overview,Y4-Split2,ALGS-Playoffs,Global,Overview,,,https://apexlegendsstatus.com/algs/Y4-Split2/ALGS-Playoffs/Global/Overview,overview,102,other,Scores,61,,,,,,,,,,,,,,GN K4SHERA,,,,,2m 24s,11m 34s,14m 11s,,,,,,,,,,,,,,,,,,,
playoffs_split2,ALGS Year 4 Split 2 Playoffs,https://apexlegendsstatus.com/algs/Y4-Split2/ALGS-Playoffs/Global/Overview,Y4-Split2,ALGS-Playoffs,Global,Overview,,,https://apexlegendsstatus.com/algs/Y4-Split2/ALGS-Playoffs/Global/Overview,overview,102,other,Scores,62,,,,,,,,,,,,,,GN kaishihaa,,,,,2m 27s,11m 52s,18m 1s,,,,,,,,,,,,,,,,,,,
playoffs_split2,ALGS Year 4 Split 2 Playoffs,https://apexlegendsstatus.com/algs/Y4-Split2/ALGS-Playoffs/Global/Overview,Y4-Split2,ALGS-Playoffs,Global,Overview,,,https://apexlegendsstatus.com/algs/Y4-Split2/ALGS-Playoffs/Global/Overview,overview,102,other,Scores,63,,,,,,,,,,,,,,GN OhSlab,,,,,2m 12s,10m 20s,13m 55s,,,,,,,,,,,,,,,,,,,
playoffs_split2,ALGS Year 4 Split 2 Playoffs,https://apexlegendsstatus.com/algs/Y4-Split2/ALGS-Playoffs/Global/Overview,Y4-Split2,ALGS-Playoffs,Global,Overview,,,https://apexlegendsstatus.com/algs/Y4-Split2/ALGS-Playoffs/Global/Overview,overview,102,other,Scores,64,,,,,,,,,,,,,,FL Curihara,,,,,1m 49s,9m 27s,-,,,,,,,,,,,,,,,,,,,
playoffs_split2,ALGS Year 4 Split 2 Playoffs,https://apexlegendsstatus.com/algs/Y4-Split2/ALGS-Playoffs/Global/Overview,Y4-Split2,ALGS-Playoffs,Global,Overview,,,https://apexlegendsstatus.com/algs/Y4-Split2/ALGS-Playoffs/Global/Overview,overview,102,other,Scores,65,,,,,,,,,,,,,,FL Pinotr,,,,,1m 51s,10m 6s,-,,,,,,,,,,,,,,,,,,,
playoffs_split2,ALGS Year 4 Split 2 Playoffs,https://apexlegendsstatus.com/algs/Y4-Split2/ALGS-Playoffs/Global/Overview,Y4-Split2,ALGS-Playoffs,Global,Overview,,,https://apexlegendsstatus.com/algs/Y4-Split2/ALGS-Playoffs/Global/Overview,overview,102,other,Scores,66,,,,,,,,,,,,,,FL mo-mon_,,,,,1m 51s,8m 2s,13m 30s,,,,,,,,,,,,,,,,,,,
playoffs_split2,ALGS Year 4 Split 2 Playoffs,https://apexlegendsstatus.com/algs/Y4-Split2/ALGS-Playoffs/Global/Overview,Y4-Split2,ALGS-Playoffs,Global,Overview,,,https://apexlegendsstatus.com/algs/Y4-Split2/ALGS-Playoffs/Global/Overview,overview,102,other,Scores,67,,,,,,,,,,,,,,FUR ImMadness,,,,,1m 44s,9m 46s,17m 33s,,,,,,,,,,,,,,,,,,,
playoffs_split2,ALGS Year 4 Split 2 Playoffs,https://apexlegendsstatus.com/algs/Y4-Split2/ALGS-Playoffs/Global/Overview,Y4-Split2,ALGS-Playoffs,Global,Overview,,,https://apexlegendsstatus.com/algs/Y4-Split2/ALGS-Playoffs/Global/Overview,overview,102,other,Scores,68,,,,,,,,,,,,,,FUR Keon,,,,,1m 38s,7m 54s,16m 54s,,,,,,,,,,,,,,,,,,,
playoffs_split2,ALGS Year 4 Split 2 Playoffs,https://apexlegendsstatus.com/algs/Y4-Split2/ALGS-Playoffs/Global/Overview,Y4-Split2,ALGS-Playoffs,Global,Overview,,,https://apexlegendsstatus.com/algs/Y4-Split2/ALGS-Playoffs/Global/Overview,overview,102,other,Scores,69,,,,,,,,,,,,,,FUR Vaxlon,,,,,1m 45s,9m 37s,18m 7s,,,,,,,,,,,,,,,,,,,
playoffs_split2,ALGS Year 4 Split 2 Playoffs,https://apexlegendsstatus.com/algs/Y4-Split2/ALGS-Playoffs/Global/Overview,Y4-Split2,ALGS-Playoffs,Global,Overview,,,https://apexlegendsstatus.com/algs/Y4-Split2/ALGS-Playoffs/Global/Overview,overview,102,other,Scores,70,,,,,,,,,,,,,,FOXX Meltstera,,,,,1m 40s,7m 44s,16m 29s,,,,,,,,,,,,,,,,,,,
playoffs_split2,ALGS Year 4 Split 2 Playoffs,https://apexlegendsstatus.com/algs/Y4-Split2/ALGS-Playoffs/Global/Overview,Y4-Split2,ALGS-Playoffs,Global,Overview,,,https://apexlegendsstatus.com/algs/Y4-Split2/ALGS-Playoffs/Global/Overview,overview,102,other,Scores,71,,,,,,,,,,,,,,FOXX MiaK,,,,,1m 41s,6m 38s,17m 37s,,,,,,,,,,,,,,,,,,,
playoffs_split2,ALGS Year 4 Split 2 Playoffs,https://apexlegendsstatus.com/algs/Y4-Split2/ALGS-Playoffs/Global/Overview,Y4-Split2,ALGS-Playoffs,Global,Overview,,,https://apexlegendsstatus.com/algs/Y4-Split2/ALGS-Playoffs/Global/Overview,overview,102,other,Scores,72,,,,,,,,,,,,,,FOXX HammerDrill,,,,,1m 39s,8m 21s,17m 29s,,,,,,,,,,,,,,,,,,,
playoffs_split2,ALGS Year 4 Split 2 Playoffs,https://apexlegendsstatus.com/algs/Y4-Split2/ALGS-Playoffs/Global/Overview,Y4-Split2,ALGS-Playoffs,Global,Overview,,,https://apexlegendsstatus.com/algs/Y4-Split2/ALGS-Playoffs/Global/Overview,overview,102,other,Scores,73,,,,,,,,,,,,,,SWQ Dount,,,,,2m,7m 40s,15m 19s,,,,,,,,,,,,,,,,,,,
playoffs_split2,ALGS Year 4 Split 2 Playoffs,https://apexlegendsstatus.com/algs/Y4-Split2/ALGS-Playoffs/Global/Overview,Y4-Split2,ALGS-Playoffs,Global,Overview,,,https://apexlegendsstatus.com/algs/Y4-Split2/ALGS-Playoffs/Global/Overview,overview,102,other,Scores,74,,,,,,,,,,,,,,SWQ crazycong,,,,,2m 1s,9m 7s,13m 26s,,,,,,,,,,,,,,,,,,,
playoffs_split2,ALGS Year 4 Split 2 Playoffs,https://apexlegendsstatus.com/algs/Y4-Split2/ALGS-Playoffs/Global/Overview,Y4-Split2,ALGS-Playoffs,Global,Overview,,,https://apexlegendsstatus.com/algs/Y4-Split2/ALGS-Playoffs/Global/Overview,overview,102,other,Scores,75,,,,,,,,,,,,,,SWQ YouL1ng,,,,,2m,9m 10s,15m 36s,,,,,,,,,,,,,,,,,,,
playoffs_split2,ALGS Year 4 Split 2 Playoffs,https://apexlegendsstatus.com/algs/Y4-Split2/ALGS-Playoffs/Global/Overview,Y4-Split2,ALGS-Playoffs,Global,Overview,,,https://apexlegendsstatus.com/algs/Y4-Split2/ALGS-Playoffs/Global/Overview,overview,102,other,Scores,76,,,,,,,,,,,,,,SSE Luo,,,,,2m,7m 5s,14m 48s,,,,,,,,,,,,,,,,,,,
playoffs_split2,ALGS Year 4 Split 2 Playoffs,https://apexlegendsstatus.com/algs/Y4-Split2/ALGS-Playoffs/Global/Overview,Y4-Split2,ALGS-Playoffs,Global,Overview,,,https://apexlegendsstatus.com/algs/Y4-Split2/ALGS-Playoffs/Global/Overview,overview,102,other,Scores,77,,,,,,,,,,,,,,SSE TreeCleaner,,,,,1m 57s,8m 37s,15m 34s,,,,,,,,,,,,,,,,,,,
playoffs_split2,ALGS Year 4 Split 2 Playoffs,https://apexlegendsstatus.com/algs/Y4-Split2/ALGS-Playoffs/Global/Overview,Y4-Split2,ALGS-Playoffs,Global,Overview,,,https://apexlegendsstatus.com/algs/Y4-Split2/ALGS-Playoffs/Global/Overview,overview,102,other,Scores,78,,,,,,,,,,,,,,SSE KingMSG,,,,,1m 52s,7m 46s,13m 12s,,,,,,,,,,,,,,,,,,,
playoffs_split2,ALGS Year 4 Split 2 Playoffs,https://apexlegendsstatus.com/algs/Y4-Split2/ALGS-Playoffs/Global/Overview,Y4-Split2,ALGS-Playoffs,Global,Overview,,,https://apexlegendsstatus.com/algs/Y4-Split2/ALGS-Playoffs/Global/Overview,overview,102,other,Scores,79,,,,,,,,,,,,,,NOC RemixPowers,,,,,2m 26s,10m 7s,16m 26s,,,,,,,,,,,,,,,,,,,
playoffs_split2,ALGS Year 4 Split 2 Playoffs,https://apexlegendsstatus.com/algs/Y4-Split2/ALGS-Playoffs/Global/Overview,Y4-Split2,ALGS-Playoffs,Global,Overview,,,https://apexlegendsstatus.com/algs/Y4-Split2/ALGS-Playoffs/Global/Overview,overview,102,other,Scores,80,,,,,,,,,,,,,,TSM Verhulst,,,,,1m 39s,7m 32s,14m 57s,,,,,,,,,,,,,,,,,,,
playoffs_split2,ALGS Year 4 Split 2 Playoffs,https://apexlegendsstatus.com/algs/Y4-Split2/ALGS-Playoffs/Global/Overview,Y4-Split2,ALGS-Playoffs,Global,Overview,,,https://apexlegendsstatus.com/algs/Y4-Split2/ALGS-Playoffs/Global/Overview,overview,102,other,Scores,81,,,,,,,,,,,,,,GG lighT,,,,,2m 7s,9m 41s,15m 39s,,,,,,,,,,,,,,,,,,,
playoffs_split2,ALGS Year 4 Split 2 Playoffs,https://apexlegendsstatus.com/algs/Y4-Split2/ALGS-Playoffs/Global/Overview,Y4-Split2,ALGS-Playoffs,Global,Overview,,,https://apexlegendsstatus.com/algs/Y4-Split2/ALGS-Playoffs/Global/Overview,overview,102,other,Scores,82,,,,,,,,,,,,,,GG Blasts,,,,,2m 18s,10m 40s,17m 9s,,,,,,,,,,,,,,,,,,,
playoffs_split2,ALGS Year 4 Split 2 Playoffs,https://apexlegendsstatus.com/algs/Y4-Split2/ALGS-Playoffs/Global/Overview,Y4-Split2,ALGS-Playoffs,Global,Overview,,,https://apexlegendsstatus.com/algs/Y4-Split2/ALGS-Playoffs/Global/Overview,overview,102,other,Scores,83,,,,,,,,,,,,,,GG Lufka,,,,,2m 15s,9m 46s,16m 42s,,,,,,,,,,,,,,,,,,,
playoffs_split2,ALGS Year 4 Split 2 Playoffs,https://apexlegendsstatus.com/algs/Y4-Split2/ALGS-Playoffs/Global/Overview,Y4-Split2,ALGS-Playoffs,Global,Overview,,,https://apexlegendsstatus.com/algs/Y4-Split2/ALGS-Playoffs/Global/Overview,overview,102,other,Scores,84,,,,,,,,,,,,,,EXO Feuda,,,,,2m 11s,13m 53s,13m 49s,,,,,,,,,,,,,,,,,,,
playoffs_split2,ALGS Year 4 Split 2 Playoffs,https://apexlegendsstatus.com/algs/Y4-Split2/ALGS-Playoffs/Global/Overview,Y4-Split2,ALGS-Playoffs,Global,Overview,,,https://apexlegendsstatus.com/algs/Y4-Split2/ALGS-Playoffs/Global/Overview,overview,102,other,Scores,85,,,,,,,,,,,,,,EXO Slayers,,,,,2m 21s,14m 4s,18m 42s,,,,,,,,,,,,,,,,,,,
playoffs_split2,ALGS Year 4 Split 2 Playoffs,https://apexlegendsstatus.com/algs/Y4-Split2/ALGS-Playoffs/Global/Overview,Y4-Split2,ALGS-Playoffs,Global,Overview,,,https://apexlegendsstatus.com/algs/Y4-Split2/ALGS-Playoffs/Global/Overview,overview,102,other,Scores,86,,,,,,,,,,,,,,EXO KSWINNIIE,,,,,2m 9s,14m 25s,18m 44s,,,,,,,,,,,,,,,,,,,
playoffs_split2,ALGS Year 4 Split 2 Playoffs,https://apexlegendsstatus.com/algs/Y4-Split2/ALGS-Playoffs/Global/Overview,Y4-Split2,ALGS-Playoffs,Global,Overview,,,https://apexlegendsstatus.com/algs/Y4-Split2/ALGS-Playoffs/Global/Overview,overview,102,other,Scores,87,,,,,,,,,,,,,,BLD knoqd,,,,,2m 24s,10m 18s,17m 35s,,,,,,,,,,,,,,,,,,,
playoffs_split2,ALGS Year 4 Split 2 Playoffs,https://apexlegendsstatus.com/algs/Y4-Split2/ALGS-Playoffs/Global/Overview,Y4-Split2,ALGS-Playoffs,Global,Overview,,,https://apexlegendsstatus.com/algs/Y4-Split2/ALGS-Playoffs/Global/Overview,overview,102,other,Scores,88,,,,,,,,,,,,,,BLD Dropped,,,,,2m 16s,10m 13s,16m 55s,,,,,,,,,,,,,,,,,,,
playoffs_split2,ALGS Year 4 Split 2 Playoffs,https://apexlegendsstatus.com/algs/Y4-Split2/ALGS-Playoffs/Global/Overview,Y4-Split2,ALGS-Playoffs,Global,Overview,,,https://apexlegendsstatus.com/algs/Y4-Split2/ALGS-Playoffs/Global/Overview,overview,102,other,Scores,89,,,,,,,,,,,,,,BLD Shooby,,,,,2m 16s,8m 51s,13m 42s,,,,,,,,,,,,,,,,,,,
playoffs_split2,ALGS Year 4 Split 2 Playoffs,https://apexlegendsstatus.com/algs/Y4-Split2/ALGS-Playoffs/Global/Overview,Y4-Split2,ALGS-Playoffs,Global,Overview,,,https://apexlegendsstatus.com/algs/Y4-Split2/ALGS-Playoffs/Global/Overview,overview,102,other,Scores,90,,,,,,,,,,,,,,OLP Vlatow,,,,,2m 50s,11m 26s,-,,,,,,,,,,,,,,,,,,,
playoffs_split2,ALGS Year 4 Split 2 Playoffs,https://apexlegendsstatus.com/algs/Y4-Split2/ALGS-Playoffs/Global/Overview,Y4-Split2,ALGS-Playoffs,Global,Overview,,,https://apexlegendsstatus.com/algs/Y4-Split2/ALGS-Playoffs/Global/Overview,overview,102,other,Scores,91,,,,,,,,,,,,,,OLP artiNN1,,,,,2m 50s,11m 4s,17m 17s,,,,,,,,,,,,,,,,,,,
playoffs_split2,ALGS Year 4 Split 2 Playoffs,https://apexlegendsstatus.com/algs/Y4-Split2/ALGS-Playoffs/Global/Overview,Y4-Split2,ALGS-Playoffs,Global,Overview,,,https://apexlegendsstatus.com/algs/Y4-Split2/ALGS-Playoffs/Global/Overview,overview,102,other,Scores,92,,,,,,,,,,,,,,OLP KiingZ,,,,,2m 42s,10m 57s,-,,,,,,,,,,,,,,,,,,,
playoffs_split2,ALGS Year 4 Split 2 Playoffs,https://apexlegendsstatus.com/algs/Y4-Split2/ALGS-Playoffs/Global/Overview,Y4-Split2,ALGS-Playoffs,Global,Overview,,,https://apexlegendsstatus.com/algs/Y4-Split2/ALGS-Playoffs/Global/Overview,overview,102,other,Scores,93,,,,,,,,,,,,,,COL Lou,,,,,2m 34s,10m 5s,16m 27s,,,,,,,,,,,,,,,,,,,
playoffs_split2,ALGS Year 4 Split 2 Playoffs,https://apexlegendsstatus.com/algs/Y4-Split2/ALGS-Playoffs/Global/Overview,Y4-Split2,ALGS-Playoffs,Global,Overview,,,https://apexlegendsstatus.com/algs/Y4-Split2/ALGS-Playoffs/Global/Overview,overview,102,other,Scores,94,,,,,,,,,,,,,,COL Monsoon,,,,,2m 31s,9m 10s,16m 36s,,,,,,,,,,,,,,,,,,,
playoffs_split2,ALGS Year 4 Split 2 Playoffs,https://apexlegendsstatus.com/algs/Y4-Split2/ALGS-Playoffs/Global/Overview,Y4-Split2,ALGS-Playoffs,Global,Overview,,,https://apexlegendsstatus.com/algs/Y4-Split2/ALGS-Playoffs/Global/Overview,overview,102,other,Scores,95,,,,,,,,,,,,,,COL KIMCHI,,,,,2m 34s,8m 55s,14m 29s,,,,,,,,,,,,,,,,,,,
playoffs_split2,ALGS Year 4 Split 2 Playoffs,https://apexlegendsstatus.com/algs/Y4-Split2/ALGS-Playoffs/Global/Overview,Y4-Split2,ALGS-Playoffs,Global,Overview,,,https://apexlegendsstatus.com/algs/Y4-Split2/ALGS-Playoffs/Global/Overview,overview,102,other,Scores,96,,,,,,,,,,,,,,KCP gent,,,,,2m 38s,9m 18s,14m 20s,,,,,,,,,,,,,,,,,,,
playoffs_split2,ALGS Year 4 Split 2 Playoffs,https://apexlegendsstatus.com/algs/Y4-Split2/ALGS-Playoffs/Global/Overview,Y4-Split2,ALGS-Playoffs,Global,Overview,,,https://apexlegendsstatus.com/algs/Y4-Split2/ALGS-Playoffs/Global/Overview,overview,102,other,Scores,97,,,,,,,,,,,,,,KCP Deeds,,,,,2m 40s,10m 1s,11m 14s,,,,,,,,,,,,,,,,,,,
playoffs_split2,ALGS Year 4 Split 2 Playoffs,https://apexlegendsstatus.com/algs/Y4-Split2/ALGS-Playoffs/Global/Overview,Y4-Split2,ALGS-Playoffs,Global,Overview,,,https://apexlegendsstatus.com/algs/Y4-Split2/ALGS-Playoffs/Global/Overview,overview,102,other,Scores,98,,,,,,,,,,,,,,KCP Onmuu,,,,,2m 36s,10m,14m 47s,,,,,,,,,,,,,,,,,,,
playoffs_split2,ALGS Year 4 Split 2 Playoffs,https://apexlegendsstatus.com/algs/Y4-Split2/ALGS-Playoffs/Global/Overview,Y4-Split2,ALGS-Playoffs,Global,Overview,,,https://apexlegendsstatus.com/algs/Y4-Split2/ALGS-Playoffs/Global/Overview,overview,102,other,Scores,99,,,,,,,,,,,,,,C9 Naughty,,,,,2m 2s,12m 20s,14m 4s,,,,,,,,,,,,,,,,,,,
playoffs_split2,ALGS Year 4 Split 2 Playoffs,https://apexlegendsstatus.com/algs/Y4-Split2/ALGS-Playoffs/Global/Overview,Y4-Split2,ALGS-Playoffs,Global,Overview,,,https://apexlegendsstatus.com/algs/Y4-Split2/ALGS-Playoffs/Global/Overview,overview,102,other,Scores,100,,,,,,,,,,,,,,C9 sauceror,,,,,1m 56s,12m 4s,17m 27s,,,,,,,,,,,,,,,,,,,
playoffs_split2,ALGS Year 4 Split 2 Playoffs,https://apexlegendsstatus.com/algs/Y4-Split2/ALGS-Playoffs/Global/Overview,Y4-Split2,ALGS-Playoffs,Global,Overview,,,https://apexlegendsstatus.com/algs/Y4-Split2/ALGS-Playoffs/Global/Overview,overview,102,other,Scores,101,,,,,,,,,,,,,,C9 ChaoticMuch,,,,,2m 7s,13m 2s,17m 48s,,,,,,,,,,,,,,,,,,,
playoffs_split2,ALGS Year 4 Split 2 Playoffs,https://apexlegendsstatus.com/algs/Y4-Split2/ALGS-Playoffs/Global/Overview,Y4-Split2,ALGS-Playoffs,Global,Overview,,,https://apexlegendsstatus.com/algs/Y4-Split2/ALGS-Playoffs/Global/Overview,overview,102,other,Scores,102,,,,,,,,,,,,,,VKG 951,,,,,1m 55s,11m 8s,17m,,,,,,,,,,,,,,,,,,,
playoffs_split2,ALGS Year 4 Split 2 Playoffs,https://apexlegendsstatus.com/algs/Y4-Split2/ALGS-Playoffs/Global/Overview,Y4-Split2,ALGS-Playoffs,Global,Overview,,,https://apexlegendsstatus.com/algs/Y4-Split2/ALGS-Playoffs/Global/Overview,overview,102,other,Scores,103,,,,,,,,,,,,,,VKG Kaaasa,,,,,1m 42s,11m 12s,17m 4s,,,,,,,,,,,,,,,,,,,
playoffs_split2,ALGS Year 4 Split 2 Playoffs,https://apexlegendsstatus.com/algs/Y4-Split2/ALGS-Playoffs/Global/Overview,Y4-Split2,ALGS-Playoffs,Global,Overview,,,https://apexlegendsstatus.com/algs/Y4-Split2/ALGS-Playoffs/Global/Overview,overview,102,other,Scores,104,,,,,,,,,,,,,,VKG QQ,,,,,1m 46s,12m 46s,15m 52s,,,,,,,,,,,,,,,,,,,
playoffs_split2,ALGS Year 4 Split 2 Playoffs,https://apexlegendsstatus.com/algs/Y4-Split2/ALGS-Playoffs/Global/Overview,Y4-Split2,ALGS-Playoffs,Global,Overview,,,https://apexlegendsstatus.com/algs/Y4-Split2/ALGS-Playoffs/Global/Overview,overview,102,other,Scores,105,,,,,,,,,,,,,,TSM Reps,,,,,1m 51s,8m 24s,16m 15s,,,,,,,,,,,,,,,,,,,
playoffs_split2,ALGS Year 4 Split 2 Playoffs,https://apexlegendsstatus.com/algs/Y4-Split2/ALGS-Playoffs/Global/Overview,Y4-Split2,ALGS-Playoffs,Global,Overview,,,https://apexlegendsstatus.com/algs/Y4-Split2/ALGS-Playoffs/Global/Overview,overview,102,other,Scores,106,,,,,,,,,,,,,,TSM zap,,,,,1m 50s,8m 12s,15m 48s,,,,,,,,,,,,,,,,,,,
playoffs_split2,ALGS Year 4 Split 2 Playoffs,https://apexlegendsstatus.com/algs/Y4-Split2/ALGS-Playoffs/Global/Overview,Y4-Split2,ALGS-Playoffs,Global,Overview,,,https://apexlegendsstatus.com/algs/Y4-Split2/ALGS-Playoffs/Global/Overview,overview,102,other,Scores,107,,,,,,,,,,,,,,NOC Atinum,,,,,2m 22s,9m 39s,16m 2s,,,,,,,,,,,,,,,,,,,
playoffs_split2,ALGS Year 4 Split 2 Playoffs,https://apexlegendsstatus.com/algs/Y4-Split2/ALGS-Playoffs/Global/Overview,Y4-Split2,ALGS-Playoffs,Global,Overview,,,https://apexlegendsstatus.com/algs/Y4-Split2/ALGS-Playoffs/Global/Overview,overview,102,other,Scores,108,,,,,,,,,,,,,,NOC mohziin,,,,,2m 37s,10m 13s,15m 39s,,,,,,,,,,,,,,,,,,,
playoffs_split2,ALGS Year 4 Split 2 Playoffs,https://apexlegendsstatus.com/algs/Y4-Split2/ALGS-Playoffs/Global/Overview,Y4-Split2,ALGS-Playoffs,Global,Overview,,,https://apexlegendsstatus.com/algs/Y4-Split2/ALGS-Playoffs/Global/Overview,overview,102,other,Scores,109,,,,,,,,,,,,,,MKS ASIAZXD,,,,,2m 17s,9m 13s,16m 50s,,,,,,,,,,,,,,,,,,,
playoffs_split2,ALGS Year 4 Split 2 Playoffs,https://apexlegendsstatus.com/algs/Y4-Split2/ALGS-Playoffs/Global/Overview,Y4-Split2,ALGS-Playoffs,Global,Overview,,,https://apexlegendsstatus.com/algs/Y4-Split2/ALGS-Playoffs/Global/Overview,overview,102,other,Scores,110,,,,,,,,,,,,,,MKS DEXTER,,,,,2m 19s,9m 8s,14m 41s,,,,,,,,,,,,,,,,,,,
playoffs_split2,ALGS Year 4 Split 2 Playoffs,https://apexlegendsstatus.com/algs/Y4-Split2/ALGS-Playoffs/Global/Overview,Y4-Split2,ALGS-Playoffs,Global,Overview,,,https://apexlegendsstatus.com/algs/Y4-Split2/ALGS-Playoffs/Global/Overview,overview,102,other,Scores,111,,,,,,,,,,,,,,MKS Z1CKKY,,,,,2m 20s,9m 17s,14m 8s,,,,,,,,,,,,,,,,,,,
playoffs_split2,ALGS Year 4 Split 2 Playoffs,https://apexlegendsstatus.com/algs/Y4-Split2/ALGS-Playoffs/Global/Overview,Y4-Split2,ALGS-Playoffs,Global,Overview,,,https://apexlegendsstatus.com/algs/Y4-Split2/ALGS-Playoffs/Global/Overview,overview,102,other,Scores,112,,,,,,,,,,,,,,LGND Amphy,,,,,4m 27s,13m 57s,-,,,,,,,,,,,,,,,,,,,
playoffs_split2,ALGS Year 4 Split 2 Playoffs,https://apexlegendsstatus.com/algs/Y4-Split2/ALGS-Playoffs/Global/Overview,Y4-Split2,ALGS-Playoffs,Global,Overview,,,https://apexlegendsstatus.com/algs/Y4-Split2/ALGS-Playoffs/Global/Overview,overview,102,other,Scores,113,,,,,,,,,,,,,,LGND Gnaske,,,,,2m 39s,11m 59s,18m 58s,,,,,,,,,,,,,,,,,,,
playoffs_split2,ALGS Year 4 Split 2 Playoffs,https://apexlegendsstatus.com/algs/Y4-Split2/ALGS-Playoffs/Global/Overview,Y4-Split2,ALGS-Playoffs,Global,Overview,,,https://apexlegendsstatus.com/algs/Y4-Split2/ALGS-Playoffs/Global/Overview,overview,102,other,Scores,114,,,,,,,,,,,,,,LGND PlayerKay,,,,,2m 1s,11m 24s,20m 11s,,,,,,,,,,,,,,,,,,,
playoffs_split2,ALGS Year 4 Split 2 Playoffs,https://apexlegendsstatus.com/algs/Y4-Split2/ALGS-Playoffs/Global/Overview,Y4-Split2,ALGS-Playoffs,Global,Overview,,,https://apexlegendsstatus.com/algs/Y4-Split2/ALGS-Playoffs/Global/Overview,overview,102,other,Scores,115,,,,,,,,,,,,,,RC Ein,,,,,3m 28s,12m 48s,16m 25s,,,,,,,,,,,,,,,,,,,
playoffs_split2,ALGS Year 4 Split 2 Playoffs,https://apexlegendsstatus.com/algs/Y4-Split2/ALGS-Playoffs/Global/Overview,Y4-Split2,ALGS-Playoffs,Global,Overview,,,https://apexlegendsstatus.com/algs/Y4-Split2/ALGS-Playoffs/Global/Overview,overview,102,other,Scores,116,,,,,,,,,,,,,,RC IeNaGa24,,,,,3m,11m 30s,11m 17s,,,,,,,,,,,,,,,,,,,
playoffs_split2,ALGS Year 4 Split 2 Playoffs,https://apexlegendsstatus.com/algs/Y4-Split2/ALGS-Playoffs/Global/Overview,Y4-Split2,ALGS-Playoffs,Global,Overview,,,https://apexlegendsstatus.com/algs/Y4-Split2/ALGS-Playoffs/Global/Overview,overview,102,other,Scores,117,,,,,,,,,,,,,,NTH YukaPEROdator,,,,,2m 12s,13m 43s,17m 27s,,,,,,,,,,,,,,,,,,,
playoffs_split2,ALGS Year 4 Split 2 Playoffs,https://apexlegendsstatus.com/algs/Y4-Split2/ALGS-Playoffs/Global/Overview,Y4-Split2,ALGS-Playoffs,Global,Overview,,,https://apexlegendsstatus.com/algs/Y4-Split2/ALGS-Playoffs/Global/Overview,overview,102,other,Scores,118,,,,,,,,,,,,,,RC Kernel garcia,,,,,3m 21s,11m 44s,13m 50s,,,,,,,,,,,,,,,,,,,
playoffs_split2,ALGS Year 4 Split 2 Playoffs,https://apexlegendsstatus.com/algs/Y4-Split2/ALGS-Playoffs/Global/Overview,Y4-Split2,ALGS-Playoffs,Global,Overview,,,https://apexlegendsstatus.com/algs/Y4-Split2/ALGS-Playoffs/Global/Overview,overview,102,other,Scores,119,,,,,,,,,,,,,,NTH Taida,,,,,2m 17s,12m 24s,18m 18s,,,,,,,,,,,,,,,,,,,
playoffs_split2,ALGS Year 4 Split 2 Playoffs,https://apexlegendsstatus.com/algs/Y4-Split2/ALGS-Playoffs/Global/Overview,Y4-Split2,ALGS-Playoffs,Global,Overview,,,https://apexlegendsstatus.com/algs/Y4-Split2/ALGS-Playoffs/Global/Overview,overview,102,other,Scores,120,,,,,,,,,,,,,,NTH ReyzyGG,,,,,2m 23s,11m 59s,18m 4s,,,,,,,,,,,,,,,,,,,
playoffs_split2,ALGS Year 4 Split 2 Playoffs,https://apexlegendsstatus.com/algs/Y4-Split2/ALGS-Playoffs/Global/Overview,Y4-Split2,ALGS-Playoffs,Global,Overview,,,https://apexlegendsstatus.com/algs/Y4-Split2/ALGS-Playoffs/Global/Overview,overview,102,other,Scores,121,,,,,,,,,,,,,,DF iHateTheWorld,,,,,2m,8m 52s,14m 34s,,,,,,,,,,,,,,,,,,,
playoffs_split2,ALGS Year 4 Split 2 Playoffs,https://apexlegendsstatus.com/algs/Y4-Split2/ALGS-Playoffs/Global/Overview,Y4-Split2,ALGS-Playoffs,Global,Overview,,,https://apexlegendsstatus.com/algs/Y4-Split2/ALGS-Playoffs/Global/Overview,overview,102,other,Scores,122,,,,,,,,,,,,,,LGND StrafingFlame,,,,,1m 41s,11m 56s,16m 54s,,,,,,,,,,,,,,,,,,,
playoffs_split2,ALGS Year 4 Split 2 Playoffs,https://apexlegendsstatus.com/algs/Y4-Split2/ALGS-Playoffs/Global/Overview,Y4-Split2,ALGS-Playoffs,Global,Overview,,,https://apexlegendsstatus.com/algs/Y4-Split2/ALGS-Playoffs/Global/Overview,overview,102,other,Scores,123,,,,,,,,,,,,,,LGND EzFlashKIDZ,,,,,1m 39s,12m 25s,20m 32s,,,,,,,,,,,,,,,,,,,
playoffs_split2,ALGS Year 4 Split 2 Playoffs,https://apexlegendsstatus.com/algs/Y4-Split2/ALGS-Playoffs/Global/Overview,Y4-Split2,ALGS-Playoffs,Global,Overview,,,https://apexlegendsstatus.com/algs/Y4-Split2/ALGS-Playoffs/Global/Overview,overview,103,other,Scores,1,,,,,,,,,,,,,,MST Wxltzy,,,,,,,,,1,77.43,20.12,58.53,2.18,"1,054.62",1.18,,,,,,,,,,,
playoffs_split2,ALGS Year 4 Split 2 Playoffs,https://apexlegendsstatus.com/algs/Y4-Split2/ALGS-Playoffs/Global/Overview,Y4-Split2,ALGS-Playoffs,Global,Overview,,,https://apexlegendsstatus.com/algs/Y4-Split2/ALGS-Playoffs/Global/Overview,overview,103,other,Scores,2,,,,,,,,,,,,,,MST Gild,,,,,,,,,2,76.95,19.40,57.81,1.85,"1,032.82",1.50,,,,,,,,,,,
playoffs_split2,ALGS Year 4 Split 2 Playoffs,https://apexlegendsstatus.com/algs/Y4-Split2/ALGS-Playoffs/Global/Overview,Y4-Split2,ALGS-Playoffs,Global,Overview,,,https://apexlegendsstatus.com/algs/Y4-Split2/ALGS-Playoffs/Global/Overview,overview,103,other,Scores,3,,,,,,,,,,,,,,TSM zap,,,,,,,,,3,64.44,27.80,55.34,1.76,955.76,1.36,,,,,,,,,,,
playoffs_split2,ALGS Year 4 Split 2 Playoffs,https://apexlegendsstatus.com/algs/Y4-Split2/ALGS-Playoffs/Global/Overview,Y4-Split2,ALGS-Playoffs,Global,Overview,,,https://apexlegendsstatus.com/algs/Y4-Split2/ALGS-Playoffs/Global/Overview,overview,103,other,Scores,4,,,,,,,,,,,,,,SSG Koyful,,,,,,,,,4,57.34,36.07,56.05,1.62,814.38,1.55,,,,,,,,,,,
playoffs_split2,ALGS Year 4 Split 2 Playoffs,https://apexlegendsstatus.com/algs/Y4-Split2/ALGS-Playoffs/Global/Overview,Y4-Split2,ALGS-Playoffs,Global,Overview,,,https://apexlegendsstatus.com/algs/Y4-Split2/ALGS-Playoffs/Global/Overview,overview,103,other,Scores,5,,,,,,,,,,,,,,TSM Verhulst,,,,,,,,,5,53.66,11.62,39.16,1.68,842.56,1.34,,,,,,,,,,,
playoffs_split2,ALGS Year 4 Split 2 Playoffs,https://apexlegendsstatus.com/algs/Y4-Split2/ALGS-Playoffs/Global/Overview,Y4-Split2,ALGS-Playoffs,Global,Overview,,,https://apexlegendsstatus.com/algs/Y4-Split2/ALGS-Playoffs/Global/Overview,overview,103,other,Scores,6,,,,,,,,,,,,,,DF iHateTheWorld,,,,,,,,,6,53.42,63.32,70.04,1.71,853.21,1.28,,,,,,,,,,,
playoffs_split2,ALGS Year 4 Split 2 Playoffs,https://apexlegendsstatus.com/algs/Y4-Split2/ALGS-Playoffs/Global/Overview,Y4-Split2,ALGS-Playoffs,Global,Overview,,,https://apexlegendsstatus.com/algs/Y4-Split2/ALGS-Playoffs/Global/Overview,overview,103,other,Scores,7,,,,,,,,,,,,,,ALL Unlucky,,,,,,,,,7,44.64,29.55,44.52,1.83,717.15,1.16,,,,,,,,,,,
playoffs_split2,ALGS Year 4 Split 2 Playoffs,https://apexlegendsstatus.com/algs/Y4-Split2/ALGS-Playoffs/Global/Overview,Y4-Split2,ALGS-Playoffs,Global,Overview,,,https://apexlegendsstatus.com/algs/Y4-Split2/ALGS-Playoffs/Global/Overview,overview,103,other,Scores,8,,,,,,,,,,,,,,SSG Xynew,,,,,,,,,8,44.30,16.50,36.48,1.26,826.12,1.48,,,,,,,,,,,
playoffs_split2,ALGS Year 4 Split 2 Playoffs,https://apexlegendsstatus.com/algs/Y4-Split2/ALGS-Playoffs/Global/Overview,Y4-Split2,ALGS-Playoffs,Global,Overview,,,https://apexlegendsstatus.com/algs/Y4-Split2/ALGS-Playoffs/Global/Overview,overview,103,other,Scores,9,,,,,,,,,,,,,,COL Lou,,,,,,,,,9,38.94,25.85,38.87,1.58,803.40,1.08,,,,,,,,,,,
playoffs_split2,ALGS Year 4 Split 2 Playoffs,https://apexlegendsstatus.com/algs/Y4-Split2/ALGS-Playoffs/Global/Overview,Y4-Split2,ALGS-Playoffs,Global,Overview,,,https://apexlegendsstatus.com/algs/Y4-Split2/ALGS-Playoffs/Global/Overview,overview,103,other,Scores,10,,,,,,,,,,,,,,MST iiTzTimmy,,,,,,,,,10,37.67,-39.52,-1.11,1.47,717.79,1.29,,,,,,,,,,,
playoffs_split2,ALGS Year 4 Split 2 Playoffs,https://apexlegendsstatus.com/algs/Y4-Split2/ALGS-Playoffs/Global/Overview,Y4-Split2,ALGS-Playoffs,Global,Overview,,,https://apexlegendsstatus.com/algs/Y4-Split2/ALGS-Playoffs/Global/Overview,overview,103,other,Scores,11,,,,,,,,,,,,,,NRG Nocturnal,,,,,,,,,11,37.39,46.81,50.52,1.29,849.06,1.22,,,,,,,,,,,
playoffs_split2,ALGS Year 4 Split 2 Playoffs,https://apexlegendsstatus.com/algs/Y4-Split2/ALGS-Playoffs/Global/Overview,Y4-Split2,ALGS-Playoffs,Global,Overview,,,https://apexlegendsstatus.com/algs/Y4-Split2/ALGS-Playoffs/Global/Overview,overview,103,other,Scores,12,,,,,,,,,,,,,,FNC YukaF,,,,,,,,,12,36.57,22.09,35.20,1.48,784.25,1.14,,,,,,,,,,,
playoffs_split2,ALGS Year 4 Split 2 Playoffs,https://apexlegendsstatus.com/algs/Y4-Split2/ALGS-Playoffs/Global/Overview,Y4-Split2,ALGS-Playoffs,Global,Overview,,,https://apexlegendsstatus.com/algs/Y4-Split2/ALGS-Playoffs/Global/Overview,overview,103,other,Scores,13,,,,,,,,,,,,,,COL Monsoon,,,,,,,,,13,36.32,21.93,34.95,1.18,879.50,1.24,,,,,,,,,,,
playoffs_split2,ALGS Year 4 Split 2 Playoffs,https://apexlegendsstatus.com/algs/Y4-Split2/ALGS-Playoffs/Global/Overview,Y4-Split2,ALGS-Playoffs,Global,Overview,,,https://apexlegendsstatus.com/algs/Y4-Split2/ALGS-Playoffs/Global/Overview,overview,103,other,Scores,14,,,,,,,,,,,,,,GG lighT,,,,,,,,,14,34.61,15.60,30.12,1.38,873.71,1.01,,,,,,,,,,,
playoffs_split2,ALGS Year 4 Split 2 Playoffs,https://apexlegendsstatus.com/algs/Y4-Split2/ALGS-Playoffs/Global/Overview,Y4-Split2,ALGS-Playoffs,Global,Overview,,,https://apexlegendsstatus.com/algs/Y4-Split2/ALGS-Playoffs/Global/Overview,overview,103,other,Scores,15,,,,,,,,,,,,,,ALL TylerFPS,,,,,,,,,15,29.87,7.40,22.37,1.65,641.60,1.04,,,,,,,,,,,
playoffs_split2,ALGS Year 4 Split 2 Playoffs,https://apexlegendsstatus.com/algs/Y4-Split2/ALGS-Playoffs/Global/Overview,Y4-Split2,ALGS-Playoffs,Global,Overview,,,https://apexlegendsstatus.com/algs/Y4-Split2/ALGS-Playoffs/Global/Overview,overview,103,other,Scores,16,,,,,,,,,,,,,,GG Blasts,,,,,,,,,16,28.68,6.71,21.23,1.74,665.03,0.88,,,,,,,,,,,
playoffs_split2,ALGS Year 4 Split 2 Playoffs,https://apexlegendsstatus.com/algs/Y4-Split2/ALGS-Playoffs/Global/Overview,Y4-Split2,ALGS-Playoffs,Global,Overview,,,https://apexlegendsstatus.com/algs/Y4-Split2/ALGS-Playoffs/Global/Overview,overview,103,other,Scores,17,,,,,,,,,,,,,,VKG 951,,,,,,,,,17,28.59,31.96,36.33,1.21,794.47,1.14,,,,,,,,,,,
playoffs_split2,ALGS Year 4 Split 2 Playoffs,https://apexlegendsstatus.com/algs/Y4-Split2/ALGS-Playoffs/Global/Overview,Y4-Split2,ALGS-Playoffs,Global,Overview,,,https://apexlegendsstatus.com/algs/Y4-Split2/ALGS-Playoffs/Global/Overview,overview,103,other,Scores,18,,,,,,,,,,,,,,C9 ChaoticMuch,,,,,,,,,18,27.23,22.12,29.61,1.18,731.95,1.24,,,,,,,,,,,
playoffs_split2,ALGS Year 4 Split 2 Playoffs,https://apexlegendsstatus.com/algs/Y4-Split2/ALGS-Playoffs/Global/Overview,Y4-Split2,ALGS-Playoffs,Global,Overview,,,https://apexlegendsstatus.com/algs/Y4-Split2/ALGS-Playoffs/Global/Overview,overview,103,other,Scores,19,,,,,,,,,,,,,,FLCN Imperialhal,,,,,,,,,19,26.68,13.32,24.00,1.44,695.53,1.05,,,,,,,,,,,
playoffs_split2,ALGS Year 4 Split 2 Playoffs,https://apexlegendsstatus.com/algs/Y4-Split2/ALGS-Playoffs/Global/Overview,Y4-Split2,ALGS-Playoffs,Global,Overview,,,https://apexlegendsstatus.com/algs/Y4-Split2/ALGS-Playoffs/Global/Overview,overview,103,other,Scores,20,,,,,,,,,,,,,,NAVI iHenchman,,,,,,,,,20,25.18,21.65,28.10,1.27,697.23,1.16,,,,,,,,,,,
playoffs_split2,ALGS Year 4 Split 2 Playoffs,https://apexlegendsstatus.com/algs/Y4-Split2/ALGS-Playoffs/Global/Overview,Y4-Split2,ALGS-Playoffs,Global,Overview,,,https://apexlegendsstatus.com/algs/Y4-Split2/ALGS-Playoffs/Global/Overview,overview,103,other,Scores,21,,,,,,,,,,,,,,GN OhSlab,,,,,,,,,21,24.54,41.74,39.76,1.47,544.03,1.23,,,,,,,,,,,
playoffs_split2,ALGS Year 4 Split 2 Playoffs,https://apexlegendsstatus.com/algs/Y4-Split2/ALGS-Playoffs/Global/Overview,Y4-Split2,ALGS-Playoffs,Global,Overview,,,https://apexlegendsstatus.com/algs/Y4-Split2/ALGS-Playoffs/Global/Overview,overview,103,other,Scores,22,,,,,,,,,,,,,,FUR Keon,,,,,,,,,22,23.25,11.84,21.05,1.12,758.09,1.14,,,,,,,,,,,
playoffs_split2,ALGS Year 4 Split 2 Playoffs,https://apexlegendsstatus.com/algs/Y4-Split2/ALGS-Playoffs/Global/Overview,Y4-Split2,ALGS-Playoffs,Global,Overview,,,https://apexlegendsstatus.com/algs/Y4-Split2/ALGS-Playoffs/Global/Overview,overview,103,other,Scores,23,,,,,,,,,,,,,,EXL Kurev,,,,,,,,,23,21.91,21.38,25.97,1.10,773.73,1.09,,,,,,,,,,,
playoffs_split2,ALGS Year 4 Split 2 Playoffs,https://apexlegendsstatus.com/algs/Y4-Split2/ALGS-Playoffs/Global/Overview,Y4-Split2,ALGS-Playoffs,Global,Overview,,,https://apexlegendsstatus.com/algs/Y4-Split2/ALGS-Playoffs/Global/Overview,overview,103,other,Scores,24,,,,,,,,,,,,,,FLCN Genburten,,,,,,,,,24,20.86,4.58,15.26,1.00,719.06,1.25,,,,,,,,,,,
playoffs_split2,ALGS Year 4 Split 2 Playoffs,https://apexlegendsstatus.com/algs/Y4-Split2/ALGS-Playoffs/Global/Overview,Y4-Split2,ALGS-Playoffs,Global,Overview,,,https://apexlegendsstatus.com/algs/Y4-Split2/ALGS-Playoffs/Global/Overview,overview,103,other,Scores,25,,,,,,,,,,,,,,TSM Reps,,,,,,,,,25,19.64,-39.41,-11.87,1.15,643.24,1.21,,,,,,,,,,,
playoffs_split2,ALGS Year 4 Split 2 Playoffs,https://apexlegendsstatus.com/algs/Y4-Split2/ALGS-Playoffs/Global/Overview,Y4-Split2,ALGS-Playoffs,Global,Overview,,,https://apexlegendsstatus.com/algs/Y4-Split2/ALGS-Playoffs/Global/Overview,overview,103,other,Scores,26,,,,,,,,,,,,,,HAO wqtagashi,,,,,,,,,26,18.20,36.84,33.02,1.13,583.37,1.28,,,,,,,,,,,
playoffs_split2,ALGS Year 4 Split 2 Playoffs,https://apexlegendsstatus.com/algs/Y4-Split2/ALGS-Playoffs/Global/Overview,Y4-Split2,ALGS-Playoffs,Global,Overview,,,https://apexlegendsstatus.com/algs/Y4-Split2/ALGS-Playoffs/Global/Overview,overview,103,other,Scores,27,,,,,,,,,,,,,,EXO Feuda,,,,,,,,,27,17.86,26.57,26.66,1.28,644.45,1.04,,,,,,,,,,,
playoffs_split2,ALGS Year 4 Split 2 Playoffs,https://apexlegendsstatus.com/algs/Y4-Split2/ALGS-Playoffs/Global/Overview,Y4-Split2,ALGS-Playoffs,Global,Overview,,,https://apexlegendsstatus.com/algs/Y4-Split2/ALGS-Playoffs/Global/Overview,overview,103,other,Scores,28,,,,,,,,,,,,,,LG Sweet,,,,,,,,,28,17.22,12.91,18.07,1.47,652.87,0.83,,,,,,,,,,,
playoffs_split2,ALGS Year 4 Split 2 Playoffs,https://apexlegendsstatus.com/algs/Y4-Split2/ALGS-Playoffs/Global/Overview,Y4-Split2,ALGS-Playoffs,Global,Overview,,,https://apexlegendsstatus.com/algs/Y4-Split2/ALGS-Playoffs/Global/Overview,overview,103,other,Scores,29,,,,,,,,,,,,,,DF Bolin,,,,,,,,,29,17.18,14.99,19.30,0.50,722.00,1.60,,,,,,,,,,,
playoffs_split2,ALGS Year 4 Split 2 Playoffs,https://apexlegendsstatus.com/algs/Y4-Split2/ALGS-Playoffs/Global/Overview,Y4-Split2,ALGS-Playoffs,Global,Overview,,,https://apexlegendsstatus.com/algs/Y4-Split2/ALGS-Playoffs/Global/Overview,overview,103,other,Scores,30,,,,,,,,,,,,,,NAVI KIND4,,,,,,,,,30,16.91,9.25,15.70,1.07,745.53,1.03,,,,,,,,,,,
playoffs_split2,ALGS Year 4 Split 2 Playoffs,https://apexlegendsstatus.com/algs/Y4-Split2/ALGS-Playoffs/Global/Overview,Y4-Split2,ALGS-Playoffs,Global,Overview,,,https://apexlegendsstatus.com/algs/Y4-Split2/ALGS-Playoffs/Global/Overview,overview,103,other,Scores,31,,,,,,,,,,,,,,GLD Jeskoesk,,,,,,,,,31,16.57,7.31,14.33,0.98,733.23,1.12,,,,,,,,,,,
playoffs_split2,ALGS Year 4 Split 2 Playoffs,https://apexlegendsstatus.com/algs/Y4-Split2/ALGS-Playoffs/Global/Overview,Y4-Split2,ALGS-Playoffs,Global,Overview,,,https://apexlegendsstatus.com/algs/Y4-Split2/ALGS-Playoffs/Global/Overview,overview,103,other,Scores,32,,,,,,,,,,,,,,FNC Lykq,,,,,,,,,32,16.17,-8.51,4.60,1.08,682.40,1.11,,,,,,,,,,,
playoffs_split2,ALGS Year 4 Split 2 Playoffs,https://apexlegendsstatus.com/algs/Y4-Split2/ALGS-Playoffs/Global/Overview,Y4-Split2,ALGS-Playoffs,Global,Overview,,,https://apexlegendsstatus.com/algs/Y4-Split2/ALGS-Playoffs/Global/Overview,overview,103,other,Scores,33,,,,,,,,,,,,,,LG Sikezz,,,,,,,,,33,15.64,10.55,15.71,1.10,711.30,1.02,,,,,,,,,,,
playoffs_split2,ALGS Year 4 Split 2 Playoffs,https://apexlegendsstatus.com/algs/Y4-Split2/ALGS-Playoffs/Global/Overview,Y4-Split2,ALGS-Playoffs,Global,Overview,,,https://apexlegendsstatus.com/algs/Y4-Split2/ALGS-Playoffs/Global/Overview,overview,103,other,Scores,34,,,,,,,,,,,,,,FUR ImMadness,,,,,,,,,34,15.17,-0.28,8.93,1.12,648.88,1.10,,,,,,,,,,,
playoffs_split2,ALGS Year 4 Split 2 Playoffs,https://apexlegendsstatus.com/algs/Y4-Split2/ALGS-Playoffs/Global/Overview,Y4-Split2,ALGS-Playoffs,Global,Overview,,,https://apexlegendsstatus.com/algs/Y4-Split2/ALGS-Playoffs/Global/Overview,overview,103,other,Scores,35,,,,,,,,,,,,,,C9 sauceror,,,,,,,,,35,14.54,3.09,10.58,0.98,582.15,1.33,,,,,,,,,,,
playoffs_split2,ALGS Year 4 Split 2 Playoffs,https://apexlegendsstatus.com/algs/Y4-Split2/ALGS-Playoffs/Global/Overview,Y4-Split2,ALGS-Playoffs,Global,Overview,,,https://apexlegendsstatus.com/algs/Y4-Split2/ALGS-Playoffs/Global/Overview,overview,103,other,Scores,36,,,,,,,,,,,,,,GLD Legacy,,,,,,,,,36,13.48,2.66,9.68,1.43,576.18,0.89,,,,,,,,,,,
playoffs_split2,ALGS Year 4 Split 2 Playoffs,https://apexlegendsstatus.com/algs/Y4-Split2/ALGS-Playoffs/Global/Overview,Y4-Split2,ALGS-Playoffs,Global,Overview,,,https://apexlegendsstatus.com/algs/Y4-Split2/ALGS-Playoffs/Global/Overview,overview,103,other,Scores,37,,,,,,,,,,,,,,BLD Dropped,,,,,,,,,37,13.45,12.39,15.51,1.47,583.76,0.84,,,,,,,,,,,
playoffs_split2,ALGS Year 4 Split 2 Playoffs,https://apexlegendsstatus.com/algs/Y4-Split2/ALGS-Playoffs/Global/Overview,Y4-Split2,ALGS-Playoffs,Global,Overview,,,https://apexlegendsstatus.com/algs/Y4-Split2/ALGS-Playoffs/Global/Overview,overview,103,other,Scores,38,,,,,,,,,,,,,,FNC satuki,,,,,,,,,38,12.79,-13.59,-0.48,0.90,690.05,1.16,,,,,,,,,,,
playoffs_split2,ALGS Year 4 Split 2 Playoffs,https://apexlegendsstatus.com/algs/Y4-Split2/ALGS-Playoffs/Global/Overview,Y4-Split2,ALGS-Playoffs,Global,Overview,,,https://apexlegendsstatus.com/algs/Y4-Split2/ALGS-Playoffs/Global/Overview,overview,103,other,Scores,39,,,,,,,,,,,,,,E36 Cinap,,,,,,,,,39,10.86,23.31,20.51,1.35,585.15,0.87,,,,,,,,,,,
playoffs_split2,ALGS Year 4 Split 2 Playoffs,https://apexlegendsstatus.com/algs/Y4-Split2/ALGS-Playoffs/Global/Overview,Y4-Split2,ALGS-Playoffs,Global,Overview,,,https://apexlegendsstatus.com/algs/Y4-Split2/ALGS-Playoffs/Global/Overview,overview,103,other,Scores,40,,,,,,,,,,,,,,VKG QQ,,,,,,,,,40,10.39,4.66,9.03,1.06,634.47,1.04,,,,,,,,,,,
playoffs_split2,ALGS Year 4 Split 2 Playoffs,https://apexlegendsstatus.com/algs/Y4-Split2/ALGS-Playoffs/Global/Overview,Y4-Split2,ALGS-Playoffs,Global,Overview,,,https://apexlegendsstatus.com/algs/Y4-Split2/ALGS-Playoffs/Global/Overview,overview,103,other,Scores,41,,,,,,,,,,,,,,GG Lufka,,,,,,,,,41,9.34,-22.30,-7.78,1.24,631.18,0.86,,,,,,,,,,,
playoffs_split2,ALGS Year 4 Split 2 Playoffs,https://apexlegendsstatus.com/algs/Y4-Split2/ALGS-Playoffs/Global/Overview,Y4-Split2,ALGS-Playoffs,Global,Overview,,,https://apexlegendsstatus.com/algs/Y4-Split2/ALGS-Playoffs/Global/Overview,overview,103,other,Scores,42,,,,,,,,,,,,,,FAK lzhidan,,,,,,,,,42,8.31,34.32,25.58,1.33,589.79,0.81,,,,,,,,,,,
playoffs_split2,ALGS Year 4 Split 2 Playoffs,https://apexlegendsstatus.com/algs/Y4-Split2/ALGS-Playoffs/Global/Overview,Y4-Split2,ALGS-Playoffs,Global,Overview,,,https://apexlegendsstatus.com/algs/Y4-Split2/ALGS-Playoffs/Global/Overview,overview,103,other,Scores,43,,,,,,,,,,,,,,KCP Onmuu,,,,,,,,,43,8.12,14.47,13.55,0.96,605.33,1.12,,,,,,,,,,,
playoffs_split2,ALGS Year 4 Split 2 Playoffs,https://apexlegendsstatus.com/algs/Y4-Split2/ALGS-Playoffs/Global/Overview,Y4-Split2,ALGS-Playoffs,Global,Overview,,,https://apexlegendsstatus.com/algs/Y4-Split2/ALGS-Playoffs/Global/Overview,overview,103,other,Scores,44,,,,,,,,,,,,,,FUR Vaxlon,,,,,,,,,44,7.64,-11.56,-2.35,1.21,607.71,0.88,,,,,,,,,,,
playoffs_split2,ALGS Year 4 Split 2 Playoffs,https://apexlegendsstatus.com/algs/Y4-Split2/ALGS-Playoffs/Global/Overview,Y4-Split2,ALGS-Playoffs,Global,Overview,,,https://apexlegendsstatus.com/algs/Y4-Split2/ALGS-Playoffs/Global/Overview,overview,103,other,Scores,45,,,,,,,,,,,,,,TLAW lYanYal,,,,,,,,,45,6.95,32.28,23.54,1.08,586.55,1.01,,,,,,,,,,,
playoffs_split2,ALGS Year 4 Split 2 Playoffs,https://apexlegendsstatus.com/algs/Y4-Split2/ALGS-Playoffs/Global/Overview,Y4-Split2,ALGS-Playoffs,Global,Overview,,,https://apexlegendsstatus.com/algs/Y4-Split2/ALGS-Playoffs/Global/Overview,overview,103,other,Scores,46,,,,,,,,,,,,,,E36 Aimbot,,,,,,,,,46,6.21,16.33,13.52,1.15,607.24,0.89,,,,,,,,,,,
playoffs_split2,ALGS Year 4 Split 2 Playoffs,https://apexlegendsstatus.com/algs/Y4-Split2/ALGS-Playoffs/Global/Overview,Y4-Split2,ALGS-Playoffs,Global,Overview,,,https://apexlegendsstatus.com/algs/Y4-Split2/ALGS-Playoffs/Global/Overview,overview,103,other,Scores,47,,,,,,,,,,,,,,EXL Azazel,,,,,,,,,47,6.13,-2.30,2.29,1.03,602.67,1.00,,,,,,,,,,,
playoffs_split2,ALGS Year 4 Split 2 Playoffs,https://apexlegendsstatus.com/algs/Y4-Split2/ALGS-Playoffs/Global/Overview,Y4-Split2,ALGS-Playoffs,Global,Overview,,,https://apexlegendsstatus.com/algs/Y4-Split2/ALGS-Playoffs/Global/Overview,overview,103,other,Scores,48,,,,,,,,,,,,,,SDW Zhouzhou,,,,,,,,,48,6.12,22.23,17.01,1.50,504.13,0.74,,,,,,,,,,,
playoffs_split2,ALGS Year 4 Split 2 Playoffs,https://apexlegendsstatus.com/algs/Y4-Split2/ALGS-Playoffs/Global/Overview,Y4-Split2,ALGS-Playoffs,Global,Overview,,,https://apexlegendsstatus.com/algs/Y4-Split2/ALGS-Playoffs/Global/Overview,overview,103,other,Scores,49,,,,,,,,,,,,,,FLCN Zer0,,,,,,,,,49,5.86,-17.91,-7.23,1.21,627.91,0.79,,,,,,,,,,,
playoffs_split2,ALGS Year 4 Split 2 Playoffs,https://apexlegendsstatus.com/algs/Y4-Split2/ALGS-Playoffs/Global/Overview,Y4-Split2,ALGS-Playoffs,Global,Overview,,,https://apexlegendsstatus.com/algs/Y4-Split2/ALGS-Playoffs/Global/Overview,overview,103,other,Scores,50,,,,,,,,,,,,,,SSE KingMSG,,,,,,,,,50,5.80,41.05,28.11,0.92,619.63,1.07,,,,,,,,,,,
playoffs_split2,ALGS Year 4 Split 2 Playoffs,https://apexlegendsstatus.com/algs/Y4-Split2/ALGS-Playoffs/Global/Overview,Y4-Split2,ALGS-Playoffs,Global,Overview,,,https://apexlegendsstatus.com/algs/Y4-Split2/ALGS-Playoffs/Global/Overview,overview,103,other,Scores,51,,,,,,,,,,,,,,NOC RemixPowers,,,,,,,,,51,5.65,8.79,8.66,1.20,557.03,0.91,,,,,,,,,,,
playoffs_split2,ALGS Year 4 Split 2 Playoffs,https://apexlegendsstatus.com/algs/Y4-Split2/ALGS-Playoffs/Global/Overview,Y4-Split2,ALGS-Playoffs,Global,Overview,,,https://apexlegendsstatus.com/algs/Y4-Split2/ALGS-Playoffs/Global/Overview,overview,103,other,Scores,52,,,,,,,,,,,,,,BLD Shooby,,,,,,,,,52,5.10,-0.14,2.98,0.97,605.94,1.02,,,,,,,,,,,
playoffs_split2,ALGS Year 4 Split 2 Playoffs,https://apexlegendsstatus.com/algs/Y4-Split2/ALGS-Playoffs/Global/Overview,Y4-Split2,ALGS-Playoffs,Global,Overview,,,https://apexlegendsstatus.com/algs/Y4-Split2/ALGS-Playoffs/Global/Overview,overview,103,other,Scores,53,,,,,,,,,,,,,,GLD Emtee,,,,,,,,,53,5.06,-9.97,-2.95,0.68,627.55,1.26,,,,,,,,,,,
playoffs_split2,ALGS Year 4 Split 2 Playoffs,https://apexlegendsstatus.com/algs/Y4-Split2/ALGS-Playoffs/Global/Overview,Y4-Split2,ALGS-Playoffs,Global,Overview,,,https://apexlegendsstatus.com/algs/Y4-Split2/ALGS-Playoffs/Global/Overview,overview,103,other,Scores,54,,,,,,,,,,,,,,KCP gent,,,,,,,,,54,3.49,7.52,6.60,0.92,633.79,0.98,,,,,,,,,,,
playoffs_split2,ALGS Year 4 Split 2 Playoffs,https://apexlegendsstatus.com/algs/Y4-Split2/ALGS-Playoffs/Global/Overview,Y4-Split2,ALGS-Playoffs,Global,Overview,,,https://apexlegendsstatus.com/algs/Y4-Split2/ALGS-Playoffs/Global/Overview,overview,103,other,Scores,55,,,,,,,,,,,,,,FOXX Meltstera,,,,,,,,,55,1.09,35.57,21.99,0.83,534.92,1.16,,,,,,,,,,,
playoffs_split2,ALGS Year 4 Split 2 Playoffs,https://apexlegendsstatus.com/algs/Y4-Split2/ALGS-Playoffs/Global/Overview,Y4-Split2,ALGS-Playoffs,Global,Overview,,,https://apexlegendsstatus.com/algs/Y4-Split2/ALGS-Playoffs/Global/Overview,overview,103,other,Scores,56,,,,,,,,,,,,,,LGND EzFlashKIDZ,,,,,,,,,56,0.81,6.17,4.19,1.00,525.50,1.01,,,,,,,,,,,
playoffs_split2,ALGS Year 4 Split 2 Playoffs,https://apexlegendsstatus.com/algs/Y4-Split2/ALGS-Playoffs/Global/Overview,Y4-Split2,ALGS-Playoffs,Global,Overview,,,https://apexlegendsstatus.com/algs/Y4-Split2/ALGS-Playoffs/Global/Overview,overview,103,other,Scores,57,,,,,,,,,,,,,,NTH Taida,,,,,,,,,57,0.74,25.24,15.59,0.80,566.87,1.13,,,,,,,,,,,
playoffs_split2,ALGS Year 4 Split 2 Playoffs,https://apexlegendsstatus.com/algs/Y4-Split2/ALGS-Playoffs/Global/Overview,Y4-Split2,ALGS-Playoffs,Global,Overview,,,https://apexlegendsstatus.com/algs/Y4-Split2/ALGS-Playoffs/Global/Overview,overview,103,other,Scores,58,,,,,,,,,,,,,,ALL Hakis,,,,,,,,,58,0.30,-36.95,-21.99,0.88,569.63,1.04,,,,,,,,,,,
playoffs_split2,ALGS Year 4 Split 2 Playoffs,https://apexlegendsstatus.com/algs/Y4-Split2/ALGS-Playoffs/Global/Overview,Y4-Split2,ALGS-Playoffs,Global,Overview,,,https://apexlegendsstatus.com/algs/Y4-Split2/ALGS-Playoffs/Global/Overview,overview,103,other,Scores,59,,,,,,,,,,,,,,NRG FunFPS,,,,,,,,,59,-1.34,-11.28,-7.57,0.56,647.79,1.15,,,,,,,,,,,
playoffs_split2,ALGS Year 4 Split 2 Playoffs,https://apexlegendsstatus.com/algs/Y4-Split2/ALGS-Playoffs/Global/Overview,Y4-Split2,ALGS-Playoffs,Global,Overview,,,https://apexlegendsstatus.com/algs/Y4-Split2/ALGS-Playoffs/Global/Overview,overview,103,other,Scores,60,,,,,,,,,,,,,,SSG Phony,,,,,,,,,60,-1.75,-52.57,-32.59,0.79,444.76,1.27,,,,,,,,,,,
playoffs_split2,ALGS Year 4 Split 2 Playoffs,https://apexlegendsstatus.com/algs/Y4-Split2/ALGS-Playoffs/Global/Overview,Y4-Split2,ALGS-Playoffs,Global,Overview,,,https://apexlegendsstatus.com/algs/Y4-Split2/ALGS-Playoffs/Global/Overview,overview,103,other,Scores,61,,,,,,,,,,,,,,LGND StrafingFlame,,,,,,,,,61,-2.29,2.31,0.01,0.72,627.22,1.01,,,,,,,,,,,
playoffs_split2,ALGS Year 4 Split 2 Playoffs,https://apexlegendsstatus.com/algs/Y4-Split2/ALGS-Playoffs/Global/Overview,Y4-Split2,ALGS-Playoffs,Global,Overview,,,https://apexlegendsstatus.com/algs/Y4-Split2/ALGS-Playoffs/Global/Overview,overview,103,other,Scores,62,,,,,,,,,,,,,,NOC mohziin,,,,,,,,,62,-2.58,-3.54,-3.67,0.95,548.90,0.92,,,,,,,,,,,
playoffs_split2,ALGS Year 4 Split 2 Playoffs,https://apexlegendsstatus.com/algs/Y4-Split2/ALGS-Playoffs/Global/Overview,Y4-Split2,ALGS-Playoffs,Global,Overview,,,https://apexlegendsstatus.com/algs/Y4-Split2/ALGS-Playoffs/Global/Overview,overview,103,other,Scores,63,,,,,,,,,,,,,,GHS 4rufa,,,,,,,,,63,-2.63,38.75,21.67,0.63,576.50,1.17,,,,,,,,,,,
playoffs_split2,ALGS Year 4 Split 2 Playoffs,https://apexlegendsstatus.com/algs/Y4-Split2/ALGS-Playoffs/Global/Overview,Y4-Split2,ALGS-Playoffs,Global,Overview,,,https://apexlegendsstatus.com/algs/Y4-Split2/ALGS-Playoffs/Global/Overview,overview,103,other,Scores,64,,,,,,,,,,,,,,LGND Gnaske,,,,,,,,,64,-2.95,1.48,-0.88,0.92,645.83,0.78,,,,,,,,,,,
playoffs_split2,ALGS Year 4 Split 2 Playoffs,https://apexlegendsstatus.com/algs/Y4-Split2/ALGS-Playoffs/Global/Overview,Y4-Split2,ALGS-Playoffs,Global,Overview,,,https://apexlegendsstatus.com/algs/Y4-Split2/ALGS-Playoffs/Global/Overview,overview,103,other,Scores,65,,,,,,,,,,,,,,BLD knoqd,,,,,,,,,65,-2.98,-12.25,-9.14,0.85,581.59,0.95,,,,,,,,,,,
playoffs_split2,ALGS Year 4 Split 2 Playoffs,https://apexlegendsstatus.com/algs/Y4-Split2/ALGS-Playoffs/Global/Overview,Y4-Split2,ALGS-Playoffs,Global,Overview,,,https://apexlegendsstatus.com/algs/Y4-Split2/ALGS-Playoffs/Global/Overview,overview,103,other,Scores,66,,,,,,,,,,,,,,NOC Atinum,,,,,,,,,66,-3.72,-5.25,-5.38,0.85,491.55,1.08,,,,,,,,,,,
playoffs_split2,ALGS Year 4 Split 2 Playoffs,https://apexlegendsstatus.com/algs/Y4-Split2/ALGS-Playoffs/Global/Overview,Y4-Split2,ALGS-Playoffs,Global,Overview,,,https://apexlegendsstatus.com/algs/Y4-Split2/ALGS-Playoffs/Global/Overview,overview,103,other,Scores,67,,,,,,,,,,,,,,C9 Naughty,,,,,,,,,67,-4.32,-25.21,-17.72,0.88,502.38,1.03,,,,,,,,,,,
playoffs_split2,ALGS Year 4 Split 2 Playoffs,https://apexlegendsstatus.com/algs/Y4-Split2/ALGS-Playoffs/Global/Overview,Y4-Split2,ALGS-Playoffs,Global,Overview,,,https://apexlegendsstatus.com/algs/Y4-Split2/ALGS-Playoffs/Global/Overview,overview,103,other,Scores,68,,,,,,,,,,,,,,EXO Slayers,,,,,,,,,68,-4.67,-7.23,-7.14,0.93,490.78,0.99,,,,,,,,,,,
playoffs_split2,ALGS Year 4 Split 2 Playoffs,https://apexlegendsstatus.com/algs/Y4-Split2/ALGS-Playoffs/Global/Overview,Y4-Split2,ALGS-Playoffs,Global,Overview,,,https://apexlegendsstatus.com/algs/Y4-Split2/ALGS-Playoffs/Global/Overview,overview,103,other,Scores,69,,,,,,,,,,,,,,EXL brtus_o,,,,,,,,,69,-5.06,-19.07,-14.48,0.70,612.63,0.97,,,,,,,,,,,
playoffs_split2,ALGS Year 4 Split 2 Playoffs,https://apexlegendsstatus.com/algs/Y4-Split2/ALGS-Playoffs/Global/Overview,Y4-Split2,ALGS-Playoffs,Global,Overview,,,https://apexlegendsstatus.com/algs/Y4-Split2/ALGS-Playoffs/Global/Overview,overview,103,other,Scores,70,,,,,,,,,,,,,,MKS ASIAZXD,,,,,,,,,70,-5.14,18.12,7.79,0.78,560.80,0.99,,,,,,,,,,,
playoffs_split2,ALGS Year 4 Split 2 Playoffs,https://apexlegendsstatus.com/algs/Y4-Split2/ALGS-Playoffs/Global/Overview,Y4-Split2,ALGS-Playoffs,Global,Overview,,,https://apexlegendsstatus.com/algs/Y4-Split2/ALGS-Playoffs/Global/Overview,overview,103,other,Scores,71,,,,,,,,,,,,,,SWQ Dount,,,,,,,,,71,-5.49,19.03,8.12,0.73,540.83,1.06,,,,,,,,,,,
playoffs_split2,ALGS Year 4 Split 2 Playoffs,https://apexlegendsstatus.com/algs/Y4-Split2/ALGS-Playoffs/Global/Overview,Y4-Split2,ALGS-Playoffs,Global,Overview,,,https://apexlegendsstatus.com/algs/Y4-Split2/ALGS-Playoffs/Global/Overview,overview,103,other,Scores,72,,,,,,,,,,,,,,LGND Amphy,,,,,,,,,72,-5.70,-1.95,-4.59,1.42,438.83,0.60,,,,,,,,,,,
playoffs_split2,ALGS Year 4 Split 2 Playoffs,https://apexlegendsstatus.com/algs/Y4-Split2/ALGS-Playoffs/Global/Overview,Y4-Split2,ALGS-Playoffs,Global,Overview,,,https://apexlegendsstatus.com/algs/Y4-Split2/ALGS-Playoffs/Global/Overview,overview,103,other,Scores,73,,,,,,,,,,,,,,FL mo-mon_,,,,,,,,,73,-5.82,18.29,7.48,0.83,540.25,0.95,,,,,,,,,,,
playoffs_split2,ALGS Year 4 Split 2 Playoffs,https://apexlegendsstatus.com/algs/Y4-Split2/ALGS-Playoffs/Global/Overview,Y4-Split2,ALGS-Playoffs,Global,Overview,,,https://apexlegendsstatus.com/algs/Y4-Split2/ALGS-Playoffs/Global/Overview,overview,103,other,Scores,74,,,,,,,,,,,,,,LG Fuhhnq,,,,,,,,,74,-7.02,-23.45,-18.29,0.77,535.33,0.99,,,,,,,,,,,
playoffs_split2,ALGS Year 4 Split 2 Playoffs,https://apexlegendsstatus.com/algs/Y4-Split2/ALGS-Playoffs/Global/Overview,Y4-Split2,ALGS-Playoffs,Global,Overview,,,https://apexlegendsstatus.com/algs/Y4-Split2/ALGS-Playoffs/Global/Overview,overview,103,other,Scores,75,,,,,,,,,,,,,,FAZE Naghz,,,,,,,,,75,-8.65,4.09,-2.74,0.63,558.13,1.04,,,,,,,,,,,
playoffs_split2,ALGS Year 4 Split 2 Playoffs,https://apexlegendsstatus.com/algs/Y4-Split2/ALGS-Playoffs/Global/Overview,Y4-Split2,ALGS-Playoffs,Global,Overview,,,https://apexlegendsstatus.com/algs/Y4-Split2/ALGS-Playoffs/Global/Overview,overview,103,other,Scores,76,,,,,,,,,,,,,,SWQ YouL1ng,,,,,,,,,76,-9.64,12.80,1.90,0.80,490.13,0.96,,,,,,,,,,,
playoffs_split2,ALGS Year 4 Split 2 Playoffs,https://apexlegendsstatus.com/algs/Y4-Split2/ALGS-Playoffs/Global/Overview,Y4-Split2,ALGS-Playoffs,Global,Overview,,,https://apexlegendsstatus.com/algs/Y4-Split2/ALGS-Playoffs/Global/Overview,overview,103,other,Scores,77,,,,,,,,,,,,,,GN K4SHERA,,,,,,,,,77,-9.69,-9.60,-11.57,0.80,445.03,1.04,,,,,,,,,,,
playoffs_split2,ALGS Year 4 Split 2 Playoffs,https://apexlegendsstatus.com/algs/Y4-Split2/ALGS-Playoffs/Global/Overview,Y4-Split2,ALGS-Playoffs,Global,Overview,,,https://apexlegendsstatus.com/algs/Y4-Split2/ALGS-Playoffs/Global/Overview,overview,103,other,Scores,78,,,,,,,,,,,,,,NAVI MaTaFe,,,,,,,,,78,-9.86,-30.91,-24.46,0.90,522.10,0.81,,,,,,,,,,,
playoffs_split2,ALGS Year 4 Split 2 Playoffs,https://apexlegendsstatus.com/algs/Y4-Split2/ALGS-Playoffs/Global/Overview,Y4-Split2,ALGS-Playoffs,Global,Overview,,,https://apexlegendsstatus.com/algs/Y4-Split2/ALGS-Playoffs/Global/Overview,overview,103,other,Scores,79,,,,,,,,,,,,,,COL KIMCHI,,,,,,,,,79,-10.15,-47.78,-34.76,0.88,470.10,0.92,,,,,,,,,,,
playoffs_split2,ALGS Year 4 Split 2 Playoffs,https://apexlegendsstatus.com/algs/Y4-Split2/ALGS-Playoffs/Global/Overview,Y4-Split2,ALGS-Playoffs,Global,Overview,,,https://apexlegendsstatus.com/algs/Y4-Split2/ALGS-Playoffs/Global/Overview,overview,103,other,Scores,80,,,,,,,,,,,,,,NTH ReyzyGG,,,,,,,,,80,-10.50,8.38,-1.27,0.73,509.97,0.97,,,,,,,,,,,
playoffs_split2,ALGS Year 4 Split 2 Playoffs,https://apexlegendsstatus.com/algs/Y4-Split2/ALGS-Playoffs/Global/Overview,Y4-Split2,ALGS-Playoffs,Global,Overview,,,https://apexlegendsstatus.com/algs/Y4-Split2/ALGS-Playoffs/Global/Overview,overview,103,other,Scores,81,,,,,,,,,,,,,,LGND PlayerKay,,,,,,,,,81,-10.54,-8.01,-11.13,0.70,521.63,0.98,,,,,,,,,,,
playoffs_split2,ALGS Year 4 Split 2 Playoffs,https://apexlegendsstatus.com/algs/Y4-Split2/ALGS-Playoffs/Global/Overview,Y4-Split2,ALGS-Playoffs,Global,Overview,,,https://apexlegendsstatus.com/algs/Y4-Split2/ALGS-Playoffs/Global/Overview,overview,103,other,Scores,82,,,,,,,,,,,,,,FAZE Sinetic,,,,,,,,,82,-10.83,0.83,-6.00,0.54,598.83,0.98,,,,,,,,,,,
playoffs_split2,ALGS Year 4 Split 2 Playoffs,https://apexlegendsstatus.com/algs/Y4-Split2/ALGS-Playoffs/Global/Overview,Y4-Split2,ALGS-Playoffs,Global,Overview,,,https://apexlegendsstatus.com/algs/Y4-Split2/ALGS-Playoffs/Global/Overview,overview,103,other,Scores,83,,,,,,,,,,,,,,HAO Right,,,,,,,,,83,-11.54,-7.78,-11.59,0.97,423.17,0.87,,,,,,,,,,,
playoffs_split2,ALGS Year 4 Split 2 Playoffs,https://apexlegendsstatus.com/algs/Y4-Split2/ALGS-Playoffs/Global/Overview,Y4-Split2,ALGS-Playoffs,Global,Overview,,,https://apexlegendsstatus.com/algs/Y4-Split2/ALGS-Playoffs/Global/Overview,overview,103,other,Scores,84,,,,,,,,,,,,,,SDW KPG_OuOKh,,,,,,,,,84,-12.67,-5.96,-11.18,0.57,588.13,0.92,,,,,,,,,,,
playoffs_split2,ALGS Year 4 Split 2 Playoffs,https://apexlegendsstatus.com/algs/Y4-Split2/ALGS-Playoffs/Global/Overview,Y4-Split2,ALGS-Playoffs,Global,Overview,,,https://apexlegendsstatus.com/algs/Y4-Split2/ALGS-Playoffs/Global/Overview,overview,103,other,Scores,85,,,,,,,,,,,,,,EXO KSWINNIIE,,,,,,,,,85,-12.74,-19.34,-19.25,0.63,463.18,1.09,,,,,,,,,,,
playoffs_split2,ALGS Year 4 Split 2 Playoffs,https://apexlegendsstatus.com/algs/Y4-Split2/ALGS-Playoffs/Global/Overview,Y4-Split2,ALGS-Playoffs,Global,Overview,,,https://apexlegendsstatus.com/algs/Y4-Split2/ALGS-Playoffs/Global/Overview,overview,103,other,Scores,86,,,,,,,,,,,,,,FAZE arctic,,,,,,,,,86,-14.66,-4.92,-11.75,0.46,553.21,1.03,,,,,,,,,,,
playoffs_split2,ALGS Year 4 Split 2 Playoffs,https://apexlegendsstatus.com/algs/Y4-Split2/ALGS-Playoffs/Global/Overview,Y4-Split2,ALGS-Playoffs,Global,Overview,,,https://apexlegendsstatus.com/algs/Y4-Split2/ALGS-Playoffs/Global/Overview,overview,103,other,Scores,87,,,,,,,,,,,,,,RC Ein,,,,,,,,,87,-15.21,22.76,4.53,0.70,512.20,0.86,,,,,,,,,,,
playoffs_split2,ALGS Year 4 Split 2 Playoffs,https://apexlegendsstatus.com/algs/Y4-Split2/ALGS-Playoffs/Global/Overview,Y4-Split2,ALGS-Playoffs,Global,Overview,,,https://apexlegendsstatus.com/algs/Y4-Split2/ALGS-Playoffs/Global/Overview,overview,103,other,Scores,88,,,,,,,,,,,,,,KCP Deeds,,,,,,,,,88,-16.17,-21.98,-22.89,0.54,496.79,1.01,,,,,,,,,,,
playoffs_split2,ALGS Year 4 Split 2 Playoffs,https://apexlegendsstatus.com/algs/Y4-Split2/ALGS-Playoffs/Global/Overview,Y4-Split2,ALGS-Playoffs,Global,Overview,,,https://apexlegendsstatus.com/algs/Y4-Split2/ALGS-Playoffs/Global/Overview,overview,103,other,Scores,89,,,,,,,,,,,,,,DF Pite,,,,,,,,,89,-16.50,-29.91,-27.85,0.83,441.63,0.83,,,,,,,,,,,
playoffs_split2,ALGS Year 4 Split 2 Playoffs,https://apexlegendsstatus.com/algs/Y4-Split2/ALGS-Playoffs/Global/Overview,Y4-Split2,ALGS-Playoffs,Global,Overview,,,https://apexlegendsstatus.com/algs/Y4-Split2/ALGS-Playoffs/Global/Overview,overview,103,other,Scores,90,,,,,,,,,,,,,,VKG Kaaasa,,,,,,,,,90,-17.13,-36.62,-32.25,0.50,520.03,0.98,,,,,,,,,,,
playoffs_split2,ALGS Year 4 Split 2 Playoffs,https://apexlegendsstatus.com/algs/Y4-Split2/ALGS-Playoffs/Global/Overview,Y4-Split2,ALGS-Playoffs,Global,Overview,,,https://apexlegendsstatus.com/algs/Y4-Split2/ALGS-Playoffs/Global/Overview,overview,103,other,Scores,91,,,,,,,,,,,,,,NRG Reptar,,,,,,,,,91,-17.51,-35.53,-31.82,0.76,472.82,0.80,,,,,,,,,,,
playoffs_split2,ALGS Year 4 Split 2 Playoffs,https://apexlegendsstatus.com/algs/Y4-Split2/ALGS-Playoffs/Global/Overview,Y4-Split2,ALGS-Playoffs,Global,Overview,,,https://apexlegendsstatus.com/algs/Y4-Split2/ALGS-Playoffs/Global/Overview,overview,103,other,Scores,92,,,,,,,,,,,,,,SDW Jacky1,,,,,,,,,92,-19.55,-16.27,-21.49,0.70,401.40,0.93,,,,,,,,,,,
playoffs_split2,ALGS Year 4 Split 2 Playoffs,https://apexlegendsstatus.com/algs/Y4-Split2/ALGS-Playoffs/Global/Overview,Y4-Split2,ALGS-Playoffs,Global,Overview,,,https://apexlegendsstatus.com/algs/Y4-Split2/ALGS-Playoffs/Global/Overview,overview,103,other,Scores,93,,,,,,,,,,,,,,FAK JSavageW,,,,,,,,,93,-19.92,-8.01,-16.76,0.75,463.00,0.77,,,,,,,,,,,
playoffs_split2,ALGS Year 4 Split 2 Playoffs,https://apexlegendsstatus.com/algs/Y4-Split2/ALGS-Playoffs/Global/Overview,Y4-Split2,ALGS-Playoffs,Global,Overview,,,https://apexlegendsstatus.com/algs/Y4-Split2/ALGS-Playoffs/Global/Overview,overview,103,other,Scores,94,,,,,,,,,,,,,,MKS DEXTER,,,,,,,,,94,-20.34,-4.67,-15.01,0.68,432.23,0.88,,,,,,,,,,,
playoffs_split2,ALGS Year 4 Split 2 Playoffs,https://apexlegendsstatus.com/algs/Y4-Split2/ALGS-Playoffs/Global/Overview,Y4-Split2,ALGS-Playoffs,Global,Overview,,,https://apexlegendsstatus.com/algs/Y4-Split2/ALGS-Playoffs/Global/Overview,overview,103,other,Scores,95,,,,,,,,,,,,,,GHS 1tappy,,,,,,,,,95,-20.64,11.74,-5.34,0.79,411.33,0.80,,,,,,,,,,,
playoffs_split2,ALGS Year 4 Split 2 Playoffs,https://apexlegendsstatus.com/algs/Y4-Split2/ALGS-Playoffs/Global/Overview,Y4-Split2,ALGS-Playoffs,Global,Overview,,,https://apexlegendsstatus.com/algs/Y4-Split2/ALGS-Playoffs/Global/Overview,overview,103,other,Scores,96,,,,,,,,,,,,,,FL Curihara,,,,,,,,,96,-21.18,-4.75,-15.55,0.75,431.79,0.79,,,,,,,,,,,
playoffs_split2,ALGS Year 4 Split 2 Playoffs,https://apexlegendsstatus.com/algs/Y4-Split2/ALGS-Playoffs/Global/Overview,Y4-Split2,ALGS-Playoffs,Global,Overview,,,https://apexlegendsstatus.com/algs/Y4-Split2/ALGS-Playoffs/Global/Overview,overview,103,other,Scores,97,,,,,,,,,,,,,,TLAW jaguaresl,,,,,,,,,97,-21.88,-10.96,-19.70,0.70,431.93,0.81,,,,,,,,,,,
playoffs_split2,ALGS Year 4 Split 2 Playoffs,https://apexlegendsstatus.com/algs/Y4-Split2/ALGS-Playoffs/Global/Overview,Y4-Split2,ALGS-Playoffs,Global,Overview,,,https://apexlegendsstatus.com/algs/Y4-Split2/ALGS-Playoffs/Global/Overview,overview,103,other,Scores,98,,,,,,,,,,,,,,XNY JonnyR,,,,,,,,,98,-22.18,15.98,-3.72,0.67,421.50,0.85,,,,,,,,,,,
playoffs_split2,ALGS Year 4 Split 2 Playoffs,https://apexlegendsstatus.com/algs/Y4-Split2/ALGS-Playoffs/Global/Overview,Y4-Split2,ALGS-Playoffs,Global,Overview,,,https://apexlegendsstatus.com/algs/Y4-Split2/ALGS-Playoffs/Global/Overview,overview,103,other,Scores,99,,,,,,,,,,,,,,OLP KiingZ,,,,,,,,,99,-22.32,10.62,-7.02,0.71,463.96,0.74,,,,,,,,,,,
playoffs_split2,ALGS Year 4 Split 2 Playoffs,https://apexlegendsstatus.com/algs/Y4-Split2/ALGS-Playoffs/Global/Overview,Y4-Split2,ALGS-Playoffs,Global,Overview,,,https://apexlegendsstatus.com/algs/Y4-Split2/ALGS-Playoffs/Global/Overview,overview,103,other,Scores,100,,,,,,,,,,,,,,RC Kernel garcia,,,,,,,,,100,-23.29,10.63,-7.60,0.60,427.07,0.87,,,,,,,,,,,
playoffs_split2,ALGS Year 4 Split 2 Playoffs,https://apexlegendsstatus.com/algs/Y4-Split2/ALGS-Playoffs/Global/Overview,Y4-Split2,ALGS-Playoffs,Global,Overview,,,https://apexlegendsstatus.com/algs/Y4-Split2/ALGS-Playoffs/Global/Overview,overview,103,other,Scores,101,,,,,,,,,,,,,,GN kaishihaa,,,,,,,,,101,-24.71,-32.14,-34.11,0.53,416.70,0.91,,,,,,,,,,,
playoffs_split2,ALGS Year 4 Split 2 Playoffs,https://apexlegendsstatus.com/algs/Y4-Split2/ALGS-Playoffs/Global/Overview,Y4-Split2,ALGS-Playoffs,Global,Overview,,,https://apexlegendsstatus.com/algs/Y4-Split2/ALGS-Playoffs/Global/Overview,overview,103,other,Scores,102,,,,,,,,,,,,,,HAO 5CG,,,,,,,,,102,-25.73,-29.06,-32.88,0.50,368.63,1.00,,,,,,,,,,,
playoffs_split2,ALGS Year 4 Split 2 Playoffs,https://apexlegendsstatus.com/algs/Y4-Split2/ALGS-Playoffs/Global/Overview,Y4-Split2,ALGS-Playoffs,Global,Overview,,,https://apexlegendsstatus.com/algs/Y4-Split2/ALGS-Playoffs/Global/Overview,overview,103,other,Scores,103,,,,,,,,,,,,,,MKS Z1CKKY,,,,,,,,,103,-26.19,-13.45,-23.79,0.65,346.85,0.88,,,,,,,,,,,
playoffs_split2,ALGS Year 4 Split 2 Playoffs,https://apexlegendsstatus.com/algs/Y4-Split2/ALGS-Playoffs/Global/Overview,Y4-Split2,ALGS-Playoffs,Global,Overview,,,https://apexlegendsstatus.com/algs/Y4-Split2/ALGS-Playoffs/Global/Overview,overview,103,other,Scores,104,,,,,,,,,,,,,,FL Pinotr,,,,,,,,,104,-27.04,-13.54,-24.35,0.67,388.88,0.77,,,,,,,,,,,
playoffs_split2,ALGS Year 4 Split 2 Playoffs,https://apexlegendsstatus.com/algs/Y4-Split2/ALGS-Playoffs/Global/Overview,Y4-Split2,ALGS-Playoffs,Global,Overview,,,https://apexlegendsstatus.com/algs/Y4-Split2/ALGS-Playoffs/Global/Overview,overview,103,other,Scores,105,,,,,,,,,,,,,,SRZ Re1qz,,,,,,,,,105,-27.67,18.57,-5.46,0.50,415.46,0.86,,,,,,,,,,,
playoffs_split2,ALGS Year 4 Split 2 Playoffs,https://apexlegendsstatus.com/algs/Y4-Split2/ALGS-Playoffs/Global/Overview,Y4-Split2,ALGS-Playoffs,Global,Overview,,,https://apexlegendsstatus.com/algs/Y4-Split2/ALGS-Playoffs/Global/Overview,overview,103,other,Scores,106,,,,,,,,,,,,,,TLAW NeazuI,,,,,,,,,106,-28.78,-21.31,-30.05,0.60,413.95,0.74,,,,,,,,,,,
playoffs_split2,ALGS Year 4 Split 2 Playoffs,https://apexlegendsstatus.com/algs/Y4-Split2/ALGS-Playoffs/Global/Overview,Y4-Split2,ALGS-Playoffs,Global,Overview,,,https://apexlegendsstatus.com/algs/Y4-Split2/ALGS-Playoffs/Global/Overview,overview,103,other,Scores,107,,,,,,,,,,,,,,DF 3Mz,,,,,,,,,107,-30.37,-48.40,-47.26,0.30,402.48,0.99,,,,,,,,,,,
playoffs_split2,ALGS Year 4 Split 2 Playoffs,https://apexlegendsstatus.com/algs/Y4-Split2/ALGS-Playoffs/Global/Overview,Y4-Split2,ALGS-Playoffs,Global,Overview,,,https://apexlegendsstatus.com/algs/Y4-Split2/ALGS-Playoffs/Global/Overview,overview,103,other,Scores,108,,,,,,,,,,,,,,XNY Yuchen,,,,,,,,,108,-30.73,3.16,-16.54,0.58,375.50,0.77,,,,,,,,,,,
playoffs_split2,ALGS Year 4 Split 2 Playoffs,https://apexlegendsstatus.com/algs/Y4-Split2/ALGS-Playoffs/Global/Overview,Y4-Split2,ALGS-Playoffs,Global,Overview,,,https://apexlegendsstatus.com/algs/Y4-Split2/ALGS-Playoffs/Global/Overview,overview,103,other,Scores,109,,,,,,,,,,,,,,OLP Vlatow,,,,,,,,,109,-30.77,-2.06,-19.70,0.63,392.04,0.70,,,,,,,,,,,
playoffs_split2,ALGS Year 4 Split 2 Playoffs,https://apexlegendsstatus.com/algs/Y4-Split2/ALGS-Playoffs/Global/Overview,Y4-Split2,ALGS-Playoffs,Global,Overview,,,https://apexlegendsstatus.com/algs/Y4-Split2/ALGS-Playoffs/Global/Overview,overview,103,other,Scores,110,,,,,,,,,,,,,,E36 ILY,,,,,,,,,110,-31.11,-39.64,-42.45,0.50,375.79,0.83,,,,,,,,,,,
playoffs_split2,ALGS Year 4 Split 2 Playoffs,https://apexlegendsstatus.com/algs/Y4-Split2/ALGS-Playoffs/Global/Overview,Y4-Split2,ALGS-Playoffs,Global,Overview,,,https://apexlegendsstatus.com/algs/Y4-Split2/ALGS-Playoffs/Global/Overview,overview,103,other,Scores,111,,,,,,,,,,,,,,FOXX MiaK,,,,,,,,,111,-31.33,-13.07,-26.64,0.50,394.08,0.79,,,,,,,,,,,
playoffs_split2,ALGS Year 4 Split 2 Playoffs,https://apexlegendsstatus.com/algs/Y4-Split2/ALGS-Playoffs/Global/Overview,Y4-Split2,ALGS-Playoffs,Global,Overview,,,https://apexlegendsstatus.com/algs/Y4-Split2/ALGS-Playoffs/Global/Overview,overview,103,other,Scores,112,,,,,,,,,,,,,,FAK Kyner,,,,,,,,,112,-32.12,-26.31,-35.06,0.63,415.17,0.62,,,,,,,,,,,
playoffs_split2,ALGS Year 4 Split 2 Playoffs,https://apexlegendsstatus.com/algs/Y4-Split2/ALGS-Playoffs/Global/Overview,Y4-Split2,ALGS-Playoffs,Global,Overview,,,https://apexlegendsstatus.com/algs/Y4-Split2/ALGS-Playoffs/Global/Overview,overview,103,other,Scores,113,,,,,,,,,,,,,,SSE Luo,,,,,,,,,113,-35.09,-20.27,-33.22,0.29,377.25,0.91,,,,,,,,,,,
playoffs_split2,ALGS Year 4 Split 2 Playoffs,https://apexlegendsstatus.com/algs/Y4-Split2/ALGS-Playoffs/Global/Overview,Y4-Split2,ALGS-Playoffs,Global,Overview,,,https://apexlegendsstatus.com/algs/Y4-Split2/ALGS-Playoffs/Global/Overview,overview,103,other,Scores,114,,,,,,,,,,,,,,OLP artiNN1,,,,,,,,,114,-35.11,-8.56,-26.20,0.58,326.63,0.73,,,,,,,,,,,
playoffs_split2,ALGS Year 4 Split 2 Playoffs,https://apexlegendsstatus.com/algs/Y4-Split2/ALGS-Playoffs/Global/Overview,Y4-Split2,ALGS-Playoffs,Global,Overview,,,https://apexlegendsstatus.com/algs/Y4-Split2/ALGS-Playoffs/Global/Overview,overview,103,other,Scores,115,,,,,,,,,,,,,,SSE TreeCleaner,,,,,,,,,115,-35.42,-20.78,-33.72,0.58,343.46,0.69,,,,,,,,,,,
playoffs_split2,ALGS Year 4 Split 2 Playoffs,https://apexlegendsstatus.com/algs/Y4-Split2/ALGS-Playoffs/Global/Overview,Y4-Split2,ALGS-Playoffs,Global,Overview,,,https://apexlegendsstatus.com/algs/Y4-Split2/ALGS-Playoffs/Global/Overview,overview,103,other,Scores,116,,,,,,,,,,,,,,FOXX HammerDrill,,,,,,,,,116,-37.63,-22.50,-36.08,0.33,358.96,0.83,,,,,,,,,,,
playoffs_split2,ALGS Year 4 Split 2 Playoffs,https://apexlegendsstatus.com/algs/Y4-Split2/ALGS-Playoffs/Global/Overview,Y4-Split2,ALGS-Playoffs,Global,Overview,,,https://apexlegendsstatus.com/algs/Y4-Split2/ALGS-Playoffs/Global/Overview,overview,103,other,Scores,117,,,,,,,,,,,,,,NTH YukaPEROdator,,,,,,,,,117,-38.50,-33.62,-43.27,0.33,339.77,0.84,,,,,,,,,,,
playoffs_split2,ALGS Year 4 Split 2 Playoffs,https://apexlegendsstatus.com/algs/Y4-Split2/ALGS-Playoffs/Global/Overview,Y4-Split2,ALGS-Playoffs,Global,Overview,,,https://apexlegendsstatus.com/algs/Y4-Split2/ALGS-Playoffs/Global/Overview,overview,103,other,Scores,118,,,,,,,,,,,,,,SWQ crazycong,,,,,,,,,118,-39.39,-31.82,-42.73,0.33,303.80,0.88,,,,,,,,,,,
playoffs_split2,ALGS Year 4 Split 2 Playoffs,https://apexlegendsstatus.com/algs/Y4-Split2/ALGS-Playoffs/Global/Overview,Y4-Split2,ALGS-Playoffs,Global,Overview,,,https://apexlegendsstatus.com/algs/Y4-Split2/ALGS-Playoffs/Global/Overview,overview,103,other,Scores,119,,,,,,,,,,,,,,XNY xd,,,,,,,,,119,-45.60,-19.14,-38.84,0.29,300.92,0.74,,,,,,,,,,,
playoffs_split2,ALGS Year 4 Split 2 Playoffs,https://apexlegendsstatus.com/algs/Y4-Split2/ALGS-Playoffs/Global/Overview,Y4-Split2,ALGS-Playoffs,Global,Overview,,,https://apexlegendsstatus.com/algs/Y4-Split2/ALGS-Playoffs/Global/Overview,overview,103,other,Scores,120,,,,,,,,,,,,,,SRZ Noxi,,,,,,,,,120,-45.95,-8.86,-32.88,0.29,317.54,0.70,,,,,,,,,,,
playoffs_split2,ALGS Year 4 Split 2 Playoffs,https://apexlegendsstatus.com/algs/Y4-Split2/ALGS-Playoffs/Global/Overview,Y4-Split2,ALGS-Playoffs,Global,Overview,,,https://apexlegendsstatus.com/algs/Y4-Split2/ALGS-Playoffs/Global/Overview,overview,103,other,Scores,121,,,,,,,,,,,,,,SRZ SyanaMu,,,,,,,,,121,-46.51,-9.71,-33.73,0.29,268.17,0.77,,,,,,,,,,,
playoffs_split2,ALGS Year 4 Split 2 Playoffs,https://apexlegendsstatus.com/algs/Y4-Split2/ALGS-Playoffs/Global/Overview,Y4-Split2,ALGS-Playoffs,Global,Overview,,,https://apexlegendsstatus.com/algs/Y4-Split2/ALGS-Playoffs/Global/Overview,overview,103,other,Scores,122,,,,,,,,,,,,,,RC IeNaGa24,,,,,,,,,122,-52.64,-33.38,-51.61,0.30,250.33,0.62,,,,,,,,,,,
playoffs_split2,ALGS Year 4 Split 2 Playoffs,https://apexlegendsstatus.com/algs/Y4-Split2/ALGS-Playoffs/Global/Overview,Y4-Split2,ALGS-Playoffs,Global,Overview,,,https://apexlegendsstatus.com/algs/Y4-Split2/ALGS-Playoffs/Global/Overview,overview,103,other,Scores,123,,,,,,,,,,,,,,GHS Wabu,,,,,,,,,123,-62.13,-50.49,-67.57,0.25,156.96,0.56,,,,,,,,,,,
playoffs_split2,ALGS Year 4 Split 2 Playoffs,https://apexlegendsstatus.com/algs/Y4-Split2/ALGS-Playoffs/Global/Overview,Y4-Split2,ALGS-Playoffs,Global,Overview,,,https://apexlegendsstatus.com/algs/Y4-Split2/ALGS-Playoffs/Global/Overview,overview,104,other,Scores,1,Not Moist,,,,,,,,,,,,,,,,,,,,,,,,,,5.50,"2,805.24",1.31,1,101.46,8.41,,,,,,,,
playoffs_split2,ALGS Year 4 Split 2 Playoffs,https://apexlegendsstatus.com/algs/Y4-Split2/ALGS-Playoffs/Global/Overview,Y4-Split2,ALGS-Playoffs,Global,Overview,,,https://apexlegendsstatus.com/algs/Y4-Split2/ALGS-Playoffs/Global/Overview,overview,104,other,Scores,2,TSM,,,,,,,,,,,,,,,,,,,,,,,,,,4.59,"2,441.56",1.31,2,75.23,8.85,,,,,,,,
playoffs_split2,ALGS Year 4 Split 2 Playoffs,https://apexlegendsstatus.com/algs/Y4-Split2/ALGS-Playoffs/Global/Overview,Y4-Split2,ALGS-Playoffs,Global,Overview,,,https://apexlegendsstatus.com/algs/Y4-Split2/ALGS-Playoffs/Global/Overview,overview,104,other,Scores,3,GaiminGladiators,,,,,,,,,,,,,,,,,,,,,,,,,,4.35,"2,169.91",0.92,3,58.00,7.62,,,,,,,,
playoffs_split2,ALGS Year 4 Split 2 Playoffs,https://apexlegendsstatus.com/algs/Y4-Split2/ALGS-Playoffs/Global/Overview,Y4-Split2,ALGS-Playoffs,Global,Overview,,,https://apexlegendsstatus.com/algs/Y4-Split2/ALGS-Playoffs/Global/Overview,overview,104,other,Scores,4,SSG,,,,,,,,,,,,,,,,,,,,,,,,,,3.68,"2,085.26",1.45,4,51.48,9.79,,,,,,,,
playoffs_split2,ALGS Year 4 Split 2 Playoffs,https://apexlegendsstatus.com/algs/Y4-Split2/ALGS-Playoffs/Global/Overview,Y4-Split2,ALGS-Playoffs,Global,Overview,,,https://apexlegendsstatus.com/algs/Y4-Split2/ALGS-Playoffs/Global/Overview,overview,104,other,Scores,5,GUILD,,,,,,,,,,,,,,,,,,,,,,,,,,3.08,"1,936.95",1.08,5,37.53,8.03,,,,,,,,
playoffs_split2,ALGS Year 4 Split 2 Playoffs,https://apexlegendsstatus.com/algs/Y4-Split2/ALGS-Playoffs/Global/Overview,Y4-Split2,ALGS-Playoffs,Global,Overview,,,https://apexlegendsstatus.com/algs/Y4-Split2/ALGS-Playoffs/Global/Overview,overview,104,other,Scores,6,FURIA,,,,,,,,,,,,,,,,,,,,,,,,,,3.44,"2,014.68",1.03,6,35.55,8.82,,,,,,,,
playoffs_split2,ALGS Year 4 Split 2 Playoffs,https://apexlegendsstatus.com/algs/Y4-Split2/ALGS-Playoffs/Global/Overview,Y4-Split2,ALGS-Playoffs,Global,Overview,,,https://apexlegendsstatus.com/algs/Y4-Split2/ALGS-Playoffs/Global/Overview,overview,104,other,Scores,7,Complexity,,,,,,,,,,,,,,,,,,,,,,,,,,3.63,"2,153.00",1.10,7,33.37,10.10,,,,,,,,
playoffs_split2,ALGS Year 4 Split 2 Playoffs,https://apexlegendsstatus.com/algs/Y4-Split2/ALGS-Playoffs/Global/Overview,Y4-Split2,ALGS-Playoffs,Global,Overview,,,https://apexlegendsstatus.com/algs/Y4-Split2/ALGS-Playoffs/Global/Overview,overview,104,other,Scores,8,FNATIC,,,,,,,,,,,,,,,,,,,,,,,,,,3.45,"2,156.70",1.14,8,31.92,10.20,,,,,,,,
playoffs_split2,ALGS Year 4 Split 2 Playoffs,https://apexlegendsstatus.com/algs/Y4-Split2/ALGS-Playoffs/Global/Overview,Y4-Split2,ALGS-Playoffs,Global,Overview,,,https://apexlegendsstatus.com/algs/Y4-Split2/ALGS-Playoffs/Global/Overview,overview,104,other,Scores,9,NRG,,,,,,,,,,,,,,,,,,,,,,,,,,2.62,"1,969.68",1.06,9,30.48,8.12,,,,,,,,
playoffs_split2,ALGS Year 4 Split 2 Playoffs,https://apexlegendsstatus.com/algs/Y4-Split2/ALGS-Playoffs/Global/Overview,Y4-Split2,ALGS-Playoffs,Global,Overview,,,https://apexlegendsstatus.com/algs/Y4-Split2/ALGS-Playoffs/Global/Overview,overview,104,other,Scores,10,Alliance,,,,,,,,,,,,,,,,,,,,,,,,,,4.35,"1,928.38",1.08,10,29.86,10.93,,,,,,,,
playoffs_split2,ALGS Year 4 Split 2 Playoffs,https://apexlegendsstatus.com/algs/Y4-Split2/ALGS-Playoffs/Global/Overview,Y4-Split2,ALGS-Playoffs,Global,Overview,,,https://apexlegendsstatus.com/algs/Y4-Split2/ALGS-Playoffs/Global/Overview,overview,104,other,Scores,11,E-Xolos LAZER,,,,,,,,,,,,,,,,,,,,,,,,,,2.83,"1,989.03",1.02,11,27.29,8.67,,,,,,,,
playoffs_split2,ALGS Year 4 Split 2 Playoffs,https://apexlegendsstatus.com/algs/Y4-Split2/ALGS-Playoffs/Global/Overview,Y4-Split2,ALGS-Playoffs,Global,Overview,,,https://apexlegendsstatus.com/algs/Y4-Split2/ALGS-Playoffs/Global/Overview,overview,104,other,Scores,12,Cloud9,,,,,,,,,,,,,,,,,,,,,,,,,,3.03,"1,816.48",1.20,12,25.97,9.53,,,,,,,,
playoffs_split2,ALGS Year 4 Split 2 Playoffs,https://apexlegendsstatus.com/algs/Y4-Split2/ALGS-Playoffs/Global/Overview,Y4-Split2,ALGS-Playoffs,Global,Overview,,,https://apexlegendsstatus.com/algs/Y4-Split2/ALGS-Playoffs/Global/Overview,overview,104,other,Scores,13,BLEED Esports,,,,,,,,,,,,,,,,,,,,,,,,,,3.29,"1,771.29",0.93,13,24.35,8.62,,,,,,,,
playoffs_split2,ALGS Year 4 Split 2 Playoffs,https://apexlegendsstatus.com/algs/Y4-Split2/ALGS-Playoffs/Global/Overview,Y4-Split2,ALGS-Playoffs,Global,Overview,,,https://apexlegendsstatus.com/algs/Y4-Split2/ALGS-Playoffs/Global/Overview,overview,104,other,Scores,14,LG,,,,,,,,,,,,,,,,,,,,,,,,,,3.33,"1,899.50",0.94,14,23.95,9.13,,,,,,,,
playoffs_split2,ALGS Year 4 Split 2 Playoffs,https://apexlegendsstatus.com/algs/Y4-Split2/ALGS-Playoffs/Global/Overview,Y4-Split2,ALGS-Playoffs,Global,Overview,,,https://apexlegendsstatus.com/algs/Y4-Split2/ALGS-Playoffs/Global/Overview,overview,104,other,Scores,15,VK GAMING,,,,,,,,,,,,,,,,,,,,,,,,,,2.76,"1,948.97",1.06,15,23.06,9.12,,,,,,,,
playoffs_split2,ALGS Year 4 Split 2 Playoffs,https://apexlegendsstatus.com/algs/Y4-Split2/ALGS-Playoffs/Global/Overview,Y4-Split2,ALGS-Playoffs,Global,Overview,,,https://apexlegendsstatus.com/algs/Y4-Split2/ALGS-Playoffs/Global/Overview,overview,104,other,Scores,16,Natus Vincere,,,,,,,,,,,,,,,,,,,,,,,,,,3.23,"1,964.87",1.00,16,21.37,9.77,,,,,,,,
playoffs_split2,ALGS Year 4 Split 2 Playoffs,https://apexlegendsstatus.com/algs/Y4-Split2/ALGS-Playoffs/Global/Overview,Y4-Split2,ALGS-Playoffs,Global,Overview,,,https://apexlegendsstatus.com/algs/Y4-Split2/ALGS-Playoffs/Global/Overview,overview,104,other,Scores,17,Team Falcons,,,,,,,,,,,,,,,,,,,,,,,,,,3.65,"2,042.50",1.00,17,15.46,11.35,,,,,,,,
playoffs_split2,ALGS Year 4 Split 2 Playoffs,https://apexlegendsstatus.com/algs/Y4-Split2/ALGS-Playoffs/Global/Overview,Y4-Split2,ALGS-Playoffs,Global,Overview,,,https://apexlegendsstatus.com/algs/Y4-Split2/ALGS-Playoffs/Global/Overview,overview,104,other,Scores,18,Pioneers,,,,,,,,,,,,,,,,,,,,,,,,,,2.42,"1,735.92",1.03,18,2.45,10.13,,,,,,,,
playoffs_split2,ALGS Year 4 Split 2 Playoffs,https://apexlegendsstatus.com/algs/Y4-Split2/ALGS-Playoffs/Global/Overview,Y4-Split2,ALGS-Playoffs,Global,Overview,,,https://apexlegendsstatus.com/algs/Y4-Split2/ALGS-Playoffs/Global/Overview,overview,104,other,Scores,19,Legends Gaming,,,,,,,,,,,,,,,,,,,,,,,,,,2.67,"1,647.13",0.89,19,2.16,9.57,,,,,,,,
playoffs_split2,ALGS Year 4 Split 2 Playoffs,https://apexlegendsstatus.com/algs/Y4-Split2/ALGS-Playoffs/Global/Overview,Y4-Split2,ALGS-Playoffs,Global,Overview,,,https://apexlegendsstatus.com/algs/Y4-Split2/ALGS-Playoffs/Global/Overview,overview,104,other,Scores,20,ENTER FORCE.36,,,,,,,,,,,,,,,,,,,,,,,,,,3.00,"1,568.18",0.87,20,0.69,9.91,,,,,,,,
playoffs_split2,ALGS Year 4 Split 2 Playoffs,https://apexlegendsstatus.com/algs/Y4-Split2/ALGS-Playoffs/Global/Overview,Y4-Split2,ALGS-Playoffs,Global,Overview,,,https://apexlegendsstatus.com/algs/Y4-Split2/ALGS-Playoffs/Global/Overview,overview,104,other,Scores,21,DreamFire,,,,,,,,,,,,,,,,,,,,,,,,,,2.65,"1,677.63",1.07,21,0.17,10.78,,,,,,,,
playoffs_split2,ALGS Year 4 Split 2 Playoffs,https://apexlegendsstatus.com/algs/Y4-Split2/ALGS-Playoffs/Global/Overview,Y4-Split2,ALGS-Playoffs,Global,Overview,,,https://apexlegendsstatus.com/algs/Y4-Split2/ALGS-Playoffs/Global/Overview,overview,104,other,Scores,22,Exo Clan,,,,,,,,,,,,,,,,,,,,,,,,,,2.83,"1,598.40",1.04,22,-0.28,10.70,,,,,,,,
playoffs_split2,ALGS Year 4 Split 2 Playoffs,https://apexlegendsstatus.com/algs/Y4-Split2/ALGS-Playoffs/Global/Overview,Y4-Split2,ALGS-Playoffs,Global,Overview,,,https://apexlegendsstatus.com/algs/Y4-Split2/ALGS-Playoffs/Global/Overview,overview,104,other,Scores,23,Noctem Scan,,,,,,,,,,,,,,,,,,,,,,,,,,3.00,"1,597.48",0.96,23,-6.20,11.28,,,,,,,,
playoffs_split2,ALGS Year 4 Split 2 Playoffs,https://apexlegendsstatus.com/algs/Y4-Split2/ALGS-Playoffs/Global/Overview,Y4-Split2,ALGS-Playoffs,Global,Overview,,,https://apexlegendsstatus.com/algs/Y4-Split2/ALGS-Playoffs/Global/Overview,overview,104,other,Scores,24,shadow3690,,,,,,,,,,,,,,,,,,,,,,,,,,2.77,"1,493.67",0.85,24,-15.05,11.03,,,,,,,,
playoffs_split2,ALGS Year 4 Split 2 Playoffs,https://apexlegendsstatus.com/algs/Y4-Split2/ALGS-Playoffs/Global/Overview,Y4-Split2,ALGS-Playoffs,Global,Overview,,,https://apexlegendsstatus.com/algs/Y4-Split2/ALGS-Playoffs/Global/Overview,overview,104,other,Scores,25,GoNext Esports,,,,,,,,,,,,,,,,,,,,,,,,,,2.80,"1,405.77",1.06,25,-16.00,12.00,,,,,,,,
playoffs_split2,ALGS Year 4 Split 2 Playoffs,https://apexlegendsstatus.com/algs/Y4-Split2/ALGS-Playoffs/Global/Overview,Y4-Split2,ALGS-Playoffs,Global,Overview,,,https://apexlegendsstatus.com/algs/Y4-Split2/ALGS-Playoffs/Global/Overview,overview,104,other,Scores,26,HAO,,,,,,,,,,,,,,,,,,,,,,,,,,2.60,"1,375.17",1.05,26,-17.29,11.70,,,,,,,,
playoffs_split2,ALGS Year 4 Split 2 Playoffs,https://apexlegendsstatus.com/algs/Y4-Split2/ALGS-Playoffs/Global/Overview,Y4-Split2,ALGS-Playoffs,Global,Overview,,,https://apexlegendsstatus.com/algs/Y4-Split2/ALGS-Playoffs/Global/Overview,overview,104,other,Scores,27,FaZe,,,,,,,,,,,,,,,,,,,,,,,,,,1.63,"1,710.17",1.01,27,-18.77,11.08,,,,,,,,
playoffs_split2,ALGS Year 4 Split 2 Playoffs,https://apexlegendsstatus.com/algs/Y4-Split2/ALGS-Playoffs/Global/Overview,Y4-Split2,ALGS-Playoffs,Global,Overview,,,https://apexlegendsstatus.com/algs/Y4-Split2/ALGS-Playoffs/Global/Overview,overview,104,other,Scores,28,NORTHEPTION,,,,,,,,,,,,,,,,,,,,,,,,,,1.87,"1,416.60",0.99,28,-23.38,11.00,,,,,,,,
playoffs_split2,ALGS Year 4 Split 2 Playoffs,https://apexlegendsstatus.com/algs/Y4-Split2/ALGS-Playoffs/Global/Overview,Y4-Split2,ALGS-Playoffs,Global,Overview,,,https://apexlegendsstatus.com/algs/Y4-Split2/ALGS-Playoffs/Global/Overview,overview,104,other,Scores,29,Liquid Alienware,,,,,,,,,,,,,,,,,,,,,,,,,,2.38,"1,432.43",0.86,29,-27.91,11.70,,,,,,,,
playoffs_split2,ALGS Year 4 Split 2 Playoffs,https://apexlegendsstatus.com/algs/Y4-Split2/ALGS-Playoffs/Global/Overview,Y4-Split2,ALGS-Playoffs,Global,Overview,,,https://apexlegendsstatus.com/algs/Y4-Split2/ALGS-Playoffs/Global/Overview,overview,104,other,Scores,30,MKERS,,,,,,,,,,,,,,,,,,,,,,,,,,2.10,"1,339.88",0.92,30,-29.79,11.55,,,,,,,,
playoffs_split2,ALGS Year 4 Split 2 Playoffs,https://apexlegendsstatus.com/algs/Y4-Split2/ALGS-Playoffs/Global/Overview,Y4-Split2,ALGS-Playoffs,Global,Overview,,,https://apexlegendsstatus.com/algs/Y4-Split2/ALGS-Playoffs/Global/Overview,overview,104,other,Scores,31,FA KIDS,,,,,,,,,,,,,,,,,,,,,,,,,,2.71,"1,467.96",0.73,31,-30.68,12.00,,,,,,,,
playoffs_split2,ALGS Year 4 Split 2 Playoffs,https://apexlegendsstatus.com/algs/Y4-Split2/ALGS-Playoffs/Global/Overview,Y4-Split2,ALGS-Playoffs,Global,Overview,,,https://apexlegendsstatus.com/algs/Y4-Split2/ALGS-Playoffs/Global/Overview,overview,104,other,Scores,32,FENNEL,,,,,,,,,,,,,,,,,,,,,,,,,,2.25,"1,360.92",0.84,32,-31.64,11.63,,,,,,,,
playoffs_split2,ALGS Year 4 Split 2 Playoffs,https://apexlegendsstatus.com/algs/Y4-Split2/ALGS-Playoffs/Global/Overview,Y4-Split2,ALGS-Playoffs,Global,Overview,,,https://apexlegendsstatus.com/algs/Y4-Split2/ALGS-Playoffs/Global/Overview,overview,104,other,Scores,33,SSE-Xray,,,,,,,,,,,,,,,,,,,,,,,,,,1.79,"1,340.33",0.90,33,-33.05,11.29,,,,,,,,
playoffs_split2,ALGS Year 4 Split 2 Playoffs,https://apexlegendsstatus.com/algs/Y4-Split2/ALGS-Playoffs/Global/Overview,Y4-Split2,ALGS-Playoffs,Global,Overview,,,https://apexlegendsstatus.com/algs/Y4-Split2/ALGS-Playoffs/Global/Overview,overview,104,other,Scores,34,GHS Professional,,,,,,,,,,,,,,,,,,,,,,,,,,1.67,"1,144.79",0.89,34,-38.67,11.13,,,,,,,,
playoffs_split2,ALGS Year 4 Split 2 Playoffs,https://apexlegendsstatus.com/algs/Y4-Split2/ALGS-Playoffs/Global/Overview,Y4-Split2,ALGS-Playoffs,Global,Overview,,,https://apexlegendsstatus.com/algs/Y4-Split2/ALGS-Playoffs/Global/Overview,overview,104,other,Scores,35,REJECT WINNITYJP,,,,,,,,,,,,,,,,,,,,,,,,,,1.60,"1,189.60",0.80,35,-42.40,11.10,,,,,,,,
playoffs_split2,ALGS Year 4 Split 2 Playoffs,https://apexlegendsstatus.com/algs/Y4-Split2/ALGS-Playoffs/Global/Overview,Y4-Split2,ALGS-Playoffs,Global,Overview,,,https://apexlegendsstatus.com/algs/Y4-Split2/ALGS-Playoffs/Global/Overview,overview,104,other,Scores,36,NOEZ FOXX,,,,,,,,,,,,,,,,,,,,,,,,,,1.67,"1,287.96",0.93,36,-48.44,12.83,,,,,,,,
playoffs_split2,ALGS Year 4 Split 2 Playoffs,https://apexlegendsstatus.com/algs/Y4-Split2/ALGS-Playoffs/Global/Overview,Y4-Split2,ALGS-Playoffs,Global,Overview,,,https://apexlegendsstatus.com/algs/Y4-Split2/ALGS-Playoffs/Global/Overview,overview,104,other,Scores,37,SWQ,,,,,,,,,,,,,,,,,,,,,,,,,,1.87,"1,334.77",0.98,37,-51.83,13.93,,,,,,,,
playoffs_split2,ALGS Year 4 Split 2 Playoffs,https://apexlegendsstatus.com/algs/Y4-Split2/ALGS-Playoffs/Global/Overview,Y4-Split2,ALGS-Playoffs,Global,Overview,,,https://apexlegendsstatus.com/algs/Y4-Split2/ALGS-Playoffs/Global/Overview,overview,104,other,Scores,38,OLIMPO,,,,,,,,,,,,,,,,,,,,,,,,,,1.92,"1,182.63",0.72,38,-54.53,12.54,,,,,,,,
playoffs_split2,ALGS Year 4 Split 2 Playoffs,https://apexlegendsstatus.com/algs/Y4-Split2/ALGS-Playoffs/Global/Overview,Y4-Split2,ALGS-Playoffs,Global,Overview,,,https://apexlegendsstatus.com/algs/Y4-Split2/ALGS-Playoffs/Global/Overview,overview,104,other,Scores,39,STRIDERZ,,,,,,,,,,,,,,,,,,,,,,,,,,1.08,"1,001.17",0.78,39,-82.08,14.13,,,,,,,,
playoffs_split2,ALGS Year 4 Split 2 Playoffs,https://apexlegendsstatus.com/algs/Y4-Split2/ALGS-Playoffs/Global/Overview,Y4-Split2,ALGS-Playoffs,Global,Overview,,,https://apexlegendsstatus.com/algs/Y4-Split2/ALGS-Playoffs/Global/Overview,overview,104,other,Scores,40,XNY,,,,,,,,,,,,,,,,,,,,,,,,,,1.54,"1,097.92",0.79,40,-83.80,15.38,,,,,,,,
championship_split2,ALGS Year 4 Championship,https://apexlegendsstatus.com/algs/Y4-Split2/ALGS-Championships/Global/Overview,Y4-Split2,ALGS-Championships,Global,Overview,,,https://apexlegendsstatus.com/algs/Y4-Split2/ALGS-Championships/Global/Overview,overview,89,other,Scores,1,VK GAMING,10,5,10,,,,,,,,,,,,,,,,,,,,,,,,,,,,,,,,,10,,,
championship_split2,ALGS Year 4 Championship,https://apexlegendsstatus.com/algs/Y4-Split2/ALGS-Championships/Global/Overview,Y4-Split2,ALGS-Championships,Global,Overview,,,https://apexlegendsstatus.com/algs/Y4-Split2/ALGS-Championships/Global/Overview,overview,89,other,Scores,2,TSM,9,11,12,,,,,,,,,,,,,,,,,,,,,,,,,,,,,,,,,12,,,
championship_split2,ALGS Year 4 Championship,https://apexlegendsstatus.com/algs/Y4-Split2/ALGS-Championships/Global/Overview,Y4-Split2,ALGS-Championships,Global,Overview,,,https://apexlegendsstatus.com/algs/Y4-Split2/ALGS-Championships/Global/Overview,overview,89,other,Scores,3,ShopifyRebellion,10,13,13,,,,,,,,,,,,,,,,,,,,,,,,,,,,,,,,,12,,,
championship_split2,ALGS Year 4 Championship,https://apexlegendsstatus.com/algs/Y4-Split2/ALGS-Championships/Global/Overview,Y4-Split2,ALGS-Championships,Global,Overview,,,https://apexlegendsstatus.com/algs/Y4-Split2/ALGS-Championships/Global/Overview,overview,89,other,Scores,4,NRG,5,4,9,,,,,,,,,,,,,,,,,,,,,,,,,,,,,,,,,9,,,
championship_split2,ALGS Year 4 Championship,https://apexlegendsstatus.com/algs/Y4-Split2/ALGS-Championships/Global/Overview,Y4-Split2,ALGS-Championships,Global,Overview,,,https://apexlegendsstatus.com/algs/Y4-Split2/ALGS-Championships/Global/Overview,overview,89,other,Scores,5,Meteor,4,8,8,,,,,,,,,,,,,,,,,,,,,,,,,,,,,,,,,5,,,
championship_split2,ALGS Year 4 Championship,https://apexlegendsstatus.com/algs/Y4-Split2/ALGS-Championships/Global/Overview,Y4-Split2,ALGS-Championships,Global,Overview,,,https://apexlegendsstatus.com/algs/Y4-Split2/ALGS-Championships/Global/Overview,overview,89,other,Scores,6,100 Thieves,11,10,11,,,,,,,,,,,,,,,,,,,,,,,,,,,,,,,,,10,,,
championship_split2,ALGS Year 4 Championship,https://apexlegendsstatus.com/algs/Y4-Split2/ALGS-Championships/Global/Overview,Y4-Split2,ALGS-Championships,Global,Overview,,,https://apexlegendsstatus.com/algs/Y4-Split2/ALGS-Championships/Global/Overview,overview,89,other,Scores,7,GREEN STEGO,4,6,7,,,,,,,,,,,,,,,,,,,,,,,,,,,,,,,,,7,,,
championship_split2,ALGS Year 4 Championship,https://apexlegendsstatus.com/algs/Y4-Split2/ALGS-Championships/Global/Overview,Y4-Split2,ALGS-Championships,Global,Overview,,,https://apexlegendsstatus.com/algs/Y4-Split2/ALGS-Championships/Global/Overview,overview,89,other,Scores,8,GUILD,8,11,11,,,,,,,,,,,,,,,,,,,,,,,,,,,,,,,,,8,,,
championship_split2,ALGS Year 4 Championship,https://apexlegendsstatus.com/algs/Y4-Split2/ALGS-Championships/Global/Overview,Y4-Split2,ALGS-Championships,Global,Overview,,,https://apexlegendsstatus.com/algs/Y4-Split2/ALGS-Championships/Global/Overview,overview,89,other,Scores,9,Exo Clan,7,12,12,,,,,,,,,,,,,,,,,,,,,,,,,,,,,,,,,5,,,
championship_split2,ALGS Year 4 Championship,https://apexlegendsstatus.com/algs/Y4-Split2/ALGS-Championships/Global/Overview,Y4-Split2,ALGS-Championships,Global,Overview,,,https://apexlegendsstatus.com/algs/Y4-Split2/ALGS-Championships/Global/Overview,overview,89,other,Scores,10,Ninjas,7,5,7,,,,,,,,,,,,,,,,,,,,,,,,,,,,,,,,,6,,,
championship_split2,ALGS Year 4 Championship,https://apexlegendsstatus.com/algs/Y4-Split2/ALGS-Championships/Global/Overview,Y4-Split2,ALGS-Championships,Global,Overview,,,https://apexlegendsstatus.com/algs/Y4-Split2/ALGS-Championships/Global/Overview,overview,89,other,Scores,11,shadow3690,8,5,8,,,,,,,,,,,,,,,,,,,,,,,,,,,,,,,,,7,,,
championship_split2,ALGS Year 4 Championship,https://apexlegendsstatus.com/algs/Y4-Split2/ALGS-Championships/Global/Overview,Y4-Split2,ALGS-Championships,Global,Overview,,,https://apexlegendsstatus.com/algs/Y4-Split2/ALGS-Championships/Global/Overview,overview,89,other,Scores,12,SOURCE XNY,6,8,9,,,,,,,,,,,,,,,,,,,,,,,,,,,,,,,,,9,,,
championship_split2,ALGS Year 4 Championship,https://apexlegendsstatus.com/algs/Y4-Split2/ALGS-Championships/Global/Overview,Y4-Split2,ALGS-Championships,Global,Overview,,,https://apexlegendsstatus.com/algs/Y4-Split2/ALGS-Championships/Global/Overview,overview,89,other,Scores,13,FNATIC,15,10,15,,,,,,,,,,,,,,,,,,,,,,,,,,,,,,,,,12,,,
championship_split2,ALGS Year 4 Championship,https://apexlegendsstatus.com/algs/Y4-Split2/ALGS-Championships/Global/Overview,Y4-Split2,ALGS-Championships,Global,Overview,,,https://apexlegendsstatus.com/algs/Y4-Split2/ALGS-Championships/Global/Overview,overview,89,other,Scores,14,Complexity,9,12,12,,,,,,,,,,,,,,,,,,,,,,,,,,,,,,,,,9,,,
championship_split2,ALGS Year 4 Championship,https://apexlegendsstatus.com/algs/Y4-Split2/ALGS-Championships/Global/Overview,Y4-Split2,ALGS-Championships,Global,Overview,,,https://apexlegendsstatus.com/algs/Y4-Split2/ALGS-Championships/Global/Overview,overview,89,other,Scores,15,FaZe,6,8,8,,,,,,,,,,,,,,,,,,,,,,,,,,,,,,,,,7,,,
championship_split2,ALGS Year 4 Championship,https://apexlegendsstatus.com/algs/Y4-Split2/ALGS-Championships/Global/Overview,Y4-Split2,ALGS-Championships,Global,Overview,,,https://apexlegendsstatus.com/algs/Y4-Split2/ALGS-Championships/Global/Overview,overview,89,other,Scores,16,DRAGONS,4,6,6,,,,,,,,,,,,,,,,,,,,,,,,,,,,,,,,,5,,,
championship_split2,ALGS Year 4 Championship,https://apexlegendsstatus.com/algs/Y4-Split2/ALGS-Championships/Global/Overview,Y4-Split2,ALGS-Championships,Global,Overview,,,https://apexlegendsstatus.com/algs/Y4-Split2/ALGS-Championships/Global/Overview,overview,89,other,Scores,17,disguised,4,8,9,,,,,,,,,,,,,,,,,,,,,,,,,,,,,,,,,9,,,
championship_split2,ALGS Year 4 Championship,https://apexlegendsstatus.com/algs/Y4-Split2/ALGS-Championships/Global/Overview,Y4-Split2,ALGS-Championships,Global,Overview,,,https://apexlegendsstatus.com/algs/Y4-Split2/ALGS-Championships/Global/Overview,overview,89,other,Scores,18,Virtus.pro,8,11,11,,,,,,,,,,,,,,,,,,,,,,,,,,,,,,,,,9,,,
championship_split2,ALGS Year 4 Championship,https://apexlegendsstatus.com/algs/Y4-Split2/ALGS-Championships/Global/Overview,Y4-Split2,ALGS-Championships,Global,Overview,,,https://apexlegendsstatus.com/algs/Y4-Split2/ALGS-Championships/Global/Overview,overview,89,other,Scores,19,Cloud9,8,14,14,,,,,,,,,,,,,,,,,,,,,,,,,,,,,,,,,9,,,
championship_split2,ALGS Year 4 Championship,https://apexlegendsstatus.com/algs/Y4-Split2/ALGS-Championships/Global/Overview,Y4-Split2,ALGS-Championships,Global,Overview,,,https://apexlegendsstatus.com/algs/Y4-Split2/ALGS-Championships/Global/Overview,overview,89,other,Scores,20,Oblivion,15,6,15,,,,,,,,,,,,,,,,,,,,,,,,,,,,,,,,,7,,,
championship_split2,ALGS Year 4 Championship,https://apexlegendsstatus.com/algs/Y4-Split2/ALGS-Championships/Global/Overview,Y4-Split2,ALGS-Championships,Global,Overview,,,https://apexlegendsstatus.com/algs/Y4-Split2/ALGS-Championships/Global/Overview,overview,89,other,Scores,21,LG,10,10,12,,,,,,,,,,,,,,,,,,,,,,,,,,,,,,,,,12,,,
championship_split2,ALGS Year 4 Championship,https://apexlegendsstatus.com/algs/Y4-Split2/ALGS-Championships/Global/Overview,Y4-Split2,ALGS-Championships,Global,Overview,,,https://apexlegendsstatus.com/algs/Y4-Split2/ALGS-Championships/Global/Overview,overview,89,other,Scores,22,REIGNITE,8,6,8,,,,,,,,,,,,,,,,,,,,,,,,,,,,,,,,,3,,,
championship_split2,ALGS Year 4 Championship,https://apexlegendsstatus.com/algs/Y4-Split2/ALGS-Championships/Global/Overview,Y4-Split2,ALGS-Championships,Global,Overview,,,https://apexlegendsstatus.com/algs/Y4-Split2/ALGS-Championships/Global/Overview,overview,89,other,Scores,23,GHS Professional,8,10,10,,,,,,,,,,,,,,,,,,,,,,,,,,,,,,,,,9,,,
championship_split2,ALGS Year 4 Championship,https://apexlegendsstatus.com/algs/Y4-Split2/ALGS-Championships/Global/Overview,Y4-Split2,ALGS-Championships,Global,Overview,,,https://apexlegendsstatus.com/algs/Y4-Split2/ALGS-Championships/Global/Overview,overview,89,other,Scores,24,DreamFire,8,4,8,,,,,,,,,,,,,,,,,,,,,,,,,,,,,,,,,5,,,
championship_split2,ALGS Year 4 Championship,https://apexlegendsstatus.com/algs/Y4-Split2/ALGS-Championships/Global/Overview,Y4-Split2,ALGS-Championships,Global,Overview,,,https://apexlegendsstatus.com/algs/Y4-Split2/ALGS-Championships/Global/Overview,overview,89,other,Scores,25,GaiminGladiators,7,13,13,,,,,,,,,,,,,,,,,,,,,,,,,,,,,,,,,11,,,
championship_split2,ALGS Year 4 Championship,https://apexlegendsstatus.com/algs/Y4-Split2/ALGS-Championships/Global/Overview,Y4-Split2,ALGS-Championships,Global,Overview,,,https://apexlegendsstatus.com/algs/Y4-Split2/ALGS-Championships/Global/Overview,overview,89,other,Scores,26,STALLIONS,6,6,6,,,,,,,,,,,,,,,,,,,,,,,,,,,,,,,,,6,,,
championship_split2,ALGS Year 4 Championship,https://apexlegendsstatus.com/algs/Y4-Split2/ALGS-Championships/Global/Overview,Y4-Split2,ALGS-Championships,Global,Overview,,,https://apexlegendsstatus.com/algs/Y4-Split2/ALGS-Championships/Global/Overview,overview,89,other,Scores,27,Liquid Alienware,10,11,11,,,,,,,,,,,,,,,,,,,,,,,,,,,,,,,,,8,,,
championship_split2,ALGS Year 4 Championship,https://apexlegendsstatus.com/algs/Y4-Split2/ALGS-Championships/Global/Overview,Y4-Split2,ALGS-Championships,Global,Overview,,,https://apexlegendsstatus.com/algs/Y4-Split2/ALGS-Championships/Global/Overview,overview,89,other,Scores,28,OrglessAndHungry,7,12,13,,,,,,,,,,,,,,,,,,,,,,,,,,,,,,,,,13,,,
championship_split2,ALGS Year 4 Championship,https://apexlegendsstatus.com/algs/Y4-Split2/ALGS-Championships/Global/Overview,Y4-Split2,ALGS-Championships,Global,Overview,,,https://apexlegendsstatus.com/algs/Y4-Split2/ALGS-Championships/Global/Overview,overview,89,other,Scores,29,FURIA,16,7,19,,,,,,,,,,,,,,,,,,,,,,,,,,,,,,,,,19,,,
championship_split2,ALGS Year 4 Championship,https://apexlegendsstatus.com/algs/Y4-Split2/ALGS-Championships/Global/Overview,Y4-Split2,ALGS-Championships,Global,Overview,,,https://apexlegendsstatus.com/algs/Y4-Split2/ALGS-Championships/Global/Overview,overview,89,other,Scores,30,Zero Tenacity,6,8,12,,,,,,,,,,,,,,,,,,,,,,,,,,,,,,,,,12,,,
championship_split2,ALGS Year 4 Championship,https://apexlegendsstatus.com/algs/Y4-Split2/ALGS-Championships/Global/Overview,Y4-Split2,ALGS-Championships,Global,Overview,,,https://apexlegendsstatus.com/algs/Y4-Split2/ALGS-Championships/Global/Overview,overview,89,other,Scores,31,Envy,6,12,12,,,,,,,,,,,,,,,,,,,,,,,,,,,,,,,,,7,,,
championship_split2,ALGS Year 4 Championship,https://apexlegendsstatus.com/algs/Y4-Split2/ALGS-Championships/Global/Overview,Y4-Split2,ALGS-Championships,Global,Overview,,,https://apexlegendsstatus.com/algs/Y4-Split2/ALGS-Championships/Global/Overview,overview,89,other,Scores,32,Alliance,11,9,13,,,,,,,,,,,,,,,,,,,,,,,,,,,,,,,,,13,,,
championship_split2,ALGS Year 4 Championship,https://apexlegendsstatus.com/algs/Y4-Split2/ALGS-Championships/Global/Overview,Y4-Split2,ALGS-Championships,Global,Overview,,,https://apexlegendsstatus.com/algs/Y4-Split2/ALGS-Championships/Global/Overview,overview,89,other,Scores,33,GoNext,12,11,12,,,,,,,,,,,,,,,,,,,,,,,,,,,,,,,,,9,,,
championship_split2,ALGS Year 4 Championship,https://apexlegendsstatus.com/algs/Y4-Split2/ALGS-Championships/Global/Overview,Y4-Split2,ALGS-Championships,Global,Overview,,,https://apexlegendsstatus.com/algs/Y4-Split2/ALGS-Championships/Global/Overview,overview,89,other,Scores,34,Noctem,12,18,18,,,,,,,,,,,,,,,,,,,,,,,,,,,,,,,,,16,,,
championship_split2,ALGS Year 4 Championship,https://apexlegendsstatus.com/algs/Y4-Split2/ALGS-Championships/Global/Overview,Y4-Split2,ALGS-Championships,Global,Overview,,,https://apexlegendsstatus.com/algs/Y4-Split2/ALGS-Championships/Global/Overview,overview,89,other,Scores,35,Team Falcons,14,16,16,,,,,,,,,,,,,,,,,,,,,,,,,,,,,,,,,7,,,
championship_split2,ALGS Year 4 Championship,https://apexlegendsstatus.com/algs/Y4-Split2/ALGS-Championships/Global/Overview,Y4-Split2,ALGS-Championships,Global,Overview,,,https://apexlegendsstatus.com/algs/Y4-Split2/ALGS-Championships/Global/Overview,overview,89,other,Scores,36,Aurora,11,10,11,,,,,,,,,,,,,,,,,,,,,,,,,,,,,,,,,7,,,
championship_split2,ALGS Year 4 Championship,https://apexlegendsstatus.com/algs/Y4-Split2/ALGS-Championships/Global/Overview,Y4-Split2,ALGS-Championships,Global,Overview,,,https://apexlegendsstatus.com/algs/Y4-Split2/ALGS-Championships/Global/Overview,overview,89,other,Scores,37,ENTER FORCE.36,21,5,21,,,,,,,,,,,,,,,,,,,,,,,,,,,,,,,,,13,,,
championship_split2,ALGS Year 4 Championship,https://apexlegendsstatus.com/algs/Y4-Split2/ALGS-Championships/Global/Overview,Y4-Split2,ALGS-Championships,Global,Overview,,,https://apexlegendsstatus.com/algs/Y4-Split2/ALGS-Championships/Global/Overview,overview,89,other,Scores,38,Team Burger,10,4,10,,,,,,,,,,,,,,,,,,,,,,,,,,,,,,,,,6,,,
championship_split2,ALGS Year 4 Championship,https://apexlegendsstatus.com/algs/Y4-Split2/ALGS-Championships/Global/Overview,Y4-Split2,ALGS-Championships,Global,Overview,,,https://apexlegendsstatus.com/algs/Y4-Split2/ALGS-Championships/Global/Overview,overview,89,other,Scores,39,CRAZY RACCOON,11,7,14,,,,,,,,,,,,,,,,,,,,,,,,,,,,,,,,,14,,,
championship_split2,ALGS Year 4 Championship,https://apexlegendsstatus.com/algs/Y4-Split2/ALGS-Championships/Global/Overview,Y4-Split2,ALGS-Championships,Global,Overview,,,https://apexlegendsstatus.com/algs/Y4-Split2/ALGS-Championships/Global/Overview,overview,89,other,Scores,40,Supernova,4,3,13,,,,,,,,,,,,,,,,,,,,,,,,,,,,,,,,,13,,,
championship_split2,ALGS Year 4 Championship,https://apexlegendsstatus.com/algs/Y4-Split2/ALGS-Championships/Global/Overview,Y4-Split2,ALGS-Championships,Global,Overview,,,https://apexlegendsstatus.com/algs/Y4-Split2/ALGS-Championships/Global/Overview,overview,93,other,Scores,1,disguised,,,,5m 50s,13m 7s,15m 42s,4m 46s,11m 37s,13m 5s,2m 32s,13m 48s,15m 46s,,,,,,,,,,,,,,,,,,,,,,,,,2m 32s,16m 2s,18m 22s
championship_split2,ALGS Year 4 Championship,https://apexlegendsstatus.com/algs/Y4-Split2/ALGS-Championships/Global/Overview,Y4-Split2,ALGS-Championships,Global,Overview,,,https://apexlegendsstatus.com/algs/Y4-Split2/ALGS-Championships/Global/Overview,overview,93,other,Scores,2,Ninjas,,,,7m 14s,12m 55s,12m 46s,5m 35s,12m 47s,15m 36s,2m 59s,13m 41s,14m 41s,,,,,,,,,,,,,,,,,,,,,,,,,2m 59s,14m 53s,14m 49s
championship_split2,ALGS Year 4 Championship,https://apexlegendsstatus.com/algs/Y4-Split2/ALGS-Championships/Global/Overview,Y4-Split2,ALGS-Championships,Global,Overview,,,https://apexlegendsstatus.com/algs/Y4-Split2/ALGS-Championships/Global/Overview,overview,93,other,Scores,3,Cloud9,,,,12m 22s,15m 10s,16m 28s,11m 41s,16m 35s,16m 7s,3m 5s,14m 33s,15m 56s,,,,,,,,,,,,,,,,,,,,,,,,,3m 5s,11m 50s,15m 7s
championship_split2,ALGS Year 4 Championship,https://apexlegendsstatus.com/algs/Y4-Split2/ALGS-Championships/Global/Overview,Y4-Split2,ALGS-Championships,Global,Overview,,,https://apexlegendsstatus.com/algs/Y4-Split2/ALGS-Championships/Global/Overview,overview,93,other,Scores,4,GREEN STEGO,,,,2m 17s,10m 31s,12m 46s,2m 45s,11m 49s,13m 25s,2m 17s,11m 53s,13m 40s,,,,,,,,,,,,,,,,,,,,,,,,,3m 26s,12m 55s,14m 22s
championship_split2,ALGS Year 4 Championship,https://apexlegendsstatus.com/algs/Y4-Split2/ALGS-Championships/Global/Overview,Y4-Split2,ALGS-Championships,Global,Overview,,,https://apexlegendsstatus.com/algs/Y4-Split2/ALGS-Championships/Global/Overview,overview,93,other,Scores,5,Virtus.pro,,,,3m 1s,8m 49s,12m 42s,3m 22s,9m 20s,10m 5s,3m 1s,9m 44s,11m 39s,,,,,,,,,,,,,,,,,,,,,,,,,3m 45s,10m 54s,12m 14s
championship_split2,ALGS Year 4 Championship,https://apexlegendsstatus.com/algs/Y4-Split2/ALGS-Championships/Global/Overview,Y4-Split2,ALGS-Championships,Global,Overview,,,https://apexlegendsstatus.com/algs/Y4-Split2/ALGS-Championships/Global/Overview,overview,93,other,Scores,6,DRAGONS,,,,2m 11s,12m 33s,14m 37s,2m 45s,12m 43s,14m 48s,2m 11s,14m 17s,16m 17s,,,,,,,,,,,,,,,,,,,,,,,,,3m 56s,18m 55s,21m 56s
championship_split2,ALGS Year 4 Championship,https://apexlegendsstatus.com/algs/Y4-Split2/ALGS-Championships/Global/Overview,Y4-Split2,ALGS-Championships,Global,Overview,,,https://apexlegendsstatus.com/algs/Y4-Split2/ALGS-Championships/Global/Overview,overview,93,other,Scores,7,VK GAMING,,,,2m 48s,13m 47s,15m 19s,9m 44s,14m 36s,15m 29s,2m 48s,15m 47s,16m 40s,,,,,,,,,,,,,,,,,,,,,,,,,13m 36s,18m 18s,19m 5s
championship_split2,ALGS Year 4 Championship,https://apexlegendsstatus.com/algs/Y4-Split2/ALGS-Championships/Global/Overview,Y4-Split2,ALGS-Championships,Global,Overview,,,https://apexlegendsstatus.com/algs/Y4-Split2/ALGS-Championships/Global/Overview,overview,93,other,Scores,8,ShopifyRebellion,,,,4m 31s,12m 35s,14m 32s,5m 36s,15m 59s,17m 11s,3m 54s,13m 5s,15m 1s,,,,,,,,,,,,,,,,,,,,,,,,,3m 54s,11m 0s,13m 48s
championship_split2,ALGS Year 4 Championship,https://apexlegendsstatus.com/algs/Y4-Split2/ALGS-Championships/Global/Overview,Y4-Split2,ALGS-Championships,Global,Overview,,,https://apexlegendsstatus.com/algs/Y4-Split2/ALGS-Championships/Global/Overview,overview,93,other,Scores,9,Meteor,,,,7m 13s,12m 35s,12m 35s,4m 1s,8m 18s,9m 25s,4m 1s,11m 9s,11m 42s,,,,,,,,,,,,,,,,,,,,,,,,,7m 55s,12m 34s,14m 6s
championship_split2,ALGS Year 4 Championship,https://apexlegendsstatus.com/algs/Y4-Split2/ALGS-Championships/Global/Overview,Y4-Split2,ALGS-Championships,Global,Overview,,,https://apexlegendsstatus.com/algs/Y4-Split2/ALGS-Championships/Global/Overview,overview,93,other,Scores,10,Exo Clan,,,,3m 15s,12m 50s,13m 42s,2m 33s,12m 50s,14m 41s,1m 49s,12m 33s,14m 12s,,,,,,,,,,,,,,,,,,,,,,,,,1m 49s,12m 2s,14m 16s
championship_split2,ALGS Year 4 Championship,https://apexlegendsstatus.com/algs/Y4-Split2/ALGS-Championships/Global/Overview,Y4-Split2,ALGS-Championships,Global,Overview,,,https://apexlegendsstatus.com/algs/Y4-Split2/ALGS-Championships/Global/Overview,overview,93,other,Scores,11,TSM,,,,3m 43s,14m 34s,14m 34s,2m 44s,13m 50s,15m 7s,2m 44s,14m 49s,15m 15s,,,,,,,,,,,,,,,,,,,,,,,,,13m 6s,16m 46s,16m 52s
championship_split2,ALGS Year 4 Championship,https://apexlegendsstatus.com/algs/Y4-Split2/ALGS-Championships/Global/Overview,Y4-Split2,ALGS-Championships,Global,Overview,,,https://apexlegendsstatus.com/algs/Y4-Split2/ALGS-Championships/Global/Overview,overview,93,other,Scores,12,SOURCE XNY,,,,9m 25s,15m 46s,15m 12s,11m 3s,14m 47s,17m 2s,6m 49s,14m 10s,15m 7s,,,,,,,,,,,,,,,,,,,,,,,,,6m 49s,12m 14s,13m 58s
championship_split2,ALGS Year 4 Championship,https://apexlegendsstatus.com/algs/Y4-Split2/ALGS-Championships/Global/Overview,Y4-Split2,ALGS-Championships,Global,Overview,,,https://apexlegendsstatus.com/algs/Y4-Split2/ALGS-Championships/Global/Overview,overview,93,other,Scores,13,FNATIC,,,,1m 2s,10m 39s,14m 42s,5m 34s,11m 34s,13m 50s,1m 2s,11m 4s,13m 38s,,,,,,,,,,,,,,,,,,,,,,,,,3m 4s,10m 56s,12m 29s
championship_split2,ALGS Year 4 Championship,https://apexlegendsstatus.com/algs/Y4-Split2/ALGS-Championships/Global/Overview,Y4-Split2,ALGS-Championships,Global,Overview,,,https://apexlegendsstatus.com/algs/Y4-Split2/ALGS-Championships/Global/Overview,overview,93,other,Scores,14,Complexity,,,,2m 14s,12m 13s,13m 39s,3m 26s,12m 26s,13m 53s,2m 14s,13m 3s,14m 34s,,,,,,,,,,,,,,,,,,,,,,,,,7m 11s,14m 24s,16m 2s
championship_split2,ALGS Year 4 Championship,https://apexlegendsstatus.com/algs/Y4-Split2/ALGS-Championships/Global/Overview,Y4-Split2,ALGS-Championships,Global,Overview,,,https://apexlegendsstatus.com/algs/Y4-Split2/ALGS-Championships/Global/Overview,overview,93,other,Scores,15,NRG,,,,6m 38s,15m 50s,17m 7s,3m 22s,9m 36s,9m 42s,3m 22s,13m 10s,16m 10s,,,,,,,,,,,,,,,,,,,,,,,,,5m 57s,15m 7s,20m 21s
championship_split2,ALGS Year 4 Championship,https://apexlegendsstatus.com/algs/Y4-Split2/ALGS-Championships/Global/Overview,Y4-Split2,ALGS-Championships,Global,Overview,,,https://apexlegendsstatus.com/algs/Y4-Split2/ALGS-Championships/Global/Overview,overview,93,other,Scores,16,GUILD,,,,4m 21s,12m 51s,14m 14s,2m 22s,13m 8s,14m 35s,2m 22s,13m 44s,15m 6s,,,,,,,,,,,,,,,,,,,,,,,,,8m 55s,14m 59s,16m 15s
championship_split2,ALGS Year 4 Championship,https://apexlegendsstatus.com/algs/Y4-Split2/ALGS-Championships/Global/Overview,Y4-Split2,ALGS-Championships,Global,Overview,,,https://apexlegendsstatus.com/algs/Y4-Split2/ALGS-Championships/Global/Overview,overview,93,other,Scores,17,Oblivion,,,,2m 44s,9m 48s,12m 10s,2m 35s,11m 52s,9m 43s,2m 35s,12m 25s,12m 1s,,,,,,,,,,,,,,,,,,,,,,,,,4m 25s,16m 14s,14m 46s
championship_split2,ALGS Year 4 Championship,https://apexlegendsstatus.com/algs/Y4-Split2/ALGS-Championships/Global/Overview,Y4-Split2,ALGS-Championships,Global,Overview,,,https://apexlegendsstatus.com/algs/Y4-Split2/ALGS-Championships/Global/Overview,overview,93,other,Scores,18,shadow3690,,,,3m 38s,13m 51s,12m 39s,13m 49s,13m 50s,15m 19s,3m 38s,16m 8s,15m 48s,,,,,,,,,,,,,,,,,,,,,,,,,11m 13s,19m 34s,19m 5s
championship_split2,ALGS Year 4 Championship,https://apexlegendsstatus.com/algs/Y4-Split2/ALGS-Championships/Global/Overview,Y4-Split2,ALGS-Championships,Global,Overview,,,https://apexlegendsstatus.com/algs/Y4-Split2/ALGS-Championships/Global/Overview,overview,93,other,Scores,19,100 Thieves,,,,5m,13m 46s,15m,4m 14s,14m 1s,16m 56s,4m 14s,14m 4s,16m 4s,,,,,,,,,,,,,,,,,,,,,,,,,8m 52s,14m 32s,16m 39s
championship_split2,ALGS Year 4 Championship,https://apexlegendsstatus.com/algs/Y4-Split2/ALGS-Championships/Global/Overview,Y4-Split2,ALGS-Championships,Global,Overview,,,https://apexlegendsstatus.com/algs/Y4-Split2/ALGS-Championships/Global/Overview,overview,93,other,Scores,20,FaZe,,,,8m 28s,16m 6s,15m 45s,3m,13m 26s,14m 53s,3m,13m 33s,14m 5s,,,,,,,,,,,,,,,,,,,,,,,,,5m 58s,11m 27s,12m 24s
championship_split2,ALGS Year 4 Championship,https://apexlegendsstatus.com/algs/Y4-Split2/ALGS-Championships/Global/Overview,Y4-Split2,ALGS-Championships,Global,Overview,,,https://apexlegendsstatus.com/algs/Y4-Split2/ALGS-Championships/Global/Overview,overview,93,other,Scores,21,OrglessAndHungry,,,,3m 49s,11m 36s,12m 15s,1m 49s,9m 23s,10m 52s,1m 49s,11m 59s,13m 42s,,,,,,,,,,,,,,,,,,,,,,,,,3m 31s,15m 17s,17m 37s
championship_split2,ALGS Year 4 Championship,https://apexlegendsstatus.com/algs/Y4-Split2/ALGS-Championships/Global/Overview,Y4-Split2,ALGS-Championships,Global,Overview,,,https://apexlegendsstatus.com/algs/Y4-Split2/ALGS-Championships/Global/Overview,overview,93,other,Scores,22,GHS Professional,,,,3m 23s,10m 9s,11m 31s,2m 27s,10m 34s,10m 47s,2m 27s,11m 52s,11m 52s,,,,,,,,,,,,,,,,,,,,,,,,,4m 6s,15m 32s,13m 51s
championship_split2,ALGS Year 4 Championship,https://apexlegendsstatus.com/algs/Y4-Split2/ALGS-Championships/Global/Overview,Y4-Split2,ALGS-Championships,Global,Overview,,,https://apexlegendsstatus.com/algs/Y4-Split2/ALGS-Championships/Global/Overview,overview,93,other,Scores,23,CRAZY RACCOON,,,,1m 55s,10m 15s,12m 12s,7m 17s,15m 48s,17m 54s,1m 55s,12m 43s,14m 24s,,,,,,,,,,,,,,,,,,,,,,,,,5m 28s,13m 9s,14m 13s
championship_split2,ALGS Year 4 Championship,https://apexlegendsstatus.com/algs/Y4-Split2/ALGS-Championships/Global/Overview,Y4-Split2,ALGS-Championships,Global,Overview,,,https://apexlegendsstatus.com/algs/Y4-Split2/ALGS-Championships/Global/Overview,overview,93,other,Scores,24,Team Falcons,,,,3m 35s,12m 37s,13m 60s,2m 5s,9m 13s,12m 31s,2m 5s,11m 31s,13m 36s,,,,,,,,,,,,,,,,,,,,,,,,,5m 57s,12m 31s,14m 31s
championship_split2,ALGS Year 4 Championship,https://apexlegendsstatus.com/algs/Y4-Split2/ALGS-Championships/Global/Overview,Y4-Split2,ALGS-Championships,Global,Overview,,,https://apexlegendsstatus.com/algs/Y4-Split2/ALGS-Championships/Global/Overview,overview,93,other,Scores,25,ENTER FORCE.36,,,,3m 40s,11m 16s,12m 54s,4m 8s,12m 58s,12m 38s,3m 33s,10m 51s,12m 19s,,,,,,,,,,,,,,,,,,,,,,,,,3m 33s,8m 49s,11m 40s
championship_split2,ALGS Year 4 Championship,https://apexlegendsstatus.com/algs/Y4-Split2/ALGS-Championships/Global/Overview,Y4-Split2,ALGS-Championships,Global,Overview,,,https://apexlegendsstatus.com/algs/Y4-Split2/ALGS-Championships/Global/Overview,overview,93,other,Scores,26,Envy,,,,3m 36s,12m 8s,12m 34s,12m 59s,15m 49s,16m 17s,3m 36s,15m 3s,16m 1s,,,,,,,,,,,,,,,,,,,,,,,,,8m 3s,18m 45s,23m 8s
championship_split2,ALGS Year 4 Championship,https://apexlegendsstatus.com/algs/Y4-Split2/ALGS-Championships/Global/Overview,Y4-Split2,ALGS-Championships,Global,Overview,,,https://apexlegendsstatus.com/algs/Y4-Split2/ALGS-Championships/Global/Overview,overview,93,other,Scores,27,Liquid Alienware,,,,2m 59s,9m 46s,11m 28s,2m 26s,11m 52s,13m 31s,2m 26s,11m 38s,12m 52s,,,,,,,,,,,,,,,,,,,,,,,,,3m 12s,14m 24s,14m 31s
championship_split2,ALGS Year 4 Championship,https://apexlegendsstatus.com/algs/Y4-Split2/ALGS-Championships/Global/Overview,Y4-Split2,ALGS-Championships,Global,Overview,,,https://apexlegendsstatus.com/algs/Y4-Split2/ALGS-Championships/Global/Overview,overview,93,other,Scores,28,REIGNITE,,,,3m 30s,12m 39s,14m 32s,5m 49s,11m 12s,11m 32s,3m 30s,14m 13s,14m 34s,,,,,,,,,,,,,,,,,,,,,,,,,4m 8s,18m 31s,17m 37s
championship_split2,ALGS Year 4 Championship,https://apexlegendsstatus.com/algs/Y4-Split2/ALGS-Championships/Global/Overview,Y4-Split2,ALGS-Championships,Global,Overview,,,https://apexlegendsstatus.com/algs/Y4-Split2/ALGS-Championships/Global/Overview,overview,93,other,Scores,29,Aurora,,,,12m 54s,16m 2s,17m 1s,3m 39s,13m 23s,15m 13s,3m 24s,15m 13s,16m 7s,,,,,,,,,,,,,,,,,,,,,,,,,3m 24s,16m 18s,16m 9s
championship_split2,ALGS Year 4 Championship,https://apexlegendsstatus.com/algs/Y4-Split2/ALGS-Championships/Global/Overview,Y4-Split2,ALGS-Championships,Global,Overview,,,https://apexlegendsstatus.com/algs/Y4-Split2/ALGS-Championships/Global/Overview,overview,93,other,Scores,30,GaiminGladiators,,,,4m 48s,12m 59s,14m 23s,4m 14s,14m 6s,15m 60s,4m 14s,14m 21s,15m 59s,,,,,,,,,,,,,,,,,,,,,,,,,13m 10s,16m 15s,17m 22s
championship_split2,ALGS Year 4 Championship,https://apexlegendsstatus.com/algs/Y4-Split2/ALGS-Championships/Global/Overview,Y4-Split2,ALGS-Championships,Global,Overview,,,https://apexlegendsstatus.com/algs/Y4-Split2/ALGS-Championships/Global/Overview,overview,93,other,Scores,31,GoNext,,,,2m 58s,9m 39s,11m 44s,2m 53s,12m 37s,14m 31s,2m 49s,11m 12s,13m 13s,,,,,,,,,,,,,,,,,,,,,,,,,2m 49s,11m 17s,13m 35s
championship_split2,ALGS Year 4 Championship,https://apexlegendsstatus.com/algs/Y4-Split2/ALGS-Championships/Global/Overview,Y4-Split2,ALGS-Championships,Global,Overview,,,https://apexlegendsstatus.com/algs/Y4-Split2/ALGS-Championships/Global/Overview,overview,93,other,Scores,32,Supernova,,,,5m 56s,10m 37s,14m 37s,3m 36s,15m 41s,13m 40s,3m 36s,16m 44s,17m 24s,,,,,,,,,,,,,,,,,,,,,,,,,11m 34s,19m 39s,20m 26s
championship_split2,ALGS Year 4 Championship,https://apexlegendsstatus.com/algs/Y4-Split2/ALGS-Championships/Global/Overview,Y4-Split2,ALGS-Championships,Global,Overview,,,https://apexlegendsstatus.com/algs/Y4-Split2/ALGS-Championships/Global/Overview,overview,93,other,Scores,33,Zero Tenacity,,,,3m 7s,9m 12s,11m 47s,5m 38s,15m 4s,16m 23s,2m 29s,12m 53s,13m 59s,,,,,,,,,,,,,,,,,,,,,,,,,2m 29s,14m 12s,14m 20s
championship_split2,ALGS Year 4 Championship,https://apexlegendsstatus.com/algs/Y4-Split2/ALGS-Championships/Global/Overview,Y4-Split2,ALGS-Championships,Global,Overview,,,https://apexlegendsstatus.com/algs/Y4-Split2/ALGS-Championships/Global/Overview,overview,93,other,Scores,34,STALLIONS,,,,3m 15s,11m 59s,13m 33s,4m 21s,10m 45s,13m 53s,3m 15s,13m 10s,14m 56s,,,,,,,,,,,,,,,,,,,,,,,,,3m 33s,15m 42s,16m 33s
championship_split2,ALGS Year 4 Championship,https://apexlegendsstatus.com/algs/Y4-Split2/ALGS-Championships/Global/Overview,Y4-Split2,ALGS-Championships,Global,Overview,,,https://apexlegendsstatus.com/algs/Y4-Split2/ALGS-Championships/Global/Overview,overview,93,other,Scores,35,Alliance,,,,10m 2s,14m 29s,16m 30s,5m 25s,14m 32s,15m 59s,4m 37s,13m 56s,15m 14s,,,,,,,,,,,,,,,,,,,,,,,,,4m 37s,12m 47s,13m 2s
championship_split2,ALGS Year 4 Championship,https://apexlegendsstatus.com/algs/Y4-Split2/ALGS-Championships/Global/Overview,Y4-Split2,ALGS-Championships,Global,Overview,,,https://apexlegendsstatus.com/algs/Y4-Split2/ALGS-Championships/Global/Overview,overview,93,other,Scores,36,FURIA,,,,5m 41s,15m 10s,15m 54s,4m 28s,12m 26s,16m 59s,4m 28s,13m 38s,15m 58s,,,,,,,,,,,,,,,,,,,,,,,,,6m 34s,13m 12s,14m 45s
championship_split2,ALGS Year 4 Championship,https://apexlegendsstatus.com/algs/Y4-Split2/ALGS-Championships/Global/Overview,Y4-Split2,ALGS-Championships,Global,Overview,,,https://apexlegendsstatus.com/algs/Y4-Split2/ALGS-Championships/Global/Overview,overview,93,other,Scores,37,Team Burger,,,,3m 31s,12m 2s,13m 23s,1m 53s,13m 3s,14m 25s,1m 53s,13m 21s,14m 16s,,,,,,,,,,,,,,,,,,,,,,,,,4m 16s,14m 46s,14m 54s
championship_split2,ALGS Year 4 Championship,https://apexlegendsstatus.com/algs/Y4-Split2/ALGS-Championships/Global/Overview,Y4-Split2,ALGS-Championships,Global,Overview,,,https://apexlegendsstatus.com/algs/Y4-Split2/ALGS-Championships/Global/Overview,overview,93,other,Scores,38,LG,,,,5m 21s,12m 17s,13m 36s,4m 8s,12m 35s,15m 57s,4m 8s,13m 41s,16m 4s,,,,,,,,,,,,,,,,,,,,,,,,,8m 19s,16m 30s,18m 39s
championship_split2,ALGS Year 4 Championship,https://apexlegendsstatus.com/algs/Y4-Split2/ALGS-Championships/Global/Overview,Y4-Split2,ALGS-Championships,Global,Overview,,,https://apexlegendsstatus.com/algs/Y4-Split2/ALGS-Championships/Global/Overview,overview,93,other,Scores,39,Noctem,,,,2m 36s,8m 17s,9m 42s,12m 28s,13m 41s,14m 23s,2m 36s,10m 33s,11m 47s,,,,,,,,,,,,,,,,,,,,,,,,,3m 27s,10m 48s,12m 13s
championship_split2,ALGS Year 4 Championship,https://apexlegendsstatus.com/algs/Y4-Split2/ALGS-Championships/Global/Overview,Y4-Split2,ALGS-Championships,Global,Overview,,,https://apexlegendsstatus.com/algs/Y4-Split2/ALGS-Championships/Global/Overview,overview,93,other,Scores,40,DreamFire,,,,1m 7s,5m 43s,9m 59s,7m 51s,12m 19s,13m 14s,1m 7s,13m 31s,14m 57s,,,,,,,,,,,,,,,,,,,,,,,,,13m 33s,21m 28s,20m 48s
championship_split2,ALGS Year 4 Championship,https://apexlegendsstatus.com/algs/Y4-Split2/ALGS-Championships/Global/Overview,Y4-Split2,ALGS-Championships,Global,Overview,,,https://apexlegendsstatus.com/algs/Y4-Split2/ALGS-Championships/Global/Overview,overview,94,other,Scores,1,disguised,,,,5m 50s,,12m 50s,4m 52s,,11m 25s,2m 32s,,13m 31s,DSG PlayerKay,,,,,,,,,,,,,,,,,,,,,,,,2m 32s,,16m 25s
championship_split2,ALGS Year 4 Championship,https://apexlegendsstatus.com/algs/Y4-Split2/ALGS-Championships/Global/Overview,Y4-Split2,ALGS-Championships,Global,Overview,,,https://apexlegendsstatus.com/algs/Y4-Split2/ALGS-Championships/Global/Overview,overview,94,other,Scores,2,Ninjas,,,,14m 53s,,14m 53s,5m 35s,,13m 9s,2m 59s,,12m 46s,NIN Gnaske,,,,,,,,,,,,,,,,,,,,,,,,2m 59s,,12m 7s
championship_split2,ALGS Year 4 Championship,https://apexlegendsstatus.com/algs/Y4-Split2/ALGS-Championships/Global/Overview,Y4-Split2,ALGS-Championships,Global,Overview,,,https://apexlegendsstatus.com/algs/Y4-Split2/ALGS-Championships/Global/Overview,overview,94,other,Scores,3,Cloud9,,,,12m 46s,,16m 40s,11m 41s,,16m 28s,3m 5s,,15m 39s,C9 Shooby,,,,,,,,,,,,,,,,,,,,,,,,3m 5s,,13m 13s
championship_split2,ALGS Year 4 Championship,https://apexlegendsstatus.com/algs/Y4-Split2/ALGS-Championships/Global/Overview,Y4-Split2,ALGS-Championships,Global,Overview,,,https://apexlegendsstatus.com/algs/Y4-Split2/ALGS-Championships/Global/Overview,overview,94,other,Scores,4,GREEN STEGO,,,,2m 26s,,12m 48s,2m 45s,,11m 6s,2m 26s,,12m 51s,GS Z1CKKY,,,,,,,,,,,,,,,,,,,,,,,,3m 26s,,14m 13s
championship_split2,ALGS Year 4 Championship,https://apexlegendsstatus.com/algs/Y4-Split2/ALGS-Championships/Global/Overview,Y4-Split2,ALGS-Championships,Global,Overview,,,https://apexlegendsstatus.com/algs/Y4-Split2/ALGS-Championships/Global/Overview,overview,94,other,Scores,5,GREEN STEGO,,,,2m 17s,,12m 55s,6m 35s,,13m 48s,2m 17s,,13m 39s,GS ASIAZXD,,,,,,,,,,,,,,,,,,,,,,,,3m 31s,,14m 6s
championship_split2,ALGS Year 4 Championship,https://apexlegendsstatus.com/algs/Y4-Split2/ALGS-Championships/Global/Overview,Y4-Split2,ALGS-Championships,Global,Overview,,,https://apexlegendsstatus.com/algs/Y4-Split2/ALGS-Championships/Global/Overview,overview,94,other,Scores,6,Virtus.pro,,,,3m 15s,,14m 30s,3m 22s,,9m 33s,3m 15s,,11m 14s,VP Slayr,,,,,,,,,,,,,,,,,,,,,,,,3m 45s,,10m 38s
championship_split2,ALGS Year 4 Championship,https://apexlegendsstatus.com/algs/Y4-Split2/ALGS-Championships/Global/Overview,Y4-Split2,ALGS-Championships,Global,Overview,,,https://apexlegendsstatus.com/algs/Y4-Split2/ALGS-Championships/Global/Overview,overview,94,other,Scores,7,Virtus.pro,,,,3m 27s,,12m 36s,5m 34s,,9m 50s,3m 27s,,11m 49s,VP Zachmazer,,,,,,,,,,,,,,,,,,,,,,,,7m 59s,,12m 39s
championship_split2,ALGS Year 4 Championship,https://apexlegendsstatus.com/algs/Y4-Split2/ALGS-Championships/Global/Overview,Y4-Split2,ALGS-Championships,Global,Overview,,,https://apexlegendsstatus.com/algs/Y4-Split2/ALGS-Championships/Global/Overview,overview,94,other,Scores,8,Virtus.pro,,,,3m 1s,,11m 34s,3m 25s,,10m 55s,3m 1s,,11m 52s,VP Lou,,,,,,,,,,,,,,,,,,,,,,,,5m 15s,,13m 10s
championship_split2,ALGS Year 4 Championship,https://apexlegendsstatus.com/algs/Y4-Split2/ALGS-Championships/Global/Overview,Y4-Split2,ALGS-Championships,Global,Overview,,,https://apexlegendsstatus.com/algs/Y4-Split2/ALGS-Championships/Global/Overview,overview,94,other,Scores,9,GREEN STEGO,,,,2m 23s,,12m 31s,14m 48s,,16m 47s,2m 23s,,14m 43s,GS DEXTER,,,,,,,,,,,,,,,,,,,,,,,,8m 40s,,14m 47s
championship_split2,ALGS Year 4 Championship,https://apexlegendsstatus.com/algs/Y4-Split2/ALGS-Championships/Global/Overview,Y4-Split2,ALGS-Championships,Global,Overview,,,https://apexlegendsstatus.com/algs/Y4-Split2/ALGS-Championships/Global/Overview,overview,94,other,Scores,10,Ninjas,,,,7m 14s,,12m 55s,6m 5s,,14m 40s,4m 9s,,14m 49s,NIN Zaine,,,,,,,,,,,,,,,,,,,,,,,,4m 9s,,16m
championship_split2,ALGS Year 4 Championship,https://apexlegendsstatus.com/algs/Y4-Split2/ALGS-Championships/Global/Overview,Y4-Split2,ALGS-Championships,Global,Overview,,,https://apexlegendsstatus.com/algs/Y4-Split2/ALGS-Championships/Global/Overview,overview,94,other,Scores,11,DRAGONS,,,,2m 11s,,11m 48s,2m 48s,,15m 59s,2m 11s,,16m 43s,DRGN Azazel,,,,,,,,,,,,,,,,,,,,,,,,14m 29s,,23m 47s
championship_split2,ALGS Year 4 Championship,https://apexlegendsstatus.com/algs/Y4-Split2/ALGS-Championships/Global/Overview,Y4-Split2,ALGS-Championships,Global,Overview,,,https://apexlegendsstatus.com/algs/Y4-Split2/ALGS-Championships/Global/Overview,overview,94,other,Scores,12,VK GAMING,,,,11m 49s,,15m 27s,9m 44s,,15m 13s,9m 44s,,15m 57s,VKG QQ,,,,,,,,,,,,,,,,,,,,,,,,14m 45s,,17m 10s
championship_split2,ALGS Year 4 Championship,https://apexlegendsstatus.com/algs/Y4-Split2/ALGS-Championships/Global/Overview,Y4-Split2,ALGS-Championships,Global,Overview,,,https://apexlegendsstatus.com/algs/Y4-Split2/ALGS-Championships/Global/Overview,overview,94,other,Scores,13,VK GAMING,,,,11m 49s,,16m 40s,12m 50s,,15m 31s,11m 49s,,17m 42s,VKG LqDuD,,,,,,,,,,,,,,,,,,,,,,,,13m 36s,,19m 56s
championship_split2,ALGS Year 4 Championship,https://apexlegendsstatus.com/algs/Y4-Split2/ALGS-Championships/Global/Overview,Y4-Split2,ALGS-Championships,Global,Overview,,,https://apexlegendsstatus.com/algs/Y4-Split2/ALGS-Championships/Global/Overview,overview,94,other,Scores,14,ShopifyRebellion,,,,4m 31s,,13m 18s,8m 29s,,16m 38s,3m 54s,,14m 26s,SR Koyful,,,,,,,,,,,,,,,,,,,,,,,,3m 54s,,13m 43s
championship_split2,ALGS Year 4 Championship,https://apexlegendsstatus.com/algs/Y4-Split2/ALGS-Championships/Global/Overview,Y4-Split2,ALGS-Championships,Global,Overview,,,https://apexlegendsstatus.com/algs/Y4-Split2/ALGS-Championships/Global/Overview,overview,94,other,Scores,15,Meteor,,,,7m 36s,,10m 15s,4m 17s,,9m 22s,4m 17s,,11m 20s,MTR Vor_983kuma,,,,,,,,,,,,,,,,,,,,,,,,14m 38s,,15m 3s
championship_split2,ALGS Year 4 Championship,https://apexlegendsstatus.com/algs/Y4-Split2/ALGS-Championships/Global/Overview,Y4-Split2,ALGS-Championships,Global,Overview,,,https://apexlegendsstatus.com/algs/Y4-Split2/ALGS-Championships/Global/Overview,overview,94,other,Scores,16,disguised,,,,12m 4s,,17m 45s,4m 46s,,14m 29s,4m 46s,,16m 51s,DSG StrafingFlame,,,,,,,,,,,,,,,,,,,,,,,,12m 11s,,18m 21s
championship_split2,ALGS Year 4 Championship,https://apexlegendsstatus.com/algs/Y4-Split2/ALGS-Championships/Global/Overview,Y4-Split2,ALGS-Championships,Global,Overview,,,https://apexlegendsstatus.com/algs/Y4-Split2/ALGS-Championships/Global/Overview,overview,94,other,Scores,17,disguised,,,,5m 55s,,15m 54s,7m 31s,,13m 25s,5m 55s,,16m 44s,DSG arctic,,,,,,,,,,,,,,,,,,,,,,,,11m 34s,,20m 20s
championship_split2,ALGS Year 4 Championship,https://apexlegendsstatus.com/algs/Y4-Split2/ALGS-Championships/Global/Overview,Y4-Split2,ALGS-Championships,Global,Overview,,,https://apexlegendsstatus.com/algs/Y4-Split2/ALGS-Championships/Global/Overview,overview,94,other,Scores,18,Exo Clan,,,,3m 19s,,11m 55s,3m 4s,,12m 34s,3m 4s,,13m 33s,EXO KSWINNIIE,,,,,,,,,,,,,,,,,,,,,,,,13m 33s,,16m 11s
championship_split2,ALGS Year 4 Championship,https://apexlegendsstatus.com/algs/Y4-Split2/ALGS-Championships/Global/Overview,Y4-Split2,ALGS-Championships,Global,Overview,,,https://apexlegendsstatus.com/algs/Y4-Split2/ALGS-Championships/Global/Overview,overview,94,other,Scores,19,Exo Clan,,,,3m 15s,,13m 57s,13m 52s,,17m 53s,3m 15s,,16m 3s,EXO Slayers,,,,,,,,,,,,,,,,,,,,,,,,14m 48s,,16m 44s
championship_split2,ALGS Year 4 Championship,https://apexlegendsstatus.com/algs/Y4-Split2/ALGS-Championships/Global/Overview,Y4-Split2,ALGS-Championships,Global,Overview,,,https://apexlegendsstatus.com/algs/Y4-Split2/ALGS-Championships/Global/Overview,overview,94,other,Scores,20,TSM,,,,5m 52s,,15m 10s,2m 44s,,13m 42s,2m 44s,,15m 0s,TSM Verhulst,,,,,,,,,,,,,,,,,,,,,,,,13m 6s,,16m 42s
championship_split2,ALGS Year 4 Championship,https://apexlegendsstatus.com/algs/Y4-Split2/ALGS-Championships/Global/Overview,Y4-Split2,ALGS-Championships,Global,Overview,,,https://apexlegendsstatus.com/algs/Y4-Split2/ALGS-Championships/Global/Overview,overview,94,other,Scores,21,Exo Clan,,,,3m 15s,,14m 48s,2m 33s,,13m 19s,1m 49s,,13m 7s,EXO Feuda,,,,,,,,,,,,,,,,,,,,,,,,1m 49s,,11m 39s
championship_split2,ALGS Year 4 Championship,https://apexlegendsstatus.com/algs/Y4-Split2/ALGS-Championships/Global/Overview,Y4-Split2,ALGS-Championships,Global,Overview,,,https://apexlegendsstatus.com/algs/Y4-Split2/ALGS-Championships/Global/Overview,overview,94,other,Scores,22,SOURCE XNY,,,,9m 25s,,16m 43s,11m 3s,,11m 47s,6m 49s,,14m 17s,XNY JonnyR,,,,,,,,,,,,,,,,,,,,,,,,6m 49s,,13m 5s
championship_split2,ALGS Year 4 Championship,https://apexlegendsstatus.com/algs/Y4-Split2/ALGS-Championships/Global/Overview,Y4-Split2,ALGS-Championships,Global,Overview,,,https://apexlegendsstatus.com/algs/Y4-Split2/ALGS-Championships/Global/Overview,overview,94,other,Scores,23,SOURCE XNY,,,,9m 25s,,14m 37s,17m 48s,,20m 0s,9m 25s,,16m 5s,XNY xd,,,,,,,,,,,,,,,,,,,,,,,,13m 37s,,15m 29s
championship_split2,ALGS Year 4 Championship,https://apexlegendsstatus.com/algs/Y4-Split2/ALGS-Championships/Global/Overview,Y4-Split2,ALGS-Championships,Global,Overview,,,https://apexlegendsstatus.com/algs/Y4-Split2/ALGS-Championships/Global/Overview,overview,94,other,Scores,24,SOURCE XNY,,,,9m 25s,,13m 50s,11m 3s,,17m 25s,6m 49s,,14m 54s,XNY Yuchen,,,,,,,,,,,,,,,,,,,,,,,,6m 49s,,13m 31s
championship_split2,ALGS Year 4 Championship,https://apexlegendsstatus.com/algs/Y4-Split2/ALGS-Championships/Global/Overview,Y4-Split2,ALGS-Championships,Global,Overview,,,https://apexlegendsstatus.com/algs/Y4-Split2/ALGS-Championships/Global/Overview,overview,94,other,Scores,25,FNATIC,,,,4m 17s,,14m 25s,5m 59s,,11m 57s,3m 4s,,12m 22s,FNC Lykq,,,,,,,,,,,,,,,,,,,,,,,,3m 4s,,11m 43s
championship_split2,ALGS Year 4 Championship,https://apexlegendsstatus.com/algs/Y4-Split2/ALGS-Championships/Global/Overview,Y4-Split2,ALGS-Championships,Global,Overview,,,https://apexlegendsstatus.com/algs/Y4-Split2/ALGS-Championships/Global/Overview,overview,94,other,Scores,26,Complexity,,,,2m 14s,,11m 44s,3m 26s,,13m 51s,2m 14s,,14m 1s,COL Monsoon,,,,,,,,,,,,,,,,,,,,,,,,7m 53s,,15m 58s
championship_split2,ALGS Year 4 Championship,https://apexlegendsstatus.com/algs/Y4-Split2/ALGS-Championships/Global/Overview,Y4-Split2,ALGS-Championships,Global,Overview,,,https://apexlegendsstatus.com/algs/Y4-Split2/ALGS-Championships/Global/Overview,overview,94,other,Scores,27,ShopifyRebellion,,,,13m 12s,,15m 47s,5m 36s,,15m 3s,4m 8s,,14m 46s,SR Xynew,,,,,,,,,,,,,,,,,,,,,,,,4m 8s,,13m 7s
championship_split2,ALGS Year 4 Championship,https://apexlegendsstatus.com/algs/Y4-Split2/ALGS-Championships/Global/Overview,Y4-Split2,ALGS-Championships,Global,Overview,,,https://apexlegendsstatus.com/algs/Y4-Split2/ALGS-Championships/Global/Overview,overview,94,other,Scores,28,Meteor,,,,12m 10s,,15m 2s,4m 17s,,8m 58s,4m 17s,,12m 9s,MTR Lible_Ace,,,,,,,,,,,,,,,,,,,,,,,,7m 55s,,12m 46s
championship_split2,ALGS Year 4 Championship,https://apexlegendsstatus.com/algs/Y4-Split2/ALGS-Championships/Global/Overview,Y4-Split2,ALGS-Championships,Global,Overview,,,https://apexlegendsstatus.com/algs/Y4-Split2/ALGS-Championships/Global/Overview,overview,94,other,Scores,29,FNATIC,,,,7m 23s,,17m 56s,9m 13s,,13m 48s,3m 36s,,14m 55s,FNC Meltstera,,,,,,,,,,,,,,,,,,,,,,,,3m 36s,,12m 46s
championship_split2,ALGS Year 4 Championship,https://apexlegendsstatus.com/algs/Y4-Split2/ALGS-Championships/Global/Overview,Y4-Split2,ALGS-Championships,Global,Overview,,,https://apexlegendsstatus.com/algs/Y4-Split2/ALGS-Championships/Global/Overview,overview,94,other,Scores,30,Meteor,,,,7m 13s,,11m 14s,4m 1s,,9m 54s,4m 1s,,11m 35s,MTR Kuroton,,,,,,,,,,,,,,,,,,,,,,,,9m 46s,,14m 4s
championship_split2,ALGS Year 4 Championship,https://apexlegendsstatus.com/algs/Y4-Split2/ALGS-Championships/Global/Overview,Y4-Split2,ALGS-Championships,Global,Overview,,,https://apexlegendsstatus.com/algs/Y4-Split2/ALGS-Championships/Global/Overview,overview,94,other,Scores,31,FNATIC,,,,1m 2s,,11m 38s,5m 34s,,16m 18s,1m 2s,,13m 39s,FNC YukaF,,,,,,,,,,,,,,,,,,,,,,,,3m 40s,,13m 17s
championship_split2,ALGS Year 4 Championship,https://apexlegendsstatus.com/algs/Y4-Split2/ALGS-Championships/Global/Overview,Y4-Split2,ALGS-Championships,Global,Overview,,,https://apexlegendsstatus.com/algs/Y4-Split2/ALGS-Championships/Global/Overview,overview,94,other,Scores,32,Complexity,,,,5m 16s,,15m 24s,5m 9s,,13m 37s,5m 9s,,15m 32s,COL Enemy,,,,,,,,,,,,,,,,,,,,,,,,13m 27s,,17m 21s
championship_split2,ALGS Year 4 Championship,https://apexlegendsstatus.com/algs/Y4-Split2/ALGS-Championships/Global/Overview,Y4-Split2,ALGS-Championships,Global,Overview,,,https://apexlegendsstatus.com/algs/Y4-Split2/ALGS-Championships/Global/Overview,overview,94,other,Scores,33,NRG,,,,6m 38s,,16m 17s,4m 1s,,9m 55s,4m 1s,,15m 10s,NRG FunFPS,,,,,,,,,,,,,,,,,,,,,,,,6m 21s,,17m 58s
championship_split2,ALGS Year 4 Championship,https://apexlegendsstatus.com/algs/Y4-Split2/ALGS-Championships/Global/Overview,Y4-Split2,ALGS-Championships,Global,Overview,,,https://apexlegendsstatus.com/algs/Y4-Split2/ALGS-Championships/Global/Overview,overview,94,other,Scores,34,ShopifyRebellion,,,,9m 14s,,14m 7s,15m 22s,,20m 6s,9m 14s,,16m 14s,SR Emtee,,,,,,,,,,,,,,,,,,,,,,,,9m 55s,,14m 54s
championship_split2,ALGS Year 4 Championship,https://apexlegendsstatus.com/algs/Y4-Split2/ALGS-Championships/Global/Overview,Y4-Split2,ALGS-Championships,Global,Overview,,,https://apexlegendsstatus.com/algs/Y4-Split2/ALGS-Championships/Global/Overview,overview,94,other,Scores,35,GUILD,,,,14m 31s,,16m 41s,2m 22s,,14m 18s,2m 22s,,15m 20s,GLD Legacy,,,,,,,,,,,,,,,,,,,,,,,,11m 25s,,15m 43s
championship_split2,ALGS Year 4 Championship,https://apexlegendsstatus.com/algs/Y4-Split2/ALGS-Championships/Global/Overview,Y4-Split2,ALGS-Championships,Global,Overview,,,https://apexlegendsstatus.com/algs/Y4-Split2/ALGS-Championships/Global/Overview,overview,94,other,Scores,36,GUILD,,,,4m 35s,,10m 48s,2m 24s,,13m 11s,2m 24s,,13m 49s,GLD Phony,,,,,,,,,,,,,,,,,,,,,,,,8m 55s,,15m 48s
championship_split2,ALGS Year 4 Championship,https://apexlegendsstatus.com/algs/Y4-Split2/ALGS-Championships/Global/Overview,Y4-Split2,ALGS-Championships,Global,Overview,,,https://apexlegendsstatus.com/algs/Y4-Split2/ALGS-Championships/Global/Overview,overview,94,other,Scores,37,Oblivion,,,,2m 44s,,11m 36s,2m 35s,,11m 40s,2m 35s,,14m 14s,OBVN Reedz,,,,,,,,,,,,,,,,,,,,,,,,12m 28s,,20m 41s
championship_split2,ALGS Year 4 Championship,https://apexlegendsstatus.com/algs/Y4-Split2/ALGS-Championships/Global/Overview,Y4-Split2,ALGS-Championships,Global,Overview,,,https://apexlegendsstatus.com/algs/Y4-Split2/ALGS-Championships/Global/Overview,overview,94,other,Scores,38,Oblivion,,,,2m 44s,,12m 21s,2m 35s,,5m 40s,2m 35s,,10m 46s,OBVN Nano,,,,,,,,,,,,,,,,,,,,,,,,4m 31s,,11m 37s
championship_split2,ALGS Year 4 Championship,https://apexlegendsstatus.com/algs/Y4-Split2/ALGS-Championships/Global/Overview,Y4-Split2,ALGS-Championships,Global,Overview,,,https://apexlegendsstatus.com/algs/Y4-Split2/ALGS-Championships/Global/Overview,overview,94,other,Scores,39,shadow3690,,,,3m 38s,,10m 30s,15m 59s,,15m 59s,3m 38s,,15m 41s,SDW Zhouzhou,,,,,,,,,,,,,,,,,,,,,,,,11m 13s,,20m 48s
championship_split2,ALGS Year 4 Championship,https://apexlegendsstatus.com/algs/Y4-Split2/ALGS-Championships/Global/Overview,Y4-Split2,ALGS-Championships,Global,Overview,,,https://apexlegendsstatus.com/algs/Y4-Split2/ALGS-Championships/Global/Overview,overview,94,other,Scores,40,shadow3690,,,,4m 5s,,12m 27s,13m 49s,,15m 44s,4m 5s,,16m 28s,SDW Tpx_ZhouS,,,,,,,,,,,,,,,,,,,,,,,,11m 13s,,20m 46s
championship_split2,ALGS Year 4 Championship,https://apexlegendsstatus.com/algs/Y4-Split2/ALGS-Championships/Global/Overview,Y4-Split2,ALGS-Championships,Global,Overview,,,https://apexlegendsstatus.com/algs/Y4-Split2/ALGS-Championships/Global/Overview,overview,94,other,Scores,41,Cloud9,,,,12m 24s,,15m 43s,13m 42s,,15m 1s,6m 39s,,15m 7s,C9 sauceror,,,,,,,,,,,,,,,,,,,,,,,,6m 39s,,14m 37s
championship_split2,ALGS Year 4 Championship,https://apexlegendsstatus.com/algs/Y4-Split2/ALGS-Championships/Global/Overview,Y4-Split2,ALGS-Championships,Global,Overview,,,https://apexlegendsstatus.com/algs/Y4-Split2/ALGS-Championships/Global/Overview,overview,94,other,Scores,42,Cloud9,,,,12m 22s,,17m 9s,13m 42s,,17m 32s,12m 22s,,17m 27s,C9 Naughty,,,,,,,,,,,,,,,,,,,,,,,,14m 28s,,17m 48s
championship_split2,ALGS Year 4 Championship,https://apexlegendsstatus.com/algs/Y4-Split2/ALGS-Championships/Global/Overview,Y4-Split2,ALGS-Championships,Global,Overview,,,https://apexlegendsstatus.com/algs/Y4-Split2/ALGS-Championships/Global/Overview,overview,94,other,Scores,43,100 Thieves,,,,5m 23s,,15m 52s,4m 14s,,17m 34s,4m 14s,,17m 8s,100T iiTzTimmy,,,,,,,,,,,,,,,,,,,,,,,,17m 5s,,19m 41s
championship_split2,ALGS Year 4 Championship,https://apexlegendsstatus.com/algs/Y4-Split2/ALGS-Championships/Global/Overview,Y4-Split2,ALGS-Championships,Global,Overview,,,https://apexlegendsstatus.com/algs/Y4-Split2/ALGS-Championships/Global/Overview,overview,94,other,Scores,44,100 Thieves,,,,5m,,14m 32s,12m 17s,,19m 48s,5m,,16m 38s,100T Dezignful,,,,,,,,,,,,,,,,,,,,,,,,13m 33s,,15m 35s
championship_split2,ALGS Year 4 Championship,https://apexlegendsstatus.com/algs/Y4-Split2/ALGS-Championships/Global/Overview,Y4-Split2,ALGS-Championships,Global,Overview,,,https://apexlegendsstatus.com/algs/Y4-Split2/ALGS-Championships/Global/Overview,overview,94,other,Scores,45,FaZe,,,,8m 28s,,15m 25s,3m,,11m 34s,3m,,11m 32s,FAZE Naghz,,,,,,,,,,,,,,,,,,,,,,,,5m 58s,,9m 34s
championship_split2,ALGS Year 4 Championship,https://apexlegendsstatus.com/algs/Y4-Split2/ALGS-Championships/Global/Overview,Y4-Split2,ALGS-Championships,Global,Overview,,,https://apexlegendsstatus.com/algs/Y4-Split2/ALGS-Championships/Global/Overview,overview,94,other,Scores,46,NRG,,,,8m 55s,,16m 45s,3m 22s,,6m 18s,3m 22s,,15m 12s,NRG Nocturnal,,,,,,,,,,,,,,,,,,,,,,,,10m 26s,,22m 34s
championship_split2,ALGS Year 4 Championship,https://apexlegendsstatus.com/algs/Y4-Split2/ALGS-Championships/Global/Overview,Y4-Split2,ALGS-Championships,Global,Overview,,,https://apexlegendsstatus.com/algs/Y4-Split2/ALGS-Championships/Global/Overview,overview,94,other,Scores,47,NRG,,,,15m 34s,,18m 41s,12m 37s,,14m 0s,5m 57s,,18m 13s,NRG Gild,,,,,,,,,,,,,,,,,,,,,,,,5m 57s,,20m 28s
championship_split2,ALGS Year 4 Championship,https://apexlegendsstatus.com/algs/Y4-Split2/ALGS-Championships/Global/Overview,Y4-Split2,ALGS-Championships,Global,Overview,,,https://apexlegendsstatus.com/algs/Y4-Split2/ALGS-Championships/Global/Overview,overview,94,other,Scores,48,Oblivion,,,,7m 14s,,12m 13s,2m 35s,,9m 20s,2m 35s,,10m 54s,OBVN Blinkzr,,,,,,,,,,,,,,,,,,,,,,,,4m 25s,,10m 47s
championship_split2,ALGS Year 4 Championship,https://apexlegendsstatus.com/algs/Y4-Split2/ALGS-Championships/Global/Overview,Y4-Split2,ALGS-Championships,Global,Overview,,,https://apexlegendsstatus.com/algs/Y4-Split2/ALGS-Championships/Global/Overview,overview,94,other,Scores,49,100 Thieves,,,,5m 23s,,14m 24s,4m 19s,,14m 41s,4m 19s,,14m 41s,100T Genburten,,,,,,,,,,,,,,,,,,,,,,,,8m 52s,,15m 11s
championship_split2,ALGS Year 4 Championship,https://apexlegendsstatus.com/algs/Y4-Split2/ALGS-Championships/Global/Overview,Y4-Split2,ALGS-Championships,Global,Overview,,,https://apexlegendsstatus.com/algs/Y4-Split2/ALGS-Championships/Global/Overview,overview,94,other,Scores,50,FaZe,,,,13m 54s,,15m 12s,13m 15s,,15m 18s,5m 58s,,13m 26s,FAZE Sinetic,,,,,,,,,,,,,,,,,,,,,,,,5m 58s,,11m 16s
championship_split2,ALGS Year 4 Championship,https://apexlegendsstatus.com/algs/Y4-Split2/ALGS-Championships/Global/Overview,Y4-Split2,ALGS-Championships,Global,Overview,,,https://apexlegendsstatus.com/algs/Y4-Split2/ALGS-Championships/Global/Overview,overview,94,other,Scores,51,TSM,,,,3m 43s,,14m 32s,2m 44s,,13m 32s,2m 44s,,14m 2s,TSM zap,,,,,,,,,,,,,,,,,,,,,,,,13m 39s,,13m 39s
championship_split2,ALGS Year 4 Championship,https://apexlegendsstatus.com/algs/Y4-Split2/ALGS-Championships/Global/Overview,Y4-Split2,ALGS-Championships,Global,Overview,,,https://apexlegendsstatus.com/algs/Y4-Split2/ALGS-Championships/Global/Overview,overview,94,other,Scores,52,VK GAMING,,,,2m 48s,,13m 49s,13m 30s,,15m 47s,2m 48s,,16m 30s,VKG Kaaasa,,,,,,,,,,,,,,,,,,,,,,,,14m 45s,,20m 8s
championship_split2,ALGS Year 4 Championship,https://apexlegendsstatus.com/algs/Y4-Split2/ALGS-Championships/Global/Overview,Y4-Split2,ALGS-Championships,Global,Overview,,,https://apexlegendsstatus.com/algs/Y4-Split2/ALGS-Championships/Global/Overview,overview,94,other,Scores,53,TSM,,,,3m 43s,,13m 39s,12m 9s,,19m 6s,3m 43s,,16m 46s,TSM Reps,,,,,,,,,,,,,,,,,,,,,,,,13m 6s,,17m 43s
championship_split2,ALGS Year 4 Championship,https://apexlegendsstatus.com/algs/Y4-Split2/ALGS-Championships/Global/Overview,Y4-Split2,ALGS-Championships,Global,Overview,,,https://apexlegendsstatus.com/algs/Y4-Split2/ALGS-Championships/Global/Overview,overview,94,other,Scores,54,GUILD,,,,4m 21s,,15m 0s,7m 50s,,17m 4s,4m 21s,,16m 40s,GLD Jeskoesk,,,,,,,,,,,,,,,,,,,,,,,,15m 21s,,18m 10s
championship_split2,ALGS Year 4 Championship,https://apexlegendsstatus.com/algs/Y4-Split2/ALGS-Championships/Global/Overview,Y4-Split2,ALGS-Championships,Global,Overview,,,https://apexlegendsstatus.com/algs/Y4-Split2/ALGS-Championships/Global/Overview,overview,94,other,Scores,55,shadow3690,,,,6m 1s,,15m 4s,13m 50s,,13m 50s,6m 1s,,15m 0s,SDW Jacky1,,,,,,,,,,,,,,,,,,,,,,,,11m 13s,,15m 14s
championship_split2,ALGS Year 4 Championship,https://apexlegendsstatus.com/algs/Y4-Split2/ALGS-Championships/Global/Overview,Y4-Split2,ALGS-Championships,Global,Overview,,,https://apexlegendsstatus.com/algs/Y4-Split2/ALGS-Championships/Global/Overview,overview,94,other,Scores,56,DRAGONS,,,,14m 41s,,17m 25s,12m 58s,,18m 43s,12m 58s,,17m 35s,DRGN brtus_o,,,,,,,,,,,,,,,,,,,,,,,,15m 9s,,15m 40s
championship_split2,ALGS Year 4 Championship,https://apexlegendsstatus.com/algs/Y4-Split2/ALGS-Championships/Global/Overview,Y4-Split2,ALGS-Championships,Global,Overview,,,https://apexlegendsstatus.com/algs/Y4-Split2/ALGS-Championships/Global/Overview,overview,94,other,Scores,57,DRAGONS,,,,14m 41s,,15m 36s,2m 45s,,12m 6s,2m 45s,,14m 49s,DRGN PANIC,,,,,,,,,,,,,,,,,,,,,,,,3m 56s,,24m 31s
championship_split2,ALGS Year 4 Championship,https://apexlegendsstatus.com/algs/Y4-Split2/ALGS-Championships/Global/Overview,Y4-Split2,ALGS-Championships,Global,Overview,,,https://apexlegendsstatus.com/algs/Y4-Split2/ALGS-Championships/Global/Overview,overview,94,other,Scores,58,Complexity,,,,12m 20s,,13m 24s,5m 5s,,14m 18s,5m 5s,,13m 35s,COL KIMCHI,,,,,,,,,,,,,,,,,,,,,,,,7m 11s,,12m 15s
championship_split2,ALGS Year 4 Championship,https://apexlegendsstatus.com/algs/Y4-Split2/ALGS-Championships/Global/Overview,Y4-Split2,ALGS-Championships,Global,Overview,,,https://apexlegendsstatus.com/algs/Y4-Split2/ALGS-Championships/Global/Overview,overview,94,other,Scores,59,OrglessAndHungry,,,,3m 49s,,9m 31s,4m 32s,,15m 14s,3m 31s,,13m 45s,OAH iHenchman,,,,,,,,,,,,,,,,,,,,,,,,3m 31s,,15m 57s
championship_split2,ALGS Year 4 Championship,https://apexlegendsstatus.com/algs/Y4-Split2/ALGS-Championships/Global/Overview,Y4-Split2,ALGS-Championships,Global,Overview,,,https://apexlegendsstatus.com/algs/Y4-Split2/ALGS-Championships/Global/Overview,overview,94,other,Scores,60,GHS Professional,,,,3m 58s,,12m 10s,3m 26s,,8m 32s,3m 26s,,10m 3s,GHS 1tappy,,,,,,,,,,,,,,,,,,,,,,,,4m 6s,,8m 32s
championship_split2,ALGS Year 4 Championship,https://apexlegendsstatus.com/algs/Y4-Split2/ALGS-Championships/Global/Overview,Y4-Split2,ALGS-Championships,Global,Overview,,,https://apexlegendsstatus.com/algs/Y4-Split2/ALGS-Championships/Global/Overview,overview,94,other,Scores,61,OrglessAndHungry,,,,11m 30s,,15m 18s,1m 49s,,8m 35s,1m 49s,,13m 34s,OAH KIND4,,,,,,,,,,,,,,,,,,,,,,,,5m 29s,,17m 12s
championship_split2,ALGS Year 4 Championship,https://apexlegendsstatus.com/algs/Y4-Split2/ALGS-Championships/Global/Overview,Y4-Split2,ALGS-Championships,Global,Overview,,,https://apexlegendsstatus.com/algs/Y4-Split2/ALGS-Championships/Global/Overview,overview,94,other,Scores,62,CRAZY RACCOON,,,,7m 20s,,13m 43s,10m 30s,,18m 38s,7m 20s,,15m 3s,CR obly,,,,,,,,,,,,,,,,,,,,,,,,8m 24s,,14m 36s
championship_split2,ALGS Year 4 Championship,https://apexlegendsstatus.com/algs/Y4-Split2/ALGS-Championships/Global/Overview,Y4-Split2,ALGS-Championships,Global,Overview,,,https://apexlegendsstatus.com/algs/Y4-Split2/ALGS-Championships/Global/Overview,overview,94,other,Scores,63,Team Falcons,,,,5m 24s,,13m 58s,4m 28s,,13m 8s,4m 28s,,13m 25s,FLCN Imperialhal,,,,,,,,,,,,,,,,,,,,,,,,5m 57s,,13m 4s
championship_split2,ALGS Year 4 Championship,https://apexlegendsstatus.com/algs/Y4-Split2/ALGS-Championships/Global/Overview,Y4-Split2,ALGS-Championships,Global,Overview,,,https://apexlegendsstatus.com/algs/Y4-Split2/ALGS-Championships/Global/Overview,overview,94,other,Scores,64,ENTER FORCE.36,,,,9m 1s,,15m 3s,4m 8s,,11m 19s,3m 40s,,11m 28s,E36 ILY,,,,,,,,,,,,,,,,,,,,,,,,3m 40s,,8m 36s
championship_split2,ALGS Year 4 Championship,https://apexlegendsstatus.com/algs/Y4-Split2/ALGS-Championships/Global/Overview,Y4-Split2,ALGS-Championships,Global,Overview,,,https://apexlegendsstatus.com/algs/Y4-Split2/ALGS-Championships/Global/Overview,overview,94,other,Scores,65,Envy,,,,3m 36s,,13m 51s,13m 42s,,16m 48s,3m 36s,,17m 4s,ENVY knoqd,,,,,,,,,,,,,,,,,,,,,,,,12m 24s,,22m 4s
championship_split2,ALGS Year 4 Championship,https://apexlegendsstatus.com/algs/Y4-Split2/ALGS-Championships/Global/Overview,Y4-Split2,ALGS-Championships,Global,Overview,,,https://apexlegendsstatus.com/algs/Y4-Split2/ALGS-Championships/Global/Overview,overview,94,other,Scores,66,Team Falcons,,,,3m 37s,,12m 59s,2m 5s,,10m 20s,2m 5s,,12m 54s,FLCN Zer0,,,,,,,,,,,,,,,,,,,,,,,,12m 57s,,16m 39s
championship_split2,ALGS Year 4 Championship,https://apexlegendsstatus.com/algs/Y4-Split2/ALGS-Championships/Global/Overview,Y4-Split2,ALGS-Championships,Global,Overview,,,https://apexlegendsstatus.com/algs/Y4-Split2/ALGS-Championships/Global/Overview,overview,94,other,Scores,67,Liquid Alienware,,,,3m 9s,,13m 12s,2m 26s,,12m 13s,2m 26s,,12m 59s,TLAW Kurev,,,,,,,,,,,,,,,,,,,,,,,,3m 12s,,13m 52s
championship_split2,ALGS Year 4 Championship,https://apexlegendsstatus.com/algs/Y4-Split2/ALGS-Championships/Global/Overview,Y4-Split2,ALGS-Championships,Global,Overview,,,https://apexlegendsstatus.com/algs/Y4-Split2/ALGS-Championships/Global/Overview,overview,94,other,Scores,68,CRAZY RACCOON,,,,1m 55s,,10m 38s,7m 17s,,16m 24s,1m 55s,,13m 13s,CR SangJoon,,,,,,,,,,,,,,,,,,,,,,,,5m 28s,,13m 26s
championship_split2,ALGS Year 4 Championship,https://apexlegendsstatus.com/algs/Y4-Split2/ALGS-Championships/Global/Overview,Y4-Split2,ALGS-Championships,Global,Overview,,,https://apexlegendsstatus.com/algs/Y4-Split2/ALGS-Championships/Global/Overview,overview,94,other,Scores,69,REIGNITE,,,,3m 30s,,13m 1s,5m 49s,,11m 53s,3m 30s,,14m 57s,RIG Ftyan,,,,,,,,,,,,,,,,,,,,,,,,4m 8s,,19m 7s
championship_split2,ALGS Year 4 Championship,https://apexlegendsstatus.com/algs/Y4-Split2/ALGS-Championships/Global/Overview,Y4-Split2,ALGS-Championships,Global,Overview,,,https://apexlegendsstatus.com/algs/Y4-Split2/ALGS-Championships/Global/Overview,overview,94,other,Scores,70,Aurora,,,,15m 44s,,17m 15s,5m 41s,,14m 17s,5m 41s,,16m 14s,AUR kazakh,,,,,,,,,,,,,,,,,,,,,,,,15m 10s,,17m 33s
championship_split2,ALGS Year 4 Championship,https://apexlegendsstatus.com/algs/Y4-Split2/ALGS-Championships/Global/Overview,Y4-Split2,ALGS-Championships,Global,Overview,,,https://apexlegendsstatus.com/algs/Y4-Split2/ALGS-Championships/Global/Overview,overview,94,other,Scores,71,Liquid Alienware,,,,3m 46s,,11m 29s,4m 41s,,13m 52s,3m 46s,,13m 25s,TLAW NeazuI,,,,,,,,,,,,,,,,,,,,,,,,15m 13s,,17m 30s
championship_split2,ALGS Year 4 Championship,https://apexlegendsstatus.com/algs/Y4-Split2/ALGS-Championships/Global/Overview,Y4-Split2,ALGS-Championships,Global,Overview,,,https://apexlegendsstatus.com/algs/Y4-Split2/ALGS-Championships/Global/Overview,overview,94,other,Scores,72,GaiminGladiators,,,,4m 48s,,13m 28s,12m 17s,,18m 49s,4m 48s,,16m 41s,GG Lufka,,,,,,,,,,,,,,,,,,,,,,,,13m 10s,,17m 27s
championship_split2,ALGS Year 4 Championship,https://apexlegendsstatus.com/algs/Y4-Split2/ALGS-Championships/Global/Overview,Y4-Split2,ALGS-Championships,Global,Overview,,,https://apexlegendsstatus.com/algs/Y4-Split2/ALGS-Championships/Global/Overview,overview,94,other,Scores,73,GaiminGladiators,,,,11m 31s,,16m 7s,4m 14s,,12m 10s,4m 14s,,15m 46s,GG lighT,,,,,,,,,,,,,,,,,,,,,,,,15m 18s,,18m 27s
championship_split2,ALGS Year 4 Championship,https://apexlegendsstatus.com/algs/Y4-Split2/ALGS-Championships/Global/Overview,Y4-Split2,ALGS-Championships,Global,Overview,,,https://apexlegendsstatus.com/algs/Y4-Split2/ALGS-Championships/Global/Overview,overview,94,other,Scores,74,Aurora,,,,15m 47s,,17m 18s,3m 39s,,15m 36s,3m 39s,,15m 50s,AUR 9impulse,,,,,,,,,,,,,,,,,,,,,,,,7m 30s,,14m 40s
championship_split2,ALGS Year 4 Championship,https://apexlegendsstatus.com/algs/Y4-Split2/ALGS-Championships/Global/Overview,Y4-Split2,ALGS-Championships,Global,Overview,,,https://apexlegendsstatus.com/algs/Y4-Split2/ALGS-Championships/Global/Overview,overview,94,other,Scores,75,GoNext,,,,3m 8s,,12m 29s,2m 53s,,16m 22s,2m 53s,,13m 37s,GN Uxako,,,,,,,,,,,,,,,,,,,,,,,,4m,,13m 29s
championship_split2,ALGS Year 4 Championship,https://apexlegendsstatus.com/algs/Y4-Split2/ALGS-Championships/Global/Overview,Y4-Split2,ALGS-Championships,Global,Overview,,,https://apexlegendsstatus.com/algs/Y4-Split2/ALGS-Championships/Global/Overview,overview,94,other,Scores,76,Supernova,,,,15m 17s,,15m 44s,3m 36s,,7m 10s,3m 36s,,16m 43s,SN XoyoBda,,,,,,,,,,,,,,,,,,,,,,,,11m 34s,,20m 56s
championship_split2,ALGS Year 4 Championship,https://apexlegendsstatus.com/algs/Y4-Split2/ALGS-Championships/Global/Overview,Y4-Split2,ALGS-Championships,Global,Overview,,,https://apexlegendsstatus.com/algs/Y4-Split2/ALGS-Championships/Global/Overview,overview,94,other,Scores,77,Zero Tenacity,,,,3m 8s,,12m 1s,15m 3s,,18m 37s,3m 8s,,15m 20s,Z10 B4mbino,,,,,,,,,,,,,,,,,,,,,,,,3m 29s,,16m 36s
championship_split2,ALGS Year 4 Championship,https://apexlegendsstatus.com/algs/Y4-Split2/ALGS-Championships/Global/Overview,Y4-Split2,ALGS-Championships,Global,Overview,,,https://apexlegendsstatus.com/algs/Y4-Split2/ALGS-Championships/Global/Overview,overview,94,other,Scores,78,Zero Tenacity,,,,3m 7s,,8m 25s,10m 35s,,17m 27s,3m 7s,,12m 52s,Z10 Kyner,,,,,,,,,,,,,,,,,,,,,,,,7m 44s,,14m 15s
championship_split2,ALGS Year 4 Championship,https://apexlegendsstatus.com/algs/Y4-Split2/ALGS-Championships/Global/Overview,Y4-Split2,ALGS-Championships,Global,Overview,,,https://apexlegendsstatus.com/algs/Y4-Split2/ALGS-Championships/Global/Overview,overview,94,other,Scores,79,ENTER FORCE.36,,,,6m 23s,,11m 18s,4m 8s,,10m 33s,4m 8s,,12m 47s,E36 Cinap,,,,,,,,,,,,,,,,,,,,,,,,5m 30s,,14m 39s
championship_split2,ALGS Year 4 Championship,https://apexlegendsstatus.com/algs/Y4-Split2/ALGS-Championships/Global/Overview,Y4-Split2,ALGS-Championships,Global,Overview,,,https://apexlegendsstatus.com/algs/Y4-Split2/ALGS-Championships/Global/Overview,overview,94,other,Scores,80,STALLIONS,,,,13m 37s,,14m 34s,4m 33s,,12m 33s,4m 33s,,15m 59s,STAL Crook,,,,,,,,,,,,,,,,,,,,,,,,4m 34s,,18m 45s
championship_split2,ALGS Year 4 Championship,https://apexlegendsstatus.com/algs/Y4-Split2/ALGS-Championships/Global/Overview,Y4-Split2,ALGS-Championships,Global,Overview,,,https://apexlegendsstatus.com/algs/Y4-Split2/ALGS-Championships/Global/Overview,overview,94,other,Scores,81,CRAZY RACCOON,,,,1m 56s,,12m 16s,13m 28s,,19m 24s,1m 56s,,15m 10s,CR Jusna,,,,,,,,,,,,,,,,,,,,,,,,5m 29s,,14m 34s
championship_split2,ALGS Year 4 Championship,https://apexlegendsstatus.com/algs/Y4-Split2/ALGS-Championships/Global/Overview,Y4-Split2,ALGS-Championships,Global,Overview,,,https://apexlegendsstatus.com/algs/Y4-Split2/ALGS-Championships/Global/Overview,overview,94,other,Scores,82,STALLIONS,,,,15m 18s,,15m 34s,4m 21s,,13m 33s,4m 21s,,16m 6s,STAL scuwry,,,,,,,,,,,,,,,,,,,,,,,,4m 33s,,17m 58s
championship_split2,ALGS Year 4 Championship,https://apexlegendsstatus.com/algs/Y4-Split2/ALGS-Championships/Global/Overview,Y4-Split2,ALGS-Championships,Global,Overview,,,https://apexlegendsstatus.com/algs/Y4-Split2/ALGS-Championships/Global/Overview,overview,94,other,Scores,83,Alliance,,,,10m 27s,,17m 17s,5m 25s,,17m 38s,5m 25s,,16m 6s,ALL Hakis,,,,,,,,,,,,,,,,,,,,,,,,6m 52s,,13m 12s
championship_split2,ALGS Year 4 Championship,https://apexlegendsstatus.com/algs/Y4-Split2/ALGS-Championships/Global/Overview,Y4-Split2,ALGS-Championships,Global,Overview,,,https://apexlegendsstatus.com/algs/Y4-Split2/ALGS-Championships/Global/Overview,overview,94,other,Scores,84,FURIA,,,,5m 41s,,15m 1s,4m 37s,,15m 21s,4m 37s,,14m 56s,FUR ImMadness,,,,,,,,,,,,,,,,,,,,,,,,8m 43s,,14m 15s
championship_split2,ALGS Year 4 Championship,https://apexlegendsstatus.com/algs/Y4-Split2/ALGS-Championships/Global/Overview,Y4-Split2,ALGS-Championships,Global,Overview,,,https://apexlegendsstatus.com/algs/Y4-Split2/ALGS-Championships/Global/Overview,overview,94,other,Scores,85,Alliance,,,,10m 2s,,15m 56s,8m 13s,,17m 56s,4m 37s,,15m 35s,ALL Effect,,,,,,,,,,,,,,,,,,,,,,,,4m 37s,,13m 13s
championship_split2,ALGS Year 4 Championship,https://apexlegendsstatus.com/algs/Y4-Split2/ALGS-Championships/Global/Overview,Y4-Split2,ALGS-Championships,Global,Overview,,,https://apexlegendsstatus.com/algs/Y4-Split2/ALGS-Championships/Global/Overview,overview,94,other,Scores,86,Team Burger,,,,6m 49s,,14m 22s,12m 57s,,17m 2s,4m 16s,,14m 44s,TB Wey,,,,,,,,,,,,,,,,,,,,,,,,4m 16s,,12m 7s
championship_split2,ALGS Year 4 Championship,https://apexlegendsstatus.com/algs/Y4-Split2/ALGS-Championships/Global/Overview,Y4-Split2,ALGS-Championships,Global,Overview,,,https://apexlegendsstatus.com/algs/Y4-Split2/ALGS-Championships/Global/Overview,overview,94,other,Scores,87,Team Burger,,,,9m 49s,,13m 22s,1m 53s,,12m 1s,1m 53s,,13m 18s,TB Prycyy,,,,,,,,,,,,,,,,,,,,,,,,4m 21s,,15m 4s
championship_split2,ALGS Year 4 Championship,https://apexlegendsstatus.com/algs/Y4-Split2/ALGS-Championships/Global/Overview,Y4-Split2,ALGS-Championships,Global,Overview,,,https://apexlegendsstatus.com/algs/Y4-Split2/ALGS-Championships/Global/Overview,overview,94,other,Scores,88,Team Burger,,,,3m 31s,,12m 57s,9m 30s,,16m 15s,3m 31s,,15m 7s,TB Sharky,,,,,,,,,,,,,,,,,,,,,,,,4m 37s,,16m 10s
championship_split2,ALGS Year 4 Championship,https://apexlegendsstatus.com/algs/Y4-Split2/ALGS-Championships/Global/Overview,Y4-Split2,ALGS-Championships,Global,Overview,,,https://apexlegendsstatus.com/algs/Y4-Split2/ALGS-Championships/Global/Overview,overview,94,other,Scores,89,LG,,,,5m 21s,,13m 43s,16m 11s,,20m 27s,5m 21s,,17m 12s,LG Sikezz,,,,,,,,,,,,,,,,,,,,,,,,8m 20s,,18m 51s
championship_split2,ALGS Year 4 Championship,https://apexlegendsstatus.com/algs/Y4-Split2/ALGS-Championships/Global/Overview,Y4-Split2,ALGS-Championships,Global,Overview,,,https://apexlegendsstatus.com/algs/Y4-Split2/ALGS-Championships/Global/Overview,overview,94,other,Scores,90,FURIA,,,,9m 47s,,15m 54s,4m 28s,,18m 35s,4m 28s,,16m 58s,FUR Vaxlon,,,,,,,,,,,,,,,,,,,,,,,,11m 40s,,16m 3s
championship_split2,ALGS Year 4 Championship,https://apexlegendsstatus.com/algs/Y4-Split2/ALGS-Championships/Global/Overview,Y4-Split2,ALGS-Championships,Global,Overview,,,https://apexlegendsstatus.com/algs/Y4-Split2/ALGS-Championships/Global/Overview,overview,94,other,Scores,91,FURIA,,,,8m 57s,,16m 42s,4m 58s,,17m 3s,4m 58s,,16m 4s,FUR Keon,,,,,,,,,,,,,,,,,,,,,,,,6m 34s,,13m 57s
championship_split2,ALGS Year 4 Championship,https://apexlegendsstatus.com/algs/Y4-Split2/ALGS-Championships/Global/Overview,Y4-Split2,ALGS-Championships,Global,Overview,,,https://apexlegendsstatus.com/algs/Y4-Split2/ALGS-Championships/Global/Overview,overview,94,other,Scores,92,ENTER FORCE.36,,,,3m 40s,,12m 16s,5m 32s,,17m 34s,3m 33s,,12m 42s,E36 Aimbot,,,,,,,,,,,,,,,,,,,,,,,,3m 33s,,10m 47s
championship_split2,ALGS Year 4 Championship,https://apexlegendsstatus.com/algs/Y4-Split2/ALGS-Championships/Global/Overview,Y4-Split2,ALGS-Championships,Global,Overview,,,https://apexlegendsstatus.com/algs/Y4-Split2/ALGS-Championships/Global/Overview,overview,94,other,Scores,93,STALLIONS,,,,3m 15s,,11m 32s,10m 42s,,15m 13s,3m 15s,,12m 40s,STAL Albralelie,,,,,,,,,,,,,,,,,,,,,,,,3m 33s,,10m 36s
championship_split2,ALGS Year 4 Championship,https://apexlegendsstatus.com/algs/Y4-Split2/ALGS-Championships/Global/Overview,Y4-Split2,ALGS-Championships,Global,Overview,,,https://apexlegendsstatus.com/algs/Y4-Split2/ALGS-Championships/Global/Overview,overview,94,other,Scores,94,Alliance,,,,10m 32s,,16m 18s,5m 25s,,11m 49s,5m 25s,,13m 47s,ALL Unlucky,,,,,,,,,,,,,,,,,,,,,,,,6m 46s,,12m 29s
championship_split2,ALGS Year 4 Championship,https://apexlegendsstatus.com/algs/Y4-Split2/ALGS-Championships/Global/Overview,Y4-Split2,ALGS-Championships,Global,Overview,,,https://apexlegendsstatus.com/algs/Y4-Split2/ALGS-Championships/Global/Overview,overview,94,other,Scores,95,Supernova,,,,5m 56s,,13m 30s,3m 36s,,17m 13s,3m 36s,,15m 45s,SN xKenN,,,,,,,,,,,,,,,,,,,,,,,,15m 31s,,15m 48s
championship_split2,ALGS Year 4 Championship,https://apexlegendsstatus.com/algs/Y4-Split2/ALGS-Championships/Global/Overview,Y4-Split2,ALGS-Championships,Global,Overview,,,https://apexlegendsstatus.com/algs/Y4-Split2/ALGS-Championships/Global/Overview,overview,94,other,Scores,96,Supernova,,,,-,,-,16m,,16m,11m 40s,,20m 55s,SN Walking L,,,,,,,,,,,,,,,,,,,,,,,,11m 40s,,22m 9s
championship_split2,ALGS Year 4 Championship,https://apexlegendsstatus.com/algs/Y4-Split2/ALGS-Championships/Global/Overview,Y4-Split2,ALGS-Championships,Global,Overview,,,https://apexlegendsstatus.com/algs/Y4-Split2/ALGS-Championships/Global/Overview,overview,94,other,Scores,97,Envy,,,,3m 36s,,12m 24s,13m 44s,,16m 16s,3m 36s,,15m 35s,ENVY Dropped,,,,,,,,,,,,,,,,,,,,,,,,8m 3s,,21m 15s
championship_split2,ALGS Year 4 Championship,https://apexlegendsstatus.com/algs/Y4-Split2/ALGS-Championships/Global/Overview,Y4-Split2,ALGS-Championships,Global,Overview,,,https://apexlegendsstatus.com/algs/Y4-Split2/ALGS-Championships/Global/Overview,overview,94,other,Scores,98,Liquid Alienware,,,,2m 59s,,9m 29s,4m 52s,,14m 52s,2m 59s,,12m 6s,TLAW jaguaresl,,,,,,,,,,,,,,,,,,,,,,,,3m 13s,,12m 38s
championship_split2,ALGS Year 4 Championship,https://apexlegendsstatus.com/algs/Y4-Split2/ALGS-Championships/Global/Overview,Y4-Split2,ALGS-Championships,Global,Overview,,,https://apexlegendsstatus.com/algs/Y4-Split2/ALGS-Championships/Global/Overview,overview,94,other,Scores,99,Aurora,,,,12m 54s,,16m 36s,5m 8s,,15m 43s,3m 24s,,16m 14s,AUR ojrein,,,,,,,,,,,,,,,,,,,,,,,,3m 24s,,16m 22s
championship_split2,ALGS Year 4 Championship,https://apexlegendsstatus.com/algs/Y4-Split2/ALGS-Championships/Global/Overview,Y4-Split2,ALGS-Championships,Global,Overview,,,https://apexlegendsstatus.com/algs/Y4-Split2/ALGS-Championships/Global/Overview,overview,94,other,Scores,100,Zero Tenacity,,,,13m 31s,,16m 29s,5m 38s,,14m 12s,2m 29s,,13m 35s,Z10 Shex,,,,,,,,,,,,,,,,,,,,,,,,2m 29s,,9m 55s
championship_split2,ALGS Year 4 Championship,https://apexlegendsstatus.com/algs/Y4-Split2/ALGS-Championships/Global/Overview,Y4-Split2,ALGS-Championships,Global,Overview,,,https://apexlegendsstatus.com/algs/Y4-Split2/ALGS-Championships/Global/Overview,overview,94,other,Scores,101,GaiminGladiators,,,,4m 48s,,14m 17s,9m 19s,,16m 12s,4m 48s,,15m 27s,GG Blasts,,,,,,,,,,,,,,,,,,,,,,,,13m 10s,,16m 12s
championship_split2,ALGS Year 4 Championship,https://apexlegendsstatus.com/algs/Y4-Split2/ALGS-Championships/Global/Overview,Y4-Split2,ALGS-Championships,Global,Overview,,,https://apexlegendsstatus.com/algs/Y4-Split2/ALGS-Championships/Global/Overview,overview,94,other,Scores,102,Noctem,,,,2m 36s,,7m 48s,12m 28s,,14m 13s,2m 36s,,10m 33s,NOC mohziin,,,,,,,,,,,,,,,,,,,,,,,,3m 27s,,11m 39s
championship_split2,ALGS Year 4 Championship,https://apexlegendsstatus.com/algs/Y4-Split2/ALGS-Championships/Global/Overview,Y4-Split2,ALGS-Championships,Global,Overview,,,https://apexlegendsstatus.com/algs/Y4-Split2/ALGS-Championships/Global/Overview,overview,94,other,Scores,103,GoNext,,,,2m 58s,,8m 12s,4m 29s,,13m 21s,2m 49s,,12m 3s,GN Hiarka,,,,,,,,,,,,,,,,,,,,,,,,2m 49s,,15m 35s
championship_split2,ALGS Year 4 Championship,https://apexlegendsstatus.com/algs/Y4-Split2/ALGS-Championships/Global/Overview,Y4-Split2,ALGS-Championships,Global,Overview,,,https://apexlegendsstatus.com/algs/Y4-Split2/ALGS-Championships/Global/Overview,overview,94,other,Scores,104,Team Falcons,,,,3m 35s,,14m 56s,8m,,14m 5s,3m 35s,,14m 33s,FLCN Wxltzy,,,,,,,,,,,,,,,,,,,,,,,,6m,,14m 33s
championship_split2,ALGS Year 4 Championship,https://apexlegendsstatus.com/algs/Y4-Split2/ALGS-Championships/Global/Overview,Y4-Split2,ALGS-Championships,Global,Overview,,,https://apexlegendsstatus.com/algs/Y4-Split2/ALGS-Championships/Global/Overview,overview,94,other,Scores,105,GHS Professional,,,,3m 23s,,9m 31s,8m 36s,,12m 53s,3m 23s,,11m 38s,GHS 4rufa,,,,,,,,,,,,,,,,,,,,,,,,5m 51s,,12m 22s
championship_split2,ALGS Year 4 Championship,https://apexlegendsstatus.com/algs/Y4-Split2/ALGS-Championships/Global/Overview,Y4-Split2,ALGS-Championships,Global,Overview,,,https://apexlegendsstatus.com/algs/Y4-Split2/ALGS-Championships/Global/Overview,overview,94,other,Scores,106,OrglessAndHungry,,,,3m 49s,,11m 8s,3m,,11m 28s,3m,,13m 50s,OAH MaTaFe,,,,,,,,,,,,,,,,,,,,,,,,5m 29s,,21m 30s
championship_split2,ALGS Year 4 Championship,https://apexlegendsstatus.com/algs/Y4-Split2/ALGS-Championships/Global/Overview,Y4-Split2,ALGS-Championships,Global,Overview,,,https://apexlegendsstatus.com/algs/Y4-Split2/ALGS-Championships/Global/Overview,overview,94,other,Scores,107,GoNext,,,,14m 7s,,15m 18s,3m 1s,,14m 38s,2m 49s,,13m 55s,GN lzhidan,,,,,,,,,,,,,,,,,,,,,,,,2m 49s,,12m 27s
championship_split2,ALGS Year 4 Championship,https://apexlegendsstatus.com/algs/Y4-Split2/ALGS-Championships/Global/Overview,Y4-Split2,ALGS-Championships,Global,Overview,,,https://apexlegendsstatus.com/algs/Y4-Split2/ALGS-Championships/Global/Overview,overview,94,other,Scores,108,REIGNITE,,,,12m 4s,,14m 55s,5m 58s,,11m 37s,5m 58s,,13m 40s,RIG SudetakiN,,,,,,,,,,,,,,,,,,,,,,,,13m 37s,,14m 30s
championship_split2,ALGS Year 4 Championship,https://apexlegendsstatus.com/algs/Y4-Split2/ALGS-Championships/Global/Overview,Y4-Split2,ALGS-Championships,Global,Overview,,,https://apexlegendsstatus.com/algs/Y4-Split2/ALGS-Championships/Global/Overview,overview,94,other,Scores,109,Envy,,,,3m 36s,,11m 46s,12m 59s,,15m 43s,3m 36s,,15m 19s,ENVY lYanYal,,,,,,,,,,,,,,,,,,,,,,,,16m 9s,,29m 32s
championship_split2,ALGS Year 4 Championship,https://apexlegendsstatus.com/algs/Y4-Split2/ALGS-Championships/Global/Overview,Y4-Split2,ALGS-Championships,Global,Overview,,,https://apexlegendsstatus.com/algs/Y4-Split2/ALGS-Championships/Global/Overview,overview,94,other,Scores,110,GHS Professional,,,,3m 58s,,13m 47s,2m 27s,,10m 11s,2m 27s,,13m 49s,GHS Taida,,,,,,,,,,,,,,,,,,,,,,,,5m 51s,,19m 18s
championship_split2,ALGS Year 4 Championship,https://apexlegendsstatus.com/algs/Y4-Split2/ALGS-Championships/Global/Overview,Y4-Split2,ALGS-Championships,Global,Overview,,,https://apexlegendsstatus.com/algs/Y4-Split2/ALGS-Championships/Global/Overview,overview,94,other,Scores,111,REIGNITE,,,,16m 55s,,18m 43s,5m 58s,,11m 14s,5m 58s,,14m 33s,RIG ShunMi,,,,,,,,,,,,,,,,,,,,,,,,16m 38s,,16m 60s
championship_split2,ALGS Year 4 Championship,https://apexlegendsstatus.com/algs/Y4-Split2/ALGS-Championships/Global/Overview,Y4-Split2,ALGS-Championships,Global,Overview,,,https://apexlegendsstatus.com/algs/Y4-Split2/ALGS-Championships/Global/Overview,overview,94,other,Scores,112,Noctem,,,,3m 50s,,12m 1s,13m 28s,,15m 19s,3m 27s,,13m 6s,NOC Atinum,,,,,,,,,,,,,,,,,,,,,,,,3m 27s,,12m 30s
championship_split2,ALGS Year 4 Championship,https://apexlegendsstatus.com/algs/Y4-Split2/ALGS-Championships/Global/Overview,Y4-Split2,ALGS-Championships,Global,Overview,,,https://apexlegendsstatus.com/algs/Y4-Split2/ALGS-Championships/Global/Overview,overview,94,other,Scores,113,Noctem,,,,2m 36s,,9m 47s,12m 28s,,13m 37s,2m 36s,,11m 39s,NOC RemixPowers,,,,,,,,,,,,,,,,,,,,,,,,3m 27s,,12m 16s
championship_split2,ALGS Year 4 Championship,https://apexlegendsstatus.com/algs/Y4-Split2/ALGS-Championships/Global/Overview,Y4-Split2,ALGS-Championships,Global,Overview,,,https://apexlegendsstatus.com/algs/Y4-Split2/ALGS-Championships/Global/Overview,overview,94,other,Scores,114,LG,,,,8m 4s,,12m 16s,5m 14s,,14m 36s,5m 14s,,15m 2s,LG Fuhhnq,,,,,,,,,,,,,,,,,,,,,,,,8m 19s,,18m 29s
championship_split2,ALGS Year 4 Championship,https://apexlegendsstatus.com/algs/Y4-Split2/ALGS-Championships/Global/Overview,Y4-Split2,ALGS-Championships,Global,Overview,,,https://apexlegendsstatus.com/algs/Y4-Split2/ALGS-Championships/Global/Overview,overview,94,other,Scores,115,DreamFire,,,,4m 47s,,6m 55s,7m 51s,,12m 19s,4m 47s,,14m 51s,DF 3Mz,,,,,,,,,,,,,,,,,,,,,,,,13m 33s,,21m 34s
championship_split2,ALGS Year 4 Championship,https://apexlegendsstatus.com/algs/Y4-Split2/ALGS-Championships/Global/Overview,Y4-Split2,ALGS-Championships,Global,Overview,,,https://apexlegendsstatus.com/algs/Y4-Split2/ALGS-Championships/Global/Overview,overview,94,other,Scores,116,DreamFire,,,,1m 7s,,10m 41s,12m 40s,,15m 60s,1m 7s,,17m 3s,DF Pite,,,,,,,,,,,,,,,,,,,,,,,,15m 55s,,23m 58s
championship_split2,ALGS Year 4 Championship,https://apexlegendsstatus.com/algs/Y4-Split2/ALGS-Championships/Global/Overview,Y4-Split2,ALGS-Championships,Global,Overview,,,https://apexlegendsstatus.com/algs/Y4-Split2/ALGS-Championships/Global/Overview,overview,94,other,Scores,117,DreamFire,,,,4m 9s,,10m 50s,11m 33s,,13m 32s,4m 9s,,12m 58s,DF iHateTheWorld,,,,,,,,,,,,,,,,,,,,,,,,13m 33s,,15m 16s
championship_split2,ALGS Year 4 Championship,https://apexlegendsstatus.com/algs/Y4-Split2/ALGS-Championships/Global/Overview,Y4-Split2,ALGS-Championships,Global,Overview,,,https://apexlegendsstatus.com/algs/Y4-Split2/ALGS-Championships/Global/Overview,overview,94,other,Scores,118,Ninjas,,,,7m 14s,,11m 27s,15m 42s,,24m 51s,7m 14s,,18m 13s,NIN Amphy,,,,,,,,,,,,,,,,,,,,,,,,17m 37s,,18m 19s
championship_split2,ALGS Year 4 Championship,https://apexlegendsstatus.com/algs/Y4-Split2/ALGS-Championships/Global/Overview,Y4-Split2,ALGS-Championships,Global,Overview,,,https://apexlegendsstatus.com/algs/Y4-Split2/ALGS-Championships/Global/Overview,overview,94,other,Scores,119,FaZe,,,,8m 28s,,16m 24s,15m 3s,,16m 53s,8m 28s,,16m 46s,FAZE Jmw,,,,,,,,,,,,,,,,,,,,,,,,14m 7s,,16m 56s
championship_split2,ALGS Year 4 Championship,https://apexlegendsstatus.com/algs/Y4-Split2/ALGS-Championships/Global/Overview,Y4-Split2,ALGS-Championships,Global,Overview,,,https://apexlegendsstatus.com/algs/Y4-Split2/ALGS-Championships/Global/Overview,overview,94,other,Scores,120,LG,,,,12m 6s,,14m 40s,4m 8s,,14m 60s,4m 8s,,16m 8s,LG Sweet,,,,,,,,,,,,,,,,,,,,,,,,11m 56s,,18m 35s
championship_split2,ALGS Year 4 Championship,https://apexlegendsstatus.com/algs/Y4-Split2/ALGS-Championships/Global/Overview,Y4-Split2,ALGS-Championships,Global,Overview,,,https://apexlegendsstatus.com/algs/Y4-Split2/ALGS-Championships/Global/Overview,overview,98,other,Scores,1,,,,,,,,,,,,,,Player,,,,,,,,,,,,,,,,,,,,,,,,,,
championship_split2,ALGS Year 4 Championship,https://apexlegendsstatus.com/algs/Y4-Split2/ALGS-Championships/Global/Overview,Y4-Split2,ALGS-Championships,Global,Overview,,,https://apexlegendsstatus.com/algs/Y4-Split2/ALGS-Championships/Global/Overview,overview,99,other,Scores,1,,,,,,,,,,,,,,,Rampart,Ultimate Cooldown,86.45%,1378,,,,,,,,,,,,,,,,,,,,,,
championship_split2,ALGS Year 4 Championship,https://apexlegendsstatus.com/algs/Y4-Split2/ALGS-Championships/Global/Overview,Y4-Split2,ALGS-Championships,Global,Overview,,,https://apexlegendsstatus.com/algs/Y4-Split2/ALGS-Championships/Global/Overview,overview,99,other,Scores,2,,,,,,,,,,,,,,,Rampart,Bandolier,13.55%,216,,,,,,,,,,,,,,,,,,,,,,
championship_split2,ALGS Year 4 Championship,https://apexlegendsstatus.com/algs/Y4-Split2/ALGS-Championships/Global/Overview,Y4-Split2,ALGS-Championships,Global,Overview,,,https://apexlegendsstatus.com/algs/Y4-Split2/ALGS-Championships/Global/Overview,overview,99,other,Scores,3,,,,,,,,,,,,,,,Newcastle,Swift Shield,78.73%,1736,,,,,,,,,,,,,,,,,,,,,,
championship_split2,ALGS Year 4 Championship,https://apexlegendsstatus.com/algs/Y4-Split2/ALGS-Championships/Global/Overview,Y4-Split2,ALGS-Championships,Global,Overview,,,https://apexlegendsstatus.com/algs/Y4-Split2/ALGS-Championships/Global/Overview,overview,99,other,Scores,4,,,,,,,,,,,,,,,Newcastle,Hero's Hustle,21.27%,469,,,,,,,,,,,,,,,,,,,,,,
championship_split2,ALGS Year 4 Championship,https://apexlegendsstatus.com/algs/Y4-Split2/ALGS-Championships/Global/Overview,Y4-Split2,ALGS-Championships,Global,Overview,,,https://apexlegendsstatus.com/algs/Y4-Split2/ALGS-Championships/Global/Overview,overview,99,other,Scores,5,,,,,,,,,,,,,,,Loba,Shopping Spree,100%,95,,,,,,,,,,,,,,,,,,,,,,
championship_split2,ALGS Year 4 Championship,https://apexlegendsstatus.com/algs/Y4-Split2/ALGS-Championships/Global/Overview,Y4-Split2,ALGS-Championships,Global,Overview,,,https://apexlegendsstatus.com/algs/Y4-Split2/ALGS-Championships/Global/Overview,overview,99,other,Scores,6,,,,,,,,,,,,,,,Gibraltar,Fast Shotties,99.83%,2308,,,,,,,,,,,,,,,,,,,,,,
championship_split2,ALGS Year 4 Championship,https://apexlegendsstatus.com/algs/Y4-Split2/ALGS-Championships/Global/Overview,Y4-Split2,ALGS-Championships,Global,Overview,,,https://apexlegendsstatus.com/algs/Y4-Split2/ALGS-Championships/Global/Overview,overview,99,other,Scores,7,,,,,,,,,,,,,,,Gibraltar,Big Bruddah,0.17%,4,,,,,,,,,,,,,,,,,,,,,,
championship_split2,ALGS Year 4 Championship,https://apexlegendsstatus.com/algs/Y4-Split2/ALGS-Championships/Global/Overview,Y4-Split2,ALGS-Championships,Global,Overview,,,https://apexlegendsstatus.com/algs/Y4-Split2/ALGS-Championships/Global/Overview,overview,99,other,Scores,8,,,,,,,,,,,,,,,Catalyst,Long Veil,97.12%,371,,,,,,,,,,,,,,,,,,,,,,
championship_split2,ALGS Year 4 Championship,https://apexlegendsstatus.com/algs/Y4-Split2/ALGS-Championships/Global/Overview,Y4-Split2,ALGS-Championships,Global,Overview,,,https://apexlegendsstatus.com/algs/Y4-Split2/ALGS-Championships/Global/Overview,overview,99,other,Scores,9,,,,,,,,,,,,,,,Catalyst,Sister Spikes,2.88%,11,,,,,,,,,,,,,,,,,,,,,,
championship_split2,ALGS Year 4 Championship,https://apexlegendsstatus.com/algs/Y4-Split2/ALGS-Championships/Global/Overview,Y4-Split2,ALGS-Championships,Global,Overview,,,https://apexlegendsstatus.com/algs/Y4-Split2/ALGS-Championships/Global/Overview,overview,99,other,Scores,10,,,,,,,,,,,,,,,Caustic,Parabolic Force,100%,9,,,,,,,,,,,,,,,,,,,,,,
championship_split2,ALGS Year 4 Championship,https://apexlegendsstatus.com/algs/Y4-Split2/ALGS-Championships/Global/Overview,Y4-Split2,ALGS-Championships,Global,Overview,,,https://apexlegendsstatus.com/algs/Y4-Split2/ALGS-Championships/Global/Overview,overview,99,other,Scores,11,,,,,,,,,,,,,,,Valkyrie,Afterburners,100%,241,,,,,,,,,,,,,,,,,,,,,,
championship_split2,ALGS Year 4 Championship,https://apexlegendsstatus.com/algs/Y4-Split2/ALGS-Championships/Global/Overview,Y4-Split2,ALGS-Championships,Global,Overview,,,https://apexlegendsstatus.com/algs/Y4-Split2/ALGS-Championships/Global/Overview,overview,99,other,Scores,12,,,,,,,,,,,,,,,Mad Maggie,Fire Ball,100%,10,,,,,,,,,,,,,,,,,,,,,,
championship_split2,ALGS Year 4 Championship,https://apexlegendsstatus.com/algs/Y4-Split2/ALGS-Championships/Global/Overview,Y4-Split2,ALGS-Championships,Global,Overview,,,https://apexlegendsstatus.com/algs/Y4-Split2/ALGS-Championships/Global/Overview,overview,99,other,Scores,13,,,,,,,,,,,,,,,Mirage,Renaissance Man,100%,65,,,,,,,,,,,,,,,,,,,,,,
championship_split2,ALGS Year 4 Championship,https://apexlegendsstatus.com/algs/Y4-Split2/ALGS-Championships/Global/Overview,Y4-Split2,ALGS-Championships,Global,Overview,,,https://apexlegendsstatus.com/algs/Y4-Split2/ALGS-Championships/Global/Overview,overview,99,other,Scores,14,,,,,,,,,,,,,,,Wattson,Falling Stars,100%,4,,,,,,,,,,,,,,,,,,,,,,
championship_split2,ALGS Year 4 Championship,https://apexlegendsstatus.com/algs/Y4-Split2/ALGS-Championships/Global/Overview,Y4-Split2,ALGS-Championships,Global,Overview,,,https://apexlegendsstatus.com/algs/Y4-Split2/ALGS-Championships/Global/Overview,overview,99,other,Scores,15,,,,,,,,,,,,,,,Bangalore,Tactical Cooldown,100%,6,,,,,,,,,,,,,,,,,,,,,,
championship_split2,ALGS Year 4 Championship,https://apexlegendsstatus.com/algs/Y4-Split2/ALGS-Championships/Global/Overview,Y4-Split2,ALGS-Championships,Global,Overview,,,https://apexlegendsstatus.com/algs/Y4-Split2/ALGS-Championships/Global/Overview,overview,99,other,Scores,16,,,,,,,,,,,,,,,Horizon,Battpack,100%,3,,,,,,,,,,,,,,,,,,,,,,
championship_split2,ALGS Year 4 Championship,https://apexlegendsstatus.com/algs/Y4-Split2/ALGS-Championships/Global/Overview,Y4-Split2,ALGS-Championships,Global,Overview,,,https://apexlegendsstatus.com/algs/Y4-Split2/ALGS-Championships/Global/Overview,overview,99,other,Scores,17,,,,,,,,,,,,,,,Seer,Ultimate Cooldown,100%,2,,,,,,,,,,,,,,,,,,,,,,
championship_split2,ALGS Year 4 Championship,https://apexlegendsstatus.com/algs/Y4-Split2/ALGS-Championships/Global/Overview,Y4-Split2,ALGS-Championships,Global,Overview,,,https://apexlegendsstatus.com/algs/Y4-Split2/ALGS-Championships/Global/Overview,overview,100,other,Scores,1,,,,,,,,,,,,,,,Gibraltar,Bubble Bunker,100%,1765,,,,,,,,,,,,,,,,,,,,,,
championship_split2,ALGS Year 4 Championship,https://apexlegendsstatus.com/algs/Y4-Split2/ALGS-Championships/Global/Overview,Y4-Split2,ALGS-Championships,Global,Overview,,,https://apexlegendsstatus.com/algs/Y4-Split2/ALGS-Championships/Global/Overview,overview,100,other,Scores,2,,,,,,,,,,,,,,,Rampart,Ramped Up,96.85%,1047,,,,,,,,,,,,,,,,,,,,,,
championship_split2,ALGS Year 4 Championship,https://apexlegendsstatus.com/algs/Y4-Split2/ALGS-Championships/Global/Overview,Y4-Split2,ALGS-Championships,Global,Overview,,,https://apexlegendsstatus.com/algs/Y4-Split2/ALGS-Championships/Global/Overview,overview,100,other,Scores,3,,,,,,,,,,,,,,,Rampart,Amped Reloads,3.15%,34,,,,,,,,,,,,,,,,,,,,,,
championship_split2,ALGS Year 4 Championship,https://apexlegendsstatus.com/algs/Y4-Split2/ALGS-Championships/Global/Overview,Y4-Split2,ALGS-Championships,Global,Overview,,,https://apexlegendsstatus.com/algs/Y4-Split2/ALGS-Championships/Global/Overview,overview,100,other,Scores,4,,,,,,,,,,,,,,,Newcastle,Ultimate Savior,77.33%,1262,,,,,,,,,,,,,,,,,,,,,,
championship_split2,ALGS Year 4 Championship,https://apexlegendsstatus.com/algs/Y4-Split2/ALGS-Championships/Global/Overview,Y4-Split2,ALGS-Championships,Global,Overview,,,https://apexlegendsstatus.com/algs/Y4-Split2/ALGS-Championships/Global/Overview,overview,100,other,Scores,5,,,,,,,,,,,,,,,Newcastle,Stronghold,22.67%,370,,,,,,,,,,,,,,,,,,,,,,
championship_split2,ALGS Year 4 Championship,https://apexlegendsstatus.com/algs/Y4-Split2/ALGS-Championships/Global/Overview,Y4-Split2,ALGS-Championships,Global,Overview,,,https://apexlegendsstatus.com/algs/Y4-Split2/ALGS-Championships/Global/Overview,overview,100,other,Scores,6,,,,,,,,,,,,,,,Mad Maggie,Big Drill,90%,9,,,,,,,,,,,,,,,,,,,,,,
championship_split2,ALGS Year 4 Championship,https://apexlegendsstatus.com/algs/Y4-Split2/ALGS-Championships/Global/Overview,Y4-Split2,ALGS-Championships,Global,Overview,,,https://apexlegendsstatus.com/algs/Y4-Split2/ALGS-Championships/Global/Overview,overview,100,other,Scores,7,,,,,,,,,,,,,,,Mad Maggie,Drillslinger,10%,1,,,,,,,,,,,,,,,,,,,,,,
championship_split2,ALGS Year 4 Championship,https://apexlegendsstatus.com/algs/Y4-Split2/ALGS-Championships/Global/Overview,Y4-Split2,ALGS-Championships,Global,Overview,,,https://apexlegendsstatus.com/algs/Y4-Split2/ALGS-Championships/Global/Overview,overview,100,other,Scores,8,,,,,,,,,,,,,,,Catalyst,Resilient Veil,97.19%,242,,,,,,,,,,,,,,,,,,,,,,
championship_split2,ALGS Year 4 Championship,https://apexlegendsstatus.com/algs/Y4-Split2/ALGS-Championships/Global/Overview,Y4-Split2,ALGS-Championships,Global,Overview,,,https://apexlegendsstatus.com/algs/Y4-Split2/ALGS-Championships/Global/Overview,overview,100,other,Scores,9,,,,,,,,,,,,,,,Catalyst,Ferro-Door,2.81%,7,,,,,,,,,,,,,,,,,,,,,,
championship_split2,ALGS Year 4 Championship,https://apexlegendsstatus.com/algs/Y4-Split2/ALGS-Championships/Global/Overview,Y4-Split2,ALGS-Championships,Global,Overview,,,https://apexlegendsstatus.com/algs/Y4-Split2/ALGS-Championships/Global/Overview,overview,100,other,Scores,10,,,,,,,,,,,,,,,Valkyrie,Eyes in the Sky,96.12%,198,,,,,,,,,,,,,,,,,,,,,,
championship_split2,ALGS Year 4 Championship,https://apexlegendsstatus.com/algs/Y4-Split2/ALGS-Championships/Global/Overview,Y4-Split2,ALGS-Championships,Global,Overview,,,https://apexlegendsstatus.com/algs/Y4-Split2/ALGS-Championships/Global/Overview,overview,100,other,Scores,11,,,,,,,,,,,,,,,Valkyrie,Full Tank,3.88%,8,,,,,,,,,,,,,,,,,,,,,,
championship_split2,ALGS Year 4 Championship,https://apexlegendsstatus.com/algs/Y4-Split2/ALGS-Championships/Global/Overview,Y4-Split2,ALGS-Championships,Global,Overview,,,https://apexlegendsstatus.com/algs/Y4-Split2/ALGS-Championships/Global/Overview,overview,100,other,Scores,12,,,,,,,,,,,,,,,Caustic,Particle Diffuser,100%,5,,,,,,,,,,,,,,,,,,,,,,
championship_split2,ALGS Year 4 Championship,https://apexlegendsstatus.com/algs/Y4-Split2/ALGS-Championships/Global/Overview,Y4-Split2,ALGS-Championships,Global,Overview,,,https://apexlegendsstatus.com/algs/Y4-Split2/ALGS-Championships/Global/Overview,overview,100,other,Scores,13,,,,,,,,,,,,,,,Loba,Brand New Bag,77.05%,47,,,,,,,,,,,,,,,,,,,,,,
championship_split2,ALGS Year 4 Championship,https://apexlegendsstatus.com/algs/Y4-Split2/ALGS-Championships/Global/Overview,Y4-Split2,ALGS-Championships,Global,Overview,,,https://apexlegendsstatus.com/algs/Y4-Split2/ALGS-Championships/Global/Overview,overview,100,other,Scores,14,,,,,,,,,,,,,,,Loba,Escape Artist,22.95%,14,,,,,,,,,,,,,,,,,,,,,,
championship_split2,ALGS Year 4 Championship,https://apexlegendsstatus.com/algs/Y4-Split2/ALGS-Championships/Global/Overview,Y4-Split2,ALGS-Championships,Global,Overview,,,https://apexlegendsstatus.com/algs/Y4-Split2/ALGS-Championships/Global/Overview,overview,100,other,Scores,15,,,,,,,,,,,,,,,Mirage,Me Two,96.61%,57,,,,,,,,,,,,,,,,,,,,,,
championship_split2,ALGS Year 4 Championship,https://apexlegendsstatus.com/algs/Y4-Split2/ALGS-Championships/Global/Overview,Y4-Split2,ALGS-Championships,Global,Overview,,,https://apexlegendsstatus.com/algs/Y4-Split2/ALGS-Championships/Global/Overview,overview,100,other,Scores,16,,,,,,,,,,,,,,,Mirage,Bamboozle Bonus,3.39%,2,,,,,,,,,,,,,,,,,,,,,,
championship_split2,ALGS Year 4 Championship,https://apexlegendsstatus.com/algs/Y4-Split2/ALGS-Championships/Global/Overview,Y4-Split2,ALGS-Championships,Global,Overview,,,https://apexlegendsstatus.com/algs/Y4-Split2/ALGS-Championships/Global/Overview,overview,100,other,Scores,17,,,,,,,,,,,,,,,Bangalore,Refuge,100%,5,,,,,,,,,,,,,,,,,,,,,,
championship_split2,ALGS Year 4 Championship,https://apexlegendsstatus.com/algs/Y4-Split2/ALGS-Championships/Global/Overview,Y4-Split2,ALGS-Championships,Global,Overview,,,https://apexlegendsstatus.com/algs/Y4-Split2/ALGS-Championships/Global/Overview,overview,100,other,Scores,18,,,,,,,,,,,,,,,Horizon,Tactical Cooldown,100%,3,,,,,,,,,,,,,,,,,,,,,,
championship_split2,ALGS Year 4 Championship,https://apexlegendsstatus.com/algs/Y4-Split2/ALGS-Championships/Global/Overview,Y4-Split2,ALGS-Championships,Global,Overview,,,https://apexlegendsstatus.com/algs/Y4-Split2/ALGS-Championships/Global/Overview,overview,100,other,Scores,19,,,,,,,,,,,,,,,Seer,Long View,100%,2,,,,,,,,,,,,,,,,,,,,,,
championship_split2,ALGS Year 4 Championship,https://apexlegendsstatus.com/algs/Y4-Split2/ALGS-Championships/Global/Overview,Y4-Split2,ALGS-Championships,Global,Overview,,,https://apexlegendsstatus.com/algs/Y4-Split2/ALGS-Championships/Global/Overview,overview,100,other,Scores,20,,,,,,,,,,,,,,,Wattson,Emergency Power,100%,2,,,,,,,,,,,,,,,,,,,,,,
championship_split2,ALGS Year 4 Championship,https://apexlegendsstatus.com/algs/Y4-Split2/ALGS-Championships/Global/Overview,Y4-Split2,ALGS-Championships,Global,Overview,,,https://apexlegendsstatus.com/algs/Y4-Split2/ALGS-Championships/Global/Overview,overview,101,other,Scores,1,,,,,,,,,,,,,,VKG QQ,,,,,2m 7s,9m 30s,16m 36s,,,,,,,,,,,,,,,,,,,
championship_split2,ALGS Year 4 Championship,https://apexlegendsstatus.com/algs/Y4-Split2/ALGS-Championships/Global/Overview,Y4-Split2,ALGS-Championships,Global,Overview,,,https://apexlegendsstatus.com/algs/Y4-Split2/ALGS-Championships/Global/Overview,overview,101,other,Scores,2,,,,,,,,,,,,,,VKG LqDuD,,,,,2m 6s,9m 8s,18m 11s,,,,,,,,,,,,,,,,,,,
championship_split2,ALGS Year 4 Championship,https://apexlegendsstatus.com/algs/Y4-Split2/ALGS-Championships/Global/Overview,Y4-Split2,ALGS-Championships,Global,Overview,,,https://apexlegendsstatus.com/algs/Y4-Split2/ALGS-Championships/Global/Overview,overview,101,other,Scores,3,,,,,,,,,,,,,,VKG Kaaasa,,,,,2m 10s,9m 20s,19m 24s,,,,,,,,,,,,,,,,,,,
championship_split2,ALGS Year 4 Championship,https://apexlegendsstatus.com/algs/Y4-Split2/ALGS-Championships/Global/Overview,Y4-Split2,ALGS-Championships,Global,Overview,,,https://apexlegendsstatus.com/algs/Y4-Split2/ALGS-Championships/Global/Overview,overview,101,other,Scores,4,,,,,,,,,,,,,,EXO Feuda,,,,,1m 54s,14m 7s,21m 44s,,,,,,,,,,,,,,,,,,,
championship_split2,ALGS Year 4 Championship,https://apexlegendsstatus.com/algs/Y4-Split2/ALGS-Championships/Global/Overview,Y4-Split2,ALGS-Championships,Global,Overview,,,https://apexlegendsstatus.com/algs/Y4-Split2/ALGS-Championships/Global/Overview,overview,101,other,Scores,5,,,,,,,,,,,,,,EXO Slayers,,,,,1m 34s,14m 39s,21m 3s,,,,,,,,,,,,,,,,,,,
championship_split2,ALGS Year 4 Championship,https://apexlegendsstatus.com/algs/Y4-Split2/ALGS-Championships/Global/Overview,Y4-Split2,ALGS-Championships,Global,Overview,,,https://apexlegendsstatus.com/algs/Y4-Split2/ALGS-Championships/Global/Overview,overview,101,other,Scores,6,,,,,,,,,,,,,,EXO KSWINNIIE,,,,,2m 30s,15m 7s,29m 55s,,,,,,,,,,,,,,,,,,,
championship_split2,ALGS Year 4 Championship,https://apexlegendsstatus.com/algs/Y4-Split2/ALGS-Championships/Global/Overview,Y4-Split2,ALGS-Championships,Global,Overview,,,https://apexlegendsstatus.com/algs/Y4-Split2/ALGS-Championships/Global/Overview,overview,101,other,Scores,7,,,,,,,,,,,,,,COL Monsoon,,,,,1m 44s,10m 44s,16m 1s,,,,,,,,,,,,,,,,,,,
championship_split2,ALGS Year 4 Championship,https://apexlegendsstatus.com/algs/Y4-Split2/ALGS-Championships/Global/Overview,Y4-Split2,ALGS-Championships,Global,Overview,,,https://apexlegendsstatus.com/algs/Y4-Split2/ALGS-Championships/Global/Overview,overview,101,other,Scores,8,,,,,,,,,,,,,,COL KIMCHI,,,,,1m 52s,12m 42s,17m 25s,,,,,,,,,,,,,,,,,,,
championship_split2,ALGS Year 4 Championship,https://apexlegendsstatus.com/algs/Y4-Split2/ALGS-Championships/Global/Overview,Y4-Split2,ALGS-Championships,Global,Overview,,,https://apexlegendsstatus.com/algs/Y4-Split2/ALGS-Championships/Global/Overview,overview,101,other,Scores,9,,,,,,,,,,,,,,COL Enemy,,,,,1m 56s,13m 6s,18m 19s,,,,,,,,,,,,,,,,,,,
championship_split2,ALGS Year 4 Championship,https://apexlegendsstatus.com/algs/Y4-Split2/ALGS-Championships/Global/Overview,Y4-Split2,ALGS-Championships,Global,Overview,,,https://apexlegendsstatus.com/algs/Y4-Split2/ALGS-Championships/Global/Overview,overview,101,other,Scores,10,,,,,,,,,,,,,,DRGN brtus_o,,,,,2m 46s,14m 18s,33m 11s,,,,,,,,,,,,,,,,,,,
championship_split2,ALGS Year 4 Championship,https://apexlegendsstatus.com/algs/Y4-Split2/ALGS-Championships/Global/Overview,Y4-Split2,ALGS-Championships,Global,Overview,,,https://apexlegendsstatus.com/algs/Y4-Split2/ALGS-Championships/Global/Overview,overview,101,other,Scores,11,,,,,,,,,,,,,,DRGN PANIC,,,,,2m 47s,13m 49s,28m 37s,,,,,,,,,,,,,,,,,,,
championship_split2,ALGS Year 4 Championship,https://apexlegendsstatus.com/algs/Y4-Split2/ALGS-Championships/Global/Overview,Y4-Split2,ALGS-Championships,Global,Overview,,,https://apexlegendsstatus.com/algs/Y4-Split2/ALGS-Championships/Global/Overview,overview,101,other,Scores,12,,,,,,,,,,,,,,DRGN Azazel,,,,,2m 34s,14m 19s,35m 28s,,,,,,,,,,,,,,,,,,,
championship_split2,ALGS Year 4 Championship,https://apexlegendsstatus.com/algs/Y4-Split2/ALGS-Championships/Global/Overview,Y4-Split2,ALGS-Championships,Global,Overview,,,https://apexlegendsstatus.com/algs/Y4-Split2/ALGS-Championships/Global/Overview,overview,101,other,Scores,13,,,,,,,,,,,,,,DSG PlayerKay,,,,,1m 41s,10m 36s,13m 48s,,,,,,,,,,,,,,,,,,,
championship_split2,ALGS Year 4 Championship,https://apexlegendsstatus.com/algs/Y4-Split2/ALGS-Championships/Global/Overview,Y4-Split2,ALGS-Championships,Global,Overview,,,https://apexlegendsstatus.com/algs/Y4-Split2/ALGS-Championships/Global/Overview,overview,101,other,Scores,14,,,,,,,,,,,,,,DSG StrafingFlame,,,,,1m 39s,11m 40s,19m 44s,,,,,,,,,,,,,,,,,,,
championship_split2,ALGS Year 4 Championship,https://apexlegendsstatus.com/algs/Y4-Split2/ALGS-Championships/Global/Overview,Y4-Split2,ALGS-Championships,Global,Overview,,,https://apexlegendsstatus.com/algs/Y4-Split2/ALGS-Championships/Global/Overview,overview,101,other,Scores,15,,,,,,,,,,,,,,DSG arctic,,,,,1m 39s,11m 42s,17m 55s,,,,,,,,,,,,,,,,,,,
championship_split2,ALGS Year 4 Championship,https://apexlegendsstatus.com/algs/Y4-Split2/ALGS-Championships/Global/Overview,Y4-Split2,ALGS-Championships,Global,Overview,,,https://apexlegendsstatus.com/algs/Y4-Split2/ALGS-Championships/Global/Overview,overview,101,other,Scores,16,,,,,,,,,,,,,,NIN Amphy,,,,,1m 58s,12m 13s,16m 45s,,,,,,,,,,,,,,,,,,,
championship_split2,ALGS Year 4 Championship,https://apexlegendsstatus.com/algs/Y4-Split2/ALGS-Championships/Global/Overview,Y4-Split2,ALGS-Championships,Global,Overview,,,https://apexlegendsstatus.com/algs/Y4-Split2/ALGS-Championships/Global/Overview,overview,101,other,Scores,17,,,,,,,,,,,,,,NIN Zaine,,,,,1m 58s,10m 23s,16m 27s,,,,,,,,,,,,,,,,,,,
championship_split2,ALGS Year 4 Championship,https://apexlegendsstatus.com/algs/Y4-Split2/ALGS-Championships/Global/Overview,Y4-Split2,ALGS-Championships,Global,Overview,,,https://apexlegendsstatus.com/algs/Y4-Split2/ALGS-Championships/Global/Overview,overview,101,other,Scores,18,,,,,,,,,,,,,,NIN Gnaske,,,,,1m 49s,10m 53s,20m 13s,,,,,,,,,,,,,,,,,,,
championship_split2,ALGS Year 4 Championship,https://apexlegendsstatus.com/algs/Y4-Split2/ALGS-Championships/Global/Overview,Y4-Split2,ALGS-Championships,Global,Overview,,,https://apexlegendsstatus.com/algs/Y4-Split2/ALGS-Championships/Global/Overview,overview,101,other,Scores,19,,,,,,,,,,,,,,XNY JonnyR,,,,,2m 1s,7m 44s,13m 18s,,,,,,,,,,,,,,,,,,,
championship_split2,ALGS Year 4 Championship,https://apexlegendsstatus.com/algs/Y4-Split2/ALGS-Championships/Global/Overview,Y4-Split2,ALGS-Championships,Global,Overview,,,https://apexlegendsstatus.com/algs/Y4-Split2/ALGS-Championships/Global/Overview,overview,101,other,Scores,20,,,,,,,,,,,,,,XNY Yuchen,,,,,2m 10s,10m 15s,17m 2s,,,,,,,,,,,,,,,,,,,
championship_split2,ALGS Year 4 Championship,https://apexlegendsstatus.com/algs/Y4-Split2/ALGS-Championships/Global/Overview,Y4-Split2,ALGS-Championships,Global,Overview,,,https://apexlegendsstatus.com/algs/Y4-Split2/ALGS-Championships/Global/Overview,overview,101,other,Scores,21,,,,,,,,,,,,,,XNY xd,,,,,2m 17s,10m 25s,16m 26s,,,,,,,,,,,,,,,,,,,
championship_split2,ALGS Year 4 Championship,https://apexlegendsstatus.com/algs/Y4-Split2/ALGS-Championships/Global/Overview,Y4-Split2,ALGS-Championships,Global,Overview,,,https://apexlegendsstatus.com/algs/Y4-Split2/ALGS-Championships/Global/Overview,overview,101,other,Scores,22,,,,,,,,,,,,,,VP Lou,,,,,1m 51s,8m 11s,15m,,,,,,,,,,,,,,,,,,,
championship_split2,ALGS Year 4 Championship,https://apexlegendsstatus.com/algs/Y4-Split2/ALGS-Championships/Global/Overview,Y4-Split2,ALGS-Championships,Global,Overview,,,https://apexlegendsstatus.com/algs/Y4-Split2/ALGS-Championships/Global/Overview,overview,101,other,Scores,23,,,,,,,,,,,,,,VP Slayr,,,,,1m 57s,8m 58s,16m 25s,,,,,,,,,,,,,,,,,,,
championship_split2,ALGS Year 4 Championship,https://apexlegendsstatus.com/algs/Y4-Split2/ALGS-Championships/Global/Overview,Y4-Split2,ALGS-Championships,Global,Overview,,,https://apexlegendsstatus.com/algs/Y4-Split2/ALGS-Championships/Global/Overview,overview,101,other,Scores,24,,,,,,,,,,,,,,VP Zachmazer,,,,,1m 57s,8m 52s,15m 51s,,,,,,,,,,,,,,,,,,,
championship_split2,ALGS Year 4 Championship,https://apexlegendsstatus.com/algs/Y4-Split2/ALGS-Championships/Global/Overview,Y4-Split2,ALGS-Championships,Global,Overview,,,https://apexlegendsstatus.com/algs/Y4-Split2/ALGS-Championships/Global/Overview,overview,101,other,Scores,25,,,,,,,,,,,,,,C9 Naughty,,,,,1m 32s,14m 32s,19m 16s,,,,,,,,,,,,,,,,,,,
championship_split2,ALGS Year 4 Championship,https://apexlegendsstatus.com/algs/Y4-Split2/ALGS-Championships/Global/Overview,Y4-Split2,ALGS-Championships,Global,Overview,,,https://apexlegendsstatus.com/algs/Y4-Split2/ALGS-Championships/Global/Overview,overview,101,other,Scores,26,,,,,,,,,,,,,,C9 Shooby,,,,,1m 33s,14m 3s,20m 16s,,,,,,,,,,,,,,,,,,,
championship_split2,ALGS Year 4 Championship,https://apexlegendsstatus.com/algs/Y4-Split2/ALGS-Championships/Global/Overview,Y4-Split2,ALGS-Championships,Global,Overview,,,https://apexlegendsstatus.com/algs/Y4-Split2/ALGS-Championships/Global/Overview,overview,101,other,Scores,27,,,,,,,,,,,,,,C9 sauceror,,,,,1m 34s,12m 40s,17m 33s,,,,,,,,,,,,,,,,,,,
championship_split2,ALGS Year 4 Championship,https://apexlegendsstatus.com/algs/Y4-Split2/ALGS-Championships/Global/Overview,Y4-Split2,ALGS-Championships,Global,Overview,,,https://apexlegendsstatus.com/algs/Y4-Split2/ALGS-Championships/Global/Overview,overview,101,other,Scores,28,,,,,,,,,,,,,,GLD Legacy,,,,,1m 41s,12m 2s,18m 1s,,,,,,,,,,,,,,,,,,,
championship_split2,ALGS Year 4 Championship,https://apexlegendsstatus.com/algs/Y4-Split2/ALGS-Championships/Global/Overview,Y4-Split2,ALGS-Championships,Global,Overview,,,https://apexlegendsstatus.com/algs/Y4-Split2/ALGS-Championships/Global/Overview,overview,101,other,Scores,29,,,,,,,,,,,,,,GLD Phony,,,,,1m 44s,13m 19s,19m 2s,,,,,,,,,,,,,,,,,,,
championship_split2,ALGS Year 4 Championship,https://apexlegendsstatus.com/algs/Y4-Split2/ALGS-Championships/Global/Overview,Y4-Split2,ALGS-Championships,Global,Overview,,,https://apexlegendsstatus.com/algs/Y4-Split2/ALGS-Championships/Global/Overview,overview,101,other,Scores,30,,,,,,,,,,,,,,GLD Jeskoesk,,,,,1m 50s,12m 36s,19m 9s,,,,,,,,,,,,,,,,,,,
championship_split2,ALGS Year 4 Championship,https://apexlegendsstatus.com/algs/Y4-Split2/ALGS-Championships/Global/Overview,Y4-Split2,ALGS-Championships,Global,Overview,,,https://apexlegendsstatus.com/algs/Y4-Split2/ALGS-Championships/Global/Overview,overview,101,other,Scores,31,,,,,,,,,,,,,,MTR Lible_Ace,,,,,2m 19s,8m 24s,13m 19s,,,,,,,,,,,,,,,,,,,
championship_split2,ALGS Year 4 Championship,https://apexlegendsstatus.com/algs/Y4-Split2/ALGS-Championships/Global/Overview,Y4-Split2,ALGS-Championships,Global,Overview,,,https://apexlegendsstatus.com/algs/Y4-Split2/ALGS-Championships/Global/Overview,overview,101,other,Scores,32,,,,,,,,,,,,,,MTR Vor_983kuma,,,,,2m 19s,8m 59s,14m 26s,,,,,,,,,,,,,,,,,,,
championship_split2,ALGS Year 4 Championship,https://apexlegendsstatus.com/algs/Y4-Split2/ALGS-Championships/Global/Overview,Y4-Split2,ALGS-Championships,Global,Overview,,,https://apexlegendsstatus.com/algs/Y4-Split2/ALGS-Championships/Global/Overview,overview,101,other,Scores,33,,,,,,,,,,,,,,MTR Kuroton,,,,,2m 17s,9m 7s,14m 21s,,,,,,,,,,,,,,,,,,,
championship_split2,ALGS Year 4 Championship,https://apexlegendsstatus.com/algs/Y4-Split2/ALGS-Championships/Global/Overview,Y4-Split2,ALGS-Championships,Global,Overview,,,https://apexlegendsstatus.com/algs/Y4-Split2/ALGS-Championships/Global/Overview,overview,101,other,Scores,34,,,,,,,,,,,,,,FNC Lykq,,,,,2m 2s,9m 9s,16m 39s,,,,,,,,,,,,,,,,,,,
championship_split2,ALGS Year 4 Championship,https://apexlegendsstatus.com/algs/Y4-Split2/ALGS-Championships/Global/Overview,Y4-Split2,ALGS-Championships,Global,Overview,,,https://apexlegendsstatus.com/algs/Y4-Split2/ALGS-Championships/Global/Overview,overview,101,other,Scores,35,,,,,,,,,,,,,,FNC Meltstera,,,,,2m 1s,9m 28s,17m 58s,,,,,,,,,,,,,,,,,,,
championship_split2,ALGS Year 4 Championship,https://apexlegendsstatus.com/algs/Y4-Split2/ALGS-Championships/Global/Overview,Y4-Split2,ALGS-Championships,Global,Overview,,,https://apexlegendsstatus.com/algs/Y4-Split2/ALGS-Championships/Global/Overview,overview,101,other,Scores,36,,,,,,,,,,,,,,FNC YukaF,,,,,2m 1s,9m 19s,14m 53s,,,,,,,,,,,,,,,,,,,
championship_split2,ALGS Year 4 Championship,https://apexlegendsstatus.com/algs/Y4-Split2/ALGS-Championships/Global/Overview,Y4-Split2,ALGS-Championships,Global,Overview,,,https://apexlegendsstatus.com/algs/Y4-Split2/ALGS-Championships/Global/Overview,overview,101,other,Scores,37,,,,,,,,,,,,,,GS Z1CKKY,,,,,2m 45s,12m 14s,17m 26s,,,,,,,,,,,,,,,,,,,
championship_split2,ALGS Year 4 Championship,https://apexlegendsstatus.com/algs/Y4-Split2/ALGS-Championships/Global/Overview,Y4-Split2,ALGS-Championships,Global,Overview,,,https://apexlegendsstatus.com/algs/Y4-Split2/ALGS-Championships/Global/Overview,overview,101,other,Scores,38,,,,,,,,,,,,,,GS DEXTER,,,,,2m 19s,9m 41s,12m 42s,,,,,,,,,,,,,,,,,,,
championship_split2,ALGS Year 4 Championship,https://apexlegendsstatus.com/algs/Y4-Split2/ALGS-Championships/Global/Overview,Y4-Split2,ALGS-Championships,Global,Overview,,,https://apexlegendsstatus.com/algs/Y4-Split2/ALGS-Championships/Global/Overview,overview,101,other,Scores,39,,,,,,,,,,,,,,GS ASIAZXD,,,,,2m 14s,12m 15s,17m 13s,,,,,,,,,,,,,,,,,,,
championship_split2,ALGS Year 4 Championship,https://apexlegendsstatus.com/algs/Y4-Split2/ALGS-Championships/Global/Overview,Y4-Split2,ALGS-Championships,Global,Overview,,,https://apexlegendsstatus.com/algs/Y4-Split2/ALGS-Championships/Global/Overview,overview,101,other,Scores,40,,,,,,,,,,,,,,NRG Nocturnal,,,,,2m 43s,12m 17s,15m 10s,,,,,,,,,,,,,,,,,,,
championship_split2,ALGS Year 4 Championship,https://apexlegendsstatus.com/algs/Y4-Split2/ALGS-Championships/Global/Overview,Y4-Split2,ALGS-Championships,Global,Overview,,,https://apexlegendsstatus.com/algs/Y4-Split2/ALGS-Championships/Global/Overview,overview,101,other,Scores,41,,,,,,,,,,,,,,FAZE Naghz,,,,,2m 9s,11m 7s,14m 44s,,,,,,,,,,,,,,,,,,,
championship_split2,ALGS Year 4 Championship,https://apexlegendsstatus.com/algs/Y4-Split2/ALGS-Championships/Global/Overview,Y4-Split2,ALGS-Championships,Global,Overview,,,https://apexlegendsstatus.com/algs/Y4-Split2/ALGS-Championships/Global/Overview,overview,101,other,Scores,42,,,,,,,,,,,,,,FAZE Sinetic,,,,,2m 5s,8m 43s,12m 56s,,,,,,,,,,,,,,,,,,,
championship_split2,ALGS Year 4 Championship,https://apexlegendsstatus.com/algs/Y4-Split2/ALGS-Championships/Global/Overview,Y4-Split2,ALGS-Championships,Global,Overview,,,https://apexlegendsstatus.com/algs/Y4-Split2/ALGS-Championships/Global/Overview,overview,101,other,Scores,43,,,,,,,,,,,,,,FAZE Jmw,,,,,2m,11m 29s,16m 13s,,,,,,,,,,,,,,,,,,,
championship_split2,ALGS Year 4 Championship,https://apexlegendsstatus.com/algs/Y4-Split2/ALGS-Championships/Global/Overview,Y4-Split2,ALGS-Championships,Global,Overview,,,https://apexlegendsstatus.com/algs/Y4-Split2/ALGS-Championships/Global/Overview,overview,101,other,Scores,44,,,,,,,,,,,,,,100T Genburten,,,,,1m 57s,10m 2s,17m 44s,,,,,,,,,,,,,,,,,,,
championship_split2,ALGS Year 4 Championship,https://apexlegendsstatus.com/algs/Y4-Split2/ALGS-Championships/Global/Overview,Y4-Split2,ALGS-Championships,Global,Overview,,,https://apexlegendsstatus.com/algs/Y4-Split2/ALGS-Championships/Global/Overview,overview,101,other,Scores,45,,,,,,,,,,,,,,100T Dezignful,,,,,2m 6s,9m 50s,15m 23s,,,,,,,,,,,,,,,,,,,
championship_split2,ALGS Year 4 Championship,https://apexlegendsstatus.com/algs/Y4-Split2/ALGS-Championships/Global/Overview,Y4-Split2,ALGS-Championships,Global,Overview,,,https://apexlegendsstatus.com/algs/Y4-Split2/ALGS-Championships/Global/Overview,overview,101,other,Scores,46,,,,,,,,,,,,,,100T iiTzTimmy,,,,,1m 55s,10m 35s,18m 39s,,,,,,,,,,,,,,,,,,,
championship_split2,ALGS Year 4 Championship,https://apexlegendsstatus.com/algs/Y4-Split2/ALGS-Championships/Global/Overview,Y4-Split2,ALGS-Championships,Global,Overview,,,https://apexlegendsstatus.com/algs/Y4-Split2/ALGS-Championships/Global/Overview,overview,101,other,Scores,47,,,,,,,,,,,,,,SDW Jacky1,,,,,1m 48s,9m 48s,16m 22s,,,,,,,,,,,,,,,,,,,
championship_split2,ALGS Year 4 Championship,https://apexlegendsstatus.com/algs/Y4-Split2/ALGS-Championships/Global/Overview,Y4-Split2,ALGS-Championships,Global,Overview,,,https://apexlegendsstatus.com/algs/Y4-Split2/ALGS-Championships/Global/Overview,overview,101,other,Scores,48,,,,,,,,,,,,,,SDW Tpx_ZhouS,,,,,2m 7s,9m 28s,15m 51s,,,,,,,,,,,,,,,,,,,
championship_split2,ALGS Year 4 Championship,https://apexlegendsstatus.com/algs/Y4-Split2/ALGS-Championships/Global/Overview,Y4-Split2,ALGS-Championships,Global,Overview,,,https://apexlegendsstatus.com/algs/Y4-Split2/ALGS-Championships/Global/Overview,overview,101,other,Scores,49,,,,,,,,,,,,,,SDW Zhouzhou,,,,,2m,9m 40s,13m 42s,,,,,,,,,,,,,,,,,,,
championship_split2,ALGS Year 4 Championship,https://apexlegendsstatus.com/algs/Y4-Split2/ALGS-Championships/Global/Overview,Y4-Split2,ALGS-Championships,Global,Overview,,,https://apexlegendsstatus.com/algs/Y4-Split2/ALGS-Championships/Global/Overview,overview,101,other,Scores,50,,,,,,,,,,,,,,NRG Gild,,,,,2m 51s,12m 9s,17m 13s,,,,,,,,,,,,,,,,,,,
championship_split2,ALGS Year 4 Championship,https://apexlegendsstatus.com/algs/Y4-Split2/ALGS-Championships/Global/Overview,Y4-Split2,ALGS-Championships,Global,Overview,,,https://apexlegendsstatus.com/algs/Y4-Split2/ALGS-Championships/Global/Overview,overview,101,other,Scores,51,,,,,,,,,,,,,,TSM Reps,,,,,2m 5s,9m 57s,18m 3s,,,,,,,,,,,,,,,,,,,
championship_split2,ALGS Year 4 Championship,https://apexlegendsstatus.com/algs/Y4-Split2/ALGS-Championships/Global/Overview,Y4-Split2,ALGS-Championships,Global,Overview,,,https://apexlegendsstatus.com/algs/Y4-Split2/ALGS-Championships/Global/Overview,overview,101,other,Scores,52,,,,,,,,,,,,,,TSM Verhulst,,,,,2m 4s,11m 4s,18m 25s,,,,,,,,,,,,,,,,,,,
championship_split2,ALGS Year 4 Championship,https://apexlegendsstatus.com/algs/Y4-Split2/ALGS-Championships/Global/Overview,Y4-Split2,ALGS-Championships,Global,Overview,,,https://apexlegendsstatus.com/algs/Y4-Split2/ALGS-Championships/Global/Overview,overview,101,other,Scores,53,,,,,,,,,,,,,,TSM zap,,,,,2m 5s,10m 9s,18m 2s,,,,,,,,,,,,,,,,,,,
championship_split2,ALGS Year 4 Championship,https://apexlegendsstatus.com/algs/Y4-Split2/ALGS-Championships/Global/Overview,Y4-Split2,ALGS-Championships,Global,Overview,,,https://apexlegendsstatus.com/algs/Y4-Split2/ALGS-Championships/Global/Overview,overview,101,other,Scores,54,,,,,,,,,,,,,,SR Emtee,,,,,2m 3s,9m 20s,18m 16s,,,,,,,,,,,,,,,,,,,
championship_split2,ALGS Year 4 Championship,https://apexlegendsstatus.com/algs/Y4-Split2/ALGS-Championships/Global/Overview,Y4-Split2,ALGS-Championships,Global,Overview,,,https://apexlegendsstatus.com/algs/Y4-Split2/ALGS-Championships/Global/Overview,overview,101,other,Scores,55,,,,,,,,,,,,,,SR Koyful,,,,,1m 59s,9m 17s,17m 39s,,,,,,,,,,,,,,,,,,,
championship_split2,ALGS Year 4 Championship,https://apexlegendsstatus.com/algs/Y4-Split2/ALGS-Championships/Global/Overview,Y4-Split2,ALGS-Championships,Global,Overview,,,https://apexlegendsstatus.com/algs/Y4-Split2/ALGS-Championships/Global/Overview,overview,101,other,Scores,56,,,,,,,,,,,,,,SR Xynew,,,,,1m 55s,7m 37s,14m 25s,,,,,,,,,,,,,,,,,,,
championship_split2,ALGS Year 4 Championship,https://apexlegendsstatus.com/algs/Y4-Split2/ALGS-Championships/Global/Overview,Y4-Split2,ALGS-Championships,Global,Overview,,,https://apexlegendsstatus.com/algs/Y4-Split2/ALGS-Championships/Global/Overview,overview,101,other,Scores,57,,,,,,,,,,,,,,OBVN Nano,,,,,2m 15s,11m 43s,16m 37s,,,,,,,,,,,,,,,,,,,
championship_split2,ALGS Year 4 Championship,https://apexlegendsstatus.com/algs/Y4-Split2/ALGS-Championships/Global/Overview,Y4-Split2,ALGS-Championships,Global,Overview,,,https://apexlegendsstatus.com/algs/Y4-Split2/ALGS-Championships/Global/Overview,overview,101,other,Scores,58,,,,,,,,,,,,,,OBVN Blinkzr,,,,,2m 20s,9m 41s,17m 20s,,,,,,,,,,,,,,,,,,,
championship_split2,ALGS Year 4 Championship,https://apexlegendsstatus.com/algs/Y4-Split2/ALGS-Championships/Global/Overview,Y4-Split2,ALGS-Championships,Global,Overview,,,https://apexlegendsstatus.com/algs/Y4-Split2/ALGS-Championships/Global/Overview,overview,101,other,Scores,59,,,,,,,,,,,,,,OBVN Reedz,,,,,2m 24s,11m 16s,19m 41s,,,,,,,,,,,,,,,,,,,
championship_split2,ALGS Year 4 Championship,https://apexlegendsstatus.com/algs/Y4-Split2/ALGS-Championships/Global/Overview,Y4-Split2,ALGS-Championships,Global,Overview,,,https://apexlegendsstatus.com/algs/Y4-Split2/ALGS-Championships/Global/Overview,overview,101,other,Scores,60,,,,,,,,,,,,,,NRG FunFPS,,,,,2m 49s,12m 46s,19m 36s,,,,,,,,,,,,,,,,,,,
championship_split2,ALGS Year 4 Championship,https://apexlegendsstatus.com/algs/Y4-Split2/ALGS-Championships/Global/Overview,Y4-Split2,ALGS-Championships,Global,Overview,,,https://apexlegendsstatus.com/algs/Y4-Split2/ALGS-Championships/Global/Overview,overview,101,other,Scores,61,,,,,,,,,,,,,,GN Uxako,,,,,2m 22s,11m 56s,20m 51s,,,,,,,,,,,,,,,,,,,
championship_split2,ALGS Year 4 Championship,https://apexlegendsstatus.com/algs/Y4-Split2/ALGS-Championships/Global/Overview,Y4-Split2,ALGS-Championships,Global,Overview,,,https://apexlegendsstatus.com/algs/Y4-Split2/ALGS-Championships/Global/Overview,overview,101,other,Scores,62,,,,,,,,,,,,,,GN lzhidan,,,,,2m 46s,11m 29s,17m 59s,,,,,,,,,,,,,,,,,,,
championship_split2,ALGS Year 4 Championship,https://apexlegendsstatus.com/algs/Y4-Split2/ALGS-Championships/Global/Overview,Y4-Split2,ALGS-Championships,Global,Overview,,,https://apexlegendsstatus.com/algs/Y4-Split2/ALGS-Championships/Global/Overview,overview,101,other,Scores,63,,,,,,,,,,,,,,GN Hiarka,,,,,2m 33s,11m 53s,18m 36s,,,,,,,,,,,,,,,,,,,
championship_split2,ALGS Year 4 Championship,https://apexlegendsstatus.com/algs/Y4-Split2/ALGS-Championships/Global/Overview,Y4-Split2,ALGS-Championships,Global,Overview,,,https://apexlegendsstatus.com/algs/Y4-Split2/ALGS-Championships/Global/Overview,overview,101,other,Scores,64,,,,,,,,,,,,,,DF iHateTheWorld,,,,,1m 41s,11m 56s,16m 42s,,,,,,,,,,,,,,,,,,,
championship_split2,ALGS Year 4 Championship,https://apexlegendsstatus.com/algs/Y4-Split2/ALGS-Championships/Global/Overview,Y4-Split2,ALGS-Championships,Global,Overview,,,https://apexlegendsstatus.com/algs/Y4-Split2/ALGS-Championships/Global/Overview,overview,101,other,Scores,65,,,,,,,,,,,,,,DF 3Mz,,,,,1m 36s,12m 21s,16m 32s,,,,,,,,,,,,,,,,,,,
championship_split2,ALGS Year 4 Championship,https://apexlegendsstatus.com/algs/Y4-Split2/ALGS-Championships/Global/Overview,Y4-Split2,ALGS-Championships,Global,Overview,,,https://apexlegendsstatus.com/algs/Y4-Split2/ALGS-Championships/Global/Overview,overview,101,other,Scores,66,,,,,,,,,,,,,,DF Pite,,,,,1m 44s,12m 30s,15m 51s,,,,,,,,,,,,,,,,,,,
championship_split2,ALGS Year 4 Championship,https://apexlegendsstatus.com/algs/Y4-Split2/ALGS-Championships/Global/Overview,Y4-Split2,ALGS-Championships,Global,Overview,,,https://apexlegendsstatus.com/algs/Y4-Split2/ALGS-Championships/Global/Overview,overview,101,other,Scores,67,,,,,,,,,,,,,,OAH KIND4,,,,,4m 9s,12m 44s,20m 37s,,,,,,,,,,,,,,,,,,,
championship_split2,ALGS Year 4 Championship,https://apexlegendsstatus.com/algs/Y4-Split2/ALGS-Championships/Global/Overview,Y4-Split2,ALGS-Championships,Global,Overview,,,https://apexlegendsstatus.com/algs/Y4-Split2/ALGS-Championships/Global/Overview,overview,101,other,Scores,68,,,,,,,,,,,,,,OAH MaTaFe,,,,,3m 40s,11m 20s,23m 45s,,,,,,,,,,,,,,,,,,,
championship_split2,ALGS Year 4 Championship,https://apexlegendsstatus.com/algs/Y4-Split2/ALGS-Championships/Global/Overview,Y4-Split2,ALGS-Championships,Global,Overview,,,https://apexlegendsstatus.com/algs/Y4-Split2/ALGS-Championships/Global/Overview,overview,101,other,Scores,69,,,,,,,,,,,,,,OAH iHenchman,,,,,2m 44s,11m 44s,19m 31s,,,,,,,,,,,,,,,,,,,
championship_split2,ALGS Year 4 Championship,https://apexlegendsstatus.com/algs/Y4-Split2/ALGS-Championships/Global/Overview,Y4-Split2,ALGS-Championships,Global,Overview,,,https://apexlegendsstatus.com/algs/Y4-Split2/ALGS-Championships/Global/Overview,overview,101,other,Scores,70,,,,,,,,,,,,,,AUR ojrein,,,,,1m 23s,7m 34s,13m 38s,,,,,,,,,,,,,,,,,,,
championship_split2,ALGS Year 4 Championship,https://apexlegendsstatus.com/algs/Y4-Split2/ALGS-Championships/Global/Overview,Y4-Split2,ALGS-Championships,Global,Overview,,,https://apexlegendsstatus.com/algs/Y4-Split2/ALGS-Championships/Global/Overview,overview,101,other,Scores,71,,,,,,,,,,,,,,AUR kazakh,,,,,1m 29s,8m 28s,13m 49s,,,,,,,,,,,,,,,,,,,
championship_split2,ALGS Year 4 Championship,https://apexlegendsstatus.com/algs/Y4-Split2/ALGS-Championships/Global/Overview,Y4-Split2,ALGS-Championships,Global,Overview,,,https://apexlegendsstatus.com/algs/Y4-Split2/ALGS-Championships/Global/Overview,overview,101,other,Scores,72,,,,,,,,,,,,,,AUR 9impulse,,,,,1m 38s,8m 51s,14m 30s,,,,,,,,,,,,,,,,,,,
championship_split2,ALGS Year 4 Championship,https://apexlegendsstatus.com/algs/Y4-Split2/ALGS-Championships/Global/Overview,Y4-Split2,ALGS-Championships,Global,Overview,,,https://apexlegendsstatus.com/algs/Y4-Split2/ALGS-Championships/Global/Overview,overview,101,other,Scores,73,,,,,,,,,,,,,,GG Blasts,,,,,2m 8s,11m 18s,18m 37s,,,,,,,,,,,,,,,,,,,
championship_split2,ALGS Year 4 Championship,https://apexlegendsstatus.com/algs/Y4-Split2/ALGS-Championships/Global/Overview,Y4-Split2,ALGS-Championships,Global,Overview,,,https://apexlegendsstatus.com/algs/Y4-Split2/ALGS-Championships/Global/Overview,overview,101,other,Scores,74,,,,,,,,,,,,,,GG Lufka,,,,,2m 14s,11m 28s,18m 36s,,,,,,,,,,,,,,,,,,,
championship_split2,ALGS Year 4 Championship,https://apexlegendsstatus.com/algs/Y4-Split2/ALGS-Championships/Global/Overview,Y4-Split2,ALGS-Championships,Global,Overview,,,https://apexlegendsstatus.com/algs/Y4-Split2/ALGS-Championships/Global/Overview,overview,101,other,Scores,75,,,,,,,,,,,,,,GG lighT,,,,,1m 58s,8m 51s,15m 7s,,,,,,,,,,,,,,,,,,,
championship_split2,ALGS Year 4 Championship,https://apexlegendsstatus.com/algs/Y4-Split2/ALGS-Championships/Global/Overview,Y4-Split2,ALGS-Championships,Global,Overview,,,https://apexlegendsstatus.com/algs/Y4-Split2/ALGS-Championships/Global/Overview,overview,101,other,Scores,76,,,,,,,,,,,,,,TB Wey,,,,,1m 55s,11m 47s,20m 55s,,,,,,,,,,,,,,,,,,,
championship_split2,ALGS Year 4 Championship,https://apexlegendsstatus.com/algs/Y4-Split2/ALGS-Championships/Global/Overview,Y4-Split2,ALGS-Championships,Global,Overview,,,https://apexlegendsstatus.com/algs/Y4-Split2/ALGS-Championships/Global/Overview,overview,101,other,Scores,77,,,,,,,,,,,,,,TB Prycyy,,,,,1m 50s,9m 20s,16m 49s,,,,,,,,,,,,,,,,,,,
championship_split2,ALGS Year 4 Championship,https://apexlegendsstatus.com/algs/Y4-Split2/ALGS-Championships/Global/Overview,Y4-Split2,ALGS-Championships,Global,Overview,,,https://apexlegendsstatus.com/algs/Y4-Split2/ALGS-Championships/Global/Overview,overview,101,other,Scores,78,,,,,,,,,,,,,,TB Sharky,,,,,1m 56s,11m 37s,20m 25s,,,,,,,,,,,,,,,,,,,
championship_split2,ALGS Year 4 Championship,https://apexlegendsstatus.com/algs/Y4-Split2/ALGS-Championships/Global/Overview,Y4-Split2,ALGS-Championships,Global,Overview,,,https://apexlegendsstatus.com/algs/Y4-Split2/ALGS-Championships/Global/Overview,overview,101,other,Scores,79,,,,,,,,,,,,,,SN XoyoBda,,,,,1m 50s,10m 3s,16m 49s,,,,,,,,,,,,,,,,,,,
championship_split2,ALGS Year 4 Championship,https://apexlegendsstatus.com/algs/Y4-Split2/ALGS-Championships/Global/Overview,Y4-Split2,ALGS-Championships,Global,Overview,,,https://apexlegendsstatus.com/algs/Y4-Split2/ALGS-Championships/Global/Overview,overview,101,other,Scores,80,,,,,,,,,,,,,,SN xKenN,,,,,1m 57s,15m 36s,15m 39s,,,,,,,,,,,,,,,,,,,
championship_split2,ALGS Year 4 Championship,https://apexlegendsstatus.com/algs/Y4-Split2/ALGS-Championships/Global/Overview,Y4-Split2,ALGS-Championships,Global,Overview,,,https://apexlegendsstatus.com/algs/Y4-Split2/ALGS-Championships/Global/Overview,overview,101,other,Scores,81,,,,,,,,,,,,,,SN Walking L,,,,,1m 59s,15m 40s,18m 51s,,,,,,,,,,,,,,,,,,,
championship_split2,ALGS Year 4 Championship,https://apexlegendsstatus.com/algs/Y4-Split2/ALGS-Championships/Global/Overview,Y4-Split2,ALGS-Championships,Global,Overview,,,https://apexlegendsstatus.com/algs/Y4-Split2/ALGS-Championships/Global/Overview,overview,101,other,Scores,82,,,,,,,,,,,,,,ENVY knoqd,,,,,3m 4s,11m 1s,17m 10s,,,,,,,,,,,,,,,,,,,
championship_split2,ALGS Year 4 Championship,https://apexlegendsstatus.com/algs/Y4-Split2/ALGS-Championships/Global/Overview,Y4-Split2,ALGS-Championships,Global,Overview,,,https://apexlegendsstatus.com/algs/Y4-Split2/ALGS-Championships/Global/Overview,overview,101,other,Scores,83,,,,,,,,,,,,,,ENVY Dropped,,,,,2m 16s,10m 12s,16m 11s,,,,,,,,,,,,,,,,,,,
championship_split2,ALGS Year 4 Championship,https://apexlegendsstatus.com/algs/Y4-Split2/ALGS-Championships/Global/Overview,Y4-Split2,ALGS-Championships,Global,Overview,,,https://apexlegendsstatus.com/algs/Y4-Split2/ALGS-Championships/Global/Overview,overview,101,other,Scores,84,,,,,,,,,,,,,,ENVY lYanYal,,,,,2m 53s,10m 56s,15m 58s,,,,,,,,,,,,,,,,,,,
championship_split2,ALGS Year 4 Championship,https://apexlegendsstatus.com/algs/Y4-Split2/ALGS-Championships/Global/Overview,Y4-Split2,ALGS-Championships,Global,Overview,,,https://apexlegendsstatus.com/algs/Y4-Split2/ALGS-Championships/Global/Overview,overview,101,other,Scores,85,,,,,,,,,,,,,,GHS 4rufa,,,,,1m 49s,8m 35s,15m 39s,,,,,,,,,,,,,,,,,,,
championship_split2,ALGS Year 4 Championship,https://apexlegendsstatus.com/algs/Y4-Split2/ALGS-Championships/Global/Overview,Y4-Split2,ALGS-Championships,Global,Overview,,,https://apexlegendsstatus.com/algs/Y4-Split2/ALGS-Championships/Global/Overview,overview,101,other,Scores,86,,,,,,,,,,,,,,CR Jusna,,,,,2m 18s,11m 46s,19m 13s,,,,,,,,,,,,,,,,,,,
championship_split2,ALGS Year 4 Championship,https://apexlegendsstatus.com/algs/Y4-Split2/ALGS-Championships/Global/Overview,Y4-Split2,ALGS-Championships,Global,Overview,,,https://apexlegendsstatus.com/algs/Y4-Split2/ALGS-Championships/Global/Overview,overview,101,other,Scores,87,,,,,,,,,,,,,,CR obly,,,,,2m 12s,12m 15s,20m 56s,,,,,,,,,,,,,,,,,,,
championship_split2,ALGS Year 4 Championship,https://apexlegendsstatus.com/algs/Y4-Split2/ALGS-Championships/Global/Overview,Y4-Split2,ALGS-Championships,Global,Overview,,,https://apexlegendsstatus.com/algs/Y4-Split2/ALGS-Championships/Global/Overview,overview,101,other,Scores,88,,,,,,,,,,,,,,CR SangJoon,,,,,2m 6s,10m 26s,16m 50s,,,,,,,,,,,,,,,,,,,
championship_split2,ALGS Year 4 Championship,https://apexlegendsstatus.com/algs/Y4-Split2/ALGS-Championships/Global/Overview,Y4-Split2,ALGS-Championships,Global,Overview,,,https://apexlegendsstatus.com/algs/Y4-Split2/ALGS-Championships/Global/Overview,overview,101,other,Scores,89,,,,,,,,,,,,,,LG Fuhhnq,,,,,2m 1s,12m 45s,16m 47s,,,,,,,,,,,,,,,,,,,
championship_split2,ALGS Year 4 Championship,https://apexlegendsstatus.com/algs/Y4-Split2/ALGS-Championships/Global/Overview,Y4-Split2,ALGS-Championships,Global,Overview,,,https://apexlegendsstatus.com/algs/Y4-Split2/ALGS-Championships/Global/Overview,overview,101,other,Scores,90,,,,,,,,,,,,,,LG Sweet,,,,,2m 1s,10m 50s,18m 3s,,,,,,,,,,,,,,,,,,,
championship_split2,ALGS Year 4 Championship,https://apexlegendsstatus.com/algs/Y4-Split2/ALGS-Championships/Global/Overview,Y4-Split2,ALGS-Championships,Global,Overview,,,https://apexlegendsstatus.com/algs/Y4-Split2/ALGS-Championships/Global/Overview,overview,101,other,Scores,91,,,,,,,,,,,,,,LG Sikezz,,,,,2m 2s,13m,17m 34s,,,,,,,,,,,,,,,,,,,
championship_split2,ALGS Year 4 Championship,https://apexlegendsstatus.com/algs/Y4-Split2/ALGS-Championships/Global/Overview,Y4-Split2,ALGS-Championships,Global,Overview,,,https://apexlegendsstatus.com/algs/Y4-Split2/ALGS-Championships/Global/Overview,overview,101,other,Scores,92,,,,,,,,,,,,,,GHS Taida,,,,,1m 57s,7m 50s,17m 21s,,,,,,,,,,,,,,,,,,,
championship_split2,ALGS Year 4 Championship,https://apexlegendsstatus.com/algs/Y4-Split2/ALGS-Championships/Global/Overview,Y4-Split2,ALGS-Championships,Global,Overview,,,https://apexlegendsstatus.com/algs/Y4-Split2/ALGS-Championships/Global/Overview,overview,101,other,Scores,93,,,,,,,,,,,,,,GHS 1tappy,,,,,1m 52s,8m 25s,19m 11s,,,,,,,,,,,,,,,,,,,
championship_split2,ALGS Year 4 Championship,https://apexlegendsstatus.com/algs/Y4-Split2/ALGS-Championships/Global/Overview,Y4-Split2,ALGS-Championships,Global,Overview,,,https://apexlegendsstatus.com/algs/Y4-Split2/ALGS-Championships/Global/Overview,overview,101,other,Scores,94,,,,,,,,,,,,,,FUR Keon,,,,,2m 14s,6m 32s,16m 15s,,,,,,,,,,,,,,,,,,,
championship_split2,ALGS Year 4 Championship,https://apexlegendsstatus.com/algs/Y4-Split2/ALGS-Championships/Global/Overview,Y4-Split2,ALGS-Championships,Global,Overview,,,https://apexlegendsstatus.com/algs/Y4-Split2/ALGS-Championships/Global/Overview,overview,101,other,Scores,95,,,,,,,,,,,,,,FLCN Zer0,,,,,1m 50s,7m 39s,14m 3s,,,,,,,,,,,,,,,,,,,
championship_split2,ALGS Year 4 Championship,https://apexlegendsstatus.com/algs/Y4-Split2/ALGS-Championships/Global/Overview,Y4-Split2,ALGS-Championships,Global,Overview,,,https://apexlegendsstatus.com/algs/Y4-Split2/ALGS-Championships/Global/Overview,overview,101,other,Scores,96,,,,,,,,,,,,,,FLCN Wxltzy,,,,,1m 54s,8m,15m 3s,,,,,,,,,,,,,,,,,,,
championship_split2,ALGS Year 4 Championship,https://apexlegendsstatus.com/algs/Y4-Split2/ALGS-Championships/Global/Overview,Y4-Split2,ALGS-Championships,Global,Overview,,,https://apexlegendsstatus.com/algs/Y4-Split2/ALGS-Championships/Global/Overview,overview,101,other,Scores,97,,,,,,,,,,,,,,FLCN Imperialhal,,,,,2m 1s,7m 44s,14m 34s,,,,,,,,,,,,,,,,,,,
championship_split2,ALGS Year 4 Championship,https://apexlegendsstatus.com/algs/Y4-Split2/ALGS-Championships/Global/Overview,Y4-Split2,ALGS-Championships,Global,Overview,,,https://apexlegendsstatus.com/algs/Y4-Split2/ALGS-Championships/Global/Overview,overview,101,other,Scores,98,,,,,,,,,,,,,,STAL Crook,,,,,2m 26s,12m 51s,37m 55s,,,,,,,,,,,,,,,,,,,
championship_split2,ALGS Year 4 Championship,https://apexlegendsstatus.com/algs/Y4-Split2/ALGS-Championships/Global/Overview,Y4-Split2,ALGS-Championships,Global,Overview,,,https://apexlegendsstatus.com/algs/Y4-Split2/ALGS-Championships/Global/Overview,overview,101,other,Scores,99,,,,,,,,,,,,,,STAL Albralelie,,,,,2m 8s,12m 13s,18m 56s,,,,,,,,,,,,,,,,,,,
championship_split2,ALGS Year 4 Championship,https://apexlegendsstatus.com/algs/Y4-Split2/ALGS-Championships/Global/Overview,Y4-Split2,ALGS-Championships,Global,Overview,,,https://apexlegendsstatus.com/algs/Y4-Split2/ALGS-Championships/Global/Overview,overview,101,other,Scores,100,,,,,,,,,,,,,,STAL scuwry,,,,,2m 12s,11m 5s,14m 36s,,,,,,,,,,,,,,,,,,,
championship_split2,ALGS Year 4 Championship,https://apexlegendsstatus.com/algs/Y4-Split2/ALGS-Championships/Global/Overview,Y4-Split2,ALGS-Championships,Global,Overview,,,https://apexlegendsstatus.com/algs/Y4-Split2/ALGS-Championships/Global/Overview,overview,101,other,Scores,101,,,,,,,,,,,,,,NOC Atinum,,,,,2m 9s,8m 58s,12m 8s,,,,,,,,,,,,,,,,,,,
championship_split2,ALGS Year 4 Championship,https://apexlegendsstatus.com/algs/Y4-Split2/ALGS-Championships/Global/Overview,Y4-Split2,ALGS-Championships,Global,Overview,,,https://apexlegendsstatus.com/algs/Y4-Split2/ALGS-Championships/Global/Overview,overview,101,other,Scores,102,,,,,,,,,,,,,,NOC RemixPowers,,,,,1m 47s,9m 31s,13m 7s,,,,,,,,,,,,,,,,,,,
championship_split2,ALGS Year 4 Championship,https://apexlegendsstatus.com/algs/Y4-Split2/ALGS-Championships/Global/Overview,Y4-Split2,ALGS-Championships,Global,Overview,,,https://apexlegendsstatus.com/algs/Y4-Split2/ALGS-Championships/Global/Overview,overview,101,other,Scores,103,,,,,,,,,,,,,,NOC mohziin,,,,,2m 3s,10m 11s,12m 55s,,,,,,,,,,,,,,,,,,,
championship_split2,ALGS Year 4 Championship,https://apexlegendsstatus.com/algs/Y4-Split2/ALGS-Championships/Global/Overview,Y4-Split2,ALGS-Championships,Global,Overview,,,https://apexlegendsstatus.com/algs/Y4-Split2/ALGS-Championships/Global/Overview,overview,101,other,Scores,104,,,,,,,,,,,,,,E36 Aimbot,,,,,2m 20s,8m 29s,13m 57s,,,,,,,,,,,,,,,,,,,
championship_split2,ALGS Year 4 Championship,https://apexlegendsstatus.com/algs/Y4-Split2/ALGS-Championships/Global/Overview,Y4-Split2,ALGS-Championships,Global,Overview,,,https://apexlegendsstatus.com/algs/Y4-Split2/ALGS-Championships/Global/Overview,overview,101,other,Scores,105,,,,,,,,,,,,,,E36 Cinap,,,,,2m 34s,8m 40s,17m 30s,,,,,,,,,,,,,,,,,,,
championship_split2,ALGS Year 4 Championship,https://apexlegendsstatus.com/algs/Y4-Split2/ALGS-Championships/Global/Overview,Y4-Split2,ALGS-Championships,Global,Overview,,,https://apexlegendsstatus.com/algs/Y4-Split2/ALGS-Championships/Global/Overview,overview,101,other,Scores,106,,,,,,,,,,,,,,E36 ILY,,,,,2m 33s,8m 50s,17m 10s,,,,,,,,,,,,,,,,,,,
championship_split2,ALGS Year 4 Championship,https://apexlegendsstatus.com/algs/Y4-Split2/ALGS-Championships/Global/Overview,Y4-Split2,ALGS-Championships,Global,Overview,,,https://apexlegendsstatus.com/algs/Y4-Split2/ALGS-Championships/Global/Overview,overview,101,other,Scores,107,,,,,,,,,,,,,,Z10 Shex,,,,,1m 58s,13m 4s,20m 16s,,,,,,,,,,,,,,,,,,,
championship_split2,ALGS Year 4 Championship,https://apexlegendsstatus.com/algs/Y4-Split2/ALGS-Championships/Global/Overview,Y4-Split2,ALGS-Championships,Global,Overview,,,https://apexlegendsstatus.com/algs/Y4-Split2/ALGS-Championships/Global/Overview,overview,101,other,Scores,108,,,,,,,,,,,,,,Z10 B4mbino,,,,,1m 57s,12m 46s,18m 43s,,,,,,,,,,,,,,,,,,,
championship_split2,ALGS Year 4 Championship,https://apexlegendsstatus.com/algs/Y4-Split2/ALGS-Championships/Global/Overview,Y4-Split2,ALGS-Championships,Global,Overview,,,https://apexlegendsstatus.com/algs/Y4-Split2/ALGS-Championships/Global/Overview,overview,101,other,Scores,109,,,,,,,,,,,,,,Z10 Kyner,,,,,2m,12m 4s,17m 50s,,,,,,,,,,,,,,,,,,,
championship_split2,ALGS Year 4 Championship,https://apexlegendsstatus.com/algs/Y4-Split2/ALGS-Championships/Global/Overview,Y4-Split2,ALGS-Championships,Global,Overview,,,https://apexlegendsstatus.com/algs/Y4-Split2/ALGS-Championships/Global/Overview,overview,101,other,Scores,110,,,,,,,,,,,,,,ALL Unlucky,,,,,1m 37s,7m 6s,15m 33s,,,,,,,,,,,,,,,,,,,
championship_split2,ALGS Year 4 Championship,https://apexlegendsstatus.com/algs/Y4-Split2/ALGS-Championships/Global/Overview,Y4-Split2,ALGS-Championships,Global,Overview,,,https://apexlegendsstatus.com/algs/Y4-Split2/ALGS-Championships/Global/Overview,overview,101,other,Scores,111,,,,,,,,,,,,,,ALL Effect,,,,,1m 50s,8m 18s,16m 56s,,,,,,,,,,,,,,,,,,,
championship_split2,ALGS Year 4 Championship,https://apexlegendsstatus.com/algs/Y4-Split2/ALGS-Championships/Global/Overview,Y4-Split2,ALGS-Championships,Global,Overview,,,https://apexlegendsstatus.com/algs/Y4-Split2/ALGS-Championships/Global/Overview,overview,101,other,Scores,112,,,,,,,,,,,,,,ALL Hakis,,,,,1m 44s,7m 43s,15m 33s,,,,,,,,,,,,,,,,,,,
championship_split2,ALGS Year 4 Championship,https://apexlegendsstatus.com/algs/Y4-Split2/ALGS-Championships/Global/Overview,Y4-Split2,ALGS-Championships,Global,Overview,,,https://apexlegendsstatus.com/algs/Y4-Split2/ALGS-Championships/Global/Overview,overview,101,other,Scores,113,,,,,,,,,,,,,,FUR Vaxlon,,,,,2m 22s,7m 52s,17m 53s,,,,,,,,,,,,,,,,,,,
championship_split2,ALGS Year 4 Championship,https://apexlegendsstatus.com/algs/Y4-Split2/ALGS-Championships/Global/Overview,Y4-Split2,ALGS-Championships,Global,Overview,,,https://apexlegendsstatus.com/algs/Y4-Split2/ALGS-Championships/Global/Overview,overview,101,other,Scores,114,,,,,,,,,,,,,,TLAW jaguaresl,,,,,1m 49s,7m 25s,18m 16s,,,,,,,,,,,,,,,,,,,
championship_split2,ALGS Year 4 Championship,https://apexlegendsstatus.com/algs/Y4-Split2/ALGS-Championships/Global/Overview,Y4-Split2,ALGS-Championships,Global,Overview,,,https://apexlegendsstatus.com/algs/Y4-Split2/ALGS-Championships/Global/Overview,overview,101,other,Scores,115,,,,,,,,,,,,,,TLAW NeazuI,,,,,1m 45s,8m 18s,16m 3s,,,,,,,,,,,,,,,,,,,
championship_split2,ALGS Year 4 Championship,https://apexlegendsstatus.com/algs/Y4-Split2/ALGS-Championships/Global/Overview,Y4-Split2,ALGS-Championships,Global,Overview,,,https://apexlegendsstatus.com/algs/Y4-Split2/ALGS-Championships/Global/Overview,overview,101,other,Scores,116,,,,,,,,,,,,,,FUR ImMadness,,,,,2m 26s,7m 58s,17m 45s,,,,,,,,,,,,,,,,,,,
championship_split2,ALGS Year 4 Championship,https://apexlegendsstatus.com/algs/Y4-Split2/ALGS-Championships/Global/Overview,Y4-Split2,ALGS-Championships,Global,Overview,,,https://apexlegendsstatus.com/algs/Y4-Split2/ALGS-Championships/Global/Overview,overview,101,other,Scores,117,,,,,,,,,,,,,,TLAW Kurev,,,,,1m 50s,8m 33s,15m 41s,,,,,,,,,,,,,,,,,,,
championship_split2,ALGS Year 4 Championship,https://apexlegendsstatus.com/algs/Y4-Split2/ALGS-Championships/Global/Overview,Y4-Split2,ALGS-Championships,Global,Overview,,,https://apexlegendsstatus.com/algs/Y4-Split2/ALGS-Championships/Global/Overview,overview,101,other,Scores,118,,,,,,,,,,,,,,RIG Ftyan,,,,,3m 31s,16m 10s,13m 54s,,,,,,,,,,,,,,,,,,,
championship_split2,ALGS Year 4 Championship,https://apexlegendsstatus.com/algs/Y4-Split2/ALGS-Championships/Global/Overview,Y4-Split2,ALGS-Championships,Global,Overview,,,https://apexlegendsstatus.com/algs/Y4-Split2/ALGS-Championships/Global/Overview,overview,101,other,Scores,119,,,,,,,,,,,,,,RIG ShunMi,,,,,3m 26s,16m 12s,-,,,,,,,,,,,,,,,,,,,
championship_split2,ALGS Year 4 Championship,https://apexlegendsstatus.com/algs/Y4-Split2/ALGS-Championships/Global/Overview,Y4-Split2,ALGS-Championships,Global,Overview,,,https://apexlegendsstatus.com/algs/Y4-Split2/ALGS-Championships/Global/Overview,overview,101,other,Scores,120,,,,,,,,,,,,,,RIG SudetakiN,,,,,3m 20s,16m 28s,-,,,,,,,,,,,,,,,,,,,
championship_split2,ALGS Year 4 Championship,https://apexlegendsstatus.com/algs/Y4-Split2/ALGS-Championships/Global/Overview,Y4-Split2,ALGS-Championships,Global,Overview,,,https://apexlegendsstatus.com/algs/Y4-Split2/ALGS-Championships/Global/Overview,overview,102,other,Scores,1,,,,,,,,,,,,,,SR Koyful,,,,,,,,,1,68.54,36.97,63.31,1.77,"1,053.86",1.53,,,,,,,,,,,
championship_split2,ALGS Year 4 Championship,https://apexlegendsstatus.com/algs/Y4-Split2/ALGS-Championships/Global/Overview,Y4-Split2,ALGS-Championships,Global,Overview,,,https://apexlegendsstatus.com/algs/Y4-Split2/ALGS-Championships/Global/Overview,overview,102,other,Scores,2,,,,,,,,,,,,,,SR Xynew,,,,,,,,,2,68.47,36.86,63.20,1.46,"1,329.86",1.44,,,,,,,,,,,
championship_split2,ALGS Year 4 Championship,https://apexlegendsstatus.com/algs/Y4-Split2/ALGS-Championships/Global/Overview,Y4-Split2,ALGS-Championships,Global,Overview,,,https://apexlegendsstatus.com/algs/Y4-Split2/ALGS-Championships/Global/Overview,overview,102,other,Scores,3,,,,,,,,,,,,,,GLD Legacy,,,,,,,,,3,62.89,36.97,59.92,1.17,"1,193.83",1.83,,,,,,,,,,,
championship_split2,ALGS Year 4 Championship,https://apexlegendsstatus.com/algs/Y4-Split2/ALGS-Championships/Global/Overview,Y4-Split2,ALGS-Championships,Global,Overview,,,https://apexlegendsstatus.com/algs/Y4-Split2/ALGS-Championships/Global/Overview,overview,102,other,Scores,4,,,,,,,,,,,,,,TSM Verhulst,,,,,,,,,4,59.58,59.64,71.53,1.89,961.83,1.28,,,,,,,,,,,
championship_split2,ALGS Year 4 Championship,https://apexlegendsstatus.com/algs/Y4-Split2/ALGS-Championships/Global/Overview,Y4-Split2,ALGS-Championships,Global,Overview,,,https://apexlegendsstatus.com/algs/Y4-Split2/ALGS-Championships/Global/Overview,overview,102,other,Scores,5,,,,,,,,,,,,,,ALL Effect,,,,,,,,,5,59.27,29.87,53.48,1.83,"1,050.83",1.19,,,,,,,,,,,
championship_split2,ALGS Year 4 Championship,https://apexlegendsstatus.com/algs/Y4-Split2/ALGS-Championships/Global/Overview,Y4-Split2,ALGS-Championships,Global,Overview,,,https://apexlegendsstatus.com/algs/Y4-Split2/ALGS-Championships/Global/Overview,overview,102,other,Scores,6,,,,,,,,,,,,,,CR SangJoon,,,,,,,,,6,54.42,45.93,60.21,1.47,"1,094.62",1.39,,,,,,,,,,,
championship_split2,ALGS Year 4 Championship,https://apexlegendsstatus.com/algs/Y4-Split2/ALGS-Championships/Global/Overview,Y4-Split2,ALGS-Championships,Global,Overview,,,https://apexlegendsstatus.com/algs/Y4-Split2/ALGS-Championships/Global/Overview,overview,102,other,Scores,7,,,,,,,,,,,,,,COL Monsoon,,,,,,,,,7,51.11,46.60,58.63,1.28,"1,184.07",1.37,,,,,,,,,,,
championship_split2,ALGS Year 4 Championship,https://apexlegendsstatus.com/algs/Y4-Split2/ALGS-Championships/Global/Overview,Y4-Split2,ALGS-Championships,Global,Overview,,,https://apexlegendsstatus.com/algs/Y4-Split2/ALGS-Championships/Global/Overview,overview,102,other,Scores,8,,,,,,,,,,,,,,GLD Phony,,,,,,,,,8,48.20,14.94,37.88,1.69,864.71,1.34,,,,,,,,,,,
championship_split2,ALGS Year 4 Championship,https://apexlegendsstatus.com/algs/Y4-Split2/ALGS-Championships/Global/Overview,Y4-Split2,ALGS-Championships,Global,Overview,,,https://apexlegendsstatus.com/algs/Y4-Split2/ALGS-Championships/Global/Overview,overview,102,other,Scores,9,,,,,,,,,,,,,,FLCN Imperialhal,,,,,,,,,9,47.76,21.62,41.63,1.58,"1,019.49",1.19,,,,,,,,,,,
championship_split2,ALGS Year 4 Championship,https://apexlegendsstatus.com/algs/Y4-Split2/ALGS-Championships/Global/Overview,Y4-Split2,ALGS-Championships,Global,Overview,,,https://apexlegendsstatus.com/algs/Y4-Split2/ALGS-Championships/Global/Overview,overview,102,other,Scores,10,,,,,,,,,,,,,,ALL Unlucky,,,,,,,,,10,35.54,-5.72,17.89,1.57,837.46,1.13,,,,,,,,,,,
championship_split2,ALGS Year 4 Championship,https://apexlegendsstatus.com/algs/Y4-Split2/ALGS-Championships/Global/Overview,Y4-Split2,ALGS-Championships,Global,Overview,,,https://apexlegendsstatus.com/algs/Y4-Split2/ALGS-Championships/Global/Overview,overview,102,other,Scores,11,,,,,,,,,,,,,,VP Lou,,,,,,,,,11,32.68,39.03,43.02,1.51,953.49,0.92,,,,,,,,,,,
championship_split2,ALGS Year 4 Championship,https://apexlegendsstatus.com/algs/Y4-Split2/ALGS-Championships/Global/Overview,Y4-Split2,ALGS-Championships,Global,Overview,,,https://apexlegendsstatus.com/algs/Y4-Split2/ALGS-Championships/Global/Overview,overview,102,other,Scores,12,,,,,,,,,,,,,,NIN Zaine,,,,,,,,,12,31.58,48.71,48.17,1.00,"1,031.69",1.36,,,,,,,,,,,
championship_split2,ALGS Year 4 Championship,https://apexlegendsstatus.com/algs/Y4-Split2/ALGS-Championships/Global/Overview,Y4-Split2,ALGS-Championships,Global,Overview,,,https://apexlegendsstatus.com/algs/Y4-Split2/ALGS-Championships/Global/Overview,overview,102,other,Scores,13,,,,,,,,,,,,,,AUR ojrein,,,,,,,,,13,30.36,28.15,35.10,1.54,969.17,0.79,,,,,,,,,,,
championship_split2,ALGS Year 4 Championship,https://apexlegendsstatus.com/algs/Y4-Split2/ALGS-Championships/Global/Overview,Y4-Split2,ALGS-Championships,Global,Overview,,,https://apexlegendsstatus.com/algs/Y4-Split2/ALGS-Championships/Global/Overview,overview,102,other,Scores,14,,,,,,,,,,,,,,STAL Albralelie,,,,,,,,,14,29.32,43.26,43.55,1.27,838.08,1.30,,,,,,,,,,,
championship_split2,ALGS Year 4 Championship,https://apexlegendsstatus.com/algs/Y4-Split2/ALGS-Championships/Global/Overview,Y4-Split2,ALGS-Championships,Global,Overview,,,https://apexlegendsstatus.com/algs/Y4-Split2/ALGS-Championships/Global/Overview,overview,102,other,Scores,15,,,,,,,,,,,,,,FLCN Zer0,,,,,,,,,15,27.76,-8.38,11.63,1.44,954.28,0.86,,,,,,,,,,,
championship_split2,ALGS Year 4 Championship,https://apexlegendsstatus.com/algs/Y4-Split2/ALGS-Championships/Global/Overview,Y4-Split2,ALGS-Championships,Global,Overview,,,https://apexlegendsstatus.com/algs/Y4-Split2/ALGS-Championships/Global/Overview,overview,102,other,Scores,16,,,,,,,,,,,,,,100T Genburten,,,,,,,,,16,26.23,30.45,34.01,1.15,971.03,1.13,,,,,,,,,,,
championship_split2,ALGS Year 4 Championship,https://apexlegendsstatus.com/algs/Y4-Split2/ALGS-Championships/Global/Overview,Y4-Split2,ALGS-Championships,Global,Overview,,,https://apexlegendsstatus.com/algs/Y4-Split2/ALGS-Championships/Global/Overview,overview,102,other,Scores,17,,,,,,,,,,,,,,LG Sweet,,,,,,,,,17,24.56,24.72,29.57,1.19,"1,017.30",0.95,,,,,,,,,,,
championship_split2,ALGS Year 4 Championship,https://apexlegendsstatus.com/algs/Y4-Split2/ALGS-Championships/Global/Overview,Y4-Split2,ALGS-Championships,Global,Overview,,,https://apexlegendsstatus.com/algs/Y4-Split2/ALGS-Championships/Global/Overview,overview,102,other,Scores,18,,,,,,,,,,,,,,FLCN Wxltzy,,,,,,,,,18,24.52,-13.24,6.76,1.30,837.53,1.12,,,,,,,,,,,
championship_split2,ALGS Year 4 Championship,https://apexlegendsstatus.com/algs/Y4-Split2/ALGS-Championships/Global/Overview,Y4-Split2,ALGS-Championships,Global,Overview,,,https://apexlegendsstatus.com/algs/Y4-Split2/ALGS-Championships/Global/Overview,overview,102,other,Scores,19,,,,,,,,,,,,,,C9 sauceror,,,,,,,,,19,24.08,25.30,29.63,1.38,846.91,0.99,,,,,,,,,,,
championship_split2,ALGS Year 4 Championship,https://apexlegendsstatus.com/algs/Y4-Split2/ALGS-Championships/Global/Overview,Y4-Split2,ALGS-Championships,Global,Overview,,,https://apexlegendsstatus.com/algs/Y4-Split2/ALGS-Championships/Global/Overview,overview,102,other,Scores,20,,,,,,,,,,,,,,EXO Feuda,,,,,,,,,20,23.79,22.04,27.49,1.02,830.47,1.43,,,,,,,,,,,
championship_split2,ALGS Year 4 Championship,https://apexlegendsstatus.com/algs/Y4-Split2/ALGS-Championships/Global/Overview,Y4-Split2,ALGS-Championships,Global,Overview,,,https://apexlegendsstatus.com/algs/Y4-Split2/ALGS-Championships/Global/Overview,overview,102,other,Scores,21,,,,,,,,,,,,,,ALL Hakis,,,,,,,,,21,23.25,-24.15,-0.54,1.34,959.20,0.83,,,,,,,,,,,
championship_split2,ALGS Year 4 Championship,https://apexlegendsstatus.com/algs/Y4-Split2/ALGS-Championships/Global/Overview,Y4-Split2,ALGS-Championships,Global,Overview,,,https://apexlegendsstatus.com/algs/Y4-Split2/ALGS-Championships/Global/Overview,overview,102,other,Scores,22,,,,,,,,,,,,,,FNC YukaF,,,,,,,,,22,20.55,16.41,22.18,1.37,732.91,1.09,,,,,,,,,,,
championship_split2,ALGS Year 4 Championship,https://apexlegendsstatus.com/algs/Y4-Split2/ALGS-Championships/Global/Overview,Y4-Split2,ALGS-Championships,Global,Overview,,,https://apexlegendsstatus.com/algs/Y4-Split2/ALGS-Championships/Global/Overview,overview,102,other,Scores,23,,,,,,,,,,,,,,TLAW Kurev,,,,,,,,,23,17.68,23.32,24.60,1.06,870.94,1.14,,,,,,,,,,,
championship_split2,ALGS Year 4 Championship,https://apexlegendsstatus.com/algs/Y4-Split2/ALGS-Championships/Global/Overview,Y4-Split2,ALGS-Championships,Global,Overview,,,https://apexlegendsstatus.com/algs/Y4-Split2/ALGS-Championships/Global/Overview,overview,102,other,Scores,24,,,,,,,,,,,,,,OAH KIND4,,,,,,,,,24,17.61,32.67,30.17,1.38,703.00,1.04,,,,,,,,,,,
championship_split2,ALGS Year 4 Championship,https://apexlegendsstatus.com/algs/Y4-Split2/ALGS-Championships/Global/Overview,Y4-Split2,ALGS-Championships,Global,Overview,,,https://apexlegendsstatus.com/algs/Y4-Split2/ALGS-Championships/Global/Overview,overview,102,other,Scores,25,,,,,,,,,,,,,,COL Enemy,,,,,,,,,25,17.44,-3.91,8.11,0.98,725.19,1.47,,,,,,,,,,,
championship_split2,ALGS Year 4 Championship,https://apexlegendsstatus.com/algs/Y4-Split2/ALGS-Championships/Global/Overview,Y4-Split2,ALGS-Championships,Global,Overview,,,https://apexlegendsstatus.com/algs/Y4-Split2/ALGS-Championships/Global/Overview,overview,102,other,Scores,26,,,,,,,,,,,,,,C9 Shooby,,,,,,,,,26,16.37,13.75,18.07,1.03,800.62,1.25,,,,,,,,,,,
championship_split2,ALGS Year 4 Championship,https://apexlegendsstatus.com/algs/Y4-Split2/ALGS-Championships/Global/Overview,Y4-Split2,ALGS-Championships,Global,Overview,,,https://apexlegendsstatus.com/algs/Y4-Split2/ALGS-Championships/Global/Overview,overview,102,other,Scores,27,,,,,,,,,,,,,,FUR ImMadness,,,,,,,,,27,15.93,15.37,18.78,1.23,897.66,0.84,,,,,,,,,,,
championship_split2,ALGS Year 4 Championship,https://apexlegendsstatus.com/algs/Y4-Split2/ALGS-Championships/Global/Overview,Y4-Split2,ALGS-Championships,Global,Overview,,,https://apexlegendsstatus.com/algs/Y4-Split2/ALGS-Championships/Global/Overview,overview,102,other,Scores,28,,,,,,,,,,,,,,XNY JonnyR,,,,,,,,,28,15.04,27.21,25.35,1.00,908.96,1.06,,,,,,,,,,,
championship_split2,ALGS Year 4 Championship,https://apexlegendsstatus.com/algs/Y4-Split2/ALGS-Championships/Global/Overview,Y4-Split2,ALGS-Championships,Global,Overview,,,https://apexlegendsstatus.com/algs/Y4-Split2/ALGS-Championships/Global/Overview,overview,102,other,Scores,29,,,,,,,,,,,,,,GN Uxako,,,,,,,,,29,14.58,0.40,8.98,1.03,852.26,1.11,,,,,,,,,,,
championship_split2,ALGS Year 4 Championship,https://apexlegendsstatus.com/algs/Y4-Split2/ALGS-Championships/Global/Overview,Y4-Split2,ALGS-Championships,Global,Overview,,,https://apexlegendsstatus.com/algs/Y4-Split2/ALGS-Championships/Global/Overview,overview,102,other,Scores,30,,,,,,,,,,,,,,GN Hiarka,,,,,,,,,30,14.26,-0.08,8.51,1.31,838.17,0.79,,,,,,,,,,,
championship_split2,ALGS Year 4 Championship,https://apexlegendsstatus.com/algs/Y4-Split2/ALGS-Championships/Global/Overview,Y4-Split2,ALGS-Championships,Global,Overview,,,https://apexlegendsstatus.com/algs/Y4-Split2/ALGS-Championships/Global/Overview,overview,102,other,Scores,31,,,,,,,,,,,,,,GN lzhidan,,,,,,,,,31,14.10,-0.32,8.27,1.26,738.86,1.02,,,,,,,,,,,
championship_split2,ALGS Year 4 Championship,https://apexlegendsstatus.com/algs/Y4-Split2/ALGS-Championships/Global/Overview,Y4-Split2,ALGS-Championships,Global,Overview,,,https://apexlegendsstatus.com/algs/Y4-Split2/ALGS-Championships/Global/Overview,overview,102,other,Scores,32,,,,,,,,,,,,,,GG Blasts,,,,,,,,,32,12.28,19.47,19.05,1.09,767.80,1.12,,,,,,,,,,,
championship_split2,ALGS Year 4 Championship,https://apexlegendsstatus.com/algs/Y4-Split2/ALGS-Championships/Global/Overview,Y4-Split2,ALGS-Championships,Global,Overview,,,https://apexlegendsstatus.com/algs/Y4-Split2/ALGS-Championships/Global/Overview,overview,102,other,Scores,33,,,,,,,,,,,,,,NRG Gild,,,,,,,,,33,11.11,26.35,22.48,0.73,884.92,1.30,,,,,,,,,,,
championship_split2,ALGS Year 4 Championship,https://apexlegendsstatus.com/algs/Y4-Split2/ALGS-Championships/Global/Overview,Y4-Split2,ALGS-Championships,Global,Overview,,,https://apexlegendsstatus.com/algs/Y4-Split2/ALGS-Championships/Global/Overview,overview,102,other,Scores,34,,,,,,,,,,,,,,FNC Lykq,,,,,,,,,34,10.30,1.03,6.80,1.02,790.60,1.09,,,,,,,,,,,
championship_split2,ALGS Year 4 Championship,https://apexlegendsstatus.com/algs/Y4-Split2/ALGS-Championships/Global/Overview,Y4-Split2,ALGS-Championships,Global,Overview,,,https://apexlegendsstatus.com/algs/Y4-Split2/ALGS-Championships/Global/Overview,overview,102,other,Scores,35,,,,,,,,,,,,,,AUR 9impulse,,,,,,,,,35,9.72,-2.81,4.15,1.14,850.20,0.84,,,,,,,,,,,
championship_split2,ALGS Year 4 Championship,https://apexlegendsstatus.com/algs/Y4-Split2/ALGS-Championships/Global/Overview,Y4-Split2,ALGS-Championships,Global,Overview,,,https://apexlegendsstatus.com/algs/Y4-Split2/ALGS-Championships/Global/Overview,overview,102,other,Scores,36,,,,,,,,,,,,,,CR Jusna,,,,,,,,,36,9.52,-21.41,-7.13,0.82,752.38,1.36,,,,,,,,,,,
championship_split2,ALGS Year 4 Championship,https://apexlegendsstatus.com/algs/Y4-Split2/ALGS-Championships/Global/Overview,Y4-Split2,ALGS-Championships,Global,Overview,,,https://apexlegendsstatus.com/algs/Y4-Split2/ALGS-Championships/Global/Overview,overview,102,other,Scores,37,,,,,,,,,,,,,,TB Prycyy,,,,,,,,,37,9.20,39.57,29.26,0.91,924.07,0.97,,,,,,,,,,,
championship_split2,ALGS Year 4 Championship,https://apexlegendsstatus.com/algs/Y4-Split2/ALGS-Championships/Global/Overview,Y4-Split2,ALGS-Championships,Global,Overview,,,https://apexlegendsstatus.com/algs/Y4-Split2/ALGS-Championships/Global/Overview,overview,102,other,Scores,38,,,,,,,,,,,,,,NOC mohziin,,,,,,,,,38,8.56,4.78,8.00,1.14,696.51,1.06,,,,,,,,,,,
championship_split2,ALGS Year 4 Championship,https://apexlegendsstatus.com/algs/Y4-Split2/ALGS-Championships/Global/Overview,Y4-Split2,ALGS-Championships,Global,Overview,,,https://apexlegendsstatus.com/algs/Y4-Split2/ALGS-Championships/Global/Overview,overview,102,other,Scores,39,,,,,,,,,,,,,,NOC Atinum,,,,,,,,,39,7.80,3.63,6.86,1.28,708.60,0.86,,,,,,,,,,,
championship_split2,ALGS Year 4 Championship,https://apexlegendsstatus.com/algs/Y4-Split2/ALGS-Championships/Global/Overview,Y4-Split2,ALGS-Championships,Global,Overview,,,https://apexlegendsstatus.com/algs/Y4-Split2/ALGS-Championships/Global/Overview,overview,102,other,Scores,40,,,,,,,,,,,,,,CR obly,,,,,,,,,40,7.45,-24.52,-10.24,0.91,727.71,1.24,,,,,,,,,,,
championship_split2,ALGS Year 4 Championship,https://apexlegendsstatus.com/algs/Y4-Split2/ALGS-Championships/Global/Overview,Y4-Split2,ALGS-Championships,Global,Overview,,,https://apexlegendsstatus.com/algs/Y4-Split2/ALGS-Championships/Global/Overview,overview,102,other,Scores,41,,,,,,,,,,,,,,E36 Aimbot,,,,,,,,,41,7.41,9.58,10.20,1.03,664.54,1.21,,,,,,,,,,,
championship_split2,ALGS Year 4 Championship,https://apexlegendsstatus.com/algs/Y4-Split2/ALGS-Championships/Global/Overview,Y4-Split2,ALGS-Championships,Global,Overview,,,https://apexlegendsstatus.com/algs/Y4-Split2/ALGS-Championships/Global/Overview,overview,102,other,Scores,42,,,,,,,,,,,,,,GS ASIAZXD,,,,,,,,,42,6.88,16.03,13.75,0.94,725.68,1.19,,,,,,,,,,,
championship_split2,ALGS Year 4 Championship,https://apexlegendsstatus.com/algs/Y4-Split2/ALGS-Championships/Global/Overview,Y4-Split2,ALGS-Championships,Global,Overview,,,https://apexlegendsstatus.com/algs/Y4-Split2/ALGS-Championships/Global/Overview,overview,102,other,Scores,43,,,,,,,,,,,,,,VKG Kaaasa,,,,,,,,,43,5.58,13.44,11.41,1.21,720.28,0.85,,,,,,,,,,,
championship_split2,ALGS Year 4 Championship,https://apexlegendsstatus.com/algs/Y4-Split2/ALGS-Championships/Global/Overview,Y4-Split2,ALGS-Championships,Global,Overview,,,https://apexlegendsstatus.com/algs/Y4-Split2/ALGS-Championships/Global/Overview,overview,102,other,Scores,44,,,,,,,,,,,,,,EXO KSWINNIIE,,,,,,,,,44,4.52,-6.87,-1.41,0.95,713.58,1.13,,,,,,,,,,,
championship_split2,ALGS Year 4 Championship,https://apexlegendsstatus.com/algs/Y4-Split2/ALGS-Championships/Global/Overview,Y4-Split2,ALGS-Championships,Global,Overview,,,https://apexlegendsstatus.com/algs/Y4-Split2/ALGS-Championships/Global/Overview,overview,102,other,Scores,45,,,,,,,,,,,,,,GHS 4rufa,,,,,,,,,45,4.29,33.84,22.88,1.09,759.06,0.89,,,,,,,,,,,
championship_split2,ALGS Year 4 Championship,https://apexlegendsstatus.com/algs/Y4-Split2/ALGS-Championships/Global/Overview,Y4-Split2,ALGS-Championships,Global,Overview,,,https://apexlegendsstatus.com/algs/Y4-Split2/ALGS-Championships/Global/Overview,overview,102,other,Scores,46,,,,,,,,,,,,,,GG lighT,,,,,,,,,46,4.24,7.41,6.99,0.74,950.34,0.97,,,,,,,,,,,
championship_split2,ALGS Year 4 Championship,https://apexlegendsstatus.com/algs/Y4-Split2/ALGS-Championships/Global/Overview,Y4-Split2,ALGS-Championships,Global,Overview,,,https://apexlegendsstatus.com/algs/Y4-Split2/ALGS-Championships/Global/Overview,overview,102,other,Scores,47,,,,,,,,,,,,,,E36 ILY,,,,,,,,,47,4.18,4.73,5.35,1.20,602.09,1.02,,,,,,,,,,,
championship_split2,ALGS Year 4 Championship,https://apexlegendsstatus.com/algs/Y4-Split2/ALGS-Championships/Global/Overview,Y4-Split2,ALGS-Championships,Global,Overview,,,https://apexlegendsstatus.com/algs/Y4-Split2/ALGS-Championships/Global/Overview,overview,102,other,Scores,48,,,,,,,,,,,,,,GLD Jeskoesk,,,,,,,,,48,3.63,-51.91,-28.97,0.69,859.31,1.17,,,,,,,,,,,
championship_split2,ALGS Year 4 Championship,https://apexlegendsstatus.com/algs/Y4-Split2/ALGS-Championships/Global/Overview,Y4-Split2,ALGS-Championships,Global,Overview,,,https://apexlegendsstatus.com/algs/Y4-Split2/ALGS-Championships/Global/Overview,overview,102,other,Scores,49,,,,,,,,,,,,,,DSG StrafingFlame,,,,,,,,,49,3.57,21.59,15.10,1.00,781.91,0.93,,,,,,,,,,,
championship_split2,ALGS Year 4 Championship,https://apexlegendsstatus.com/algs/Y4-Split2/ALGS-Championships/Global/Overview,Y4-Split2,ALGS-Championships,Global,Overview,,,https://apexlegendsstatus.com/algs/Y4-Split2/ALGS-Championships/Global/Overview,overview,102,other,Scores,50,,,,,,,,,,,,,,LG Fuhhnq,,,,,,,,,50,2.64,-8.17,-3.32,1.00,682.21,1.07,,,,,,,,,,,
championship_split2,ALGS Year 4 Championship,https://apexlegendsstatus.com/algs/Y4-Split2/ALGS-Championships/Global/Overview,Y4-Split2,ALGS-Championships,Global,Overview,,,https://apexlegendsstatus.com/algs/Y4-Split2/ALGS-Championships/Global/Overview,overview,102,other,Scores,51,,,,,,,,,,,,,,FUR Vaxlon,,,,,,,,,51,1.22,-6.70,-3.29,1.20,620.74,0.90,,,,,,,,,,,
championship_split2,ALGS Year 4 Championship,https://apexlegendsstatus.com/algs/Y4-Split2/ALGS-Championships/Global/Overview,Y4-Split2,ALGS-Championships,Global,Overview,,,https://apexlegendsstatus.com/algs/Y4-Split2/ALGS-Championships/Global/Overview,overview,102,other,Scores,52,,,,,,,,,,,,,,TSM zap,,,,,,,,,52,0.76,-28.59,-16.70,0.89,802.57,0.94,,,,,,,,,,,
championship_split2,ALGS Year 4 Championship,https://apexlegendsstatus.com/algs/Y4-Split2/ALGS-Championships/Global/Overview,Y4-Split2,ALGS-Championships,Global,Overview,,,https://apexlegendsstatus.com/algs/Y4-Split2/ALGS-Championships/Global/Overview,overview,102,other,Scores,53,,,,,,,,,,,,,,VKG QQ,,,,,,,,,53,0.46,5.75,3.73,1.02,746.95,0.87,,,,,,,,,,,
championship_split2,ALGS Year 4 Championship,https://apexlegendsstatus.com/algs/Y4-Split2/ALGS-Championships/Global/Overview,Y4-Split2,ALGS-Championships,Global,Overview,,,https://apexlegendsstatus.com/algs/Y4-Split2/ALGS-Championships/Global/Overview,overview,102,other,Scores,54,,,,,,,,,,,,,,FUR Keon,,,,,,,,,54,-0.09,-8.66,-5.25,1.11,647.51,0.91,,,,,,,,,,,
championship_split2,ALGS Year 4 Championship,https://apexlegendsstatus.com/algs/Y4-Split2/ALGS-Championships/Global/Overview,Y4-Split2,ALGS-Championships,Global,Overview,,,https://apexlegendsstatus.com/algs/Y4-Split2/ALGS-Championships/Global/Overview,overview,102,other,Scores,55,,,,,,,,,,,,,,NOC RemixPowers,,,,,,,,,55,-0.23,-8.41,-5.18,1.19,632.60,0.85,,,,,,,,,,,
championship_split2,ALGS Year 4 Championship,https://apexlegendsstatus.com/algs/Y4-Split2/ALGS-Championships/Global/Overview,Y4-Split2,ALGS-Championships,Global,Overview,,,https://apexlegendsstatus.com/algs/Y4-Split2/ALGS-Championships/Global/Overview,overview,102,other,Scores,56,,,,,,,,,,,,,,NIN Gnaske,,,,,,,,,56,-0.27,0.93,0.40,0.85,855.23,0.87,,,,,,,,,,,
championship_split2,ALGS Year 4 Championship,https://apexlegendsstatus.com/algs/Y4-Split2/ALGS-Championships/Global/Overview,Y4-Split2,ALGS-Championships,Global,Overview,,,https://apexlegendsstatus.com/algs/Y4-Split2/ALGS-Championships/Global/Overview,overview,102,other,Scores,57,,,,,,,,,,,,,,TSM Reps,,,,,,,,,57,-0.88,-31.05,-19.16,0.71,780.66,1.13,,,,,,,,,,,
championship_split2,ALGS Year 4 Championship,https://apexlegendsstatus.com/algs/Y4-Split2/ALGS-Championships/Global/Overview,Y4-Split2,ALGS-Championships,Global,Overview,,,https://apexlegendsstatus.com/algs/Y4-Split2/ALGS-Championships/Global/Overview,overview,102,other,Scores,58,,,,,,,,,,,,,,VP Slayr,,,,,,,,,58,-0.95,-11.41,-7.42,1.09,689.81,0.84,,,,,,,,,,,
championship_split2,ALGS Year 4 Championship,https://apexlegendsstatus.com/algs/Y4-Split2/ALGS-Championships/Global/Overview,Y4-Split2,ALGS-Championships,Global,Overview,,,https://apexlegendsstatus.com/algs/Y4-Split2/ALGS-Championships/Global/Overview,overview,102,other,Scores,59,,,,,,,,,,,,,,EXO Slayers,,,,,,,,,59,-1.01,-15.16,-9.71,0.84,702.28,1.11,,,,,,,,,,,
championship_split2,ALGS Year 4 Championship,https://apexlegendsstatus.com/algs/Y4-Split2/ALGS-Championships/Global/Overview,Y4-Split2,ALGS-Championships,Global,Overview,,,https://apexlegendsstatus.com/algs/Y4-Split2/ALGS-Championships/Global/Overview,overview,102,other,Scores,60,,,,,,,,,,,,,,100T iiTzTimmy,,,,,,,,,60,-1.15,-10.62,-7.06,0.97,690.03,0.98,,,,,,,,,,,
championship_split2,ALGS Year 4 Championship,https://apexlegendsstatus.com/algs/Y4-Split2/ALGS-Championships/Global/Overview,Y4-Split2,ALGS-Championships,Global,Overview,,,https://apexlegendsstatus.com/algs/Y4-Split2/ALGS-Championships/Global/Overview,overview,102,other,Scores,61,,,,,,,,,,,,,,TLAW NeazuI,,,,,,,,,61,-1.95,-6.12,-4.84,1.03,699.57,0.87,,,,,,,,,,,
championship_split2,ALGS Year 4 Championship,https://apexlegendsstatus.com/algs/Y4-Split2/ALGS-Championships/Global/Overview,Y4-Split2,ALGS-Championships,Global,Overview,,,https://apexlegendsstatus.com/algs/Y4-Split2/ALGS-Championships/Global/Overview,overview,102,other,Scores,62,,,,,,,,,,,,,,FNC Meltstera,,,,,,,,,62,-2.02,-17.44,-11.68,1.02,628.47,0.99,,,,,,,,,,,
championship_split2,ALGS Year 4 Championship,https://apexlegendsstatus.com/algs/Y4-Split2/ALGS-Championships/Global/Overview,Y4-Split2,ALGS-Championships,Global,Overview,,,https://apexlegendsstatus.com/algs/Y4-Split2/ALGS-Championships/Global/Overview,overview,102,other,Scores,63,,,,,,,,,,,,,,LG Sikezz,,,,,,,,,63,-2.95,-16.55,-11.70,0.67,728.98,1.20,,,,,,,,,,,
championship_split2,ALGS Year 4 Championship,https://apexlegendsstatus.com/algs/Y4-Split2/ALGS-Championships/Global/Overview,Y4-Split2,ALGS-Championships,Global,Overview,,,https://apexlegendsstatus.com/algs/Y4-Split2/ALGS-Championships/Global/Overview,overview,102,other,Scores,64,,,,,,,,,,,,,,OBVN Reedz,,,,,,,,,64,-3.78,11.36,4.55,1.19,517.27,0.93,,,,,,,,,,,
championship_split2,ALGS Year 4 Championship,https://apexlegendsstatus.com/algs/Y4-Split2/ALGS-Championships/Global/Overview,Y4-Split2,ALGS-Championships,Global,Overview,,,https://apexlegendsstatus.com/algs/Y4-Split2/ALGS-Championships/Global/Overview,overview,102,other,Scores,65,,,,,,,,,,,,,,DF iHateTheWorld,,,,,,,,,65,-3.88,26.59,13.63,0.46,782.54,1.33,,,,,,,,,,,
championship_split2,ALGS Year 4 Championship,https://apexlegendsstatus.com/algs/Y4-Split2/ALGS-Championships/Global/Overview,Y4-Split2,ALGS-Championships,Global,Overview,,,https://apexlegendsstatus.com/algs/Y4-Split2/ALGS-Championships/Global/Overview,overview,102,other,Scores,66,,,,,,,,,,,,,,ENVY lYanYal,,,,,,,,,66,-4.06,12.96,5.34,1.02,653.98,0.89,,,,,,,,,,,
championship_split2,ALGS Year 4 Championship,https://apexlegendsstatus.com/algs/Y4-Split2/ALGS-Championships/Global/Overview,Y4-Split2,ALGS-Championships,Global,Overview,,,https://apexlegendsstatus.com/algs/Y4-Split2/ALGS-Championships/Global/Overview,overview,102,other,Scores,67,,,,,,,,,,,,,,AUR kazakh,,,,,,,,,67,-5.30,-25.34,-18.39,0.86,750.20,0.88,,,,,,,,,,,
championship_split2,ALGS Year 4 Championship,https://apexlegendsstatus.com/algs/Y4-Split2/ALGS-Championships/Global/Overview,Y4-Split2,ALGS-Championships,Global,Overview,,,https://apexlegendsstatus.com/algs/Y4-Split2/ALGS-Championships/Global/Overview,overview,102,other,Scores,68,,,,,,,,,,,,,,SR Emtee,,,,,,,,,68,-5.33,-73.83,-47.49,0.66,798.06,1.04,,,,,,,,,,,
championship_split2,ALGS Year 4 Championship,https://apexlegendsstatus.com/algs/Y4-Split2/ALGS-Championships/Global/Overview,Y4-Split2,ALGS-Championships,Global,Overview,,,https://apexlegendsstatus.com/algs/Y4-Split2/ALGS-Championships/Global/Overview,overview,102,other,Scores,69,,,,,,,,,,,,,,Z10 Kyner,,,,,,,,,69,-5.37,9.80,2.66,0.74,755.32,1.01,,,,,,,,,,,
championship_split2,ALGS Year 4 Championship,https://apexlegendsstatus.com/algs/Y4-Split2/ALGS-Championships/Global/Overview,Y4-Split2,ALGS-Championships,Global,Overview,,,https://apexlegendsstatus.com/algs/Y4-Split2/ALGS-Championships/Global/Overview,overview,102,other,Scores,70,,,,,,,,,,,,,,OAH iHenchman,,,,,,,,,70,-7.22,-4.58,-7.08,1.03,674.24,0.75,,,,,,,,,,,
championship_split2,ALGS Year 4 Championship,https://apexlegendsstatus.com/algs/Y4-Split2/ALGS-Championships/Global/Overview,Y4-Split2,ALGS-Championships,Global,Overview,,,https://apexlegendsstatus.com/algs/Y4-Split2/ALGS-Championships/Global/Overview,overview,102,other,Scores,71,,,,,,,,,,,,,,100T Dezignful,,,,,,,,,71,-7.29,-19.83,-16.28,0.76,710.41,1.00,,,,,,,,,,,
championship_split2,ALGS Year 4 Championship,https://apexlegendsstatus.com/algs/Y4-Split2/ALGS-Championships/Global/Overview,Y4-Split2,ALGS-Championships,Global,Overview,,,https://apexlegendsstatus.com/algs/Y4-Split2/ALGS-Championships/Global/Overview,overview,102,other,Scores,72,,,,,,,,,,,,,,GS Z1CKKY,,,,,,,,,72,-7.71,-5.85,-8.13,0.91,604.50,0.99,,,,,,,,,,,
championship_split2,ALGS Year 4 Championship,https://apexlegendsstatus.com/algs/Y4-Split2/ALGS-Championships/Global/Overview,Y4-Split2,ALGS-Championships,Global,Overview,,,https://apexlegendsstatus.com/algs/Y4-Split2/ALGS-Championships/Global/Overview,overview,102,other,Scores,73,,,,,,,,,,,,,,COL KIMCHI,,,,,,,,,73,-8.41,-42.68,-30.66,0.30,808.21,1.34,,,,,,,,,,,
championship_split2,ALGS Year 4 Championship,https://apexlegendsstatus.com/algs/Y4-Split2/ALGS-Championships/Global/Overview,Y4-Split2,ALGS-Championships,Global,Overview,,,https://apexlegendsstatus.com/algs/Y4-Split2/ALGS-Championships/Global/Overview,overview,102,other,Scores,74,,,,,,,,,,,,,,E36 Cinap,,,,,,,,,74,-8.52,-14.32,-13.70,0.94,585.14,0.96,,,,,,,,,,,
championship_split2,ALGS Year 4 Championship,https://apexlegendsstatus.com/algs/Y4-Split2/ALGS-Championships/Global/Overview,Y4-Split2,ALGS-Championships,Global,Overview,,,https://apexlegendsstatus.com/algs/Y4-Split2/ALGS-Championships/Global/Overview,overview,102,other,Scores,75,,,,,,,,,,,,,,Z10 B4mbino,,,,,,,,,75,-9.00,4.36,-2.78,0.85,629.38,0.98,,,,,,,,,,,
championship_split2,ALGS Year 4 Championship,https://apexlegendsstatus.com/algs/Y4-Split2/ALGS-Championships/Global/Overview,Y4-Split2,ALGS-Championships,Global,Overview,,,https://apexlegendsstatus.com/algs/Y4-Split2/ALGS-Championships/Global/Overview,overview,102,other,Scores,76,,,,,,,,,,,,,,DRGN PANIC,,,,,,,,,76,-9.21,16.33,4.27,0.68,699.56,1.06,,,,,,,,,,,
championship_split2,ALGS Year 4 Championship,https://apexlegendsstatus.com/algs/Y4-Split2/ALGS-Championships/Global/Overview,Y4-Split2,ALGS-Championships,Global,Overview,,,https://apexlegendsstatus.com/algs/Y4-Split2/ALGS-Championships/Global/Overview,overview,102,other,Scores,77,,,,,,,,,,,,,,TLAW jaguaresl,,,,,,,,,77,-9.33,-17.20,-15.92,0.83,724.29,0.84,,,,,,,,,,,
championship_split2,ALGS Year 4 Championship,https://apexlegendsstatus.com/algs/Y4-Split2/ALGS-Championships/Global/Overview,Y4-Split2,ALGS-Championships,Global,Overview,,,https://apexlegendsstatus.com/algs/Y4-Split2/ALGS-Championships/Global/Overview,overview,102,other,Scores,78,,,,,,,,,,,,,,NRG Nocturnal,,,,,,,,,78,-9.68,-4.85,-8.72,0.88,738.15,0.74,,,,,,,,,,,
championship_split2,ALGS Year 4 Championship,https://apexlegendsstatus.com/algs/Y4-Split2/ALGS-Championships/Global/Overview,Y4-Split2,ALGS-Championships,Global,Overview,,,https://apexlegendsstatus.com/algs/Y4-Split2/ALGS-Championships/Global/Overview,overview,102,other,Scores,79,,,,,,,,,,,,,,SDW Tpx_ZhouS,,,,,,,,,79,-9.83,25.64,9.49,0.85,561.58,1.07,,,,,,,,,,,
championship_split2,ALGS Year 4 Championship,https://apexlegendsstatus.com/algs/Y4-Split2/ALGS-Championships/Global/Overview,Y4-Split2,ALGS-Championships,Global,Overview,,,https://apexlegendsstatus.com/algs/Y4-Split2/ALGS-Championships/Global/Overview,overview,102,other,Scores,80,,,,,,,,,,,,,,GS DEXTER,,,,,,,,,80,-10.60,-10.18,-12.47,0.71,636.38,1.09,,,,,,,,,,,
championship_split2,ALGS Year 4 Championship,https://apexlegendsstatus.com/algs/Y4-Split2/ALGS-Championships/Global/Overview,Y4-Split2,ALGS-Championships,Global,Overview,,,https://apexlegendsstatus.com/algs/Y4-Split2/ALGS-Championships/Global/Overview,overview,102,other,Scores,81,,,,,,,,,,,,,,VP Zachmazer,,,,,,,,,81,-11.75,-27.61,-23.62,0.95,650.67,0.74,,,,,,,,,,,
championship_split2,ALGS Year 4 Championship,https://apexlegendsstatus.com/algs/Y4-Split2/ALGS-Championships/Global/Overview,Y4-Split2,ALGS-Championships,Global,Overview,,,https://apexlegendsstatus.com/algs/Y4-Split2/ALGS-Championships/Global/Overview,overview,102,other,Scores,82,,,,,,,,,,,,,,XNY Yuchen,,,,,,,,,82,-12.02,-13.38,-15.24,0.69,715.19,0.93,,,,,,,,,,,
championship_split2,ALGS Year 4 Championship,https://apexlegendsstatus.com/algs/Y4-Split2/ALGS-Championships/Global/Overview,Y4-Split2,ALGS-Championships,Global,Overview,,,https://apexlegendsstatus.com/algs/Y4-Split2/ALGS-Championships/Global/Overview,overview,102,other,Scores,83,,,,,,,,,,,,,,FAZE Jmw,,,,,,,,,83,-12.30,2.06,-6.15,0.59,661.03,1.13,,,,,,,,,,,
championship_split2,ALGS Year 4 Championship,https://apexlegendsstatus.com/algs/Y4-Split2/ALGS-Championships/Global/Overview,Y4-Split2,ALGS-Championships,Global,Overview,,,https://apexlegendsstatus.com/algs/Y4-Split2/ALGS-Championships/Global/Overview,overview,102,other,Scores,84,,,,,,,,,,,,,,XNY xd,,,,,,,,,84,-12.33,-13.83,-15.69,0.77,694.85,0.87,,,,,,,,,,,
championship_split2,ALGS Year 4 Championship,https://apexlegendsstatus.com/algs/Y4-Split2/ALGS-Championships/Global/Overview,Y4-Split2,ALGS-Championships,Global,Overview,,,https://apexlegendsstatus.com/algs/Y4-Split2/ALGS-Championships/Global/Overview,overview,102,other,Scores,85,,,,,,,,,,,,,,FAZE Naghz,,,,,,,,,85,-12.72,1.43,-6.77,0.68,648.06,1.04,,,,,,,,,,,
championship_split2,ALGS Year 4 Championship,https://apexlegendsstatus.com/algs/Y4-Split2/ALGS-Championships/Global/Overview,Y4-Split2,ALGS-Championships,Global,Overview,,,https://apexlegendsstatus.com/algs/Y4-Split2/ALGS-Championships/Global/Overview,overview,102,other,Scores,86,,,,,,,,,,,,,,ENVY knoqd,,,,,,,,,86,-13.19,-0.73,-8.35,0.84,592.60,0.93,,,,,,,,,,,
championship_split2,ALGS Year 4 Championship,https://apexlegendsstatus.com/algs/Y4-Split2/ALGS-Championships/Global/Overview,Y4-Split2,ALGS-Championships,Global,Overview,,,https://apexlegendsstatus.com/algs/Y4-Split2/ALGS-Championships/Global/Overview,overview,102,other,Scores,87,,,,,,,,,,,,,,OBVN Blinkzr,,,,,,,,,87,-13.46,-3.16,-9.97,0.81,675.73,0.82,,,,,,,,,,,
championship_split2,ALGS Year 4 Championship,https://apexlegendsstatus.com/algs/Y4-Split2/ALGS-Championships/Global/Overview,Y4-Split2,ALGS-Championships,Global,Overview,,,https://apexlegendsstatus.com/algs/Y4-Split2/ALGS-Championships/Global/Overview,overview,102,other,Scores,88,,,,,,,,,,,,,,STAL Crook,,,,,,,,,88,-13.72,-21.31,-21.02,0.69,742.04,0.84,,,,,,,,,,,
championship_split2,ALGS Year 4 Championship,https://apexlegendsstatus.com/algs/Y4-Split2/ALGS-Championships/Global/Overview,Y4-Split2,ALGS-Championships,Global,Overview,,,https://apexlegendsstatus.com/algs/Y4-Split2/ALGS-Championships/Global/Overview,overview,102,other,Scores,89,,,,,,,,,,,,,,TB Sharky,,,,,,,,,89,-14.09,4.63,-5.68,0.70,615.63,1.03,,,,,,,,,,,
championship_split2,ALGS Year 4 Championship,https://apexlegendsstatus.com/algs/Y4-Split2/ALGS-Championships/Global/Overview,Y4-Split2,ALGS-Championships,Global,Overview,,,https://apexlegendsstatus.com/algs/Y4-Split2/ALGS-Championships/Global/Overview,overview,102,other,Scores,90,,,,,,,,,,,,,,STAL scuwry,,,,,,,,,90,-14.15,-21.95,-21.66,0.50,694.46,1.13,,,,,,,,,,,
championship_split2,ALGS Year 4 Championship,https://apexlegendsstatus.com/algs/Y4-Split2/ALGS-Championships/Global/Overview,Y4-Split2,ALGS-Championships,Global,Overview,,,https://apexlegendsstatus.com/algs/Y4-Split2/ALGS-Championships/Global/Overview,overview,102,other,Scores,91,,,,,,,,,,,,,,FAZE Sinetic,,,,,,,,,91,-16.00,-3.48,-11.69,0.44,817.41,0.93,,,,,,,,,,,
championship_split2,ALGS Year 4 Championship,https://apexlegendsstatus.com/algs/Y4-Split2/ALGS-Championships/Global/Overview,Y4-Split2,ALGS-Championships,Global,Overview,,,https://apexlegendsstatus.com/algs/Y4-Split2/ALGS-Championships/Global/Overview,overview,102,other,Scores,92,,,,,,,,,,,,,,VKG LqDuD,,,,,,,,,92,-16.18,-19.19,-21.22,0.74,646.14,0.86,,,,,,,,,,,
championship_split2,ALGS Year 4 Championship,https://apexlegendsstatus.com/algs/Y4-Split2/ALGS-Championships/Global/Overview,Y4-Split2,ALGS-Championships,Global,Overview,,,https://apexlegendsstatus.com/algs/Y4-Split2/ALGS-Championships/Global/Overview,overview,102,other,Scores,93,,,,,,,,,,,,,,OBVN Nano,,,,,,,,,93,-16.81,-8.19,-15.00,0.96,492.54,0.84,,,,,,,,,,,
championship_split2,ALGS Year 4 Championship,https://apexlegendsstatus.com/algs/Y4-Split2/ALGS-Championships/Global/Overview,Y4-Split2,ALGS-Championships,Global,Overview,,,https://apexlegendsstatus.com/algs/Y4-Split2/ALGS-Championships/Global/Overview,overview,102,other,Scores,94,,,,,,,,,,,,,,DSG PlayerKay,,,,,,,,,94,-17.82,-10.50,-16.99,0.85,540.65,0.86,,,,,,,,,,,
championship_split2,ALGS Year 4 Championship,https://apexlegendsstatus.com/algs/Y4-Split2/ALGS-Championships/Global/Overview,Y4-Split2,ALGS-Championships,Global,Overview,,,https://apexlegendsstatus.com/algs/Y4-Split2/ALGS-Championships/Global/Overview,overview,102,other,Scores,95,,,,,,,,,,,,,,DSG arctic,,,,,,,,,95,-18.22,-11.10,-17.59,0.65,658.79,0.89,,,,,,,,,,,
championship_split2,ALGS Year 4 Championship,https://apexlegendsstatus.com/algs/Y4-Split2/ALGS-Championships/Global/Overview,Y4-Split2,ALGS-Championships,Global,Overview,,,https://apexlegendsstatus.com/algs/Y4-Split2/ALGS-Championships/Global/Overview,overview,102,other,Scores,96,,,,,,,,,,,,,,GHS Taida,,,,,,,,,96,-18.31,-0.06,-11.02,0.71,550.32,1.00,,,,,,,,,,,
championship_split2,ALGS Year 4 Championship,https://apexlegendsstatus.com/algs/Y4-Split2/ALGS-Championships/Global/Overview,Y4-Split2,ALGS-Championships,Global,Overview,,,https://apexlegendsstatus.com/algs/Y4-Split2/ALGS-Championships/Global/Overview,overview,102,other,Scores,97,,,,,,,,,,,,,,GG Lufka,,,,,,,,,97,-18.62,-26.88,-27.30,0.66,598.91,0.97,,,,,,,,,,,
championship_split2,ALGS Year 4 Championship,https://apexlegendsstatus.com/algs/Y4-Split2/ALGS-Championships/Global/Overview,Y4-Split2,ALGS-Championships,Global,Overview,,,https://apexlegendsstatus.com/algs/Y4-Split2/ALGS-Championships/Global/Overview,overview,102,other,Scores,98,,,,,,,,,,,,,,C9 Naughty,,,,,,,,,98,-18.82,-39.05,-34.72,0.71,578.74,0.94,,,,,,,,,,,
championship_split2,ALGS Year 4 Championship,https://apexlegendsstatus.com/algs/Y4-Split2/ALGS-Championships/Global/Overview,Y4-Split2,ALGS-Championships,Global,Overview,,,https://apexlegendsstatus.com/algs/Y4-Split2/ALGS-Championships/Global/Overview,overview,102,other,Scores,99,,,,,,,,,,,,,,DF 3Mz,,,,,,,,,99,-20.02,2.38,-10.58,1.04,489.77,0.66,,,,,,,,,,,
championship_split2,ALGS Year 4 Championship,https://apexlegendsstatus.com/algs/Y4-Split2/ALGS-Championships/Global/Overview,Y4-Split2,ALGS-Championships,Global,Overview,,,https://apexlegendsstatus.com/algs/Y4-Split2/ALGS-Championships/Global/Overview,overview,102,other,Scores,100,,,,,,,,,,,,,,NRG FunFPS,,,,,,,,,100,-20.79,-21.51,-25.38,0.58,613.54,0.97,,,,,,,,,,,
championship_split2,ALGS Year 4 Championship,https://apexlegendsstatus.com/algs/Y4-Split2/ALGS-Championships/Global/Overview,Y4-Split2,ALGS-Championships,Global,Overview,,,https://apexlegendsstatus.com/algs/Y4-Split2/ALGS-Championships/Global/Overview,overview,102,other,Scores,101,,,,,,,,,,,,,,ENVY Dropped,,,,,,,,,101,-20.85,-12.23,-19.85,0.79,623.26,0.70,,,,,,,,,,,
championship_split2,ALGS Year 4 Championship,https://apexlegendsstatus.com/algs/Y4-Split2/ALGS-Championships/Global/Overview,Y4-Split2,ALGS-Championships,Global,Overview,,,https://apexlegendsstatus.com/algs/Y4-Split2/ALGS-Championships/Global/Overview,overview,102,other,Scores,102,,,,,,,,,,,,,,DRGN Azazel,,,,,,,,,102,-21.29,-1.79,-13.85,0.68,555.21,0.94,,,,,,,,,,,
championship_split2,ALGS Year 4 Championship,https://apexlegendsstatus.com/algs/Y4-Split2/ALGS-Championships/Global/Overview,Y4-Split2,ALGS-Championships,Global,Overview,,,https://apexlegendsstatus.com/algs/Y4-Split2/ALGS-Championships/Global/Overview,overview,102,other,Scores,103,,,,,,,,,,,,,,Z10 Shex,,,,,,,,,103,-21.35,-14.16,-21.31,0.74,583.32,0.82,,,,,,,,,,,
championship_split2,ALGS Year 4 Championship,https://apexlegendsstatus.com/algs/Y4-Split2/ALGS-Championships/Global/Overview,Y4-Split2,ALGS-Championships,Global,Overview,,,https://apexlegendsstatus.com/algs/Y4-Split2/ALGS-Championships/Global/Overview,overview,102,other,Scores,104,,,,,,,,,,,,,,OAH MaTaFe,,,,,,,,,104,-22.89,-28.09,-30.59,0.88,512.47,0.72,,,,,,,,,,,
championship_split2,ALGS Year 4 Championship,https://apexlegendsstatus.com/algs/Y4-Split2/ALGS-Championships/Global/Overview,Y4-Split2,ALGS-Championships,Global,Overview,,,https://apexlegendsstatus.com/algs/Y4-Split2/ALGS-Championships/Global/Overview,overview,102,other,Scores,105,,,,,,,,,,,,,,SDW Jacky1,,,,,,,,,105,-29.60,-4.01,-20.17,0.58,534.08,0.84,,,,,,,,,,,
championship_split2,ALGS Year 4 Championship,https://apexlegendsstatus.com/algs/Y4-Split2/ALGS-Championships/Global/Overview,Y4-Split2,ALGS-Championships,Global,Overview,,,https://apexlegendsstatus.com/algs/Y4-Split2/ALGS-Championships/Global/Overview,overview,102,other,Scores,106,,,,,,,,,,,,,,DRGN brtus_o,,,,,,,,,106,-29.80,-14.54,-26.60,0.47,547.24,0.93,,,,,,,,,,,
championship_split2,ALGS Year 4 Championship,https://apexlegendsstatus.com/algs/Y4-Split2/ALGS-Championships/Global/Overview,Y4-Split2,ALGS-Championships,Global,Overview,,,https://apexlegendsstatus.com/algs/Y4-Split2/ALGS-Championships/Global/Overview,overview,102,other,Scores,107,,,,,,,,,,,,,,RIG ShunMi,,,,,,,,,107,-30.51,5.92,-14.76,0.58,535.65,0.81,,,,,,,,,,,
championship_split2,ALGS Year 4 Championship,https://apexlegendsstatus.com/algs/Y4-Split2/ALGS-Championships/Global/Overview,Y4-Split2,ALGS-Championships,Global,Overview,,,https://apexlegendsstatus.com/algs/Y4-Split2/ALGS-Championships/Global/Overview,overview,102,other,Scores,108,,,,,,,,,,,,,,MTR Lible_Ace,,,,,,,,,108,-30.85,11.58,-11.57,0.46,532.81,0.94,,,,,,,,,,,
championship_split2,ALGS Year 4 Championship,https://apexlegendsstatus.com/algs/Y4-Split2/ALGS-Championships/Global/Overview,Y4-Split2,ALGS-Championships,Global,Overview,,,https://apexlegendsstatus.com/algs/Y4-Split2/ALGS-Championships/Global/Overview,overview,102,other,Scores,109,,,,,,,,,,,,,,NIN Amphy,,,,,,,,,109,-33.99,-49.64,-50.18,0.42,556.81,0.85,,,,,,,,,,,
championship_split2,ALGS Year 4 Championship,https://apexlegendsstatus.com/algs/Y4-Split2/ALGS-Championships/Global/Overview,Y4-Split2,ALGS-Championships,Global,Overview,,,https://apexlegendsstatus.com/algs/Y4-Split2/ALGS-Championships/Global/Overview,overview,102,other,Scores,110,,,,,,,,,,,,,,RIG SudetakiN,,,,,,,,,110,-35.23,-1.17,-21.84,0.38,532.38,0.90,,,,,,,,,,,
championship_split2,ALGS Year 4 Championship,https://apexlegendsstatus.com/algs/Y4-Split2/ALGS-Championships/Global/Overview,Y4-Split2,ALGS-Championships,Global,Overview,,,https://apexlegendsstatus.com/algs/Y4-Split2/ALGS-Championships/Global/Overview,overview,102,other,Scores,111,,,,,,,,,,,,,,SN XoyoBda,,,,,,,,,111,-37.08,12.81,-14.57,0.62,415.23,0.77,,,,,,,,,,,
championship_split2,ALGS Year 4 Championship,https://apexlegendsstatus.com/algs/Y4-Split2/ALGS-Championships/Global/Overview,Y4-Split2,ALGS-Championships,Global,Overview,,,https://apexlegendsstatus.com/algs/Y4-Split2/ALGS-Championships/Global/Overview,overview,102,other,Scores,112,,,,,,,,,,,,,,RIG Ftyan,,,,,,,,,112,-37.62,-4.75,-25.42,0.58,492.38,0.67,,,,,,,,,,,
championship_split2,ALGS Year 4 Championship,https://apexlegendsstatus.com/algs/Y4-Split2/ALGS-Championships/Global/Overview,Y4-Split2,ALGS-Championships,Global,Overview,,,https://apexlegendsstatus.com/algs/Y4-Split2/ALGS-Championships/Global/Overview,overview,102,other,Scores,113,,,,,,,,,,,,,,GHS 1tappy,,,,,,,,,113,-40.78,-33.77,-44.74,0.53,442.03,0.71,,,,,,,,,,,
championship_split2,ALGS Year 4 Championship,https://apexlegendsstatus.com/algs/Y4-Split2/ALGS-Championships/Global/Overview,Y4-Split2,ALGS-Championships,Global,Overview,,,https://apexlegendsstatus.com/algs/Y4-Split2/ALGS-Championships/Global/Overview,overview,102,other,Scores,114,,,,,,,,,,,,,,MTR Kuroton,,,,,,,,,114,-40.79,-3.33,-26.47,0.50,436.12,0.75,,,,,,,,,,,
championship_split2,ALGS Year 4 Championship,https://apexlegendsstatus.com/algs/Y4-Split2/ALGS-Championships/Global/Overview,Y4-Split2,ALGS-Championships,Global,Overview,,,https://apexlegendsstatus.com/algs/Y4-Split2/ALGS-Championships/Global/Overview,overview,102,other,Scores,115,,,,,,,,,,,,,,DF Pite,,,,,,,,,115,-40.93,-28.97,-41.94,0.54,413.88,0.74,,,,,,,,,,,
championship_split2,ALGS Year 4 Championship,https://apexlegendsstatus.com/algs/Y4-Split2/ALGS-Championships/Global/Overview,Y4-Split2,ALGS-Championships,Global,Overview,,,https://apexlegendsstatus.com/algs/Y4-Split2/ALGS-Championships/Global/Overview,overview,102,other,Scores,116,,,,,,,,,,,,,,SDW Zhouzhou,,,,,,,,,116,-41.35,-21.63,-37.79,0.50,439.27,0.73,,,,,,,,,,,
championship_split2,ALGS Year 4 Championship,https://apexlegendsstatus.com/algs/Y4-Split2/ALGS-Championships/Global/Overview,Y4-Split2,ALGS-Championships,Global,Overview,,,https://apexlegendsstatus.com/algs/Y4-Split2/ALGS-Championships/Global/Overview,overview,102,other,Scores,117,,,,,,,,,,,,,,MTR Vor_983kuma,,,,,,,,,117,-44.07,-8.25,-31.39,0.54,424.73,0.63,,,,,,,,,,,
championship_split2,ALGS Year 4 Championship,https://apexlegendsstatus.com/algs/Y4-Split2/ALGS-Championships/Global/Overview,Y4-Split2,ALGS-Championships,Global,Overview,,,https://apexlegendsstatus.com/algs/Y4-Split2/ALGS-Championships/Global/Overview,overview,102,other,Scores,118,,,,,,,,,,,,,,TB Wey,,,,,,,,,118,-46.64,-44.20,-54.50,0.37,444.51,0.71,,,,,,,,,,,
championship_split2,ALGS Year 4 Championship,https://apexlegendsstatus.com/algs/Y4-Split2/ALGS-Championships/Global/Overview,Y4-Split2,ALGS-Championships,Global,Overview,,,https://apexlegendsstatus.com/algs/Y4-Split2/ALGS-Championships/Global/Overview,overview,102,other,Scores,119,,,,,,,,,,,,,,SN xKenN,,,,,,,,,119,-46.90,-1.92,-29.29,0.50,346.92,0.72,,,,,,,,,,,
championship_split2,ALGS Year 4 Championship,https://apexlegendsstatus.com/algs/Y4-Split2/ALGS-Championships/Global/Overview,Y4-Split2,ALGS-Championships,Global,Overview,,,https://apexlegendsstatus.com/algs/Y4-Split2/ALGS-Championships/Global/Overview,overview,102,other,Scores,120,,,,,,,,,,,,,,SN Walking L,,,,,,,,,120,-52.88,-10.89,-38.26,0.35,331.81,0.74,,,,,,,,,,,
championship_split2,ALGS Year 4 Championship,https://apexlegendsstatus.com/algs/Y4-Split2/ALGS-Championships/Global/Overview,Y4-Split2,ALGS-Championships,Global,Overview,,,https://apexlegendsstatus.com/algs/Y4-Split2/ALGS-Championships/Global/Overview,overview,103,other,Scores,1,ShopifyRebellion,,,,,,,,,,,,,,,,,,,,,,,,,,3.89,"3,181.77",1.33,1,82.14,8.00,,,,,,,,
championship_split2,ALGS Year 4 Championship,https://apexlegendsstatus.com/algs/Y4-Split2/ALGS-Championships/Global/Overview,Y4-Split2,ALGS-Championships,Global,Overview,,,https://apexlegendsstatus.com/algs/Y4-Split2/ALGS-Championships/Global/Overview,overview,103,other,Scores,2,Alliance,,,,,,,,,,,,,,,,,,,,,,,,,,4.74,"2,847.49",1.03,2,82.03,7.34,,,,,,,,
championship_split2,ALGS Year 4 Championship,https://apexlegendsstatus.com/algs/Y4-Split2/ALGS-Championships/Global/Overview,Y4-Split2,ALGS-Championships,Global,Overview,,,https://apexlegendsstatus.com/algs/Y4-Split2/ALGS-Championships/Global/Overview,overview,103,other,Scores,3,GUILD,,,,,,,,,,,,,,,,,,,,,,,,,,3.54,"2,917.86",1.43,3,66.34,8.83,,,,,,,,
championship_split2,ALGS Year 4 Championship,https://apexlegendsstatus.com/algs/Y4-Split2/ALGS-Championships/Global/Overview,Y4-Split2,ALGS-Championships,Global,Overview,,,https://apexlegendsstatus.com/algs/Y4-Split2/ALGS-Championships/Global/Overview,overview,103,other,Scores,4,Team Falcons,,,,,,,,,,,,,,,,,,,,,,,,,,4.33,"2,811.30",1.03,4,56.94,9.14,,,,,,,,
championship_split2,ALGS Year 4 Championship,https://apexlegendsstatus.com/algs/Y4-Split2/ALGS-Championships/Global/Overview,Y4-Split2,ALGS-Championships,Global,Overview,,,https://apexlegendsstatus.com/algs/Y4-Split2/ALGS-Championships/Global/Overview,overview,103,other,Scores,5,Aurora,,,,,,,,,,,,,,,,,,,,,,,,,,3.54,"2,569.57",0.83,5,48.17,7.20,,,,,,,,
championship_split2,ALGS Year 4 Championship,https://apexlegendsstatus.com/algs/Y4-Split2/ALGS-Championships/Global/Overview,Y4-Split2,ALGS-Championships,Global,Overview,,,https://apexlegendsstatus.com/algs/Y4-Split2/ALGS-Championships/Global/Overview,overview,103,other,Scores,6,Complexity,,,,,,,,,,,,,,,,,,,,,,,,,,2.56,"2,717.47",1.38,6,43.07,8.79,,,,,,,,
championship_split2,ALGS Year 4 Championship,https://apexlegendsstatus.com/algs/Y4-Split2/ALGS-Championships/Global/Overview,Y4-Split2,ALGS-Championships,Global,Overview,,,https://apexlegendsstatus.com/algs/Y4-Split2/ALGS-Championships/Global/Overview,overview,103,other,Scores,7,GoNext,,,,,,,,,,,,,,,,,,,,,,,,,,3.60,"2,429.29",0.95,7,37.22,8.63,,,,,,,,
championship_split2,ALGS Year 4 Championship,https://apexlegendsstatus.com/algs/Y4-Split2/ALGS-Championships/Global/Overview,Y4-Split2,ALGS-Championships,Global,Overview,,,https://apexlegendsstatus.com/algs/Y4-Split2/ALGS-Championships/Global/Overview,overview,103,other,Scores,8,FURIA,,,,,,,,,,,,,,,,,,,,,,,,,,3.54,"2,165.91",0.88,8,37.12,7.57,,,,,,,,
championship_split2,ALGS Year 4 Championship,https://apexlegendsstatus.com/algs/Y4-Split2/ALGS-Championships/Global/Overview,Y4-Split2,ALGS-Championships,Global,Overview,,,https://apexlegendsstatus.com/algs/Y4-Split2/ALGS-Championships/Global/Overview,overview,103,other,Scores,9,TSM,,,,,,,,,,,,,,,,,,,,,,,,,,3.49,"2,545.06",1.11,9,31.20,10.03,,,,,,,,
championship_split2,ALGS Year 4 Championship,https://apexlegendsstatus.com/algs/Y4-Split2/ALGS-Championships/Global/Overview,Y4-Split2,ALGS-Championships,Global,Overview,,,https://apexlegendsstatus.com/algs/Y4-Split2/ALGS-Championships/Global/Overview,overview,103,other,Scores,10,CRAZY RACCOON,,,,,,,,,,,,,,,,,,,,,,,,,,3.21,"2,574.71",1.34,10,23.65,11.38,,,,,,,,
championship_split2,ALGS Year 4 Championship,https://apexlegendsstatus.com/algs/Y4-Split2/ALGS-Championships/Global/Overview,Y4-Split2,ALGS-Championships,Global,Overview,,,https://apexlegendsstatus.com/algs/Y4-Split2/ALGS-Championships/Global/Overview,overview,103,other,Scores,11,Cloud9,,,,,,,,,,,,,,,,,,,,,,,,,,3.12,"2,226.26",1.06,11,21.61,9.35,,,,,,,,
championship_split2,ALGS Year 4 Championship,https://apexlegendsstatus.com/algs/Y4-Split2/ALGS-Championships/Global/Overview,Y4-Split2,ALGS-Championships,Global,Overview,,,https://apexlegendsstatus.com/algs/Y4-Split2/ALGS-Championships/Global/Overview,overview,103,other,Scores,12,VK GAMING,,,,,,,,,,,,,,,,,,,,,,,,,,2.98,"2,113.37",0.86,12,11.83,8.98,,,,,,,,
championship_split2,ALGS Year 4 Championship,https://apexlegendsstatus.com/algs/Y4-Split2/ALGS-Championships/Global/Overview,Y4-Split2,ALGS-Championships,Global,Overview,,,https://apexlegendsstatus.com/algs/Y4-Split2/ALGS-Championships/Global/Overview,overview,103,other,Scores,13,Exo Clan,,,,,,,,,,,,,,,,,,,,,,,,,,2.81,"2,246.33",1.22,13,11.30,10.65,,,,,,,,
championship_split2,ALGS Year 4 Championship,https://apexlegendsstatus.com/algs/Y4-Split2/ALGS-Championships/Global/Overview,Y4-Split2,ALGS-Championships,Global,Overview,,,https://apexlegendsstatus.com/algs/Y4-Split2/ALGS-Championships/Global/Overview,overview,103,other,Scores,14,100 Thieves,,,,,,,,,,,,,,,,,,,,,,,,,,2.88,"2,371.47",1.04,14,8.03,10.62,,,,,,,,
championship_split2,ALGS Year 4 Championship,https://apexlegendsstatus.com/algs/Y4-Split2/ALGS-Championships/Global/Overview,Y4-Split2,ALGS-Championships,Global,Overview,,,https://apexlegendsstatus.com/algs/Y4-Split2/ALGS-Championships/Global/Overview,overview,103,other,Scores,15,LG,,,,,,,,,,,,,,,,,,,,,,,,,,2.86,"2,428.49",1.05,15,7.10,10.86,,,,,,,,
championship_split2,ALGS Year 4 Championship,https://apexlegendsstatus.com/algs/Y4-Split2/ALGS-Championships/Global/Overview,Y4-Split2,ALGS-Championships,Global,Overview,,,https://apexlegendsstatus.com/algs/Y4-Split2/ALGS-Championships/Global/Overview,overview,103,other,Scores,16,FNATIC,,,,,,,,,,,,,,,,,,,,,,,,,,3.42,"2,151.98",1.06,16,6.26,11.30,,,,,,,,
championship_split2,ALGS Year 4 Championship,https://apexlegendsstatus.com/algs/Y4-Split2/ALGS-Championships/Global/Overview,Y4-Split2,ALGS-Championships,Global,Overview,,,https://apexlegendsstatus.com/algs/Y4-Split2/ALGS-Championships/Global/Overview,overview,103,other,Scores,17,ENTER FORCE.36,,,,,,,,,,,,,,,,,,,,,,,,,,3.17,"1,851.77",1.06,17,3.42,10.43,,,,,,,,
championship_split2,ALGS Year 4 Championship,https://apexlegendsstatus.com/algs/Y4-Split2/ALGS-Championships/Global/Overview,Y4-Split2,ALGS-Championships,Global,Overview,,,https://apexlegendsstatus.com/algs/Y4-Split2/ALGS-Championships/Global/Overview,overview,103,other,Scores,18,Virtus.pro,,,,,,,,,,,,,,,,,,,,,,,,,,3.56,"2,293.98",0.84,18,2.35,11.33,,,,,,,,
championship_split2,ALGS Year 4 Championship,https://apexlegendsstatus.com/algs/Y4-Split2/ALGS-Championships/Global/Overview,Y4-Split2,ALGS-Championships,Global,Overview,,,https://apexlegendsstatus.com/algs/Y4-Split2/ALGS-Championships/Global/Overview,overview,103,other,Scores,19,Liquid Alienware,,,,,,,,,,,,,,,,,,,,,,,,,,2.91,"2,294.80",0.94,19,-1.06,11.00,,,,,,,,
championship_split2,ALGS Year 4 Championship,https://apexlegendsstatus.com/algs/Y4-Split2/ALGS-Championships/Global/Overview,Y4-Split2,ALGS-Championships,Global,Overview,,,https://apexlegendsstatus.com/algs/Y4-Split2/ALGS-Championships/Global/Overview,overview,103,other,Scores,20,STALLIONS,,,,,,,,,,,,,,,,,,,,,,,,,,2.46,"2,274.58",1.06,20,-1.73,10.73,,,,,,,,
championship_split2,ALGS Year 4 Championship,https://apexlegendsstatus.com/algs/Y4-Split2/ALGS-Championships/Global/Overview,Y4-Split2,ALGS-Championships,Global,Overview,,,https://apexlegendsstatus.com/algs/Y4-Split2/ALGS-Championships/Global/Overview,overview,103,other,Scores,21,GaiminGladiators,,,,,,,,,,,,,,,,,,,,,,,,,,2.49,"2,317.06",1.01,21,-1.79,10.69,,,,,,,,
championship_split2,ALGS Year 4 Championship,https://apexlegendsstatus.com/algs/Y4-Split2/ALGS-Championships/Global/Overview,Y4-Split2,ALGS-Championships,Global,Overview,,,https://apexlegendsstatus.com/algs/Y4-Split2/ALGS-Championships/Global/Overview,overview,103,other,Scores,22,OrglessAndHungry,,,,,,,,,,,,,,,,,,,,,,,,,,3.29,"1,889.71",0.83,22,-5.88,10.68,,,,,,,,
championship_split2,ALGS Year 4 Championship,https://apexlegendsstatus.com/algs/Y4-Split2/ALGS-Championships/Global/Overview,Y4-Split2,ALGS-Championships,Global,Overview,,,https://apexlegendsstatus.com/algs/Y4-Split2/ALGS-Championships/Global/Overview,overview,103,other,Scores,23,GREEN STEGO,,,,,,,,,,,,,,,,,,,,,,,,,,2.56,"1,966.56",1.09,23,-6.47,10.79,,,,,,,,
championship_split2,ALGS Year 4 Championship,https://apexlegendsstatus.com/algs/Y4-Split2/ALGS-Championships/Global/Overview,Y4-Split2,ALGS-Championships,Global,Overview,,,https://apexlegendsstatus.com/algs/Y4-Split2/ALGS-Championships/Global/Overview,overview,103,other,Scores,24,SOURCE XNY,,,,,,,,,,,,,,,,,,,,,,,,,,2.46,"2,319.00",0.96,24,-6.89,10.92,,,,,,,,
championship_split2,ALGS Year 4 Championship,https://apexlegendsstatus.com/algs/Y4-Split2/ALGS-Championships/Global/Overview,Y4-Split2,ALGS-Championships,Global,Overview,,,https://apexlegendsstatus.com/algs/Y4-Split2/ALGS-Championships/Global/Overview,overview,103,other,Scores,25,Noctem,,,,,,,,,,,,,,,,,,,,,,,,,,3.60,"2,037.72",0.91,25,-8.99,12.28,,,,,,,,
championship_split2,ALGS Year 4 Championship,https://apexlegendsstatus.com/algs/Y4-Split2/ALGS-Championships/Global/Overview,Y4-Split2,ALGS-Championships,Global,Overview,,,https://apexlegendsstatus.com/algs/Y4-Split2/ALGS-Championships/Global/Overview,overview,103,other,Scores,26,Envy,,,,,,,,,,,,,,,,,,,,,,,,,,2.65,"1,869.84",0.83,26,-11.14,10.05,,,,,,,,
championship_split2,ALGS Year 4 Championship,https://apexlegendsstatus.com/algs/Y4-Split2/ALGS-Championships/Global/Overview,Y4-Split2,ALGS-Championships,Global,Overview,,,https://apexlegendsstatus.com/algs/Y4-Split2/ALGS-Championships/Global/Overview,overview,103,other,Scores,27,Ninjas,,,,,,,,,,,,,,,,,,,,,,,,,,2.27,"2,443.73",1.02,27,-13.52,11.85,,,,,,,,
championship_split2,ALGS Year 4 Championship,https://apexlegendsstatus.com/algs/Y4-Split2/ALGS-Championships/Global/Overview,Y4-Split2,ALGS-Championships,Global,Overview,,,https://apexlegendsstatus.com/algs/Y4-Split2/ALGS-Championships/Global/Overview,overview,103,other,Scores,28,Zero Tenacity,,,,,,,,,,,,,,,,,,,,,,,,,,2.32,"1,968.03",0.94,28,-16.72,10.76,,,,,,,,
championship_split2,ALGS Year 4 Championship,https://apexlegendsstatus.com/algs/Y4-Split2/ALGS-Championships/Global/Overview,Y4-Split2,ALGS-Championships,Global,Overview,,,https://apexlegendsstatus.com/algs/Y4-Split2/ALGS-Championships/Global/Overview,overview,103,other,Scores,29,disguised,,,,,,,,,,,,,,,,,,,,,,,,,,2.50,"1,981.35",0.90,29,-20.25,11.29,,,,,,,,
championship_split2,ALGS Year 4 Championship,https://apexlegendsstatus.com/algs/Y4-Split2/ALGS-Championships/Global/Overview,Y4-Split2,ALGS-Championships,Global,Overview,,,https://apexlegendsstatus.com/algs/Y4-Split2/ALGS-Championships/Global/Overview,overview,103,other,Scores,30,NRG,,,,,,,,,,,,,,,,,,,,,,,,,,2.19,"2,236.62",0.97,30,-20.38,11.69,,,,,,,,
championship_split2,ALGS Year 4 Championship,https://apexlegendsstatus.com/algs/Y4-Split2/ALGS-Championships/Global/Overview,Y4-Split2,ALGS-Championships,Global,Overview,,,https://apexlegendsstatus.com/algs/Y4-Split2/ALGS-Championships/Global/Overview,overview,103,other,Scores,31,FaZe,,,,,,,,,,,,,,,,,,,,,,,,,,1.71,"2,126.50",1.02,31,-25.92,11.38,,,,,,,,
championship_split2,ALGS Year 4 Championship,https://apexlegendsstatus.com/algs/Y4-Split2/ALGS-Championships/Global/Overview,Y4-Split2,ALGS-Championships,Global,Overview,,,https://apexlegendsstatus.com/algs/Y4-Split2/ALGS-Championships/Global/Overview,overview,103,other,Scores,32,Team Burger,,,,,,,,,,,,,,,,,,,,,,,,,,1.98,"1,984.21",0.91,32,-27.15,11.16,,,,,,,,
championship_split2,ALGS Year 4 Championship,https://apexlegendsstatus.com/algs/Y4-Split2/ALGS-Championships/Global/Overview,Y4-Split2,ALGS-Championships,Global,Overview,,,https://apexlegendsstatus.com/algs/Y4-Split2/ALGS-Championships/Global/Overview,overview,103,other,Scores,33,DRAGONS,,,,,,,,,,,,,,,,,,,,,,,,,,1.82,"1,802.00",0.98,33,-33.55,11.41,,,,,,,,
championship_split2,ALGS Year 4 Championship,https://apexlegendsstatus.com/algs/Y4-Split2/ALGS-Championships/Global/Overview,Y4-Split2,ALGS-Championships,Global,Overview,,,https://apexlegendsstatus.com/algs/Y4-Split2/ALGS-Championships/Global/Overview,overview,103,other,Scores,34,DreamFire,,,,,,,,,,,,,,,,,,,,,,,,,,2.04,"1,686.19",0.90,34,-35.97,11.38,,,,,,,,
championship_split2,ALGS Year 4 Championship,https://apexlegendsstatus.com/algs/Y4-Split2/ALGS-Championships/Global/Overview,Y4-Split2,ALGS-Championships,Global,Overview,,,https://apexlegendsstatus.com/algs/Y4-Split2/ALGS-Championships/Global/Overview,overview,103,other,Scores,35,Oblivion,,,,,,,,,,,,,,,,,,,,,,,,,,2.96,"1,685.54",0.86,35,-36.08,12.85,,,,,,,,
championship_split2,ALGS Year 4 Championship,https://apexlegendsstatus.com/algs/Y4-Split2/ALGS-Championships/Global/Overview,Y4-Split2,ALGS-Championships,Global,Overview,,,https://apexlegendsstatus.com/algs/Y4-Split2/ALGS-Championships/Global/Overview,overview,103,other,Scores,36,GHS Professional,,,,,,,,,,,,,,,,,,,,,,,,,,2.32,"1,751.41",0.86,36,-37.48,12.06,,,,,,,,
championship_split2,ALGS Year 4 Championship,https://apexlegendsstatus.com/algs/Y4-Split2/ALGS-Championships/Global/Overview,Y4-Split2,ALGS-Championships,Global,Overview,,,https://apexlegendsstatus.com/algs/Y4-Split2/ALGS-Championships/Global/Overview,overview,103,other,Scores,37,REIGNITE,,,,,,,,,,,,,,,,,,,,,,,,,,1.54,"1,560.42",0.78,37,-46.32,10.77,,,,,,,,
championship_split2,ALGS Year 4 Championship,https://apexlegendsstatus.com/algs/Y4-Split2/ALGS-Championships/Global/Overview,Y4-Split2,ALGS-Championships,Global,Overview,,,https://apexlegendsstatus.com/algs/Y4-Split2/ALGS-Championships/Global/Overview,overview,103,other,Scores,38,shadow3690,,,,,,,,,,,,,,,,,,,,,,,,,,1.92,"1,534.92",0.87,38,-59.26,13.12,,,,,,,,
championship_split2,ALGS Year 4 Championship,https://apexlegendsstatus.com/algs/Y4-Split2/ALGS-Championships/Global/Overview,Y4-Split2,ALGS-Championships,Global,Overview,,,https://apexlegendsstatus.com/algs/Y4-Split2/ALGS-Championships/Global/Overview,overview,103,other,Scores,39,Meteor,,,,,,,,,,,,,,,,,,,,,,,,,,1.50,"1,393.65",0.77,39,-73.23,13.00,,,,,,,,
championship_split2,ALGS Year 4 Championship,https://apexlegendsstatus.com/algs/Y4-Split2/ALGS-Championships/Global/Overview,Y4-Split2,ALGS-Championships,Global,Overview,,,https://apexlegendsstatus.com/algs/Y4-Split2/ALGS-Championships/Global/Overview,overview,103,other,Scores,40,Supernova,,,,,,,,,,,,,,,,,,,,,,,,,,1.46,"1,093.96",0.74,40,-90.01,13.85,,,,,,,,
