patch_slug,patch_name,source_url,source_kind,item_index,item_type,section_h2,section_h3,section_h4,text
breakout,Breakout,https://www.ea.com/games/apex-legends/apex-legends/news/breakout-patch-notes,patch_notes,1,p,,,,"February 12, 2024"
breakout,Breakout,https://www.ea.com/games/apex-legends/apex-legends/news/breakout-patch-notes,patch_notes,2,p,,,,"Every 2 weeks, a new Legend becomes free-to-play for the rest of the season. Each Legend will have a set of challenges to permanently unlock that Legend. Complete all Breakout Rewards Challenges before the season ends to unlock more rewards like the Reactive “Top Tier” Flatline and the Legendary “Runaway Renegade” Wraith. Check out the full breakdown, including Legends and chase rewards, in our Breakout Rewards blog ."
breakout,Breakout,https://www.ea.com/games/apex-legends/apex-legends/news/breakout-patch-notes,patch_notes,3,h2,BREAKOUT MAP ROTATION,,,BREAKOUT MAP ROTATION
breakout,Breakout,https://www.ea.com/games/apex-legends/apex-legends/news/breakout-patch-notes,patch_notes,5,p,BREAKOUT MAP ROTATION,,,The following maps will be available in Trios and Duos for the season:
breakout,Breakout,https://www.ea.com/games/apex-legends/apex-legends/news/breakout-patch-notes,patch_notes,6,li,BREAKOUT MAP ROTATION,,,Olympus
breakout,Breakout,https://www.ea.com/games/apex-legends/apex-legends/news/breakout-patch-notes,patch_notes,7,li,BREAKOUT MAP ROTATION,,,Storm Point
breakout,Breakout,https://www.ea.com/games/apex-legends/apex-legends/news/breakout-patch-notes,patch_notes,8,li,BREAKOUT MAP ROTATION,,,World’s Edge
breakout,Breakout,https://www.ea.com/games/apex-legends/apex-legends/news/breakout-patch-notes,patch_notes,9,h2,PERFORMANCE MODE: 120Hz,,,PERFORMANCE MODE: 120Hz
breakout,Breakout,https://www.ea.com/games/apex-legends/apex-legends/news/breakout-patch-notes,patch_notes,10,p,PERFORMANCE MODE: 120Hz,,,"On PlayStation 5, Xbox Series S, and Xbox Series X, the Video Settings menu has a new “Performance” mode option that is available to players with 120Hz displays. This option targets 120 FPS performance with content optimizations and reductions to visual quality."
breakout,Breakout,https://www.ea.com/games/apex-legends/apex-legends/news/breakout-patch-notes,patch_notes,11,p,PERFORMANCE MODE: 120Hz,,,"To achieve 120 FPS, current-gen consoles now run on a new multithreaded rendering system, built on top of the Rendering Hardware Interface (RHI). Previously, even with GPU optimizations, the Apex rendering engine has been bottlenecked by single-threaded rendering code, which could not scale to the capabilities of modern hardware. This new system allows us to fully utilize the GPU and forms the foundation for future improvements to the rendering engine."
breakout,Breakout,https://www.ea.com/games/apex-legends/apex-legends/news/breakout-patch-notes,patch_notes,12,h2,CRAFTING,,,CRAFTING
breakout,Breakout,https://www.ea.com/games/apex-legends/apex-legends/news/breakout-patch-notes,patch_notes,13,p,CRAFTING,,,"Breakout brings a complete rework to Crafting, streamlining the system. Welcome to Crafting 2.0, legends!"
breakout,Breakout,https://www.ea.com/games/apex-legends/apex-legends/news/breakout-patch-notes,patch_notes,14,p,CRAFTING,,,"Replicators have quite a few changes, including a fancy new paint job. They are now free to use, and no longer require crafting materials—we’ve removed them and crafting rotations. When you open the crafting menu, you’ll see that the available options have been reduced: Shield Battery, Medkit, Ammo, and Player Banners. Printing any item will exhaust that replicator specifically for you. You’ll need to find another one if you want another item, so choose wisely."
breakout,Breakout,https://www.ea.com/games/apex-legends/apex-legends/news/breakout-patch-notes,patch_notes,15,p,CRAFTING,,,"To offset the single-use system, the number of available Replicators have been increased across the board. Every game will start with 12 Replicators spawned at the start of the match, with an additional Replicator airdrop at the start of Round 4 to add some late-game opportunities. We’re also including a few quality of life changes for Crafting:"
breakout,Breakout,https://www.ea.com/games/apex-legends/apex-legends/news/breakout-patch-notes,patch_notes,16,li,CRAFTING,,,Decreased interaction time with Replicators
breakout,Breakout,https://www.ea.com/games/apex-legends/apex-legends/news/breakout-patch-notes,patch_notes,17,li,CRAFTING,,,Inventory can now be accessed from the crafting menu
breakout,Breakout,https://www.ea.com/games/apex-legends/apex-legends/news/breakout-patch-notes,patch_notes,18,li,CRAFTING,,,Printed items left alone will auto-eject from the Replicator after some time
breakout,Breakout,https://www.ea.com/games/apex-legends/apex-legends/news/breakout-patch-notes,patch_notes,19,h2,WORLD’S EDGE: RAMPART’S BIG MAUDE,,,WORLD’S EDGE: RAMPART’S BIG MAUDE
breakout,Breakout,https://www.ea.com/games/apex-legends/apex-legends/news/breakout-patch-notes,patch_notes,20,p,WORLD’S EDGE: RAMPART’S BIG MAUDE,,,"With crafting materials gone, Rampart has been figuring out how to get more customers through her door, and what better way than with a Fire Sale!"
breakout,Breakout,https://www.ea.com/games/apex-legends/apex-legends/news/breakout-patch-notes,patch_notes,21,p,WORLD’S EDGE: RAMPART’S BIG MAUDE,,,"All Big Maude paintball weapons are now free, but they will take time to dispense from their vending machines. Once a player has claimed their free weapon, they cannot get another. Loba will still be able to steal a second gun with her Black Market. There is also an increased variety of weapons to choose from, but gold kitted weapons are no longer offered at Big Maude."
breakout,Breakout,https://www.ea.com/games/apex-legends/apex-legends/news/breakout-patch-notes,patch_notes,22,h2,LEGEND UPGRADES,,,LEGEND UPGRADES
breakout,Breakout,https://www.ea.com/games/apex-legends/apex-legends/news/breakout-patch-notes,patch_notes,24,p,LEGEND UPGRADES,,,"This season we’re introducing the Legend Upgrade system for BR modes—an in-match progression system that deepens the Apex Legends experience by allowing you to tailor your Legend to your playstyle. Players will gain EVO points in a variety of new ways across the Battle Royale to level-up not just your armor, but your Legend—unlocking unique ability upgrades at Levels 2 and 3. With each match being a fresh start, the plethora of possibilities adds a new level of strategy and meta."
breakout,Breakout,https://www.ea.com/games/apex-legends/apex-legends/news/breakout-patch-notes,patch_notes,25,p,LEGEND UPGRADES,,,Check out our Breakout Highlights blog for the full breakdown on Legend Upgrades.
breakout,Breakout,https://www.ea.com/games/apex-legends/apex-legends/news/breakout-patch-notes,patch_notes,26,h2,PATCH NOTES,,,PATCH NOTES
breakout,Breakout,https://www.ea.com/games/apex-legends/apex-legends/news/breakout-patch-notes,patch_notes,27,li,PATCH NOTES,,,Added Tags: a 3-4 character piece of flair ahead of players’ usernames that appear everywhere usernames do Clubs are being retired—check out the Highlights blog for more details
breakout,Breakout,https://www.ea.com/games/apex-legends/apex-legends/news/breakout-patch-notes,patch_notes,28,li,PATCH NOTES,,,Clubs are being retired—check out the Highlights blog for more details
breakout,Breakout,https://www.ea.com/games/apex-legends/apex-legends/news/breakout-patch-notes,patch_notes,29,li,PATCH NOTES,,,Events moved into a dedicated tab in the Lobby (out of Seasonal tab)
breakout,Breakout,https://www.ea.com/games/apex-legends/apex-legends/news/breakout-patch-notes,patch_notes,30,h3,PATCH NOTES,BALANCE UPDATES,,BALANCE UPDATES
breakout,Breakout,https://www.ea.com/games/apex-legends/apex-legends/news/breakout-patch-notes,patch_notes,31,p,PATCH NOTES,BALANCE UPDATES,,Crafting 2.0
breakout,Breakout,https://www.ea.com/games/apex-legends/apex-legends/news/breakout-patch-notes,patch_notes,32,li,PATCH NOTES,BALANCE UPDATES,,"Crafting Rotation is no more, all weapons and loot are back on the floor"
breakout,Breakout,https://www.ea.com/games/apex-legends/apex-legends/news/breakout-patch-notes,patch_notes,33,li,PATCH NOTES,BALANCE UPDATES,,"Crafting options reduced to Shield Battery, Medkit, Ammo, and Player Banners"
breakout,Breakout,https://www.ea.com/games/apex-legends/apex-legends/news/breakout-patch-notes,patch_notes,34,li,PATCH NOTES,BALANCE UPDATES,,Inventory can now be accessed from the Crafting menu
breakout,Breakout,https://www.ea.com/games/apex-legends/apex-legends/news/breakout-patch-notes,patch_notes,35,li,PATCH NOTES,BALANCE UPDATES,,"Rampart’s Big Maude All paintball weapons are now free, dispense time increased Increased variety of weapons, but gold kitted weapons no longer offered One free weapon per player, per match (Loba can steal a second with Black Market)"
breakout,Breakout,https://www.ea.com/games/apex-legends/apex-legends/news/breakout-patch-notes,patch_notes,36,li,PATCH NOTES,BALANCE UPDATES,,"All paintball weapons are now free, dispense time increased"
breakout,Breakout,https://www.ea.com/games/apex-legends/apex-legends/news/breakout-patch-notes,patch_notes,37,li,PATCH NOTES,BALANCE UPDATES,,"Increased variety of weapons, but gold kitted weapons no longer offered"
breakout,Breakout,https://www.ea.com/games/apex-legends/apex-legends/news/breakout-patch-notes,patch_notes,38,li,PATCH NOTES,BALANCE UPDATES,,"One free weapon per player, per match (Loba can steal a second with Black Market)"
breakout,Breakout,https://www.ea.com/games/apex-legends/apex-legends/news/breakout-patch-notes,patch_notes,39,li,PATCH NOTES,BALANCE UPDATES,,"Replicators Each individual Replicator is now single-use per player, per match Every game will start with 12 spawned Decreased interaction time with instant printing Printed items left alone will auto-eject from the Replicator after some time"
breakout,Breakout,https://www.ea.com/games/apex-legends/apex-legends/news/breakout-patch-notes,patch_notes,40,li,PATCH NOTES,BALANCE UPDATES,,"Each individual Replicator is now single-use per player, per match"
breakout,Breakout,https://www.ea.com/games/apex-legends/apex-legends/news/breakout-patch-notes,patch_notes,41,li,PATCH NOTES,BALANCE UPDATES,,Every game will start with 12 spawned
breakout,Breakout,https://www.ea.com/games/apex-legends/apex-legends/news/breakout-patch-notes,patch_notes,42,li,PATCH NOTES,BALANCE UPDATES,,Decreased interaction time with instant printing
breakout,Breakout,https://www.ea.com/games/apex-legends/apex-legends/news/breakout-patch-notes,patch_notes,43,li,PATCH NOTES,BALANCE UPDATES,,Printed items left alone will auto-eject from the Replicator after some time
breakout,Breakout,https://www.ea.com/games/apex-legends/apex-legends/news/breakout-patch-notes,patch_notes,44,p,PATCH NOTES,BALANCE UPDATES,,Care Package Weapon Rotation
breakout,Breakout,https://www.ea.com/games/apex-legends/apex-legends/news/breakout-patch-notes,patch_notes,45,li,PATCH NOTES,BALANCE UPDATES,,EVA-8 enters the Care Package
breakout,Breakout,https://www.ea.com/games/apex-legends/apex-legends/news/breakout-patch-notes,patch_notes,46,li,PATCH NOTES,BALANCE UPDATES,,Prowler returns to the floor
breakout,Breakout,https://www.ea.com/games/apex-legends/apex-legends/news/breakout-patch-notes,patch_notes,47,p,PATCH NOTES,BALANCE UPDATES,,Gold Weapons Rotation
breakout,Breakout,https://www.ea.com/games/apex-legends/apex-legends/news/breakout-patch-notes,patch_notes,48,li,PATCH NOTES,BALANCE UPDATES,,"R-301, RE-45, Mastiff, Devotion, 30-30"
breakout,Breakout,https://www.ea.com/games/apex-legends/apex-legends/news/breakout-patch-notes,patch_notes,49,h3,PATCH NOTES,WEAPONS & ATTACHMENTS,,WEAPONS & ATTACHMENTS
breakout,Breakout,https://www.ea.com/games/apex-legends/apex-legends/news/breakout-patch-notes,patch_notes,50,p,PATCH NOTES,WEAPONS & ATTACHMENTS,,30-30
breakout,Breakout,https://www.ea.com/games/apex-legends/apex-legends/news/breakout-patch-notes,patch_notes,51,li,PATCH NOTES,WEAPONS & ATTACHMENTS,,Base damage reduced to 39 (was 42)
breakout,Breakout,https://www.ea.com/games/apex-legends/apex-legends/news/breakout-patch-notes,patch_notes,52,li,PATCH NOTES,WEAPONS & ATTACHMENTS,,Ammo capacity Base capacity unchanged (6) White Magazine reduced to 7 (was 8) Blue Magazine reduced to 8 (was 10) Purple & Gold Magazine reduced to 10 (was 12)
breakout,Breakout,https://www.ea.com/games/apex-legends/apex-legends/news/breakout-patch-notes,patch_notes,53,li,PATCH NOTES,WEAPONS & ATTACHMENTS,,Base capacity unchanged (6)
breakout,Breakout,https://www.ea.com/games/apex-legends/apex-legends/news/breakout-patch-notes,patch_notes,54,li,PATCH NOTES,WEAPONS & ATTACHMENTS,,White Magazine reduced to 7 (was 8)
breakout,Breakout,https://www.ea.com/games/apex-legends/apex-legends/news/breakout-patch-notes,patch_notes,55,li,PATCH NOTES,WEAPONS & ATTACHMENTS,,Blue Magazine reduced to 8 (was 10)
breakout,Breakout,https://www.ea.com/games/apex-legends/apex-legends/news/breakout-patch-notes,patch_notes,56,li,PATCH NOTES,WEAPONS & ATTACHMENTS,,Purple & Gold Magazine reduced to 10 (was 12)
breakout,Breakout,https://www.ea.com/games/apex-legends/apex-legends/news/breakout-patch-notes,patch_notes,57,li,PATCH NOTES,WEAPONS & ATTACHMENTS,,Skullpiercer headshot multiplier reduced to 2.0 (was 2.1)
breakout,Breakout,https://www.ea.com/games/apex-legends/apex-legends/news/breakout-patch-notes,patch_notes,58,li,PATCH NOTES,WEAPONS & ATTACHMENTS,,"Dual Loader removed as an integrated Hop-Up, now only loads 1 shell per reload"
breakout,Breakout,https://www.ea.com/games/apex-legends/apex-legends/news/breakout-patch-notes,patch_notes,59,li,PATCH NOTES,WEAPONS & ATTACHMENTS,,Marksman Stock reload speed bonus normalized to match other sniper weapons
breakout,Breakout,https://www.ea.com/games/apex-legends/apex-legends/news/breakout-patch-notes,patch_notes,60,li,PATCH NOTES,WEAPONS & ATTACHMENTS,,Reloading 3 shells in a row now increases reload speed by 20% for the remainder of the reload
breakout,Breakout,https://www.ea.com/games/apex-legends/apex-legends/news/breakout-patch-notes,patch_notes,61,p,PATCH NOTES,WEAPONS & ATTACHMENTS,,EVA-8 [Care Package]
breakout,Breakout,https://www.ea.com/games/apex-legends/apex-legends/news/breakout-patch-notes,patch_notes,62,li,PATCH NOTES,WEAPONS & ATTACHMENTS,,Damage reduced to 6 (was 7)
breakout,Breakout,https://www.ea.com/games/apex-legends/apex-legends/news/breakout-patch-notes,patch_notes,63,li,PATCH NOTES,WEAPONS & ATTACHMENTS,,Fire rate increased to 3 (was 2.4)
breakout,Breakout,https://www.ea.com/games/apex-legends/apex-legends/news/breakout-patch-notes,patch_notes,64,li,PATCH NOTES,WEAPONS & ATTACHMENTS,,Recoil reduced to better match the much faster fire rate
breakout,Breakout,https://www.ea.com/games/apex-legends/apex-legends/news/breakout-patch-notes,patch_notes,65,li,PATCH NOTES,WEAPONS & ATTACHMENTS,,Hammer Points: 20% damage increase against flesh (+1 damage)
breakout,Breakout,https://www.ea.com/games/apex-legends/apex-legends/news/breakout-patch-notes,patch_notes,66,li,PATCH NOTES,WEAPONS & ATTACHMENTS,,Gold Shotgun Bolt: shells reloaded on slide increased to 2 (was 1) Note: this change only affects the Care Package EVA-8
breakout,Breakout,https://www.ea.com/games/apex-legends/apex-legends/news/breakout-patch-notes,patch_notes,67,li,PATCH NOTES,WEAPONS & ATTACHMENTS,,Note: this change only affects the Care Package EVA-8
breakout,Breakout,https://www.ea.com/games/apex-legends/apex-legends/news/breakout-patch-notes,patch_notes,68,p,PATCH NOTES,WEAPONS & ATTACHMENTS,,Hemlock
breakout,Breakout,https://www.ea.com/games/apex-legends/apex-legends/news/breakout-patch-notes,patch_notes,69,li,PATCH NOTES,WEAPONS & ATTACHMENTS,,Damage reduced to 20 (was 21)
breakout,Breakout,https://www.ea.com/games/apex-legends/apex-legends/news/breakout-patch-notes,patch_notes,70,li,PATCH NOTES,WEAPONS & ATTACHMENTS,,Hipfire spread increased
breakout,Breakout,https://www.ea.com/games/apex-legends/apex-legends/news/breakout-patch-notes,patch_notes,71,li,PATCH NOTES,WEAPONS & ATTACHMENTS,,Spread delay increased to 0.28 (was 0.21)
breakout,Breakout,https://www.ea.com/games/apex-legends/apex-legends/news/breakout-patch-notes,patch_notes,72,p,PATCH NOTES,WEAPONS & ATTACHMENTS,,L-Star
breakout,Breakout,https://www.ea.com/games/apex-legends/apex-legends/news/breakout-patch-notes,patch_notes,73,li,PATCH NOTES,WEAPONS & ATTACHMENTS,,Can no longer equip Barrel Attachments
breakout,Breakout,https://www.ea.com/games/apex-legends/apex-legends/news/breakout-patch-notes,patch_notes,74,p,PATCH NOTES,WEAPONS & ATTACHMENTS,,Prowler [Floor]
breakout,Breakout,https://www.ea.com/games/apex-legends/apex-legends/news/breakout-patch-notes,patch_notes,75,li,PATCH NOTES,WEAPONS & ATTACHMENTS,,Reverted to non-Care Package version Damage decreased to 15 (was 16) Select Fire Hop-Up removed
breakout,Breakout,https://www.ea.com/games/apex-legends/apex-legends/news/breakout-patch-notes,patch_notes,76,li,PATCH NOTES,WEAPONS & ATTACHMENTS,,Damage decreased to 15 (was 16)
breakout,Breakout,https://www.ea.com/games/apex-legends/apex-legends/news/breakout-patch-notes,patch_notes,77,li,PATCH NOTES,WEAPONS & ATTACHMENTS,,Select Fire Hop-Up removed
breakout,Breakout,https://www.ea.com/games/apex-legends/apex-legends/news/breakout-patch-notes,patch_notes,78,li,PATCH NOTES,WEAPONS & ATTACHMENTS,,Burst delay increased to 0.28 (was 0.24)
breakout,Breakout,https://www.ea.com/games/apex-legends/apex-legends/news/breakout-patch-notes,patch_notes,79,li,PATCH NOTES,WEAPONS & ATTACHMENTS,,Spread delay increased to 0.28 (was 0.15)
breakout,Breakout,https://www.ea.com/games/apex-legends/apex-legends/news/breakout-patch-notes,patch_notes,80,p,PATCH NOTES,WEAPONS & ATTACHMENTS,,R-99
breakout,Breakout,https://www.ea.com/games/apex-legends/apex-legends/news/breakout-patch-notes,patch_notes,81,li,PATCH NOTES,WEAPONS & ATTACHMENTS,,ADS vertical and horizontal recoil increased
breakout,Breakout,https://www.ea.com/games/apex-legends/apex-legends/news/breakout-patch-notes,patch_notes,82,p,PATCH NOTES,WEAPONS & ATTACHMENTS,,R-301
breakout,Breakout,https://www.ea.com/games/apex-legends/apex-legends/news/breakout-patch-notes,patch_notes,83,li,PATCH NOTES,WEAPONS & ATTACHMENTS,,Hipfire spread reduced
breakout,Breakout,https://www.ea.com/games/apex-legends/apex-legends/news/breakout-patch-notes,patch_notes,84,p,PATCH NOTES,WEAPONS & ATTACHMENTS,,SMG Ballistics
breakout,Breakout,https://www.ea.com/games/apex-legends/apex-legends/news/breakout-patch-notes,patch_notes,85,li,PATCH NOTES,WEAPONS & ATTACHMENTS,,Projectile gravity increased across all SMGs
breakout,Breakout,https://www.ea.com/games/apex-legends/apex-legends/news/breakout-patch-notes,patch_notes,86,li,PATCH NOTES,WEAPONS & ATTACHMENTS,,Projectile launch speed reduced across most SMGs (Prowler unchanged)
breakout,Breakout,https://www.ea.com/games/apex-legends/apex-legends/news/breakout-patch-notes,patch_notes,87,p,PATCH NOTES,WEAPONS & ATTACHMENTS,,1x Digital Threat
breakout,Breakout,https://www.ea.com/games/apex-legends/apex-legends/news/breakout-patch-notes,patch_notes,88,li,PATCH NOTES,WEAPONS & ATTACHMENTS,,Can no longer be equipped to SMGs
breakout,Breakout,https://www.ea.com/games/apex-legends/apex-legends/news/breakout-patch-notes,patch_notes,89,li,PATCH NOTES,WEAPONS & ATTACHMENTS,,Spawn rates reduced by 20%
breakout,Breakout,https://www.ea.com/games/apex-legends/apex-legends/news/breakout-patch-notes,patch_notes,90,p,PATCH NOTES,WEAPONS & ATTACHMENTS,,Laser Sights
breakout,Breakout,https://www.ea.com/games/apex-legends/apex-legends/news/breakout-patch-notes,patch_notes,91,li,PATCH NOTES,WEAPONS & ATTACHMENTS,,Spread multipliers reduced White Laser Sight adjusted to x0.9 (was x0.8) Blue Laser Sight adjusted to x0.8 (was x0.6) Purple Laser Sight adjusted to x0.7 (was x0.4)
breakout,Breakout,https://www.ea.com/games/apex-legends/apex-legends/news/breakout-patch-notes,patch_notes,92,li,PATCH NOTES,WEAPONS & ATTACHMENTS,,White Laser Sight adjusted to x0.9 (was x0.8)
breakout,Breakout,https://www.ea.com/games/apex-legends/apex-legends/news/breakout-patch-notes,patch_notes,93,li,PATCH NOTES,WEAPONS & ATTACHMENTS,,Blue Laser Sight adjusted to x0.8 (was x0.6)
breakout,Breakout,https://www.ea.com/games/apex-legends/apex-legends/news/breakout-patch-notes,patch_notes,94,li,PATCH NOTES,WEAPONS & ATTACHMENTS,,Purple Laser Sight adjusted to x0.7 (was x0.4)
breakout,Breakout,https://www.ea.com/games/apex-legends/apex-legends/news/breakout-patch-notes,patch_notes,95,h3,PATCH NOTES,LEGENDS,,LEGENDS
breakout,Breakout,https://www.ea.com/games/apex-legends/apex-legends/news/breakout-patch-notes,patch_notes,96,p,PATCH NOTES,LEGENDS,,"Heavy-Rig Legends (Gibraltar, Caustic, Pathfinder, Newcastle, Revenant)"
breakout,Breakout,https://www.ea.com/games/apex-legends/apex-legends/news/breakout-patch-notes,patch_notes,97,li,PATCH NOTES,LEGENDS,,Now use medium-rig first-person movement animations
breakout,Breakout,https://www.ea.com/games/apex-legends/apex-legends/news/breakout-patch-notes,patch_notes,98,li,PATCH NOTES,LEGENDS,,"Actual game speeds have not changed, these Legends will feel less sluggish when running"
breakout,Breakout,https://www.ea.com/games/apex-legends/apex-legends/news/breakout-patch-notes,patch_notes,99,p,PATCH NOTES,LEGENDS,,Support Legends
breakout,Breakout,https://www.ea.com/games/apex-legends/apex-legends/news/breakout-patch-notes,patch_notes,100,li,PATCH NOTES,LEGENDS,,Extended Supply Bin contents have been improved (see below)
breakout,Breakout,https://www.ea.com/games/apex-legends/apex-legends/news/breakout-patch-notes,patch_notes,101,p,PATCH NOTES,LEGENDS,,Ballistic
breakout,Breakout,https://www.ea.com/games/apex-legends/apex-legends/news/breakout-patch-notes,patch_notes,102,li,PATCH NOTES,LEGENDS,,Sling: Sling Weapons now have all White attachments while equipped
breakout,Breakout,https://www.ea.com/games/apex-legends/apex-legends/news/breakout-patch-notes,patch_notes,103,li,PATCH NOTES,LEGENDS,,Tempest: effect radius for ally range has been increased to 90m (was 13m)
breakout,Breakout,https://www.ea.com/games/apex-legends/apex-legends/news/breakout-patch-notes,patch_notes,104,p,PATCH NOTES,LEGENDS,,Bloodhound
breakout,Breakout,https://www.ea.com/games/apex-legends/apex-legends/news/breakout-patch-notes,patch_notes,105,li,PATCH NOTES,LEGENDS,,Tracker: Raven scan’s Ult Charge is now gated behind the Hunting Ravens upgrade
breakout,Breakout,https://www.ea.com/games/apex-legends/apex-legends/news/breakout-patch-notes,patch_notes,106,p,PATCH NOTES,LEGENDS,,Catalyst
breakout,Breakout,https://www.ea.com/games/apex-legends/apex-legends/news/breakout-patch-notes,patch_notes,107,li,PATCH NOTES,LEGENDS,,Dark Veil: lifetime decreased to 15s (was 25s) length decreased to 40m (was 55m)
breakout,Breakout,https://www.ea.com/games/apex-legends/apex-legends/news/breakout-patch-notes,patch_notes,108,li,PATCH NOTES,LEGENDS,,lifetime decreased to 15s (was 25s)
breakout,Breakout,https://www.ea.com/games/apex-legends/apex-legends/news/breakout-patch-notes,patch_notes,109,li,PATCH NOTES,LEGENDS,,length decreased to 40m (was 55m)
breakout,Breakout,https://www.ea.com/games/apex-legends/apex-legends/news/breakout-patch-notes,patch_notes,110,p,PATCH NOTES,LEGENDS,,Conduit
breakout,Breakout,https://www.ea.com/games/apex-legends/apex-legends/news/breakout-patch-notes,patch_notes,111,li,PATCH NOTES,LEGENDS,,Radiant Flash Cooldown increased to 26s (was 21s) Temporary Shield generation rate decreased to 15HP/s (was 20HP/s) Temporary Shield generation time increased to 9s (was 8s)
breakout,Breakout,https://www.ea.com/games/apex-legends/apex-legends/news/breakout-patch-notes,patch_notes,112,li,PATCH NOTES,LEGENDS,,Cooldown increased to 26s (was 21s)
breakout,Breakout,https://www.ea.com/games/apex-legends/apex-legends/news/breakout-patch-notes,patch_notes,113,li,PATCH NOTES,LEGENDS,,Temporary Shield generation rate decreased to 15HP/s (was 20HP/s)
breakout,Breakout,https://www.ea.com/games/apex-legends/apex-legends/news/breakout-patch-notes,patch_notes,114,li,PATCH NOTES,LEGENDS,,Temporary Shield generation time increased to 9s (was 8s)
breakout,Breakout,https://www.ea.com/games/apex-legends/apex-legends/news/breakout-patch-notes,patch_notes,115,li,PATCH NOTES,LEGENDS,,Energy Barricade Mine duration reduced to 45s (was 60s) Mine HP reduced to 200HP (was 250HP) The distance at which mines are removed when deployed too close to one another has been increased by ~100%
breakout,Breakout,https://www.ea.com/games/apex-legends/apex-legends/news/breakout-patch-notes,patch_notes,116,li,PATCH NOTES,LEGENDS,,Mine duration reduced to 45s (was 60s)
breakout,Breakout,https://www.ea.com/games/apex-legends/apex-legends/news/breakout-patch-notes,patch_notes,117,li,PATCH NOTES,LEGENDS,,Mine HP reduced to 200HP (was 250HP)
breakout,Breakout,https://www.ea.com/games/apex-legends/apex-legends/news/breakout-patch-notes,patch_notes,118,li,PATCH NOTES,LEGENDS,,The distance at which mines are removed when deployed too close to one another has been increased by ~100%
breakout,Breakout,https://www.ea.com/games/apex-legends/apex-legends/news/breakout-patch-notes,patch_notes,119,p,PATCH NOTES,LEGENDS,,Crypto
breakout,Breakout,https://www.ea.com/games/apex-legends/apex-legends/news/breakout-patch-notes,patch_notes,120,li,PATCH NOTES,LEGENDS,,Surveillance Drone Speed of drone recall has been increased slightly Transitions going in and out of drone are now faster
breakout,Breakout,https://www.ea.com/games/apex-legends/apex-legends/news/breakout-patch-notes,patch_notes,121,li,PATCH NOTES,LEGENDS,,Speed of drone recall has been increased slightly
breakout,Breakout,https://www.ea.com/games/apex-legends/apex-legends/news/breakout-patch-notes,patch_notes,122,li,PATCH NOTES,LEGENDS,,Transitions going in and out of drone are now faster
breakout,Breakout,https://www.ea.com/games/apex-legends/apex-legends/news/breakout-patch-notes,patch_notes,123,p,PATCH NOTES,LEGENDS,,Horizon
breakout,Breakout,https://www.ea.com/games/apex-legends/apex-legends/news/breakout-patch-notes,patch_notes,124,li,PATCH NOTES,LEGENDS,,Gravity Lift: cooldown increased to 25s (was 20s)
breakout,Breakout,https://www.ea.com/games/apex-legends/apex-legends/news/breakout-patch-notes,patch_notes,125,p,PATCH NOTES,LEGENDS,,Lifeline
breakout,Breakout,https://www.ea.com/games/apex-legends/apex-legends/news/breakout-patch-notes,patch_notes,126,li,PATCH NOTES,LEGENDS,,"In modes with Legend Upgrades, Lifeline's Care Package now has a 50/50 chance to drop an extra piece of smart equipment (vs. large consumable) instead of an Armor"
breakout,Breakout,https://www.ea.com/games/apex-legends/apex-legends/news/breakout-patch-notes,patch_notes,127,p,PATCH NOTES,LEGENDS,,Mad Maggie
breakout,Breakout,https://www.ea.com/games/apex-legends/apex-legends/news/breakout-patch-notes,patch_notes,128,li,PATCH NOTES,LEGENDS,,"Wrecking Ball Will no longer be destroyed on first enemy hit Instead, the Wrecking Ball will trigger an explosion then keep going, allowing for a second explosion to trigger later The same player cannot be hit again by the ball for 2s after first impact Players can only be affected by the shellshock and knockback effects once Will now bounce through devices it hits and destroys"
breakout,Breakout,https://www.ea.com/games/apex-legends/apex-legends/news/breakout-patch-notes,patch_notes,129,li,PATCH NOTES,LEGENDS,,"Will no longer be destroyed on first enemy hit Instead, the Wrecking Ball will trigger an explosion then keep going, allowing for a second explosion to trigger later The same player cannot be hit again by the ball for 2s after first impact Players can only be affected by the shellshock and knockback effects once"
breakout,Breakout,https://www.ea.com/games/apex-legends/apex-legends/news/breakout-patch-notes,patch_notes,130,li,PATCH NOTES,LEGENDS,,"Instead, the Wrecking Ball will trigger an explosion then keep going, allowing for a second explosion to trigger later"
breakout,Breakout,https://www.ea.com/games/apex-legends/apex-legends/news/breakout-patch-notes,patch_notes,131,li,PATCH NOTES,LEGENDS,,The same player cannot be hit again by the ball for 2s after first impact
breakout,Breakout,https://www.ea.com/games/apex-legends/apex-legends/news/breakout-patch-notes,patch_notes,132,li,PATCH NOTES,LEGENDS,,Players can only be affected by the shellshock and knockback effects once
breakout,Breakout,https://www.ea.com/games/apex-legends/apex-legends/news/breakout-patch-notes,patch_notes,133,li,PATCH NOTES,LEGENDS,,Will now bounce through devices it hits and destroys
breakout,Breakout,https://www.ea.com/games/apex-legends/apex-legends/news/breakout-patch-notes,patch_notes,134,p,PATCH NOTES,LEGENDS,,Octane
breakout,Breakout,https://www.ea.com/games/apex-legends/apex-legends/news/breakout-patch-notes,patch_notes,135,li,PATCH NOTES,LEGENDS,,Jump Pad: audio falloff of double-jump has been adjusted to be slightly less audible from long distances
breakout,Breakout,https://www.ea.com/games/apex-legends/apex-legends/news/breakout-patch-notes,patch_notes,136,p,PATCH NOTES,LEGENDS,,Pathfinder
breakout,Breakout,https://www.ea.com/games/apex-legends/apex-legends/news/breakout-patch-notes,patch_notes,137,li,PATCH NOTES,LEGENDS,,Insider Knowledge Scanning Care Packages now awards 50% Ult Charge (was 100%) and 15s Ult Cooldown (was 10s) This also applies to Ring Console or Survey Beacon scans
breakout,Breakout,https://www.ea.com/games/apex-legends/apex-legends/news/breakout-patch-notes,patch_notes,138,li,PATCH NOTES,LEGENDS,,Scanning Care Packages now awards 50% Ult Charge (was 100%) and 15s Ult Cooldown (was 10s)
breakout,Breakout,https://www.ea.com/games/apex-legends/apex-legends/news/breakout-patch-notes,patch_notes,139,li,PATCH NOTES,LEGENDS,,This also applies to Ring Console or Survey Beacon scans
breakout,Breakout,https://www.ea.com/games/apex-legends/apex-legends/news/breakout-patch-notes,patch_notes,140,h3,PATCH NOTES,MAPS,,MAPS
breakout,Breakout,https://www.ea.com/games/apex-legends/apex-legends/news/breakout-patch-notes,patch_notes,141,p,PATCH NOTES,MAPS,,Map Updates
breakout,Breakout,https://www.ea.com/games/apex-legends/apex-legends/news/breakout-patch-notes,patch_notes,142,li,PATCH NOTES,MAPS,,"The Apex Games Museum on World’s Edge has an all-new exhibit that honors the history of the Outlands and the origin of the Games. Filled with interactive kiosks, artwork and red carpet flair, the museum has many interesting tidbits of information, community artwork and even some easter eggs."
breakout,Breakout,https://www.ea.com/games/apex-legends/apex-legends/news/breakout-patch-notes,patch_notes,143,li,PATCH NOTES,MAPS,,"Special celebration dressing in the form of flags, banners, and even the return of our larger than life Legend balloons can be found on every map. This year features an all-new cast designed with the Breakout aesthetic in mind."
breakout,Breakout,https://www.ea.com/games/apex-legends/apex-legends/news/breakout-patch-notes,patch_notes,144,li,PATCH NOTES,MAPS,,"Tridents, jump balloons, gravity cannons, loot bins and more have a fresh look to compliment the theme of the season."
breakout,Breakout,https://www.ea.com/games/apex-legends/apex-legends/news/breakout-patch-notes,patch_notes,145,p,PATCH NOTES,MAPS,,Thunderdome
breakout,Breakout,https://www.ea.com/games/apex-legends/apex-legends/news/breakout-patch-notes,patch_notes,146,p,PATCH NOTES,MAPS,,Feel the energy as the crowd comes alive in our first custom Mixtape map!
breakout,Breakout,https://www.ea.com/games/apex-legends/apex-legends/news/breakout-patch-notes,patch_notes,147,li,PATCH NOTES,MAPS,,"Immerse yourself in the action of a focused 3-lane multiplayer map, designed for fast-paced gameplay"
breakout,Breakout,https://www.ea.com/games/apex-legends/apex-legends/news/breakout-patch-notes,patch_notes,148,li,PATCH NOTES,MAPS,,"Playable for all mixtape game modes: Team Deathmatch, Gun Run, and Control"
breakout,Breakout,https://www.ea.com/games/apex-legends/apex-legends/news/breakout-patch-notes,patch_notes,149,li,PATCH NOTES,MAPS,,Get hyped listening to the cheers from the crowd in the arena stands
breakout,Breakout,https://www.ea.com/games/apex-legends/apex-legends/news/breakout-patch-notes,patch_notes,150,h3,PATCH NOTES,MODES,,MODES
breakout,Breakout,https://www.ea.com/games/apex-legends/apex-legends/news/breakout-patch-notes,patch_notes,151,li,PATCH NOTES,MODES,,"Mixtape Updated Loadouts to reflect Weapon Meta changes Gun Run: removed Charge Rifle, added Kraber"
breakout,Breakout,https://www.ea.com/games/apex-legends/apex-legends/news/breakout-patch-notes,patch_notes,152,li,PATCH NOTES,MODES,,Updated Loadouts to reflect Weapon Meta changes
breakout,Breakout,https://www.ea.com/games/apex-legends/apex-legends/news/breakout-patch-notes,patch_notes,153,li,PATCH NOTES,MODES,,"Gun Run: removed Charge Rifle, added Kraber"
breakout,Breakout,https://www.ea.com/games/apex-legends/apex-legends/news/breakout-patch-notes,patch_notes,154,li,PATCH NOTES,MODES,,"NEW LTM: Straight Shot—check out the collection event blog for more details Players spawn above a random POI and skydive in, no Jumpmaster Weapons spawn kitted at different rarities, streamlining loot Reduced Lobby to 30 players and shorter rounds Requeue with your party directly from the death screen"
breakout,Breakout,https://www.ea.com/games/apex-legends/apex-legends/news/breakout-patch-notes,patch_notes,155,li,PATCH NOTES,MODES,,"Players spawn above a random POI and skydive in, no Jumpmaster"
breakout,Breakout,https://www.ea.com/games/apex-legends/apex-legends/news/breakout-patch-notes,patch_notes,156,li,PATCH NOTES,MODES,,"Weapons spawn kitted at different rarities, streamlining loot"
breakout,Breakout,https://www.ea.com/games/apex-legends/apex-legends/news/breakout-patch-notes,patch_notes,157,li,PATCH NOTES,MODES,,Reduced Lobby to 30 players and shorter rounds
breakout,Breakout,https://www.ea.com/games/apex-legends/apex-legends/news/breakout-patch-notes,patch_notes,158,li,PATCH NOTES,MODES,,Requeue with your party directly from the death screen
breakout,Breakout,https://www.ea.com/games/apex-legends/apex-legends/news/breakout-patch-notes,patch_notes,159,h3,PATCH NOTES,RANKED,,RANKED
breakout,Breakout,https://www.ea.com/games/apex-legends/apex-legends/news/breakout-patch-notes,patch_notes,160,p,PATCH NOTES,RANKED,,Check out our Breakout Highlights blog for more details on Ranked Reloaded .
breakout,Breakout,https://www.ea.com/games/apex-legends/apex-legends/news/breakout-patch-notes,patch_notes,161,li,PATCH NOTES,RANKED,,Level requirement now 20 (was 50) Entry cost will return: 20 RP per Tier starting at Silver
breakout,Breakout,https://www.ea.com/games/apex-legends/apex-legends/news/breakout-patch-notes,patch_notes,162,li,PATCH NOTES,RANKED,,Entry cost will return: 20 RP per Tier starting at Silver
breakout,Breakout,https://www.ea.com/games/apex-legends/apex-legends/news/breakout-patch-notes,patch_notes,163,li,PATCH NOTES,RANKED,,Player Rankings now visible
breakout,Breakout,https://www.ea.com/games/apex-legends/apex-legends/news/breakout-patch-notes,patch_notes,164,li,PATCH NOTES,RANKED,,Promotional Trials have been removed
breakout,Breakout,https://www.ea.com/games/apex-legends/apex-legends/news/breakout-patch-notes,patch_notes,165,li,PATCH NOTES,RANKED,,Provisional Matches have been removed
breakout,Breakout,https://www.ea.com/games/apex-legends/apex-legends/news/breakout-patch-notes,patch_notes,166,li,PATCH NOTES,RANKED,,Ranked Tier RP requirements will have some increases
breakout,Breakout,https://www.ea.com/games/apex-legends/apex-legends/news/breakout-patch-notes,patch_notes,167,li,PATCH NOTES,RANKED,,"RP value will be used to matchmake. For full-stack premades, the highest RP value in the squad will be used."
breakout,Breakout,https://www.ea.com/games/apex-legends/apex-legends/news/breakout-patch-notes,patch_notes,168,li,PATCH NOTES,RANKED,,"Splits are returning Start at 1 RP at the beginning of the Season, split will drop ranking by 6 divisions"
breakout,Breakout,https://www.ea.com/games/apex-legends/apex-legends/news/breakout-patch-notes,patch_notes,169,li,PATCH NOTES,RANKED,,"Start at 1 RP at the beginning of the Season, split will drop ranking by 6 divisions"
breakout,Breakout,https://www.ea.com/games/apex-legends/apex-legends/news/breakout-patch-notes,patch_notes,170,li,PATCH NOTES,RANKED,,"Updated Bonuses Challenger Bonus: earn a 50% bonus on a elimination of a higher ranked player that was contributed to Top 5 Streak Bonus: for maintaining a placement streak of 5th or better, earn up to a maximum of a 40 RP bonus 2 match streak: +10 RP 3 match streak: +20 RP 4 match streak: +30 RP 5+ match streak: +40 RP"
breakout,Breakout,https://www.ea.com/games/apex-legends/apex-legends/news/breakout-patch-notes,patch_notes,171,li,PATCH NOTES,RANKED,,Challenger Bonus: earn a 50% bonus on a elimination of a higher ranked player that was contributed to
breakout,Breakout,https://www.ea.com/games/apex-legends/apex-legends/news/breakout-patch-notes,patch_notes,172,li,PATCH NOTES,RANKED,,"Top 5 Streak Bonus: for maintaining a placement streak of 5th or better, earn up to a maximum of a 40 RP bonus 2 match streak: +10 RP 3 match streak: +20 RP 4 match streak: +30 RP 5+ match streak: +40 RP"
breakout,Breakout,https://www.ea.com/games/apex-legends/apex-legends/news/breakout-patch-notes,patch_notes,173,li,PATCH NOTES,RANKED,,2 match streak: +10 RP
breakout,Breakout,https://www.ea.com/games/apex-legends/apex-legends/news/breakout-patch-notes,patch_notes,174,li,PATCH NOTES,RANKED,,3 match streak: +20 RP
breakout,Breakout,https://www.ea.com/games/apex-legends/apex-legends/news/breakout-patch-notes,patch_notes,175,li,PATCH NOTES,RANKED,,4 match streak: +30 RP
breakout,Breakout,https://www.ea.com/games/apex-legends/apex-legends/news/breakout-patch-notes,patch_notes,176,li,PATCH NOTES,RANKED,,5+ match streak: +40 RP
breakout,Breakout,https://www.ea.com/games/apex-legends/apex-legends/news/breakout-patch-notes,patch_notes,177,h3,PATCH NOTES,WORLD SYSTEMS,,WORLD SYSTEMS
breakout,Breakout,https://www.ea.com/games/apex-legends/apex-legends/news/breakout-patch-notes,patch_notes,178,p,PATCH NOTES,WORLD SYSTEMS,,Extended Supply Bins
breakout,Breakout,https://www.ea.com/games/apex-legends/apex-legends/news/breakout-patch-notes,patch_notes,179,li,PATCH NOTES,WORLD SYSTEMS,,"Extended Supply Bins now give Smart Gear Players can find gear upgrades for Knockdown Shields, Helmets, and Backpacks in the hidden shelf Small chance of granting purple gear if a player on the squad has white gear or none at all Small chance of granting gold gear if the entire squad has purple gear"
breakout,Breakout,https://www.ea.com/games/apex-legends/apex-legends/news/breakout-patch-notes,patch_notes,180,li,PATCH NOTES,WORLD SYSTEMS,,"Players can find gear upgrades for Knockdown Shields, Helmets, and Backpacks in the hidden shelf"
breakout,Breakout,https://www.ea.com/games/apex-legends/apex-legends/news/breakout-patch-notes,patch_notes,181,li,PATCH NOTES,WORLD SYSTEMS,,Small chance of granting purple gear if a player on the squad has white gear or none at all
breakout,Breakout,https://www.ea.com/games/apex-legends/apex-legends/news/breakout-patch-notes,patch_notes,182,li,PATCH NOTES,WORLD SYSTEMS,,Small chance of granting gold gear if the entire squad has purple gear
breakout,Breakout,https://www.ea.com/games/apex-legends/apex-legends/news/breakout-patch-notes,patch_notes,183,li,PATCH NOTES,WORLD SYSTEMS,,More reliably gives Heat Shields & MRBs when needed
breakout,Breakout,https://www.ea.com/games/apex-legends/apex-legends/news/breakout-patch-notes,patch_notes,184,li,PATCH NOTES,WORLD SYSTEMS,,Increased likelihood of getting Med Kit over Syringes
breakout,Breakout,https://www.ea.com/games/apex-legends/apex-legends/news/breakout-patch-notes,patch_notes,185,p,PATCH NOTES,WORLD SYSTEMS,,Ring Exploit Prevention
breakout,Breakout,https://www.ea.com/games/apex-legends/apex-legends/news/breakout-patch-notes,patch_notes,186,li,PATCH NOTES,WORLD SYSTEMS,,"Players spending too much time outside the Ring will be warned, then eliminated"
breakout,Breakout,https://www.ea.com/games/apex-legends/apex-legends/news/breakout-patch-notes,patch_notes,187,h2,BUG FIXES,,,BUG FIXES
breakout,Breakout,https://www.ea.com/games/apex-legends/apex-legends/news/breakout-patch-notes,patch_notes,188,li,BUG FIXES,,,Addressed known exploits to place Heat Shields and stack items on Tridents
breakout,Breakout,https://www.ea.com/games/apex-legends/apex-legends/news/breakout-patch-notes,patch_notes,189,li,BUG FIXES,,,Double-clicking in the Melee Tab now equips items
breakout,Breakout,https://www.ea.com/games/apex-legends/apex-legends/news/breakout-patch-notes,patch_notes,190,li,BUG FIXES,,,Firing Range dummies no longer clip through damaged doors
breakout,Breakout,https://www.ea.com/games/apex-legends/apex-legends/news/breakout-patch-notes,patch_notes,191,li,BUG FIXES,,,In-match Challenge display now lists all 5 challenges
breakout,Breakout,https://www.ea.com/games/apex-legends/apex-legends/news/breakout-patch-notes,patch_notes,192,li,BUG FIXES,,,Player created pings can once again be removed
breakout,Breakout,https://www.ea.com/games/apex-legends/apex-legends/news/breakout-patch-notes,patch_notes,193,li,BUG FIXES,,,Players will no longer teleport into the building overlooking the fight night ring via Trident
breakout,Breakout,https://www.ea.com/games/apex-legends/apex-legends/news/breakout-patch-notes,patch_notes,194,li,BUG FIXES,,,Valkyrie can no longer get under the turbine on Olympus
breakout,Breakout,https://www.ea.com/games/apex-legends/apex-legends/news/breakout-patch-notes,patch_notes,195,li,BUG FIXES,,,Voiceline while picking up enemy Banner Cards no longer indicates it is a squadmate
breakout,Breakout,https://www.ea.com/games/apex-legends/apex-legends/news/breakout-patch-notes,patch_notes,196,h3,BUG FIXES,AUDIO,,AUDIO
breakout,Breakout,https://www.ea.com/games/apex-legends/apex-legends/news/breakout-patch-notes,patch_notes,197,li,BUG FIXES,AUDIO,,Most in-game dialogue is now synchronized between clients
breakout,Breakout,https://www.ea.com/games/apex-legends/apex-legends/news/breakout-patch-notes,patch_notes,198,li,BUG FIXES,AUDIO,,Squad members can now be muted while spectating
breakout,Breakout,https://www.ea.com/games/apex-legends/apex-legends/news/breakout-patch-notes,patch_notes,199,h3,BUG FIXES,GRAPHICS,,GRAPHICS
breakout,Breakout,https://www.ea.com/games/apex-legends/apex-legends/news/breakout-patch-notes,patch_notes,200,li,BUG FIXES,GRAPHICS,,DX12 (PC) fixed several causes of crashes
breakout,Breakout,https://www.ea.com/games/apex-legends/apex-legends/news/breakout-patch-notes,patch_notes,201,h3,BUG FIXES,LEGENDS,,LEGENDS
breakout,Breakout,https://www.ea.com/games/apex-legends/apex-legends/news/breakout-patch-notes,patch_notes,202,li,BUG FIXES,LEGENDS,,"Ash Ult, Rampart Tac/Ult, Wattson Tac/Ult, and Loba Ult can no longer be placed out of bounds"
breakout,Breakout,https://www.ea.com/games/apex-legends/apex-legends/news/breakout-patch-notes,patch_notes,203,li,BUG FIXES,LEGENDS,,Conduit’s Tac now appears for observers
breakout,Breakout,https://www.ea.com/games/apex-legends/apex-legends/news/breakout-patch-notes,patch_notes,204,li,BUG FIXES,LEGENDS,,Mad Maggie’s Ult now destroys Gibby’s Tac
breakout,Breakout,https://www.ea.com/games/apex-legends/apex-legends/news/breakout-patch-notes,patch_notes,205,li,BUG FIXES,LEGENDS,,Mirage decoys that are destroyed by Catalyst’s Piercing Spikes no longer keep the trap active nor make hit sounds briefly after dying
breakout,Breakout,https://www.ea.com/games/apex-legends/apex-legends/news/breakout-patch-notes,patch_notes,206,h2,QUALITY OF LIFE,,,QUALITY OF LIFE
breakout,Breakout,https://www.ea.com/games/apex-legends/apex-legends/news/breakout-patch-notes,patch_notes,207,li,QUALITY OF LIFE,,,Destructible Legend abilities have consistent damage feedback Objects which previously showed red (flesh) damage numbers will now show as gray and the damage numbers will indicate if the object is destroyed Increased visibility for gray damage numbers
breakout,Breakout,https://www.ea.com/games/apex-legends/apex-legends/news/breakout-patch-notes,patch_notes,208,li,QUALITY OF LIFE,,,Objects which previously showed red (flesh) damage numbers will now show as gray and the damage numbers will indicate if the object is destroyed
breakout,Breakout,https://www.ea.com/games/apex-legends/apex-legends/news/breakout-patch-notes,patch_notes,209,li,QUALITY OF LIFE,,,Increased visibility for gray damage numbers
breakout,Breakout,https://www.ea.com/games/apex-legends/apex-legends/news/breakout-patch-notes,patch_notes,210,li,QUALITY OF LIFE,,,Firing Range: Nessie was inspired after watching some centuries old videos and wanted to change things up a bit. The yellow and purple polka-dots look quite dashing.
breakout,Breakout,https://www.ea.com/games/apex-legends/apex-legends/news/breakout-patch-notes,patch_notes,211,li,QUALITY OF LIFE,,,Gun Run: changed the Victory notification for the winning team to say “You Are the Champion” instead of “<Team> is the Champion”
breakout,Breakout,https://www.ea.com/games/apex-legends/apex-legends/news/breakout-patch-notes,patch_notes,212,li,QUALITY OF LIFE,,,Per Optic ADS Sensitivity: added an option for Seer Passive which controls how quickly you can turn while unarmed and using Heart Seeker
breakout,Breakout,https://www.ea.com/games/apex-legends/apex-legends/news/breakout-patch-notes,patch_notes,213,li,QUALITY OF LIFE,,,Performance Mode aim assist has been tuned to feel similar to 60Hz mode
breakout,Breakout,https://www.ea.com/games/apex-legends/apex-legends/news/breakout-patch-notes,patch_notes,214,li,QUALITY OF LIFE,,,"Added advanced haptics and adaptive triggers support for PlayStation and PC consoles If you encounter an issue, please ensure to connect the controller via USB and complete any updates"
breakout,Breakout,https://www.ea.com/games/apex-legends/apex-legends/news/breakout-patch-notes,patch_notes,215,li,QUALITY OF LIFE,,,"If you encounter an issue, please ensure to connect the controller via USB and complete any updates"
breakout,Breakout,https://www.ea.com/games/apex-legends/apex-legends/news/breakout-patch-notes,patch_notes,216,p,QUALITY OF LIFE,,,Navigation
breakout,Breakout,https://www.ea.com/games/apex-legends/apex-legends/news/breakout-patch-notes,patch_notes,217,li,QUALITY OF LIFE,,,Event Tab: dedicated tab appears when there is an active Event (previously under the Seasonal Tab)
breakout,Breakout,https://www.ea.com/games/apex-legends/apex-legends/news/breakout-patch-notes,patch_notes,218,li,QUALITY OF LIFE,,,"Death Menu: added a Squad Tab where you can access your groups information, report, and mute VoIP/pings while you’re dead"
breakout,Breakout,https://www.ea.com/games/apex-legends/apex-legends/news/breakout-patch-notes,patch_notes,219,li,QUALITY OF LIFE,,,Legends Tab: selected Legend will not reset to featured one when your cursor is not over a Legend
breakout,Breakout,https://www.ea.com/games/apex-legends/apex-legends/news/breakout-patch-notes,patch_notes,220,li,QUALITY OF LIFE,,,Melee Tab: Death Box icon is now clickable
breakout,Breakout,https://www.ea.com/games/apex-legends/apex-legends/news/breakout-patch-notes,patch_notes,221,li,QUALITY OF LIFE,,,"Store Tab: new subtab containing offers that were previously in Featured, Specials, Seasonal, and more with improved navigational flow and presentation"
breakout,Breakout,https://www.ea.com/games/apex-legends/apex-legends/news/breakout-patch-notes,patch_notes,222,h3,QUALITY OF LIFE,GRAPHICS,,GRAPHICS
breakout,Breakout,https://www.ea.com/games/apex-legends/apex-legends/news/breakout-patch-notes,patch_notes,223,li,QUALITY OF LIFE,GRAPHICS,,General GPU rendering optimizations for FX
breakout,Breakout,https://www.ea.com/games/apex-legends/apex-legends/news/breakout-patch-notes,patch_notes,224,li,QUALITY OF LIFE,GRAPHICS,,Improved Low Res FX rendering quality
breakout,Breakout,https://www.ea.com/games/apex-legends/apex-legends/news/breakout-patch-notes,patch_notes,225,li,QUALITY OF LIFE,GRAPHICS,,Improved Volumetric Lighting
breakout,Breakout,https://www.ea.com/games/apex-legends/apex-legends/news/breakout-patch-notes,patch_notes,226,li,QUALITY OF LIFE,GRAPHICS,,Optimized FX after stepping through a Catalyst wall for better GPU performance
breakout,Breakout,https://www.ea.com/games/apex-legends/apex-legends/news/breakout-patch-notes,patch_notes,227,li,QUALITY OF LIFE,GRAPHICS,,Optimized FX when taking damage from Fuse's ultimate for better GPU performance
breakout,Breakout,https://www.ea.com/games/apex-legends/apex-legends/news/breakout-patch-notes,patch_notes,228,li,QUALITY OF LIFE,GRAPHICS,,PS5 and Xbox X/S improved CPU graphics performance with parallelization of rendering workloads
breakout,Breakout,https://www.ea.com/games/apex-legends/apex-legends/news/breakout-patch-notes,patch_notes,229,h3,QUALITY OF LIFE,LIVEAPI UPDATES AND UPCOMING CHANGES,,LIVEAPI UPDATES AND UPCOMING CHANGES
breakout,Breakout,https://www.ea.com/games/apex-legends/apex-legends/news/breakout-patch-notes,patch_notes,230,p,QUALITY OF LIFE,LIVEAPI UPDATES AND UPCOMING CHANGES,,We are adding new gameplay event messages to LiveAPI supporting Legend Upgrades and EVO Level changes alongside improvements and bug fixes based on ongoing feedback. The schema of all events alongside technical documentation can be found in the LiveAPI folder of the game installation.
breakout,Breakout,https://www.ea.com/games/apex-legends/apex-legends/news/breakout-patch-notes,patch_notes,231,p,QUALITY OF LIFE,LIVEAPI UPDATES AND UPCOMING CHANGES,,"In order to better support LiveAPI 2.0, we will retire the existing file-based output in favor of the WebSockets connection interface. The file-based output will be turned off by default in a future patch and entirely removed from LiveAPI by Q3 2024. Developers should begin migrating their apps to the WebSockets interface in order to avoid disruptions."
breakout,Breakout,https://www.ea.com/games/apex-legends/apex-legends/news/breakout-patch-notes,patch_notes,232,p,QUALITY OF LIFE,LIVEAPI UPDATES AND UPCOMING CHANGES,,"Play Apex Legends™ for free * now on PlayStation®4, PlayStation®5, Xbox One, Xbox Series X|S, Nintendo Switch™, and PC via the EA app, Epic, and Steam."
breakout,Breakout,https://www.ea.com/games/apex-legends/apex-legends/news/breakout-patch-notes,patch_notes,233,p,QUALITY OF LIFE,LIVEAPI UPDATES AND UPCOMING CHANGES,,"Follow Apex Legends™ on X , Instagram , TikTok , subscribe to our YouTube channel , and check out our forums ."
breakout,Breakout,https://www.ea.com/games/apex-legends/apex-legends/news/breakout-patch-notes,patch_notes,234,p,QUALITY OF LIFE,LIVEAPI UPDATES AND UPCOMING CHANGES,,"Sign up for our newsletter today to receive the latest Apex Legends™ news, updates, behind-the-scenes content, exclusive offers, and more (including other EA news, products, events, and promotions) by email."
breakout,Breakout,https://www.ea.com/games/apex-legends/apex-legends/news/breakout-patch-notes,patch_notes,235,p,QUALITY OF LIFE,LIVEAPI UPDATES AND UPCOMING CHANGES,,"This announcement may change as we listen to community feedback and continue developing and evolving our Live Service & Content. We will always strive to keep our community as informed as possible. For more information, please refer to EA’s Online Service Updates at https://www.ea.com/service-updates ."
breakout,Breakout,https://www.ea.com/games/apex-legends/apex-legends/news/breakout-patch-notes,patch_notes,236,p,QUALITY OF LIFE,LIVEAPI UPDATES AND UPCOMING CHANGES,,*Applicable platform account and platform subscription (sold separately) may be required. A persistent internet connection and EA account required. Age restrictions apply. Includes in-game purchases.
breakout,Breakout,https://www.ea.com/games/apex-legends/apex-legends/news/breakout-patch-notes,patch_notes,237,p,QUALITY OF LIFE,LIVEAPI UPDATES AND UPCOMING CHANGES,,†Not available in all territories.
upheaval,Upheaval,https://www.ea.com/games/apex-legends/apex-legends/news/upheaval-patch-notes,patch_notes,1,p,,,,"May 6, 2024"
upheaval,Upheaval,https://www.ea.com/games/apex-legends/apex-legends/news/upheaval-patch-notes,patch_notes,2,p,,,,"Alter is an agent of chaos, primarily concerned with having fun and bringing about the end of the world. Everything is a game to her, and she is always looking for an advantage. Her kit adds an entirely unique dimension to the Apex Games, allowing her to create void passages through geo or escape through the Void to her Nexus when her enemies believe they have the upper hand. Her ability to craft unsuspecting rotations through the world will sow new levels of disorder in the ring and she can’t wait to watch the whole place burn."
upheaval,Upheaval,https://www.ea.com/games/apex-legends/apex-legends/news/upheaval-patch-notes,patch_notes,3,p,,,,"For more details on our newest and most devious Legend, check out our Highlights Blog . Read more about her abilities below."
upheaval,Upheaval,https://www.ea.com/games/apex-legends/apex-legends/news/upheaval-patch-notes,patch_notes,4,h3,,PASSIVE: GIFT FROM THE RIFT,,PASSIVE: GIFT FROM THE RIFT
upheaval,Upheaval,https://www.ea.com/games/apex-legends/apex-legends/news/upheaval-patch-notes,patch_notes,5,p,,PASSIVE: GIFT FROM THE RIFT,,Can remotely interact with a deathbox to claim one item. Cannot be a shield core.
upheaval,Upheaval,https://www.ea.com/games/apex-legends/apex-legends/news/upheaval-patch-notes,patch_notes,6,h3,,TACTICAL: VOID PASSAGE,,TACTICAL: VOID PASSAGE
upheaval,Upheaval,https://www.ea.com/games/apex-legends/apex-legends/news/upheaval-patch-notes,patch_notes,7,p,,TACTICAL: VOID PASSAGE,,Creates a portal passageway through a surface.
upheaval,Upheaval,https://www.ea.com/games/apex-legends/apex-legends/news/upheaval-patch-notes,patch_notes,8,h3,,ULTIMATE: VOID NEXUS,,ULTIMATE: VOID NEXUS
upheaval,Upheaval,https://www.ea.com/games/apex-legends/apex-legends/news/upheaval-patch-notes,patch_notes,9,p,,ULTIMATE: VOID NEXUS,,Create a regroup point that all allies can remotely interact with to open a phase tunnel back to that location.
upheaval,Upheaval,https://www.ea.com/games/apex-legends/apex-legends/news/upheaval-patch-notes,patch_notes,10,h3,,Upgrades,,Upgrades
upheaval,Upheaval,https://www.ea.com/games/apex-legends/apex-legends/news/upheaval-patch-notes,patch_notes,12,p,,Upgrades,,Level 2 Upgrade Options:
upheaval,Upheaval,https://www.ea.com/games/apex-legends/apex-legends/news/upheaval-patch-notes,patch_notes,13,li,,Upgrades,,Ultimate Cooldown: Reduce Ultimate cooldown by 30s.
upheaval,Upheaval,https://www.ea.com/games/apex-legends/apex-legends/news/upheaval-patch-notes,patch_notes,14,li,,Upgrades,,Void Vision: Extend highlights and see health bars after exiting Tactical.
upheaval,Upheaval,https://www.ea.com/games/apex-legends/apex-legends/news/upheaval-patch-notes,patch_notes,15,p,,Upgrades,,Level 3 Upgrade Options
upheaval,Upheaval,https://www.ea.com/games/apex-legends/apex-legends/news/upheaval-patch-notes,patch_notes,16,li,,Upgrades,,Eternal Nexus: Void Nexus no longer times out.
upheaval,Upheaval,https://www.ea.com/games/apex-legends/apex-legends/news/upheaval-patch-notes,patch_notes,17,li,,Upgrades,,Tactical Cooldown+: Reduce Tactical cooldown by 10s.
upheaval,Upheaval,https://www.ea.com/games/apex-legends/apex-legends/news/upheaval-patch-notes,patch_notes,18,h3,,SOLOS TAKEOVER,,SOLOS TAKEOVER
upheaval,Upheaval,https://www.ea.com/games/apex-legends/apex-legends/news/upheaval-patch-notes,patch_notes,19,p,,SOLOS TAKEOVER,,"In case you missed it, Solos will be taking over Duos from May 7, 2024 to June 24, 2024. We’ve taken aspects of some of our most popular modes and integrated them to keep things interesting: use your Battle Sense to detect nearby enemies, tear things up with pre-kitted weapons and attachments, and keep the fight going with auto heal and Second Chance mechanics."
upheaval,Upheaval,https://www.ea.com/games/apex-legends/apex-legends/news/upheaval-patch-notes,patch_notes,20,h3,,UPHEAVAL MAP ROTATION,,UPHEAVAL MAP ROTATION
upheaval,Upheaval,https://www.ea.com/games/apex-legends/apex-legends/news/upheaval-patch-notes,patch_notes,22,p,,UPHEAVAL MAP ROTATION,,The following maps will be available in Pubs and Ranked for the first half of this season:
upheaval,Upheaval,https://www.ea.com/games/apex-legends/apex-legends/news/upheaval-patch-notes,patch_notes,23,li,,UPHEAVAL MAP ROTATION,,Broken Moon
upheaval,Upheaval,https://www.ea.com/games/apex-legends/apex-legends/news/upheaval-patch-notes,patch_notes,24,li,,UPHEAVAL MAP ROTATION,,Kings Canyon
upheaval,Upheaval,https://www.ea.com/games/apex-legends/apex-legends/news/upheaval-patch-notes,patch_notes,25,li,,UPHEAVAL MAP ROTATION,,World’s Edge
upheaval,Upheaval,https://www.ea.com/games/apex-legends/apex-legends/news/upheaval-patch-notes,patch_notes,26,h3,,BROKEN MOON MAP UPDATE,,BROKEN MOON MAP UPDATE
upheaval,Upheaval,https://www.ea.com/games/apex-legends/apex-legends/news/upheaval-patch-notes,patch_notes,27,p,,BROKEN MOON MAP UPDATE,,Read the full breakdown of the Broken Moon updates in our Upheaval Highlights blog here .
upheaval,Upheaval,https://www.ea.com/games/apex-legends/apex-legends/news/upheaval-patch-notes,patch_notes,28,h3,,APEX ARTIFACTS,,APEX ARTIFACTS
upheaval,Upheaval,https://www.ea.com/games/apex-legends/apex-legends/news/upheaval-patch-notes,patch_notes,29,p,,APEX ARTIFACTS,,The pantheon of Apex Artifacts is expanding. Check out our dedicated blog for all things Apex Artifacts including lore connections and customizations.
upheaval,Upheaval,https://www.ea.com/games/apex-legends/apex-legends/news/upheaval-patch-notes,patch_notes,31,h3,,PATCH NOTES,,PATCH NOTES
upheaval,Upheaval,https://www.ea.com/games/apex-legends/apex-legends/news/upheaval-patch-notes,patch_notes,32,h4,,PATCH NOTES,BALANCE UPDATES,BALANCE UPDATES
upheaval,Upheaval,https://www.ea.com/games/apex-legends/apex-legends/news/upheaval-patch-notes,patch_notes,33,p,,PATCH NOTES,BALANCE UPDATES,Care Package
upheaval,Upheaval,https://www.ea.com/games/apex-legends/apex-legends/news/upheaval-patch-notes,patch_notes,34,li,,PATCH NOTES,BALANCE UPDATES,Wingman returns to the floor Projectile size reduced to pre-care package values Damage reduced to 45 (was 50) Skullpiercer Elite removed Hipfire accuracy reduced Now takes Boosted Loader Hop-Up No longer takes magazines as an attachment
upheaval,Upheaval,https://www.ea.com/games/apex-legends/apex-legends/news/upheaval-patch-notes,patch_notes,35,li,,PATCH NOTES,BALANCE UPDATES,Projectile size reduced to pre-care package values
upheaval,Upheaval,https://www.ea.com/games/apex-legends/apex-legends/news/upheaval-patch-notes,patch_notes,36,li,,PATCH NOTES,BALANCE UPDATES,Damage reduced to 45 (was 50)
upheaval,Upheaval,https://www.ea.com/games/apex-legends/apex-legends/news/upheaval-patch-notes,patch_notes,37,li,,PATCH NOTES,BALANCE UPDATES,Skullpiercer Elite removed
upheaval,Upheaval,https://www.ea.com/games/apex-legends/apex-legends/news/upheaval-patch-notes,patch_notes,38,li,,PATCH NOTES,BALANCE UPDATES,Hipfire accuracy reduced
upheaval,Upheaval,https://www.ea.com/games/apex-legends/apex-legends/news/upheaval-patch-notes,patch_notes,39,li,,PATCH NOTES,BALANCE UPDATES,Now takes Boosted Loader Hop-Up
upheaval,Upheaval,https://www.ea.com/games/apex-legends/apex-legends/news/upheaval-patch-notes,patch_notes,40,li,,PATCH NOTES,BALANCE UPDATES,No longer takes magazines as an attachment
upheaval,Upheaval,https://www.ea.com/games/apex-legends/apex-legends/news/upheaval-patch-notes,patch_notes,41,li,,PATCH NOTES,BALANCE UPDATES,Devotion enters the Care Package NEW Reverse Hipfire: sustained hipfire will tighten accuracy instead of widen Damage increased to 16 (was 15) Magazine size increased to 54 (was 48 at purple) Reserve Ammo: 324 Empty reload time significantly reduced
upheaval,Upheaval,https://www.ea.com/games/apex-legends/apex-legends/news/upheaval-patch-notes,patch_notes,42,li,,PATCH NOTES,BALANCE UPDATES,NEW Reverse Hipfire: sustained hipfire will tighten accuracy instead of widen
upheaval,Upheaval,https://www.ea.com/games/apex-legends/apex-legends/news/upheaval-patch-notes,patch_notes,43,li,,PATCH NOTES,BALANCE UPDATES,Damage increased to 16 (was 15)
upheaval,Upheaval,https://www.ea.com/games/apex-legends/apex-legends/news/upheaval-patch-notes,patch_notes,44,li,,PATCH NOTES,BALANCE UPDATES,Magazine size increased to 54 (was 48 at purple)
upheaval,Upheaval,https://www.ea.com/games/apex-legends/apex-legends/news/upheaval-patch-notes,patch_notes,45,li,,PATCH NOTES,BALANCE UPDATES,Reserve Ammo: 324
upheaval,Upheaval,https://www.ea.com/games/apex-legends/apex-legends/news/upheaval-patch-notes,patch_notes,46,li,,PATCH NOTES,BALANCE UPDATES,Empty reload time significantly reduced
upheaval,Upheaval,https://www.ea.com/games/apex-legends/apex-legends/news/upheaval-patch-notes,patch_notes,47,p,,PATCH NOTES,BALANCE UPDATES,Gold Weapons Rotation
upheaval,Upheaval,https://www.ea.com/games/apex-legends/apex-legends/news/upheaval-patch-notes,patch_notes,48,li,,PATCH NOTES,BALANCE UPDATES,"Nemesis Burst AR, Triple-Take, Peacekeeper, Prowler PDW, Longbow DMR"
upheaval,Upheaval,https://www.ea.com/games/apex-legends/apex-legends/news/upheaval-patch-notes,patch_notes,49,p,,PATCH NOTES,BALANCE UPDATES,Guaranteed Weapons out of Loot Bins
upheaval,Upheaval,https://www.ea.com/games/apex-legends/apex-legends/news/upheaval-patch-notes,patch_notes,50,li,,PATCH NOTES,BALANCE UPDATES,The first loot bin opened by an unarmed player will always contain a weapon
upheaval,Upheaval,https://www.ea.com/games/apex-legends/apex-legends/news/upheaval-patch-notes,patch_notes,51,p,,PATCH NOTES,BALANCE UPDATES,"Dev Note: Bringing knuckles to a gunfight isn’t the most engaging gameplay, so we’re improving weapon acquisition consistency in the early game. When completely unarmed, opening a bin will guarantee at least a low tier weapon."
upheaval,Upheaval,https://www.ea.com/games/apex-legends/apex-legends/news/upheaval-patch-notes,patch_notes,52,p,,PATCH NOTES,BALANCE UPDATES,Retrieving Banners from Death Boxes
upheaval,Upheaval,https://www.ea.com/games/apex-legends/apex-legends/news/upheaval-patch-notes,patch_notes,53,li,,PATCH NOTES,BALANCE UPDATES,"Collecting a banner will no longer lock the player out of critical gameplay actions Running, shooting, punching and reviving will all break out of the banner collect animation while still registering as a successful collection Players can immediately interact with a Death Box a second time while the animation is playing or continue holding the interact button to collect and enter a Death Box in one flow"
upheaval,Upheaval,https://www.ea.com/games/apex-legends/apex-legends/news/upheaval-patch-notes,patch_notes,54,li,,PATCH NOTES,BALANCE UPDATES,"Running, shooting, punching and reviving will all break out of the banner collect animation while still registering as a successful collection"
upheaval,Upheaval,https://www.ea.com/games/apex-legends/apex-legends/news/upheaval-patch-notes,patch_notes,55,li,,PATCH NOTES,BALANCE UPDATES,Players can immediately interact with a Death Box a second time while the animation is playing or continue holding the interact button to collect and enter a Death Box in one flow
upheaval,Upheaval,https://www.ea.com/games/apex-legends/apex-legends/news/upheaval-patch-notes,patch_notes,56,p,,PATCH NOTES,BALANCE UPDATES,"Dev Note: It’s happening, it’s finally happening! I’ve died, you’ve died, we’ve all died trying to help our allies get back in the fight, but at least now we can’t blame grabbing the banner! Collecting banners is a positive action in Apex and for too long we’ve punished that action with a brief moment of pure helplessness. We’re putting your gun quite literally back in your hands, so get out there and save some Octanes and Wraiths!"
upheaval,Upheaval,https://www.ea.com/games/apex-legends/apex-legends/news/upheaval-patch-notes,patch_notes,57,p,,PATCH NOTES,BALANCE UPDATES,Survival Items + Support Bins
upheaval,Upheaval,https://www.ea.com/games/apex-legends/apex-legends/news/upheaval-patch-notes,patch_notes,58,li,,PATCH NOTES,BALANCE UPDATES,Survival items now only spawn from a support bin’s tray if the team is in need
upheaval,Upheaval,https://www.ea.com/games/apex-legends/apex-legends/news/upheaval-patch-notes,patch_notes,59,p,,PATCH NOTES,BALANCE UPDATES,Dev Note: Survival items have been feeling abundant lately so we’re reducing their frequency in support bins by only spawning them when players meet specific requirements (like needing a Mobile Respawn Beacon when you’ve got eliminated allies)
upheaval,Upheaval,https://www.ea.com/games/apex-legends/apex-legends/news/upheaval-patch-notes,patch_notes,60,h4,,PATCH NOTES,WEAPONS & ATTACHMENTS,WEAPONS & ATTACHMENTS
upheaval,Upheaval,https://www.ea.com/games/apex-legends/apex-legends/news/upheaval-patch-notes,patch_notes,61,p,,PATCH NOTES,WEAPONS & ATTACHMENTS,30-30 Repeater
upheaval,Upheaval,https://www.ea.com/games/apex-legends/apex-legends/news/upheaval-patch-notes,patch_notes,62,li,,PATCH NOTES,WEAPONS & ATTACHMENTS,Skullpiercer Hop-Up removed
upheaval,Upheaval,https://www.ea.com/games/apex-legends/apex-legends/news/upheaval-patch-notes,patch_notes,63,p,,PATCH NOTES,WEAPONS & ATTACHMENTS,Dev Note: The 30-30 has been dominating the mid-long range for a few seasons and our recent adjustments weren’t quite enough to dethrone it. Removing the Skullpiercer should create some space for other Marksman and Sniper rifles to shine.
upheaval,Upheaval,https://www.ea.com/games/apex-legends/apex-legends/news/upheaval-patch-notes,patch_notes,64,p,,PATCH NOTES,WEAPONS & ATTACHMENTS,Charge Rifle
upheaval,Upheaval,https://www.ea.com/games/apex-legends/apex-legends/news/upheaval-patch-notes,patch_notes,65,li,,PATCH NOTES,WEAPONS & ATTACHMENTS,ADS recoil improved and stabilized
upheaval,Upheaval,https://www.ea.com/games/apex-legends/apex-legends/news/upheaval-patch-notes,patch_notes,66,p,,PATCH NOTES,WEAPONS & ATTACHMENTS,"Dev Note: The Charge Rifle remains a high risk-reward weapon, however the risk slightly outweighs the reward. We’ve taken a smoothing pass at its recoil so it shouldn’t be quite so unwieldy when firing."
upheaval,Upheaval,https://www.ea.com/games/apex-legends/apex-legends/news/upheaval-patch-notes,patch_notes,67,p,,PATCH NOTES,WEAPONS & ATTACHMENTS,Longbow DMR
upheaval,Upheaval,https://www.ea.com/games/apex-legends/apex-legends/news/upheaval-patch-notes,patch_notes,68,li,,PATCH NOTES,WEAPONS & ATTACHMENTS,Skullpiercer Hop-Up removed
upheaval,Upheaval,https://www.ea.com/games/apex-legends/apex-legends/news/upheaval-patch-notes,patch_notes,69,li,,PATCH NOTES,WEAPONS & ATTACHMENTS,Barrel Stabilizer attachment removed
upheaval,Upheaval,https://www.ea.com/games/apex-legends/apex-legends/news/upheaval-patch-notes,patch_notes,70,li,,PATCH NOTES,WEAPONS & ATTACHMENTS,Base recoil significantly improved
upheaval,Upheaval,https://www.ea.com/games/apex-legends/apex-legends/news/upheaval-patch-notes,patch_notes,71,li,,PATCH NOTES,WEAPONS & ATTACHMENTS,Projectile gravity reduced
upheaval,Upheaval,https://www.ea.com/games/apex-legends/apex-legends/news/upheaval-patch-notes,patch_notes,72,li,,PATCH NOTES,WEAPONS & ATTACHMENTS,ADS in and out time reduced
upheaval,Upheaval,https://www.ea.com/games/apex-legends/apex-legends/news/upheaval-patch-notes,patch_notes,73,p,,PATCH NOTES,WEAPONS & ATTACHMENTS,"Dev Note: We’ve always considered the Longbow a great entry level sniper that’s easy to run. Over time, we’ve come to realize that being a good entry level weapon and requiring lots of attachments to come online are at odds with one another. Simplifying the Longbow’s loot chase to make it more base level approachable is intended to improve its early game effectiveness and overall consistency as a sniper."
upheaval,Upheaval,https://www.ea.com/games/apex-legends/apex-legends/news/upheaval-patch-notes,patch_notes,74,p,,PATCH NOTES,WEAPONS & ATTACHMENTS,Triple-Take
upheaval,Upheaval,https://www.ea.com/games/apex-legends/apex-legends/news/upheaval-patch-notes,patch_notes,75,li,,PATCH NOTES,WEAPONS & ATTACHMENTS,Now takes Boosted Loader Hop-Up
upheaval,Upheaval,https://www.ea.com/games/apex-legends/apex-legends/news/upheaval-patch-notes,patch_notes,76,p,,PATCH NOTES,WEAPONS & ATTACHMENTS,"Dev Note: The Triple-Take is a strong weapon on paper, but it can feel a bit sluggish to maximize damage output. Providing quick reloads and extra ammo in the mag allows players to keep pressuring for longer with more chances to punish."
upheaval,Upheaval,https://www.ea.com/games/apex-legends/apex-legends/news/upheaval-patch-notes,patch_notes,77,p,,PATCH NOTES,WEAPONS & ATTACHMENTS,Hop-Ups
upheaval,Upheaval,https://www.ea.com/games/apex-legends/apex-legends/news/upheaval-patch-notes,patch_notes,78,li,,PATCH NOTES,WEAPONS & ATTACHMENTS,Skullpiercer removed from the loot pool
upheaval,Upheaval,https://www.ea.com/games/apex-legends/apex-legends/news/upheaval-patch-notes,patch_notes,79,li,,PATCH NOTES,WEAPONS & ATTACHMENTS,Boosted Loader added to the loot pool Reloading while near empty will speed up reloading and overload the next magazine with extra rounds
upheaval,Upheaval,https://www.ea.com/games/apex-legends/apex-legends/news/upheaval-patch-notes,patch_notes,80,li,,PATCH NOTES,WEAPONS & ATTACHMENTS,Reloading while near empty will speed up reloading and overload the next magazine with extra rounds
upheaval,Upheaval,https://www.ea.com/games/apex-legends/apex-legends/news/upheaval-patch-notes,patch_notes,81,p,,PATCH NOTES,WEAPONS & ATTACHMENTS,1x Digital Threat Optic
upheaval,Upheaval,https://www.ea.com/games/apex-legends/apex-legends/news/upheaval-patch-notes,patch_notes,82,li,,PATCH NOTES,WEAPONS & ATTACHMENTS,Removed from loot pool and all locked set weapons
upheaval,Upheaval,https://www.ea.com/games/apex-legends/apex-legends/news/upheaval-patch-notes,patch_notes,83,p,,PATCH NOTES,WEAPONS & ATTACHMENTS,Dev Note: The Digi represents a sharp power spike in Apex—a single loot item that both counters and synergies with a specific Legend. Its power ebbs and flows with the Legend meta in a way that proves very difficult to tune. We’re giving the 1x Digi a hiatus while we investigate healthier optic based perks.
upheaval,Upheaval,https://www.ea.com/games/apex-legends/apex-legends/news/upheaval-patch-notes,patch_notes,84,h4,,PATCH NOTES,LEGENDS,LEGENDS
upheaval,Upheaval,https://www.ea.com/games/apex-legends/apex-legends/news/upheaval-patch-notes,patch_notes,85,p,,PATCH NOTES,LEGENDS,Ash
upheaval,Upheaval,https://www.ea.com/games/apex-legends/apex-legends/news/upheaval-patch-notes,patch_notes,86,li,,PATCH NOTES,LEGENDS,Arc Snare Changed to left-hand cast No longer stows weapons or interrupts consumable use when launching
upheaval,Upheaval,https://www.ea.com/games/apex-legends/apex-legends/news/upheaval-patch-notes,patch_notes,87,li,,PATCH NOTES,LEGENDS,Changed to left-hand cast
upheaval,Upheaval,https://www.ea.com/games/apex-legends/apex-legends/news/upheaval-patch-notes,patch_notes,88,li,,PATCH NOTES,LEGENDS,No longer stows weapons or interrupts consumable use when launching
upheaval,Upheaval,https://www.ea.com/games/apex-legends/apex-legends/news/upheaval-patch-notes,patch_notes,89,li,,PATCH NOTES,LEGENDS,"Phase Breach: inspired by some Alter tech, nearby enemies will be highlighted for players traveling through the Void"
upheaval,Upheaval,https://www.ea.com/games/apex-legends/apex-legends/news/upheaval-patch-notes,patch_notes,90,p,,PATCH NOTES,LEGENDS,"Dev Note : It’s about time, huh? Allowing Ash to fire her Arc Snare with her off-hand has been something we’ve wanted to do for a while now. Holstering and redrawing her weapon to use the snare put Ash at a disadvantage in combat and minimized a lot of her play options. Ash should now be able to be much more active with her snare and apply pressure more aggressively when successful."
upheaval,Upheaval,https://www.ea.com/games/apex-legends/apex-legends/news/upheaval-patch-notes,patch_notes,91,p,,PATCH NOTES,LEGENDS,Ballistic
upheaval,Upheaval,https://www.ea.com/games/apex-legends/apex-legends/news/upheaval-patch-notes,patch_notes,92,li,,PATCH NOTES,LEGENDS,Whistler: damage from a planted smart bullet increased to 10 (was 5)
upheaval,Upheaval,https://www.ea.com/games/apex-legends/apex-legends/news/upheaval-patch-notes,patch_notes,93,li,,PATCH NOTES,LEGENDS,Upgrades Care Package Insight: removed NEW Sling-Shot: improves Ballistic’s base sling weapon to a blueset at Level 2 and a purpleset at Level 3
upheaval,Upheaval,https://www.ea.com/games/apex-legends/apex-legends/news/upheaval-patch-notes,patch_notes,94,li,,PATCH NOTES,LEGENDS,Care Package Insight: removed
upheaval,Upheaval,https://www.ea.com/games/apex-legends/apex-legends/news/upheaval-patch-notes,patch_notes,95,li,,PATCH NOTES,LEGENDS,NEW Sling-Shot: improves Ballistic’s base sling weapon to a blueset at Level 2 and a purpleset at Level 3
upheaval,Upheaval,https://www.ea.com/games/apex-legends/apex-legends/news/upheaval-patch-notes,patch_notes,96,p,,PATCH NOTES,LEGENDS,"Dev Note: We’re replacing a lackluster perk with something more interesting, especially for those Ballistic players that like tapping into their sling weapons in non-Ult scenarios. Three Tac related upgrades is plenty, let’s make some room for that third weapon."
upheaval,Upheaval,https://www.ea.com/games/apex-legends/apex-legends/news/upheaval-patch-notes,patch_notes,97,p,,PATCH NOTES,LEGENDS,Breakout: Level 2
upheaval,Upheaval,https://www.ea.com/games/apex-legends/apex-legends/news/upheaval-patch-notes,patch_notes,98,li,,PATCH NOTES,LEGENDS,Lasting Bullet: Smart Bullet duration in-world is tripled.
upheaval,Upheaval,https://www.ea.com/games/apex-legends/apex-legends/news/upheaval-patch-notes,patch_notes,99,li,,PATCH NOTES,LEGENDS,Care Package Insight: Reveal Care Packages.
upheaval,Upheaval,https://www.ea.com/games/apex-legends/apex-legends/news/upheaval-patch-notes,patch_notes,100,p,,PATCH NOTES,LEGENDS,Upheaval: Level 2
upheaval,Upheaval,https://www.ea.com/games/apex-legends/apex-legends/news/upheaval-patch-notes,patch_notes,101,li,,PATCH NOTES,LEGENDS,Lasting Bullet: Smart Bullet duration in-world is tripled.
upheaval,Upheaval,https://www.ea.com/games/apex-legends/apex-legends/news/upheaval-patch-notes,patch_notes,102,li,,PATCH NOTES,LEGENDS,Sling-Shot: Sling weapon levels up with each upgrade selection.
upheaval,Upheaval,https://www.ea.com/games/apex-legends/apex-legends/news/upheaval-patch-notes,patch_notes,103,p,,PATCH NOTES,LEGENDS,Bloodhound
upheaval,Upheaval,https://www.ea.com/games/apex-legends/apex-legends/news/upheaval-patch-notes,patch_notes,104,li,,PATCH NOTES,LEGENDS,Beast of the Hunt Cooldown increased to 4m (was 3m) Knocks with Ult active no longer extend duration
upheaval,Upheaval,https://www.ea.com/games/apex-legends/apex-legends/news/upheaval-patch-notes,patch_notes,105,li,,PATCH NOTES,LEGENDS,Cooldown increased to 4m (was 3m)
upheaval,Upheaval,https://www.ea.com/games/apex-legends/apex-legends/news/upheaval-patch-notes,patch_notes,106,li,,PATCH NOTES,LEGENDS,Knocks with Ult active no longer extend duration
upheaval,Upheaval,https://www.ea.com/games/apex-legends/apex-legends/news/upheaval-patch-notes,patch_notes,107,li,,PATCH NOTES,LEGENDS,Upgrades: Level 3 Tactical Cooldown: removed Taste of Blood: buffed HP gain on knock to 50 (was 25) NEW Long Hunt: knocks extend Beast of the Hunt duration
upheaval,Upheaval,https://www.ea.com/games/apex-legends/apex-legends/news/upheaval-patch-notes,patch_notes,108,li,,PATCH NOTES,LEGENDS,Tactical Cooldown: removed
upheaval,Upheaval,https://www.ea.com/games/apex-legends/apex-legends/news/upheaval-patch-notes,patch_notes,109,li,,PATCH NOTES,LEGENDS,Taste of Blood: buffed HP gain on knock to 50 (was 25)
upheaval,Upheaval,https://www.ea.com/games/apex-legends/apex-legends/news/upheaval-patch-notes,patch_notes,110,li,,PATCH NOTES,LEGENDS,NEW Long Hunt: knocks extend Beast of the Hunt duration
upheaval,Upheaval,https://www.ea.com/games/apex-legends/apex-legends/news/upheaval-patch-notes,patch_notes,111,p,,PATCH NOTES,LEGENDS,"Dev Note: Beast of the Hunt has a lot of power baked into it considering perfect vision through smoke, increased move speed, and a generous extension timer. We wanted to break that down to see if players lean into a specific playstyle and ax the uninteresting hidden power of a decreased Tac cooldown. Bloodhound synergizes very well with two of the most popular Legends at the comp level, but we want to be mindful of their appeal across skill bands. We’re not doing anything big to this approachable Legend until we gauge their place at the top-end in a digi free world."
upheaval,Upheaval,https://www.ea.com/games/apex-legends/apex-legends/news/upheaval-patch-notes,patch_notes,112,p,,PATCH NOTES,LEGENDS,Breakout: Level 3
upheaval,Upheaval,https://www.ea.com/games/apex-legends/apex-legends/news/upheaval-patch-notes,patch_notes,113,li,,PATCH NOTES,LEGENDS,Taste of Blood: Gain 25 hp on knocks while Ultimate is active.
upheaval,Upheaval,https://www.ea.com/games/apex-legends/apex-legends/news/upheaval-patch-notes,patch_notes,114,li,,PATCH NOTES,LEGENDS,Tactical Cooldown: -5s Tac Cooldown
upheaval,Upheaval,https://www.ea.com/games/apex-legends/apex-legends/news/upheaval-patch-notes,patch_notes,115,p,,PATCH NOTES,LEGENDS,Upheaval: Level 3
upheaval,Upheaval,https://www.ea.com/games/apex-legends/apex-legends/news/upheaval-patch-notes,patch_notes,116,li,,PATCH NOTES,LEGENDS,Long Hunt: Knocks extend Beast of the Hunt duration.
upheaval,Upheaval,https://www.ea.com/games/apex-legends/apex-legends/news/upheaval-patch-notes,patch_notes,117,li,,PATCH NOTES,LEGENDS,Taste of Blood: Gain 50 hp on knocks while Ultimate is active.
upheaval,Upheaval,https://www.ea.com/games/apex-legends/apex-legends/news/upheaval-patch-notes,patch_notes,118,p,,PATCH NOTES,LEGENDS,Catalyst
upheaval,Upheaval,https://www.ea.com/games/apex-legends/apex-legends/news/upheaval-patch-notes,patch_notes,119,li,,PATCH NOTES,LEGENDS,Piercing Spikes Cooldown decreased to 20s (was 25s) Long Cast upgrade integrated into base Tactical
upheaval,Upheaval,https://www.ea.com/games/apex-legends/apex-legends/news/upheaval-patch-notes,patch_notes,120,li,,PATCH NOTES,LEGENDS,Cooldown decreased to 20s (was 25s)
upheaval,Upheaval,https://www.ea.com/games/apex-legends/apex-legends/news/upheaval-patch-notes,patch_notes,121,li,,PATCH NOTES,LEGENDS,Long Cast upgrade integrated into base Tactical
upheaval,Upheaval,https://www.ea.com/games/apex-legends/apex-legends/news/upheaval-patch-notes,patch_notes,122,li,,PATCH NOTES,LEGENDS,Dark Veil Dark Veil length increased to 45m (was 40m)
upheaval,Upheaval,https://www.ea.com/games/apex-legends/apex-legends/news/upheaval-patch-notes,patch_notes,123,li,,PATCH NOTES,LEGENDS,Dark Veil length increased to 45m (was 40m)
upheaval,Upheaval,https://www.ea.com/games/apex-legends/apex-legends/news/upheaval-patch-notes,patch_notes,124,li,,PATCH NOTES,LEGENDS,Upgrades Long Cast: removed Long Veil: moved to Level 2 NEW Ferro-Door: fully rebuild and reinforce missing doors with Passive.
upheaval,Upheaval,https://www.ea.com/games/apex-legends/apex-legends/news/upheaval-patch-notes,patch_notes,125,li,,PATCH NOTES,LEGENDS,Long Cast: removed
upheaval,Upheaval,https://www.ea.com/games/apex-legends/apex-legends/news/upheaval-patch-notes,patch_notes,126,li,,PATCH NOTES,LEGENDS,Long Veil: moved to Level 2
upheaval,Upheaval,https://www.ea.com/games/apex-legends/apex-legends/news/upheaval-patch-notes,patch_notes,127,li,,PATCH NOTES,LEGENDS,NEW Ferro-Door: fully rebuild and reinforce missing doors with Passive.
upheaval,Upheaval,https://www.ea.com/games/apex-legends/apex-legends/news/upheaval-patch-notes,patch_notes,128,p,,PATCH NOTES,LEGENDS,"Dev Note : Catalyst could use some love after her Ult nerfs, and Sister Spikes needed some competition. Hopefully making Tac charges more available with a baseline cooldown buff and creating a situationally strong alternative via passive upgrade helps strike a balance. Now that the Ult upgrades are decoupled, there are some difficult choices to make at both levels that we suspect are influenced by match flow. Will you hunker down with a friendly zone pull, or will you need an upgraded wall to help with rotations?"
upheaval,Upheaval,https://www.ea.com/games/apex-legends/apex-legends/news/upheaval-patch-notes,patch_notes,129,p,,PATCH NOTES,LEGENDS,Breakout: Level 2
upheaval,Upheaval,https://www.ea.com/games/apex-legends/apex-legends/news/upheaval-patch-notes,patch_notes,130,li,,PATCH NOTES,LEGENDS,Sister Spikes: Increase max number of active Spikes by one.
upheaval,Upheaval,https://www.ea.com/games/apex-legends/apex-legends/news/upheaval-patch-notes,patch_notes,131,li,,PATCH NOTES,LEGENDS,Long Cast: Increase Spike throw range by 40%.
upheaval,Upheaval,https://www.ea.com/games/apex-legends/apex-legends/news/upheaval-patch-notes,patch_notes,132,p,,PATCH NOTES,LEGENDS,Upheaval: Level 2
upheaval,Upheaval,https://www.ea.com/games/apex-legends/apex-legends/news/upheaval-patch-notes,patch_notes,133,li,,PATCH NOTES,LEGENDS,Long Veil: Increase Ultimate length by 15m.
upheaval,Upheaval,https://www.ea.com/games/apex-legends/apex-legends/news/upheaval-patch-notes,patch_notes,134,li,,PATCH NOTES,LEGENDS,Sister Spikes: Increase max number of active Spikes by one.
upheaval,Upheaval,https://www.ea.com/games/apex-legends/apex-legends/news/upheaval-patch-notes,patch_notes,135,p,,PATCH NOTES,LEGENDS,Breakout: Level 3
upheaval,Upheaval,https://www.ea.com/games/apex-legends/apex-legends/news/upheaval-patch-notes,patch_notes,136,li,,PATCH NOTES,LEGENDS,Resilient Veil: Increase Ultimate lifetime by 5s
upheaval,Upheaval,https://www.ea.com/games/apex-legends/apex-legends/news/upheaval-patch-notes,patch_notes,137,li,,PATCH NOTES,LEGENDS,Long Veil: Increase Ultimate length by 15m
upheaval,Upheaval,https://www.ea.com/games/apex-legends/apex-legends/news/upheaval-patch-notes,patch_notes,138,p,,PATCH NOTES,LEGENDS,Upheaval: Level 3
upheaval,Upheaval,https://www.ea.com/games/apex-legends/apex-legends/news/upheaval-patch-notes,patch_notes,139,li,,PATCH NOTES,LEGENDS,Ferro-Door: Fully rebuild and reinforce missing doors with Passive.
upheaval,Upheaval,https://www.ea.com/games/apex-legends/apex-legends/news/upheaval-patch-notes,patch_notes,140,li,,PATCH NOTES,LEGENDS,Resilient Veil: Increase Ultimate lifetime by 5s.
upheaval,Upheaval,https://www.ea.com/games/apex-legends/apex-legends/news/upheaval-patch-notes,patch_notes,141,p,,PATCH NOTES,LEGENDS,Caustic
upheaval,Upheaval,https://www.ea.com/games/apex-legends/apex-legends/news/upheaval-patch-notes,patch_notes,142,li,,PATCH NOTES,LEGENDS,Gas damage and slow now stops immediately after Caustic's squad is eliminated
upheaval,Upheaval,https://www.ea.com/games/apex-legends/apex-legends/news/upheaval-patch-notes,patch_notes,143,li,,PATCH NOTES,LEGENDS,"Gas damage ramps from 4 → 10 max (was 5 → uncapped), damage on knocked players down to flat 4 (was 5)"
upheaval,Upheaval,https://www.ea.com/games/apex-legends/apex-legends/news/upheaval-patch-notes,patch_notes,144,p,,PATCH NOTES,LEGENDS,Conduit
upheaval,Upheaval,https://www.ea.com/games/apex-legends/apex-legends/news/upheaval-patch-notes,patch_notes,145,li,,PATCH NOTES,LEGENDS,"Radiant Transfer Can no longer target a Revenant while Forged Shadows is active When Revenant activates Forged Shadows, any temporary shield generation ends immediately. Revenant will keep any temporary shields generated before activating his Ultimate."
upheaval,Upheaval,https://www.ea.com/games/apex-legends/apex-legends/news/upheaval-patch-notes,patch_notes,146,li,,PATCH NOTES,LEGENDS,Can no longer target a Revenant while Forged Shadows is active
upheaval,Upheaval,https://www.ea.com/games/apex-legends/apex-legends/news/upheaval-patch-notes,patch_notes,147,li,,PATCH NOTES,LEGENDS,"When Revenant activates Forged Shadows, any temporary shield generation ends immediately. Revenant will keep any temporary shields generated before activating his Ultimate."
upheaval,Upheaval,https://www.ea.com/games/apex-legends/apex-legends/news/upheaval-patch-notes,patch_notes,148,li,,PATCH NOTES,LEGENDS,Upgrades Battery Collection: removed NEW Battpack: can stack up to 3 Shield Batteries per inventory slot (doesn’t stack with Gold Backpack)
upheaval,Upheaval,https://www.ea.com/games/apex-legends/apex-legends/news/upheaval-patch-notes,patch_notes,149,li,,PATCH NOTES,LEGENDS,Battery Collection: removed
upheaval,Upheaval,https://www.ea.com/games/apex-legends/apex-legends/news/upheaval-patch-notes,patch_notes,150,li,,PATCH NOTES,LEGENDS,NEW Battpack: can stack up to 3 Shield Batteries per inventory slot (doesn’t stack with Gold Backpack)
upheaval,Upheaval,https://www.ea.com/games/apex-legends/apex-legends/news/upheaval-patch-notes,patch_notes,151,p,,PATCH NOTES,LEGENDS,Dev Note : Conduit maintains a healthy pick rate and has cemented herself as a strong Support pick even after her last round of nerfs. We don’t want to hit her effectiveness as a Legend that pushes the tempo in combat. This is a targeted nerf to one of her synergies that felt more exploitable than we’d like.
upheaval,Upheaval,https://www.ea.com/games/apex-legends/apex-legends/news/upheaval-patch-notes,patch_notes,152,p,,PATCH NOTES,LEGENDS,Breakout: Level 2
upheaval,Upheaval,https://www.ea.com/games/apex-legends/apex-legends/news/upheaval-patch-notes,patch_notes,153,li,,PATCH NOTES,LEGENDS,Battery Collection: See Battery Count of death boxes.
upheaval,Upheaval,https://www.ea.com/games/apex-legends/apex-legends/news/upheaval-patch-notes,patch_notes,154,li,,PATCH NOTES,LEGENDS,Bigger Jam: Jammer damage radius increased by 20%.
upheaval,Upheaval,https://www.ea.com/games/apex-legends/apex-legends/news/upheaval-patch-notes,patch_notes,155,p,,PATCH NOTES,LEGENDS,Upheaval: Level 2
upheaval,Upheaval,https://www.ea.com/games/apex-legends/apex-legends/news/upheaval-patch-notes,patch_notes,156,li,,PATCH NOTES,LEGENDS,Battpack: Stack up to 3 batteries per inventory slot.
upheaval,Upheaval,https://www.ea.com/games/apex-legends/apex-legends/news/upheaval-patch-notes,patch_notes,157,li,,PATCH NOTES,LEGENDS,Bigger Jam: Jammer damage radius increased by 20%.
upheaval,Upheaval,https://www.ea.com/games/apex-legends/apex-legends/news/upheaval-patch-notes,patch_notes,158,p,,PATCH NOTES,LEGENDS,Crypto
upheaval,Upheaval,https://www.ea.com/games/apex-legends/apex-legends/news/upheaval-patch-notes,patch_notes,159,li,,PATCH NOTES,LEGENDS,Neurolink Network Traffic upgrade now integrated into base kit Squadcount banners are now visible anytime the drone is in a deployed state
upheaval,Upheaval,https://www.ea.com/games/apex-legends/apex-legends/news/upheaval-patch-notes,patch_notes,160,li,,PATCH NOTES,LEGENDS,Network Traffic upgrade now integrated into base kit
upheaval,Upheaval,https://www.ea.com/games/apex-legends/apex-legends/news/upheaval-patch-notes,patch_notes,161,li,,PATCH NOTES,LEGENDS,Squadcount banners are now visible anytime the drone is in a deployed state
upheaval,Upheaval,https://www.ea.com/games/apex-legends/apex-legends/news/upheaval-patch-notes,patch_notes,162,li,,PATCH NOTES,LEGENDS,Upgrades: Level 2 Tac & Ultimate Cooldowns: removed Network Expansion: moved to Level 2 NEW Quick Ping: improved drone handling (faster accel/decel)
upheaval,Upheaval,https://www.ea.com/games/apex-legends/apex-legends/news/upheaval-patch-notes,patch_notes,163,li,,PATCH NOTES,LEGENDS,Tac & Ultimate Cooldowns: removed
upheaval,Upheaval,https://www.ea.com/games/apex-legends/apex-legends/news/upheaval-patch-notes,patch_notes,164,li,,PATCH NOTES,LEGENDS,Network Expansion: moved to Level 2
upheaval,Upheaval,https://www.ea.com/games/apex-legends/apex-legends/news/upheaval-patch-notes,patch_notes,165,li,,PATCH NOTES,LEGENDS,NEW Quick Ping: improved drone handling (faster accel/decel)
upheaval,Upheaval,https://www.ea.com/games/apex-legends/apex-legends/news/upheaval-patch-notes,patch_notes,166,li,,PATCH NOTES,LEGENDS,"Upgrades: Level 3 NEW Satellite Imagery: drone scan persists for an additional 1.5s NEW Hackathon: cut the drone cooldown in half, gain a speed boost anytime he uses his Ult or the drone is destroyed"
upheaval,Upheaval,https://www.ea.com/games/apex-legends/apex-legends/news/upheaval-patch-notes,patch_notes,167,li,,PATCH NOTES,LEGENDS,NEW Satellite Imagery: drone scan persists for an additional 1.5s
upheaval,Upheaval,https://www.ea.com/games/apex-legends/apex-legends/news/upheaval-patch-notes,patch_notes,168,li,,PATCH NOTES,LEGENDS,"NEW Hackathon: cut the drone cooldown in half, gain a speed boost anytime he uses his Ult or the drone is destroyed"
upheaval,Upheaval,https://www.ea.com/games/apex-legends/apex-legends/news/upheaval-patch-notes,patch_notes,169,p,,PATCH NOTES,LEGENDS,Dev Note : Crypto’s upgrades at the start of Season 20 left a lot to be desired. We hope this suite of changes resonates with a couple different playstyle types—particularly when it comes to players’ affinity to pilot the drone more actively vs. passively.
upheaval,Upheaval,https://www.ea.com/games/apex-legends/apex-legends/news/upheaval-patch-notes,patch_notes,170,p,,PATCH NOTES,LEGENDS,Breakout: Level 2
upheaval,Upheaval,https://www.ea.com/games/apex-legends/apex-legends/news/upheaval-patch-notes,patch_notes,171,li,,PATCH NOTES,LEGENDS,Tactical Cooldown+: Reduce Tactical cooldown by 10 seconds.
upheaval,Upheaval,https://www.ea.com/games/apex-legends/apex-legends/news/upheaval-patch-notes,patch_notes,172,li,,PATCH NOTES,LEGENDS,Ultimate Cooldown: Reduce Ultimate cooldown by 20%.
upheaval,Upheaval,https://www.ea.com/games/apex-legends/apex-legends/news/upheaval-patch-notes,patch_notes,173,p,,PATCH NOTES,LEGENDS,Upheaval: Level 2
upheaval,Upheaval,https://www.ea.com/games/apex-legends/apex-legends/news/upheaval-patch-notes,patch_notes,174,li,,PATCH NOTES,LEGENDS,Network Expansion: Passive & Ult range increased by 25%.
upheaval,Upheaval,https://www.ea.com/games/apex-legends/apex-legends/news/upheaval-patch-notes,patch_notes,175,li,,PATCH NOTES,LEGENDS,Quick Transmission: Improved drone handling.
upheaval,Upheaval,https://www.ea.com/games/apex-legends/apex-legends/news/upheaval-patch-notes,patch_notes,176,p,,PATCH NOTES,LEGENDS,Breakout: Level 3
upheaval,Upheaval,https://www.ea.com/games/apex-legends/apex-legends/news/upheaval-patch-notes,patch_notes,177,li,,PATCH NOTES,LEGENDS,Network Expansion: Passive & Ult range increased by 25%.
upheaval,Upheaval,https://www.ea.com/games/apex-legends/apex-legends/news/upheaval-patch-notes,patch_notes,178,li,,PATCH NOTES,LEGENDS,Network Traffic: Deploying the drone calls out squads in the area.
upheaval,Upheaval,https://www.ea.com/games/apex-legends/apex-legends/news/upheaval-patch-notes,patch_notes,179,p,,PATCH NOTES,LEGENDS,Upheaval: Level 3
upheaval,Upheaval,https://www.ea.com/games/apex-legends/apex-legends/news/upheaval-patch-notes,patch_notes,180,li,,PATCH NOTES,LEGENDS,Hackathon: Double drone recharge rate; gain speed boost when it explodes.
upheaval,Upheaval,https://www.ea.com/games/apex-legends/apex-legends/news/upheaval-patch-notes,patch_notes,181,li,,PATCH NOTES,LEGENDS,Satellite Imagery: Drone scan persists for 1.5 seconds.
upheaval,Upheaval,https://www.ea.com/games/apex-legends/apex-legends/news/upheaval-patch-notes,patch_notes,182,p,,PATCH NOTES,LEGENDS,Fuse
upheaval,Upheaval,https://www.ea.com/games/apex-legends/apex-legends/news/upheaval-patch-notes,patch_notes,183,li,,PATCH NOTES,LEGENDS,Upgrades Big Bang: removed NEW Ring Master: gain access to Ring Consoles Scar Tissue: Simplified and buffed damage mitigation to remove lingering burn effects Take a flat 20 damage when crossing The Motherlode instead of 37 (50% of 75 hp) over time Wreckless: fixed explosive damage mitigation not being applied on continuous Knuckle Cluster hits (should only take about 32 damage from a full Knuckle Cluster now with Wreckless)
upheaval,Upheaval,https://www.ea.com/games/apex-legends/apex-legends/news/upheaval-patch-notes,patch_notes,184,li,,PATCH NOTES,LEGENDS,Big Bang: removed
upheaval,Upheaval,https://www.ea.com/games/apex-legends/apex-legends/news/upheaval-patch-notes,patch_notes,185,li,,PATCH NOTES,LEGENDS,NEW Ring Master: gain access to Ring Consoles
upheaval,Upheaval,https://www.ea.com/games/apex-legends/apex-legends/news/upheaval-patch-notes,patch_notes,186,li,,PATCH NOTES,LEGENDS,Scar Tissue: Simplified and buffed damage mitigation to remove lingering burn effects Take a flat 20 damage when crossing The Motherlode instead of 37 (50% of 75 hp) over time
upheaval,Upheaval,https://www.ea.com/games/apex-legends/apex-legends/news/upheaval-patch-notes,patch_notes,187,li,,PATCH NOTES,LEGENDS,Simplified and buffed damage mitigation to remove lingering burn effects
upheaval,Upheaval,https://www.ea.com/games/apex-legends/apex-legends/news/upheaval-patch-notes,patch_notes,188,li,,PATCH NOTES,LEGENDS,Take a flat 20 damage when crossing The Motherlode instead of 37 (50% of 75 hp) over time
upheaval,Upheaval,https://www.ea.com/games/apex-legends/apex-legends/news/upheaval-patch-notes,patch_notes,189,li,,PATCH NOTES,LEGENDS,Wreckless: fixed explosive damage mitigation not being applied on continuous Knuckle Cluster hits (should only take about 32 damage from a full Knuckle Cluster now with Wreckless)
upheaval,Upheaval,https://www.ea.com/games/apex-legends/apex-legends/news/upheaval-patch-notes,patch_notes,190,p,,PATCH NOTES,LEGENDS,"Dev Note : Fuse is destruction and chaos. The goal of these changes, whether it be a new strategic-level upgrade or a simplification of a convoluted damage model, is to bring some method to the madness."
upheaval,Upheaval,https://www.ea.com/games/apex-legends/apex-legends/news/upheaval-patch-notes,patch_notes,191,p,,PATCH NOTES,LEGENDS,Breakout: Level 2
upheaval,Upheaval,https://www.ea.com/games/apex-legends/apex-legends/news/upheaval-patch-notes,patch_notes,192,li,,PATCH NOTES,LEGENDS,Big Bang: See ordnance through walls & death boxes.
upheaval,Upheaval,https://www.ea.com/games/apex-legends/apex-legends/news/upheaval-patch-notes,patch_notes,193,li,,PATCH NOTES,LEGENDS,Scar Tissue: Take 50% damage and ignore slow effects of The Motherlode.
upheaval,Upheaval,https://www.ea.com/games/apex-legends/apex-legends/news/upheaval-patch-notes,patch_notes,194,p,,PATCH NOTES,LEGENDS,Upheaval: Level 2
upheaval,Upheaval,https://www.ea.com/games/apex-legends/apex-legends/news/upheaval-patch-notes,patch_notes,195,li,,PATCH NOTES,LEGENDS,Ring Master: Gain access to Ring Consoles.
upheaval,Upheaval,https://www.ea.com/games/apex-legends/apex-legends/news/upheaval-patch-notes,patch_notes,196,li,,PATCH NOTES,LEGENDS,Scar Tissue: Take 20 damage and ignore slow effects from The Motherlode.
upheaval,Upheaval,https://www.ea.com/games/apex-legends/apex-legends/news/upheaval-patch-notes,patch_notes,197,p,,PATCH NOTES,LEGENDS,Newcastle
upheaval,Upheaval,https://www.ea.com/games/apex-legends/apex-legends/news/upheaval-patch-notes,patch_notes,198,li,,PATCH NOTES,LEGENDS,Mobile Shield: throw anim speed increased (~2.5x faster)
upheaval,Upheaval,https://www.ea.com/games/apex-legends/apex-legends/news/upheaval-patch-notes,patch_notes,199,li,,PATCH NOTES,LEGENDS,Castle Wall Will now destroy incoming projectiles headed towards the front of the wall while energized. It will not destroy projectiles fired from behind the wall nor bombardments from other Legend’s Ultimate projectiles. Castle Wall energized duration increased to 1m (was 30s)
upheaval,Upheaval,https://www.ea.com/games/apex-legends/apex-legends/news/upheaval-patch-notes,patch_notes,200,li,,PATCH NOTES,LEGENDS,Will now destroy incoming projectiles headed towards the front of the wall while energized. It will not destroy projectiles fired from behind the wall nor bombardments from other Legend’s Ultimate projectiles.
upheaval,Upheaval,https://www.ea.com/games/apex-legends/apex-legends/news/upheaval-patch-notes,patch_notes,201,li,,PATCH NOTES,LEGENDS,Castle Wall energized duration increased to 1m (was 30s)
upheaval,Upheaval,https://www.ea.com/games/apex-legends/apex-legends/news/upheaval-patch-notes,patch_notes,202,li,,PATCH NOTES,LEGENDS,Upgrade - Stronghold: increased energized duration to 3m (was 2.5m)
upheaval,Upheaval,https://www.ea.com/games/apex-legends/apex-legends/news/upheaval-patch-notes,patch_notes,203,p,,PATCH NOTES,LEGENDS,"Dev Note : The Castle Wall’s in-game strength rarely matches the grandeur of its presentation. More often than not, the wall serves as a grenade beacon to surrounding threats knowing that Newcastle just jumped to an ally in distress. An Ultimate-level wall should not fail as much as it does, especially on a Support Legend that’s built around turning the tide when his squad starts losing the advantage. The wall now requires more calculated counterplay and makes the Stronghold upgrade a more compelling option. We were also finding the long wind-up when tossing his Mobile Shield left him pretty vulnerable trying to get back to his weapon, so we’ve sped up the animation to let him be more reactive with it."
upheaval,Upheaval,https://www.ea.com/games/apex-legends/apex-legends/news/upheaval-patch-notes,patch_notes,204,p,,PATCH NOTES,LEGENDS,Octane
upheaval,Upheaval,https://www.ea.com/games/apex-legends/apex-legends/news/upheaval-patch-notes,patch_notes,205,li,,PATCH NOTES,LEGENDS,"Upgrades Wreckless: removed Mad Hops moved to Level 2 Thick Skin: now Level 2 and 3, updated to take 5 less Stim damage to reflect that it can be selected twice (was -25%)"
upheaval,Upheaval,https://www.ea.com/games/apex-legends/apex-legends/news/upheaval-patch-notes,patch_notes,206,li,,PATCH NOTES,LEGENDS,Wreckless: removed
upheaval,Upheaval,https://www.ea.com/games/apex-legends/apex-legends/news/upheaval-patch-notes,patch_notes,207,li,,PATCH NOTES,LEGENDS,Mad Hops moved to Level 2
upheaval,Upheaval,https://www.ea.com/games/apex-legends/apex-legends/news/upheaval-patch-notes,patch_notes,208,li,,PATCH NOTES,LEGENDS,"Thick Skin: now Level 2 and 3, updated to take 5 less Stim damage to reflect that it can be selected twice (was -25%)"
upheaval,Upheaval,https://www.ea.com/games/apex-legends/apex-legends/news/upheaval-patch-notes,patch_notes,209,p,,PATCH NOTES,LEGENDS,"Dev Note : Octane has a “Plus Ultra'' tattoo, so we shouldn’t inhibit his ability to double down on his tac or ult. While Wreckless was thematically fun, Octane already has one of the best forms of explosive damage mitigation that’s less hidden: stim away."
upheaval,Upheaval,https://www.ea.com/games/apex-legends/apex-legends/news/upheaval-patch-notes,patch_notes,210,p,,PATCH NOTES,LEGENDS,Breakout: Level 2
upheaval,Upheaval,https://www.ea.com/games/apex-legends/apex-legends/news/upheaval-patch-notes,patch_notes,211,li,,PATCH NOTES,LEGENDS,Thick Skin: -25% Stim damage
upheaval,Upheaval,https://www.ea.com/games/apex-legends/apex-legends/news/upheaval-patch-notes,patch_notes,212,li,,PATCH NOTES,LEGENDS,Wreckless: -50% Explosive damage
upheaval,Upheaval,https://www.ea.com/games/apex-legends/apex-legends/news/upheaval-patch-notes,patch_notes,213,p,,PATCH NOTES,LEGENDS,Upheaval: Level 2
upheaval,Upheaval,https://www.ea.com/games/apex-legends/apex-legends/news/upheaval-patch-notes,patch_notes,214,li,,PATCH NOTES,LEGENDS,Mad Hops: Gain an extra Launch Pad charge.
upheaval,Upheaval,https://www.ea.com/games/apex-legends/apex-legends/news/upheaval-patch-notes,patch_notes,215,li,,PATCH NOTES,LEGENDS,Thick Skin: Take 5 less Stim damage.
upheaval,Upheaval,https://www.ea.com/games/apex-legends/apex-legends/news/upheaval-patch-notes,patch_notes,216,p,,PATCH NOTES,LEGENDS,Breakout: Level 3
upheaval,Upheaval,https://www.ea.com/games/apex-legends/apex-legends/news/upheaval-patch-notes,patch_notes,217,li,,PATCH NOTES,LEGENDS,Mad Hops: Gain an extra Launch Pad charge.
upheaval,Upheaval,https://www.ea.com/games/apex-legends/apex-legends/news/upheaval-patch-notes,patch_notes,218,li,,PATCH NOTES,LEGENDS,Airborne Agility: Change directions with Launch Pad double-jump.
upheaval,Upheaval,https://www.ea.com/games/apex-legends/apex-legends/news/upheaval-patch-notes,patch_notes,219,p,,PATCH NOTES,LEGENDS,Upheaval: Level 3
upheaval,Upheaval,https://www.ea.com/games/apex-legends/apex-legends/news/upheaval-patch-notes,patch_notes,220,li,,PATCH NOTES,LEGENDS,Airborne Agility: Change directions with Launch Pad double-jump.
upheaval,Upheaval,https://www.ea.com/games/apex-legends/apex-legends/news/upheaval-patch-notes,patch_notes,221,li,,PATCH NOTES,LEGENDS,Thick Skin: Take 5 less Stim damage.
upheaval,Upheaval,https://www.ea.com/games/apex-legends/apex-legends/news/upheaval-patch-notes,patch_notes,222,p,,PATCH NOTES,LEGENDS,Wattson
upheaval,Upheaval,https://www.ea.com/games/apex-legends/apex-legends/news/upheaval-patch-notes,patch_notes,223,li,,PATCH NOTES,LEGENDS,Upgrades Falling Stars: Pylons will stop spawning Arc Stars when her squad is eliminated Split Circuit: no longer reduces shield regen capacity
upheaval,Upheaval,https://www.ea.com/games/apex-legends/apex-legends/news/upheaval-patch-notes,patch_notes,224,li,,PATCH NOTES,LEGENDS,Falling Stars: Pylons will stop spawning Arc Stars when her squad is eliminated
upheaval,Upheaval,https://www.ea.com/games/apex-legends/apex-legends/news/upheaval-patch-notes,patch_notes,225,li,,PATCH NOTES,LEGENDS,Split Circuit: no longer reduces shield regen capacity
upheaval,Upheaval,https://www.ea.com/games/apex-legends/apex-legends/news/upheaval-patch-notes,patch_notes,226,p,,PATCH NOTES,LEGENDS,Wraith
upheaval,Upheaval,https://www.ea.com/games/apex-legends/apex-legends/news/upheaval-patch-notes,patch_notes,227,li,,PATCH NOTES,LEGENDS,Into the Void and Dimensional Rift: nearby enemies will be highlighted for players traveling through the Void
upheaval,Upheaval,https://www.ea.com/games/apex-legends/apex-legends/news/upheaval-patch-notes,patch_notes,228,h3,,MAPS,,MAPS
upheaval,Upheaval,https://www.ea.com/games/apex-legends/apex-legends/news/upheaval-patch-notes,patch_notes,229,li,,MAPS,,"Broken Moon shattered New POIs: Cliff Side, Experimental Labs, Solar Pods, Space Port, Quarantine Zone, Underpass Breaker Wharf updated New rotations to switch things up and keep squads on the move"
upheaval,Upheaval,https://www.ea.com/games/apex-legends/apex-legends/news/upheaval-patch-notes,patch_notes,230,li,,MAPS,,"New POIs: Cliff Side, Experimental Labs, Solar Pods, Space Port, Quarantine Zone, Underpass"
upheaval,Upheaval,https://www.ea.com/games/apex-legends/apex-legends/news/upheaval-patch-notes,patch_notes,231,li,,MAPS,,Breaker Wharf updated
upheaval,Upheaval,https://www.ea.com/games/apex-legends/apex-legends/news/upheaval-patch-notes,patch_notes,232,li,,MAPS,,New rotations to switch things up and keep squads on the move
upheaval,Upheaval,https://www.ea.com/games/apex-legends/apex-legends/news/upheaval-patch-notes,patch_notes,233,li,,MAPS,,"Added new possible Ring Console, Survey Beacon, and Crafter spawn locations to World’s Edge and Storm Point, and further evened out the probability of a prop spawning at any specific location World’s Edge Added possible Ring Console spawn locations to Mirage à Trois and Survey Camp Added possible Survey Beacon spawn locations to Survey Camp and The Geyser Storm Point Added possible Crafter spawn location to Command Center Added possible Survey Beacon spawn locations to The Wall, and the unnamed POIs Northeast of Checkpoint and at the edge of the map East of Storm Catcher"
upheaval,Upheaval,https://www.ea.com/games/apex-legends/apex-legends/news/upheaval-patch-notes,patch_notes,234,li,,MAPS,,World’s Edge Added possible Ring Console spawn locations to Mirage à Trois and Survey Camp Added possible Survey Beacon spawn locations to Survey Camp and The Geyser
upheaval,Upheaval,https://www.ea.com/games/apex-legends/apex-legends/news/upheaval-patch-notes,patch_notes,235,li,,MAPS,,Added possible Ring Console spawn locations to Mirage à Trois and Survey Camp
upheaval,Upheaval,https://www.ea.com/games/apex-legends/apex-legends/news/upheaval-patch-notes,patch_notes,236,li,,MAPS,,Added possible Survey Beacon spawn locations to Survey Camp and The Geyser
upheaval,Upheaval,https://www.ea.com/games/apex-legends/apex-legends/news/upheaval-patch-notes,patch_notes,237,li,,MAPS,,"Storm Point Added possible Crafter spawn location to Command Center Added possible Survey Beacon spawn locations to The Wall, and the unnamed POIs Northeast of Checkpoint and at the edge of the map East of Storm Catcher"
upheaval,Upheaval,https://www.ea.com/games/apex-legends/apex-legends/news/upheaval-patch-notes,patch_notes,238,li,,MAPS,,Added possible Crafter spawn location to Command Center
upheaval,Upheaval,https://www.ea.com/games/apex-legends/apex-legends/news/upheaval-patch-notes,patch_notes,239,li,,MAPS,,"Added possible Survey Beacon spawn locations to The Wall, and the unnamed POIs Northeast of Checkpoint and at the edge of the map East of Storm Catcher"
upheaval,Upheaval,https://www.ea.com/games/apex-legends/apex-legends/news/upheaval-patch-notes,patch_notes,240,h3,,MODES,,MODES
upheaval,Upheaval,https://www.ea.com/games/apex-legends/apex-legends/news/upheaval-patch-notes,patch_notes,241,p,,MODES,,Solos
upheaval,Upheaval,https://www.ea.com/games/apex-legends/apex-legends/news/upheaval-patch-notes,patch_notes,242,li,,MODES,,Six week Duos takeover
upheaval,Upheaval,https://www.ea.com/games/apex-legends/apex-legends/news/upheaval-patch-notes,patch_notes,243,li,,MODES,,50 players
upheaval,Upheaval,https://www.ea.com/games/apex-legends/apex-legends/news/upheaval-patch-notes,patch_notes,244,li,,MODES,,Second Chance Respawn Automatically respawn once if you die in the first 4 rounds Second chance converted to EVO if unused by the round cutoff
upheaval,Upheaval,https://www.ea.com/games/apex-legends/apex-legends/news/upheaval-patch-notes,patch_notes,245,li,,MODES,,Automatically respawn once if you die in the first 4 rounds
upheaval,Upheaval,https://www.ea.com/games/apex-legends/apex-legends/news/upheaval-patch-notes,patch_notes,246,li,,MODES,,Second chance converted to EVO if unused by the round cutoff
upheaval,Upheaval,https://www.ea.com/games/apex-legends/apex-legends/news/upheaval-patch-notes,patch_notes,247,li,,MODES,,Battle Sense: HUD indicator when enemies are within 50 meters
upheaval,Upheaval,https://www.ea.com/games/apex-legends/apex-legends/news/upheaval-patch-notes,patch_notes,248,li,,MODES,,Auto Heals Health regenerates out of combat Auto heal starts after each kill
upheaval,Upheaval,https://www.ea.com/games/apex-legends/apex-legends/news/upheaval-patch-notes,patch_notes,249,li,,MODES,,Health regenerates out of combat
upheaval,Upheaval,https://www.ea.com/games/apex-legends/apex-legends/news/upheaval-patch-notes,patch_notes,250,li,,MODES,,Auto heal starts after each kill
upheaval,Upheaval,https://www.ea.com/games/apex-legends/apex-legends/news/upheaval-patch-notes,patch_notes,251,li,,MODES,,"Additional adjustments to loot pool, circle sizes, and round times to accommodate solo play"
upheaval,Upheaval,https://www.ea.com/games/apex-legends/apex-legends/news/upheaval-patch-notes,patch_notes,252,p,,MODES,,Mixtape
upheaval,Upheaval,https://www.ea.com/games/apex-legends/apex-legends/news/upheaval-patch-notes,patch_notes,253,li,,MODES,,"Lockdown added to rotation: Zeus Station, Monument"
upheaval,Upheaval,https://www.ea.com/games/apex-legends/apex-legends/news/upheaval-patch-notes,patch_notes,254,li,,MODES,,"Mixtape Map Rotations Default rotation Control: Production Yard, Thunderdome Gun Run: The Core, Wattson's Pylon Lockdown: Monument, Zeus Station TDM: Skulltown, Zeus Station Mixtape rotation (5/24-5/28) Gun Run: The Core, Wattson’s Pylon Lockdown: Monument, Zeus Station TDM: Skulltown, Zeus Station 1st Week of Pride Month (6/1-6/7) Control: Barometer Gun Run: Wattson’s Pylon Lockdown: Zeus Station TDM: Zeus Station Mixtape Rotation (6/11-6/17) Control: Barometer, Caustic Treatment Lockdown: Monument, Zeus Station TDM: Skulltown, Zeus Station TDM 24/7 (6/18-6/24) Rules Scorelimit: 35 Time Limit: 10 minutes Increased health regen Skull Town, Zeus Station, Monument, Thunderdome, Wattson’s Pylon, Fragment"
upheaval,Upheaval,https://www.ea.com/games/apex-legends/apex-legends/news/upheaval-patch-notes,patch_notes,255,li,,MODES,,"Default rotation Control: Production Yard, Thunderdome Gun Run: The Core, Wattson's Pylon Lockdown: Monument, Zeus Station TDM: Skulltown, Zeus Station"
upheaval,Upheaval,https://www.ea.com/games/apex-legends/apex-legends/news/upheaval-patch-notes,patch_notes,256,li,,MODES,,"Control: Production Yard, Thunderdome"
upheaval,Upheaval,https://www.ea.com/games/apex-legends/apex-legends/news/upheaval-patch-notes,patch_notes,257,li,,MODES,,"Gun Run: The Core, Wattson's Pylon"
upheaval,Upheaval,https://www.ea.com/games/apex-legends/apex-legends/news/upheaval-patch-notes,patch_notes,258,li,,MODES,,"Lockdown: Monument, Zeus Station"
upheaval,Upheaval,https://www.ea.com/games/apex-legends/apex-legends/news/upheaval-patch-notes,patch_notes,259,li,,MODES,,"TDM: Skulltown, Zeus Station"
upheaval,Upheaval,https://www.ea.com/games/apex-legends/apex-legends/news/upheaval-patch-notes,patch_notes,260,li,,MODES,,"Mixtape rotation (5/24-5/28) Gun Run: The Core, Wattson’s Pylon Lockdown: Monument, Zeus Station TDM: Skulltown, Zeus Station"
upheaval,Upheaval,https://www.ea.com/games/apex-legends/apex-legends/news/upheaval-patch-notes,patch_notes,261,li,,MODES,,"Gun Run: The Core, Wattson’s Pylon"
upheaval,Upheaval,https://www.ea.com/games/apex-legends/apex-legends/news/upheaval-patch-notes,patch_notes,262,li,,MODES,,"Lockdown: Monument, Zeus Station"
upheaval,Upheaval,https://www.ea.com/games/apex-legends/apex-legends/news/upheaval-patch-notes,patch_notes,263,li,,MODES,,"TDM: Skulltown, Zeus Station"
upheaval,Upheaval,https://www.ea.com/games/apex-legends/apex-legends/news/upheaval-patch-notes,patch_notes,264,li,,MODES,,1st Week of Pride Month (6/1-6/7) Control: Barometer Gun Run: Wattson’s Pylon Lockdown: Zeus Station TDM: Zeus Station
upheaval,Upheaval,https://www.ea.com/games/apex-legends/apex-legends/news/upheaval-patch-notes,patch_notes,265,li,,MODES,,Control: Barometer
upheaval,Upheaval,https://www.ea.com/games/apex-legends/apex-legends/news/upheaval-patch-notes,patch_notes,266,li,,MODES,,Gun Run: Wattson’s Pylon
upheaval,Upheaval,https://www.ea.com/games/apex-legends/apex-legends/news/upheaval-patch-notes,patch_notes,267,li,,MODES,,Lockdown: Zeus Station
upheaval,Upheaval,https://www.ea.com/games/apex-legends/apex-legends/news/upheaval-patch-notes,patch_notes,268,li,,MODES,,TDM: Zeus Station
upheaval,Upheaval,https://www.ea.com/games/apex-legends/apex-legends/news/upheaval-patch-notes,patch_notes,269,li,,MODES,,"Mixtape Rotation (6/11-6/17) Control: Barometer, Caustic Treatment Lockdown: Monument, Zeus Station TDM: Skulltown, Zeus Station"
upheaval,Upheaval,https://www.ea.com/games/apex-legends/apex-legends/news/upheaval-patch-notes,patch_notes,270,li,,MODES,,"Control: Barometer, Caustic Treatment"
upheaval,Upheaval,https://www.ea.com/games/apex-legends/apex-legends/news/upheaval-patch-notes,patch_notes,271,li,,MODES,,"Lockdown: Monument, Zeus Station"
upheaval,Upheaval,https://www.ea.com/games/apex-legends/apex-legends/news/upheaval-patch-notes,patch_notes,272,li,,MODES,,"TDM: Skulltown, Zeus Station"
upheaval,Upheaval,https://www.ea.com/games/apex-legends/apex-legends/news/upheaval-patch-notes,patch_notes,273,li,,MODES,,"TDM 24/7 (6/18-6/24) Rules Scorelimit: 35 Time Limit: 10 minutes Increased health regen Skull Town, Zeus Station, Monument, Thunderdome, Wattson’s Pylon, Fragment"
upheaval,Upheaval,https://www.ea.com/games/apex-legends/apex-legends/news/upheaval-patch-notes,patch_notes,274,li,,MODES,,Rules
upheaval,Upheaval,https://www.ea.com/games/apex-legends/apex-legends/news/upheaval-patch-notes,patch_notes,275,li,,MODES,,Scorelimit: 35
upheaval,Upheaval,https://www.ea.com/games/apex-legends/apex-legends/news/upheaval-patch-notes,patch_notes,276,li,,MODES,,Time Limit: 10 minutes
upheaval,Upheaval,https://www.ea.com/games/apex-legends/apex-legends/news/upheaval-patch-notes,patch_notes,277,li,,MODES,,Increased health regen
upheaval,Upheaval,https://www.ea.com/games/apex-legends/apex-legends/news/upheaval-patch-notes,patch_notes,278,li,,MODES,,"Skull Town, Zeus Station, Monument, Thunderdome, Wattson’s Pylon, Fragment"
upheaval,Upheaval,https://www.ea.com/games/apex-legends/apex-legends/news/upheaval-patch-notes,patch_notes,279,li,,MODES,,"LTM Rotations 5/24-5/28 Control: Production Yard, Thunderdome, Caustic, Barometer, Lava Siphon 5/31-6/3 Control: Production Yard, Thunderdome, Caustic, Barometer, Lava Siphon 6/11-6/17 Gun Run: Skull Town, Zeus Station, Thunderdome, Wattson, Fragment, The Core"
upheaval,Upheaval,https://www.ea.com/games/apex-legends/apex-legends/news/upheaval-patch-notes,patch_notes,280,li,,MODES,,"5/24-5/28 Control: Production Yard, Thunderdome, Caustic, Barometer, Lava Siphon"
upheaval,Upheaval,https://www.ea.com/games/apex-legends/apex-legends/news/upheaval-patch-notes,patch_notes,281,li,,MODES,,"5/31-6/3 Control: Production Yard, Thunderdome, Caustic, Barometer, Lava Siphon"
upheaval,Upheaval,https://www.ea.com/games/apex-legends/apex-legends/news/upheaval-patch-notes,patch_notes,282,li,,MODES,,"6/11-6/17 Gun Run: Skull Town, Zeus Station, Thunderdome, Wattson, Fragment, The Core"
upheaval,Upheaval,https://www.ea.com/games/apex-legends/apex-legends/news/upheaval-patch-notes,patch_notes,283,h3,,RANKED,,RANKED
upheaval,Upheaval,https://www.ea.com/games/apex-legends/apex-legends/news/upheaval-patch-notes,patch_notes,284,li,,RANKED,,All players in a premade Ranked squad must be within 3 Rank tiers of each other or they will not be allowed to progress to matchmaking
upheaval,Upheaval,https://www.ea.com/games/apex-legends/apex-legends/news/upheaval-patch-notes,patch_notes,285,li,,RANKED,,No tuning changes to be made to ranked scoring for the launch of Upheaval
upheaval,Upheaval,https://www.ea.com/games/apex-legends/apex-legends/news/upheaval-patch-notes,patch_notes,286,p,,RANKED,,"Dev Note: While we are happy with how Breakout Ranked was received, there is some feedback that we want to address for the start of Upheaval. As always, we’ll be monitoring feedback and data for any required tuning changes during the season and any major updates required for the future."
upheaval,Upheaval,https://www.ea.com/games/apex-legends/apex-legends/news/upheaval-patch-notes,patch_notes,287,p,,RANKED,,Season Reset
upheaval,Upheaval,https://www.ea.com/games/apex-legends/apex-legends/news/upheaval-patch-notes,patch_notes,288,li,,RANKED,,"Where you ended in your last season of Ranked will determine where you start in Upheaval If you ended your last season in Rookie, you will be reset to 1 RP If you ended your last season above Rookie, you will be reset to Bronze IV"
upheaval,Upheaval,https://www.ea.com/games/apex-legends/apex-legends/news/upheaval-patch-notes,patch_notes,289,li,,RANKED,,"If you ended your last season in Rookie, you will be reset to 1 RP"
upheaval,Upheaval,https://www.ea.com/games/apex-legends/apex-legends/news/upheaval-patch-notes,patch_notes,290,li,,RANKED,,"If you ended your last season above Rookie, you will be reset to Bronze IV"
upheaval,Upheaval,https://www.ea.com/games/apex-legends/apex-legends/news/upheaval-patch-notes,patch_notes,291,p,,RANKED,,Split Timing
upheaval,Upheaval,https://www.ea.com/games/apex-legends/apex-legends/news/upheaval-patch-notes,patch_notes,292,li,,RANKED,,"Split 2 will take place at the same time as the .1 patch, not a week after like in previous seasons"
upheaval,Upheaval,https://www.ea.com/games/apex-legends/apex-legends/news/upheaval-patch-notes,patch_notes,293,p,,RANKED,,Upheaval Ranked Rewards
upheaval,Upheaval,https://www.ea.com/games/apex-legends/apex-legends/news/upheaval-patch-notes,patch_notes,294,li,,RANKED,,Your end-of-season rewards will now be determined by the highest Rank tier you achieved during the entire season
upheaval,Upheaval,https://www.ea.com/games/apex-legends/apex-legends/news/upheaval-patch-notes,patch_notes,295,li,,RANKED,,"Split Rewards: your season-end reward badge will be animated if you match your Split 1 Rank in Split 2 If you do not achieve this, you will get the normal version of your badge"
upheaval,Upheaval,https://www.ea.com/games/apex-legends/apex-legends/news/upheaval-patch-notes,patch_notes,296,li,,RANKED,,"If you do not achieve this, you will get the normal version of your badge"
upheaval,Upheaval,https://www.ea.com/games/apex-legends/apex-legends/news/upheaval-patch-notes,patch_notes,297,h3,,WORLD SYSTEMS,,WORLD SYSTEMS
upheaval,Upheaval,https://www.ea.com/games/apex-legends/apex-legends/news/upheaval-patch-notes,patch_notes,298,li,,WORLD SYSTEMS,,Improved end ring generation system
upheaval,Upheaval,https://www.ea.com/games/apex-legends/apex-legends/news/upheaval-patch-notes,patch_notes,299,h3,,BUG FIXES,,BUG FIXES
upheaval,Upheaval,https://www.ea.com/games/apex-legends/apex-legends/news/upheaval-patch-notes,patch_notes,300,li,,BUG FIXES,,Equipping an Evac Tower or Mobile Respawn Beacon will no longer close the inventories of all other players in the match
upheaval,Upheaval,https://www.ea.com/games/apex-legends/apex-legends/news/upheaval-patch-notes,patch_notes,301,li,,BUG FIXES,,Firing Range : fixed some edge cases where Legend change was available when it shouldn’t be
upheaval,Upheaval,https://www.ea.com/games/apex-legends/apex-legends/news/upheaval-patch-notes,patch_notes,302,li,,BUG FIXES,,Fixed occasional crash when interacting with an enemy’s crafted banner
upheaval,Upheaval,https://www.ea.com/games/apex-legends/apex-legends/news/upheaval-patch-notes,patch_notes,303,li,,BUG FIXES,,“Mischief Medic” no longer appears as “Highlighted Healer”
upheaval,Upheaval,https://www.ea.com/games/apex-legends/apex-legends/news/upheaval-patch-notes,patch_notes,304,li,,BUG FIXES,,Olympus : players can no longer enter/exit Vault without key
upheaval,Upheaval,https://www.ea.com/games/apex-legends/apex-legends/news/upheaval-patch-notes,patch_notes,305,li,,BUG FIXES,,Survey Beacons and Ring Consoles should now be pingable again from the map
upheaval,Upheaval,https://www.ea.com/games/apex-legends/apex-legends/news/upheaval-patch-notes,patch_notes,306,li,,BUG FIXES,,"When hip firing with the Devotion, it will now properly track its reticle"
upheaval,Upheaval,https://www.ea.com/games/apex-legends/apex-legends/news/upheaval-patch-notes,patch_notes,307,h3,,LEGENDS,,LEGENDS
upheaval,Upheaval,https://www.ea.com/games/apex-legends/apex-legends/news/upheaval-patch-notes,patch_notes,308,li,,LEGENDS,,Ballistic : duration of speedy whistler restored to 2s
upheaval,Upheaval,https://www.ea.com/games/apex-legends/apex-legends/news/upheaval-patch-notes,patch_notes,309,li,,LEGENDS,,Bloodhound Passive markers no longer appear for teammates not on player’s squad Players can once again be scanned by two Bloodhounds at the same time
upheaval,Upheaval,https://www.ea.com/games/apex-legends/apex-legends/news/upheaval-patch-notes,patch_notes,310,li,,LEGENDS,,Passive markers no longer appear for teammates not on player’s squad
upheaval,Upheaval,https://www.ea.com/games/apex-legends/apex-legends/news/upheaval-patch-notes,patch_notes,311,li,,LEGENDS,,Players can once again be scanned by two Bloodhounds at the same time
upheaval,Upheaval,https://www.ea.com/games/apex-legends/apex-legends/news/upheaval-patch-notes,patch_notes,312,li,,LEGENDS,,Catalyst : fixed Dark Veil not charging for a short duration off of spawn
upheaval,Upheaval,https://www.ea.com/games/apex-legends/apex-legends/news/upheaval-patch-notes,patch_notes,313,li,,LEGENDS,,Crypto : recall audio when the drone is far away from you is audible once again
upheaval,Upheaval,https://www.ea.com/games/apex-legends/apex-legends/news/upheaval-patch-notes,patch_notes,314,li,,LEGENDS,,Maggie : Removed drill burn audio for players in the area of effect while phased
upheaval,Upheaval,https://www.ea.com/games/apex-legends/apex-legends/news/upheaval-patch-notes,patch_notes,315,li,,LEGENDS,,Removed Wraith Shadows from the void if you aren’t playing as Wraith
upheaval,Upheaval,https://www.ea.com/games/apex-legends/apex-legends/news/upheaval-patch-notes,patch_notes,316,li,,LEGENDS,,Wattson : resolved bad spawn points for Arc Stars generated from the Falling Stars upgrade
upheaval,Upheaval,https://www.ea.com/games/apex-legends/apex-legends/news/upheaval-patch-notes,patch_notes,317,h3,,QUALITY OF LIFE,,QUALITY OF LIFE
upheaval,Upheaval,https://www.ea.com/games/apex-legends/apex-legends/news/upheaval-patch-notes,patch_notes,318,li,,QUALITY OF LIFE,,Additional security improvements
upheaval,Upheaval,https://www.ea.com/games/apex-legends/apex-legends/news/upheaval-patch-notes,patch_notes,319,li,,QUALITY OF LIFE,,Airdropping Replicators now project a beam upwards as they are descending to help differentiate them from other airdrops
upheaval,Upheaval,https://www.ea.com/games/apex-legends/apex-legends/news/upheaval-patch-notes,patch_notes,320,li,,QUALITY OF LIFE,,"Back by popular demand, you can requeue at the end of Pubs BR and Mixtape matches"
upheaval,Upheaval,https://www.ea.com/games/apex-legends/apex-legends/news/upheaval-patch-notes,patch_notes,321,li,,QUALITY OF LIFE,,Ballistic : can now add any locked-set weapon into the sling where it will be converted to the proper locked-set tier and restored to its original state when being moved out (red-tier still not allowed)
upheaval,Upheaval,https://www.ea.com/games/apex-legends/apex-legends/news/upheaval-patch-notes,patch_notes,322,li,,QUALITY OF LIFE,,Death Box Flyers : option to automatically ping the location of the Death Box will be prompted when knocking it from a Flyer’s grasp
upheaval,Upheaval,https://www.ea.com/games/apex-legends/apex-legends/news/upheaval-patch-notes,patch_notes,323,li,,QUALITY OF LIFE,,"Improved the choice of consumables that are auto-selected when either reaching full health, reaching full shields, or when dropping your last selected item. The new choice should more intelligently select shield consumables or prioritize syringes for quick healing. These changes were made to help new players have more optimal outcomes."
upheaval,Upheaval,https://www.ea.com/games/apex-legends/apex-legends/news/upheaval-patch-notes,patch_notes,324,li,,QUALITY OF LIFE,,Improved use interactions with doors when self res is available
upheaval,Upheaval,https://www.ea.com/games/apex-legends/apex-legends/news/upheaval-patch-notes,patch_notes,325,li,,QUALITY OF LIFE,,"Map spawn audit for all Mixtape Modes: Phase Runner, Habitat, Thunderdome, Zeus Station"
upheaval,Upheaval,https://www.ea.com/games/apex-legends/apex-legends/news/upheaval-patch-notes,patch_notes,326,li,,QUALITY OF LIFE,,Upgraded to the latest version of Easy Anti-Cheat
upheaval,Upheaval,https://www.ea.com/games/apex-legends/apex-legends/news/upheaval-patch-notes,patch_notes,327,p,,QUALITY OF LIFE,,Pings
upheaval,Upheaval,https://www.ea.com/games/apex-legends/apex-legends/news/upheaval-patch-notes,patch_notes,328,li,,QUALITY OF LIFE,,Should now go through all translucent surfaces like windows
upheaval,Upheaval,https://www.ea.com/games/apex-legends/apex-legends/news/upheaval-patch-notes,patch_notes,329,li,,QUALITY OF LIFE,,"Players can now request for Grenades (Arc Stars, Frag Grenades, and Thermites) Works similar to healing items: hold the Grenade button to open the Ordnance Wheel, hover on an ordnance item, select Ping to request"
upheaval,Upheaval,https://www.ea.com/games/apex-legends/apex-legends/news/upheaval-patch-notes,patch_notes,330,li,,QUALITY OF LIFE,,"Works similar to healing items: hold the Grenade button to open the Ordnance Wheel, hover on an ordnance item, select Ping to request"
upheaval,Upheaval,https://www.ea.com/games/apex-legends/apex-legends/news/upheaval-patch-notes,patch_notes,331,p,,QUALITY OF LIFE,,Thunderdome
upheaval,Upheaval,https://www.ea.com/games/apex-legends/apex-legends/news/upheaval-patch-notes,patch_notes,332,li,,QUALITY OF LIFE,,Airdrop location adjustments
upheaval,Upheaval,https://www.ea.com/games/apex-legends/apex-legends/news/upheaval-patch-notes,patch_notes,333,li,,QUALITY OF LIFE,,Control Moved C capture point to landing pad Adjusted spawns attached to B capture point
upheaval,Upheaval,https://www.ea.com/games/apex-legends/apex-legends/news/upheaval-patch-notes,patch_notes,334,li,,QUALITY OF LIFE,,Moved C capture point to landing pad
upheaval,Upheaval,https://www.ea.com/games/apex-legends/apex-legends/news/upheaval-patch-notes,patch_notes,335,li,,QUALITY OF LIFE,,Adjusted spawns attached to B capture point
upheaval,Upheaval,https://www.ea.com/games/apex-legends/apex-legends/news/upheaval-patch-notes,patch_notes,336,h4,,QUALITY OF LIFE,GRAPHICS,GRAPHICS
upheaval,Upheaval,https://www.ea.com/games/apex-legends/apex-legends/news/upheaval-patch-notes,patch_notes,337,li,,QUALITY OF LIFE,GRAPHICS,"Added new ""Map Detail"" PC video setting to adjust the amount of environmental decoration and set dressing (this may improve performance for players with low-spec PCs and those targeting high framerates)"
upheaval,Upheaval,https://www.ea.com/games/apex-legends/apex-legends/news/upheaval-patch-notes,patch_notes,338,li,,QUALITY OF LIFE,GRAPHICS,"Changed the way players opt-in to the DX12 beta: if you're playing via the DirectX 12 beta now, the launch argument ""-eac_launcher_settings SettingsDX12.json"" should be changed to ""-anticheat_settings=SettingsDX12.json"""
upheaval,Upheaval,https://www.ea.com/games/apex-legends/apex-legends/news/upheaval-patch-notes,patch_notes,339,li,,QUALITY OF LIFE,GRAPHICS,Improved accuracy and visual fidelity of baked environment lighting for static outdoor objects
upheaval,Upheaval,https://www.ea.com/games/apex-legends/apex-legends/news/upheaval-patch-notes,patch_notes,340,li,,QUALITY OF LIFE,GRAPHICS,"Improved accuracy of baked lighting for dynamic objects, to avoid situations where Legends would appear unlit"
upheaval,Upheaval,https://www.ea.com/games/apex-legends/apex-legends/news/upheaval-patch-notes,patch_notes,341,li,,QUALITY OF LIFE,GRAPHICS,"Significantly improved CPU performance of the Rendering Hardware Interface (RHI), mostly benefitting the PC DirectX 12 beta"
upheaval,Upheaval,https://www.ea.com/games/apex-legends/apex-legends/news/upheaval-patch-notes,patch_notes,342,p,,QUALITY OF LIFE,GRAPHICS,Nessie Note: Nessie would like to congratulate everyone on the success of finally finding Blue Nessie. Our girl is finally free! The Nessie Army is now complete!
upheaval,Upheaval,https://www.ea.com/games/apex-legends/apex-legends/news/upheaval-patch-notes,patch_notes,344,p,,QUALITY OF LIFE,GRAPHICS,"Play Apex Legends™ for free * now on PlayStation 4, PlayStation 5, Xbox One, Xbox Series X|S, Nintendo Switch, and PC via the EA app and Steam."
upheaval,Upheaval,https://www.ea.com/games/apex-legends/apex-legends/news/upheaval-patch-notes,patch_notes,345,p,,QUALITY OF LIFE,GRAPHICS,"Follow Apex Legends™ on Twitter , Instagram , TikTok , subscribe to our YouTube channel , and check out our forums ."
upheaval,Upheaval,https://www.ea.com/games/apex-legends/apex-legends/news/upheaval-patch-notes,patch_notes,346,p,,QUALITY OF LIFE,GRAPHICS,"Sign up for our newsletter today to receive the latest Apex Legends™ news, updates, behind-the-scenes content, exclusive offers, and more (including other EA news, products, events, and promotions) by email."
upheaval,Upheaval,https://www.ea.com/games/apex-legends/apex-legends/news/upheaval-patch-notes,patch_notes,347,p,,QUALITY OF LIFE,GRAPHICS,"This announcement may change as we listen to community feedback and continue developing and evolving our Live Service & Content. We will always strive to keep our community as informed as possible. For more information, please refer to EA’s Online Service Updates at https://www.ea.com/service-updates ."
upheaval,Upheaval,https://www.ea.com/games/apex-legends/apex-legends/news/upheaval-patch-notes,patch_notes,348,p,,QUALITY OF LIFE,GRAPHICS,*Applicable platform account and platform subscription (sold separately) may be required. A persistent internet connection and EA account required. Age restrictions apply. Includes in-game purchases.
upheaval,Upheaval,https://www.ea.com/games/apex-legends/apex-legends/news/upheaval-patch-notes,patch_notes,349,p,,QUALITY OF LIFE,GRAPHICS,†Not available in all territories.
shockwave,Shockwave,https://www.ea.com/games/apex-legends/apex-legends/news/shockwave-patch-notes,patch_notes,1,p,,,,"August 5, 2024"
shockwave,Shockwave,https://www.ea.com/games/apex-legends/apex-legends/news/shockwave-patch-notes,patch_notes,2,h2,"NEW ENERGY, MORE ACTION",,,"NEW ENERGY, MORE ACTION"
shockwave,Shockwave,https://www.ea.com/games/apex-legends/apex-legends/news/shockwave-patch-notes,patch_notes,3,p,"NEW ENERGY, MORE ACTION",,,"Grab the squad, because the Games have a whole new energy! Drop back into the fight with Revivals, feel your power surge with Akimbo, use two new Battle Sense features to narrow in on your enemies in the heat of the fight, and more updates that make the Outlands legendary for all. Hone your skills in Bot Royale and hit new heights in E-District, your very own neon playground. Customize Stat Trackers to suit your needs or your ships, and you’ll automatically unlock three new ones for logging in this season. Time to Tap in, Legend."
shockwave,Shockwave,https://www.ea.com/games/apex-legends/apex-legends/news/shockwave-patch-notes,patch_notes,4,p,"NEW ENERGY, MORE ACTION",,,"Read the full breakdown of Shockwave’s highlights, including Revivals and Bot Royale, in our dedicated blog here ."
shockwave,Shockwave,https://www.ea.com/games/apex-legends/apex-legends/news/shockwave-patch-notes,patch_notes,5,h2,NEW MAP: E-DISTRICT,,,NEW MAP: E-DISTRICT
shockwave,Shockwave,https://www.ea.com/games/apex-legends/apex-legends/news/shockwave-patch-notes,patch_notes,7,p,NEW MAP: E-DISTRICT,,,"This map was designed to offer players a fresh and innovative experience. While it retains the core elements that define a great Apex map, we also pushed the boundaries by incorporating numerous buildings, emphasizing verticality, and creating varied landscapes. These changes ensure some of the most diverse fights and end-ring locations across the map."
shockwave,Shockwave,https://www.ea.com/games/apex-legends/apex-legends/news/shockwave-patch-notes,patch_notes,8,p,NEW MAP: E-DISTRICT,,,Read the full breakdown of this latest map addition in our Welcome to E-District blog here .
shockwave,Shockwave,https://www.ea.com/games/apex-legends/apex-legends/news/shockwave-patch-notes,patch_notes,9,h2,SHOCKWAVE MAP ROTATION,,,SHOCKWAVE MAP ROTATION
shockwave,Shockwave,https://www.ea.com/games/apex-legends/apex-legends/news/shockwave-patch-notes,patch_notes,10,p,SHOCKWAVE MAP ROTATION,,,The following maps will be available in Pubs and Ranked for the first half of this season:
shockwave,Shockwave,https://www.ea.com/games/apex-legends/apex-legends/news/shockwave-patch-notes,patch_notes,11,li,SHOCKWAVE MAP ROTATION,,,Broken Moon
shockwave,Shockwave,https://www.ea.com/games/apex-legends/apex-legends/news/shockwave-patch-notes,patch_notes,12,li,SHOCKWAVE MAP ROTATION,,,E-District
shockwave,Shockwave,https://www.ea.com/games/apex-legends/apex-legends/news/shockwave-patch-notes,patch_notes,13,li,SHOCKWAVE MAP ROTATION,,,Storm Point
shockwave,Shockwave,https://www.ea.com/games/apex-legends/apex-legends/news/shockwave-patch-notes,patch_notes,14,p,SHOCKWAVE MAP ROTATION,,,"As an introduction to our newest map, E-District will be the dedicated featured map for a limited time. Let the energy of the neon lights energize your squad with each Pub match for the first week and each Ranked match for the first 72 hours of the season."
shockwave,Shockwave,https://www.ea.com/games/apex-legends/apex-legends/news/shockwave-patch-notes,patch_notes,16,h2,CONTROLLER & RECON CLASS PERKS,,,CONTROLLER & RECON CLASS PERKS
shockwave,Shockwave,https://www.ea.com/games/apex-legends/apex-legends/news/shockwave-patch-notes,patch_notes,17,p,CONTROLLER & RECON CLASS PERKS,,,"This season we’re beginning a much more intentional push on what classes mean to the core of the game by bringing new tactical class passives to the Controller and Recon classes. Both will continue to bring strategic depth to their squad via interactions with Survey Beacons and Ring Consoles, but they’ll now have new intrinsic power that better supports their role on the team."
shockwave,Shockwave,https://www.ea.com/games/apex-legends/apex-legends/news/shockwave-patch-notes,patch_notes,18,h3,CONTROLLER & RECON CLASS PERKS,CONTROLLER CLASS,,CONTROLLER CLASS
shockwave,Shockwave,https://www.ea.com/games/apex-legends/apex-legends/news/shockwave-patch-notes,patch_notes,19,p,CONTROLLER & RECON CLASS PERKS,CONTROLLER CLASS,,NEW CLASS PERK
shockwave,Shockwave,https://www.ea.com/games/apex-legends/apex-legends/news/shockwave-patch-notes,patch_notes,20,li,CONTROLLER & RECON CLASS PERKS,CONTROLLER CLASS,,"Zone Overcharge: Controller Legends now have extra shield capacity when playing in zone The Zone automatically grants an overcharge of 25HP shield capacity This capacity is permanent while the player remains in zone ( white ring area on the map ) Overcharge is lost when leaving zone (after 5s delay) Overcharge can be healed with cells, batteries and abilities while in zone If a player enters the zone at full shields, the overcharge pip will fill automatically If a player acquires a shield core that overcharges beyond this extra zone capacity, that additional overcharge will still drain normally but the zone overcharge will remain Zone Overcharge will never enhance Legend Armor beyond maximum (red) capacity"
shockwave,Shockwave,https://www.ea.com/games/apex-legends/apex-legends/news/shockwave-patch-notes,patch_notes,21,li,CONTROLLER & RECON CLASS PERKS,CONTROLLER CLASS,,The Zone automatically grants an overcharge of 25HP shield capacity
shockwave,Shockwave,https://www.ea.com/games/apex-legends/apex-legends/news/shockwave-patch-notes,patch_notes,22,li,CONTROLLER & RECON CLASS PERKS,CONTROLLER CLASS,,This capacity is permanent while the player remains in zone ( white ring area on the map ) Overcharge is lost when leaving zone (after 5s delay)
shockwave,Shockwave,https://www.ea.com/games/apex-legends/apex-legends/news/shockwave-patch-notes,patch_notes,23,li,CONTROLLER & RECON CLASS PERKS,CONTROLLER CLASS,,Overcharge is lost when leaving zone (after 5s delay)
shockwave,Shockwave,https://www.ea.com/games/apex-legends/apex-legends/news/shockwave-patch-notes,patch_notes,24,li,CONTROLLER & RECON CLASS PERKS,CONTROLLER CLASS,,"Overcharge can be healed with cells, batteries and abilities while in zone"
shockwave,Shockwave,https://www.ea.com/games/apex-legends/apex-legends/news/shockwave-patch-notes,patch_notes,25,li,CONTROLLER & RECON CLASS PERKS,CONTROLLER CLASS,,"If a player enters the zone at full shields, the overcharge pip will fill automatically"
shockwave,Shockwave,https://www.ea.com/games/apex-legends/apex-legends/news/shockwave-patch-notes,patch_notes,26,li,CONTROLLER & RECON CLASS PERKS,CONTROLLER CLASS,,"If a player acquires a shield core that overcharges beyond this extra zone capacity, that additional overcharge will still drain normally but the zone overcharge will remain"
shockwave,Shockwave,https://www.ea.com/games/apex-legends/apex-legends/news/shockwave-patch-notes,patch_notes,27,li,CONTROLLER & RECON CLASS PERKS,CONTROLLER CLASS,,Zone Overcharge will never enhance Legend Armor beyond maximum (red) capacity
shockwave,Shockwave,https://www.ea.com/games/apex-legends/apex-legends/news/shockwave-patch-notes,patch_notes,28,p,CONTROLLER & RECON CLASS PERKS,CONTROLLER CLASS,,NEW QUALITY OF LIFE
shockwave,Shockwave,https://www.ea.com/games/apex-legends/apex-legends/news/shockwave-patch-notes,patch_notes,29,li,CONTROLLER & RECON CLASS PERKS,CONTROLLER CLASS,,"Remote Pick-Up: Controller Legends can now remotely pick-up their undamaged Tacticals by looking back at them and pressing a button Additionally, if the player abandons the area, they will prompted to recover ALL possible objects Remotely recovering these objects will restore the Tactical charge"
shockwave,Shockwave,https://www.ea.com/games/apex-legends/apex-legends/news/shockwave-patch-notes,patch_notes,30,li,CONTROLLER & RECON CLASS PERKS,CONTROLLER CLASS,,"Additionally, if the player abandons the area, they will prompted to recover ALL possible objects"
shockwave,Shockwave,https://www.ea.com/games/apex-legends/apex-legends/news/shockwave-patch-notes,patch_notes,31,li,CONTROLLER & RECON CLASS PERKS,CONTROLLER CLASS,,Remotely recovering these objects will restore the Tactical charge
shockwave,Shockwave,https://www.ea.com/games/apex-legends/apex-legends/news/shockwave-patch-notes,patch_notes,32,p,CONTROLLER & RECON CLASS PERKS,CONTROLLER CLASS,,"Dev Note: Controller Legends are at their best when playing for zone position. This season, we’re rewarding that behavior in Legends who don’t want to skim the edges of battle hunting for EVO, and instead allow them to maintain an equal footing on their armor when playing to their strengths. Gaining knowledge of the next ring and keeping a good position will be important to maintaining this advantage."
shockwave,Shockwave,https://www.ea.com/games/apex-legends/apex-legends/news/shockwave-patch-notes,patch_notes,33,p,CONTROLLER & RECON CLASS PERKS,CONTROLLER CLASS,,"Additionally, we noticed that many newer players to the Controller Class struggle with management of their Tacticals. This takes a step towards making it more desirable to experiment with traps or to feel more comfortable setting up shop with less worry about having to abandon your entire setup to move to a slightly better building. We want Controller players to play with their kit more freely and not have to do extra running around to recycle charges or feel locked into their setup if they have to move."
shockwave,Shockwave,https://www.ea.com/games/apex-legends/apex-legends/news/shockwave-patch-notes,patch_notes,34,h3,CONTROLLER & RECON CLASS PERKS,RECON CLASS,,RECON CLASS
shockwave,Shockwave,https://www.ea.com/games/apex-legends/apex-legends/news/shockwave-patch-notes,patch_notes,35,p,CONTROLLER & RECON CLASS PERKS,RECON CLASS,,NEW CLASS PERK
shockwave,Shockwave,https://www.ea.com/games/apex-legends/apex-legends/news/shockwave-patch-notes,patch_notes,36,li,CONTROLLER & RECON CLASS PERKS,RECON CLASS,,"Threat Vision: Recon Legends now gain threat vision when aiming down sights Threat vision will highlight enemies that the character has Line of Sight to whenever using ADS (aim down sights) This ability will not work through walls or smoke, and it’s limited in range by the type of scope or zoom range of an ability"
shockwave,Shockwave,https://www.ea.com/games/apex-legends/apex-legends/news/shockwave-patch-notes,patch_notes,37,li,CONTROLLER & RECON CLASS PERKS,RECON CLASS,,Threat vision will highlight enemies that the character has Line of Sight to whenever using ADS (aim down sights)
shockwave,Shockwave,https://www.ea.com/games/apex-legends/apex-legends/news/shockwave-patch-notes,patch_notes,38,li,CONTROLLER & RECON CLASS PERKS,RECON CLASS,,"This ability will not work through walls or smoke, and it’s limited in range by the type of scope or zoom range of an ability"
shockwave,Shockwave,https://www.ea.com/games/apex-legends/apex-legends/news/shockwave-patch-notes,patch_notes,39,p,CONTROLLER & RECON CLASS PERKS,RECON CLASS,,SURVEY BEACONS
shockwave,Shockwave,https://www.ea.com/games/apex-legends/apex-legends/news/shockwave-patch-notes,patch_notes,40,li,CONTROLLER & RECON CLASS PERKS,RECON CLASS,,Faster to use ~3s (was ~7.5s)
shockwave,Shockwave,https://www.ea.com/games/apex-legends/apex-legends/news/shockwave-patch-notes,patch_notes,41,li,CONTROLLER & RECON CLASS PERKS,RECON CLASS,,Shortened range of ~500m (was scanning the entire map)
shockwave,Shockwave,https://www.ea.com/games/apex-legends/apex-legends/news/shockwave-patch-notes,patch_notes,42,li,CONTROLLER & RECON CLASS PERKS,RECON CLASS,,No longer randomly distributed and all will now be turned on with every map
shockwave,Shockwave,https://www.ea.com/games/apex-legends/apex-legends/news/shockwave-patch-notes,patch_notes,43,li,CONTROLLER & RECON CLASS PERKS,RECON CLASS,,Scanning now grants 75 EVO (was 200 EVO)
shockwave,Shockwave,https://www.ea.com/games/apex-legends/apex-legends/news/shockwave-patch-notes,patch_notes,44,li,CONTROLLER & RECON CLASS PERKS,RECON CLASS,,"Now pulses 3 times over 15s, with each pulse taking a snapshot of enemies in range for 5s"
shockwave,Shockwave,https://www.ea.com/games/apex-legends/apex-legends/news/shockwave-patch-notes,patch_notes,45,li,CONTROLLER & RECON CLASS PERKS,RECON CLASS,,Now release a large in-world scan wave that players can spot to identify an activated beacon (enemies no longer receive a scan message)
shockwave,Shockwave,https://www.ea.com/games/apex-legends/apex-legends/news/shockwave-patch-notes,patch_notes,46,li,CONTROLLER & RECON CLASS PERKS,RECON CLASS,,Enemies scanned will display along the edges of the mini-map even if not in
shockwave,Shockwave,https://www.ea.com/games/apex-legends/apex-legends/news/shockwave-patch-notes,patch_notes,47,p,CONTROLLER & RECON CLASS PERKS,RECON CLASS,,"Dev Note: Recon Legends are defined as Legends who are about Enemy Intel & Tracking; which is a core part of each character’s play pattern, but to date, the only class benefit was something players had to seek out via Survey Beacons. We’re ratcheting up the scouting role for Recon Legends this season and putting class power directly into their hands. With ADS Threat Vision, these characters are now adept at spotting distant targets for their team, and now innately do something that no other class can."
shockwave,Shockwave,https://www.ea.com/games/apex-legends/apex-legends/news/shockwave-patch-notes,patch_notes,48,p,CONTROLLER & RECON CLASS PERKS,RECON CLASS,,"The changes to Survey Beacons should allow players to make them a more tactical part of their play, rather than just a strategic element. The full map scan was really only useful to a small number of high level players, and often the scan messaging would turn your team into a magnet for others to hunt. Now, being more frequent, faster to use, and giving more intel for longer makes it easier to use the beacons with confidence and hunt in the immediate area or note secure paths out of a POI for rotation."
shockwave,Shockwave,https://www.ea.com/games/apex-legends/apex-legends/news/shockwave-patch-notes,patch_notes,49,h2,UPDATE: STAT TRACKERS,,,UPDATE: STAT TRACKERS
shockwave,Shockwave,https://www.ea.com/games/apex-legends/apex-legends/news/shockwave-patch-notes,patch_notes,50,p,UPDATE: STAT TRACKERS,,,"We've made a huge quality of life upgrade to Stat Trackers and are separating out the Stat and the Art. You'll now be able to set these on your Legend Banner Cards separately. The Art on your trackers have also been made universal, which means they can be applied to any Legend Banner Card. We wanted to give players more ways to customize their Banner Cards and let you show off your more than just one Legend there. It’s also a great way to show off your Legend ships!"
shockwave,Shockwave,https://www.ea.com/games/apex-legends/apex-legends/news/shockwave-patch-notes,patch_notes,51,p,UPDATE: STAT TRACKERS,,,Login at any point during Shockwave to automatically unlock three new Stat Trackers to add to your mix and match collection.
shockwave,Shockwave,https://www.ea.com/games/apex-legends/apex-legends/news/shockwave-patch-notes,patch_notes,52,h2,SHOCKWAVE BATTLE PASS,,,SHOCKWAVE BATTLE PASS
shockwave,Shockwave,https://www.ea.com/games/apex-legends/apex-legends/news/shockwave-patch-notes,patch_notes,53,p,SHOCKWAVE BATTLE PASS,,,"For a summary of the updated Battle Pass offerings, please check out our dedicated blog and infographic here . Here's a TLDR:"
shockwave,Shockwave,https://www.ea.com/games/apex-legends/apex-legends/news/shockwave-patch-notes,patch_notes,54,li,SHOCKWAVE BATTLE PASS,,,"With the launch of Season 22 on August 6th through Split 1, we want to give you an opportunity to get the Premium Battle Pass. You can unlock it by completing a series of simple in-game challenges before the end of Split 1 on September 17th at 10:00am PT: Play 2 matches in Trios on a specific map Deal 1,000 damage as a Recon or Controller Legend in BR Open 15 Supply Bins in any mode Deal 500 damage in BR with a specific weapon Complete 10 levels of the Battle Pass"
shockwave,Shockwave,https://www.ea.com/games/apex-legends/apex-legends/news/shockwave-patch-notes,patch_notes,55,li,SHOCKWAVE BATTLE PASS,,,Play 2 matches in Trios on a specific map
shockwave,Shockwave,https://www.ea.com/games/apex-legends/apex-legends/news/shockwave-patch-notes,patch_notes,56,li,SHOCKWAVE BATTLE PASS,,,"Deal 1,000 damage as a Recon or Controller Legend in BR"
shockwave,Shockwave,https://www.ea.com/games/apex-legends/apex-legends/news/shockwave-patch-notes,patch_notes,57,li,SHOCKWAVE BATTLE PASS,,,Open 15 Supply Bins in any mode
shockwave,Shockwave,https://www.ea.com/games/apex-legends/apex-legends/news/shockwave-patch-notes,patch_notes,58,li,SHOCKWAVE BATTLE PASS,,,Deal 500 damage in BR with a specific weapon
shockwave,Shockwave,https://www.ea.com/games/apex-legends/apex-legends/news/shockwave-patch-notes,patch_notes,59,li,SHOCKWAVE BATTLE PASS,,,Complete 10 levels of the Battle Pass
shockwave,Shockwave,https://www.ea.com/games/apex-legends/apex-legends/news/shockwave-patch-notes,patch_notes,60,li,SHOCKWAVE BATTLE PASS,,,"Starting with Split 2 on September 17th, you can get the Premium Battle Passes the same way as before: by using 950 Apex Coins. You’ll be able to earn enough Apex Coins via the Battle Pass to get future passes."
shockwave,Shockwave,https://www.ea.com/games/apex-legends/apex-legends/news/shockwave-patch-notes,patch_notes,61,li,SHOCKWAVE BATTLE PASS,,,"The Battle Pass options now include better rewards—and with the re-tuned Battle Pass challenges, it'll be faster to complete at only 60 levels."
shockwave,Shockwave,https://www.ea.com/games/apex-legends/apex-legends/news/shockwave-patch-notes,patch_notes,63,h2,PATCH NOTES,,,PATCH NOTES
shockwave,Shockwave,https://www.ea.com/games/apex-legends/apex-legends/news/shockwave-patch-notes,patch_notes,64,h3,PATCH NOTES,BALANCE UPDATES,,BALANCE UPDATES
shockwave,Shockwave,https://www.ea.com/games/apex-legends/apex-legends/news/shockwave-patch-notes,patch_notes,65,p,PATCH NOTES,BALANCE UPDATES,,Care Package
shockwave,Shockwave,https://www.ea.com/games/apex-legends/apex-legends/news/shockwave-patch-notes,patch_notes,66,li,PATCH NOTES,BALANCE UPDATES,,EVA-8 returns to the floor Blast pattern size slightly increased Damage increased to 7 (was 6) Fire rate decreased Now takes Boosted Loader Hop-Up 4 shots remaining activation Quick reload overflows Magazine by 2 Slight increase to recoil
shockwave,Shockwave,https://www.ea.com/games/apex-legends/apex-legends/news/shockwave-patch-notes,patch_notes,67,li,PATCH NOTES,BALANCE UPDATES,,Blast pattern size slightly increased
shockwave,Shockwave,https://www.ea.com/games/apex-legends/apex-legends/news/shockwave-patch-notes,patch_notes,68,li,PATCH NOTES,BALANCE UPDATES,,Damage increased to 7 (was 6)
shockwave,Shockwave,https://www.ea.com/games/apex-legends/apex-legends/news/shockwave-patch-notes,patch_notes,69,li,PATCH NOTES,BALANCE UPDATES,,Fire rate decreased
shockwave,Shockwave,https://www.ea.com/games/apex-legends/apex-legends/news/shockwave-patch-notes,patch_notes,70,li,PATCH NOTES,BALANCE UPDATES,,Now takes Boosted Loader Hop-Up 4 shots remaining activation Quick reload overflows Magazine by 2
shockwave,Shockwave,https://www.ea.com/games/apex-legends/apex-legends/news/shockwave-patch-notes,patch_notes,71,li,PATCH NOTES,BALANCE UPDATES,,4 shots remaining activation
shockwave,Shockwave,https://www.ea.com/games/apex-legends/apex-legends/news/shockwave-patch-notes,patch_notes,72,li,PATCH NOTES,BALANCE UPDATES,,Quick reload overflows Magazine by 2
shockwave,Shockwave,https://www.ea.com/games/apex-legends/apex-legends/news/shockwave-patch-notes,patch_notes,73,li,PATCH NOTES,BALANCE UPDATES,,Slight increase to recoil
shockwave,Shockwave,https://www.ea.com/games/apex-legends/apex-legends/news/shockwave-patch-notes,patch_notes,74,li,PATCH NOTES,BALANCE UPDATES,,R-99 enters the Care Package ADS strafe speed increased Improved recoil New Feature: Damage fall-off Damage increased to 14 at close range Damage falls off to 10 at 11+ meters No movement penalty when equipped
shockwave,Shockwave,https://www.ea.com/games/apex-legends/apex-legends/news/shockwave-patch-notes,patch_notes,75,li,PATCH NOTES,BALANCE UPDATES,,ADS strafe speed increased
shockwave,Shockwave,https://www.ea.com/games/apex-legends/apex-legends/news/shockwave-patch-notes,patch_notes,76,li,PATCH NOTES,BALANCE UPDATES,,Improved recoil
shockwave,Shockwave,https://www.ea.com/games/apex-legends/apex-legends/news/shockwave-patch-notes,patch_notes,77,li,PATCH NOTES,BALANCE UPDATES,,New Feature: Damage fall-off Damage increased to 14 at close range Damage falls off to 10 at 11+ meters
shockwave,Shockwave,https://www.ea.com/games/apex-legends/apex-legends/news/shockwave-patch-notes,patch_notes,78,li,PATCH NOTES,BALANCE UPDATES,,Damage increased to 14 at close range
shockwave,Shockwave,https://www.ea.com/games/apex-legends/apex-legends/news/shockwave-patch-notes,patch_notes,79,li,PATCH NOTES,BALANCE UPDATES,,Damage falls off to 10 at 11+ meters
shockwave,Shockwave,https://www.ea.com/games/apex-legends/apex-legends/news/shockwave-patch-notes,patch_notes,80,li,PATCH NOTES,BALANCE UPDATES,,No movement penalty when equipped
shockwave,Shockwave,https://www.ea.com/games/apex-legends/apex-legends/news/shockwave-patch-notes,patch_notes,81,li,PATCH NOTES,BALANCE UPDATES,,EVO Cache Spawn Rate in the first wave increased to 100% (was 50%)
shockwave,Shockwave,https://www.ea.com/games/apex-legends/apex-legends/news/shockwave-patch-notes,patch_notes,82,p,PATCH NOTES,BALANCE UPDATES,,Gold Weapon Rotation
shockwave,Shockwave,https://www.ea.com/games/apex-legends/apex-legends/news/shockwave-patch-notes,patch_notes,83,li,PATCH NOTES,BALANCE UPDATES,,"Mozambique Akimbo, P2020 Akimbo, R-301, Rampage, Sentinel"
shockwave,Shockwave,https://www.ea.com/games/apex-legends/apex-legends/news/shockwave-patch-notes,patch_notes,84,h3,PATCH NOTES,GAMEPLAY UPDATES,,GAMEPLAY UPDATES
shockwave,Shockwave,https://www.ea.com/games/apex-legends/apex-legends/news/shockwave-patch-notes,patch_notes,85,p,PATCH NOTES,GAMEPLAY UPDATES,,Aim Assist
shockwave,Shockwave,https://www.ea.com/games/apex-legends/apex-legends/news/shockwave-patch-notes,patch_notes,86,li,PATCH NOTES,GAMEPLAY UPDATES,,Console crossplay into PC lobbies: Aim Assist strength reduced 18%
shockwave,Shockwave,https://www.ea.com/games/apex-legends/apex-legends/news/shockwave-patch-notes,patch_notes,87,li,PATCH NOTES,GAMEPLAY UPDATES,,Console performance mode crossplay into PC lobbies: Aim Assist strength reduced 22%
shockwave,Shockwave,https://www.ea.com/games/apex-legends/apex-legends/news/shockwave-patch-notes,patch_notes,88,li,PATCH NOTES,GAMEPLAY UPDATES,,Controller on PC: Aim Assist strength reduced 25%
shockwave,Shockwave,https://www.ea.com/games/apex-legends/apex-legends/news/shockwave-patch-notes,patch_notes,89,p,PATCH NOTES,GAMEPLAY UPDATES,,"Dev Note: We value our accessibility as a cross-platform game, but it's equally important for us to monitor that ecosystem. Experiential stories from all types of players tracks with the data we're seeing when it comes to encounter win rate between different peripherals. Apex Legends is a competitive shooter, and simply put, aim assist is too strong. Aim assist will never be removed as it's a critical accessibility feature. Console lobbies remain unaffected; this only impacts players on controllers in PC lobbies (our most competitive ecosystem). This change doesn't solve the intricacies of all aim assist hot topics, but it should help level the playing ground."
shockwave,Shockwave,https://www.ea.com/games/apex-legends/apex-legends/news/shockwave-patch-notes,patch_notes,90,p,PATCH NOTES,GAMEPLAY UPDATES,,Aim Flinch
shockwave,Shockwave,https://www.ea.com/games/apex-legends/apex-legends/news/shockwave-patch-notes,patch_notes,91,li,PATCH NOTES,GAMEPLAY UPDATES,,Aim Flinch has been removed from all weapons & most abilities
shockwave,Shockwave,https://www.ea.com/games/apex-legends/apex-legends/news/shockwave-patch-notes,patch_notes,92,li,PATCH NOTES,GAMEPLAY UPDATES,,Damage from the ring still incurs Aim Flinch
shockwave,Shockwave,https://www.ea.com/games/apex-legends/apex-legends/news/shockwave-patch-notes,patch_notes,93,p,PATCH NOTES,GAMEPLAY UPDATES,,"Dev Note: Let's be honest, no one really had love for Aim Flinch. We’ve made the call to eliminate it from all weapons and most Legend abilities. However there are some Legend abilities that do benefit from the added feedback like dunking on someone with a Newcastle ult. We’ll keep an eye on abilities that may need additional feedback as we see how this change affects the game."
shockwave,Shockwave,https://www.ea.com/games/apex-legends/apex-legends/news/shockwave-patch-notes,patch_notes,94,p,PATCH NOTES,GAMEPLAY UPDATES,,Loot Bin Reset
shockwave,Shockwave,https://www.ea.com/games/apex-legends/apex-legends/news/shockwave-patch-notes,patch_notes,95,p,PATCH NOTES,GAMEPLAY UPDATES,,"Starting with Shockwave, all loot bins will close and reroll their loot with a significantly increased chance at high tier and rare loot at the mid-way point of the match."
shockwave,Shockwave,https://www.ea.com/games/apex-legends/apex-legends/news/shockwave-patch-notes,patch_notes,96,li,PATCH NOTES,GAMEPLAY UPDATES,,Bins that have been rerolled will appear slightly differently than ones that have never been opened
shockwave,Shockwave,https://www.ea.com/games/apex-legends/apex-legends/news/shockwave-patch-notes,patch_notes,97,li,PATCH NOTES,GAMEPLAY UPDATES,,"After the reset, multiple bins will convert into Legendary loot bins that provide smart loot, guaranteeing that the contents to be relevant upgrades for a squad"
shockwave,Shockwave,https://www.ea.com/games/apex-legends/apex-legends/news/shockwave-patch-notes,patch_notes,98,p,PATCH NOTES,GAMEPLAY UPDATES,,Mythic Bin
shockwave,Shockwave,https://www.ea.com/games/apex-legends/apex-legends/news/shockwave-patch-notes,patch_notes,99,li,PATCH NOTES,GAMEPLAY UPDATES,,One Mythic bin will spawn into the match with: One random Care Package weapon Gold version weapons of those that the squad is running at the time of opening the bin Medical supplies and grenades Large EVO bonus to the squad
shockwave,Shockwave,https://www.ea.com/games/apex-legends/apex-legends/news/shockwave-patch-notes,patch_notes,100,li,PATCH NOTES,GAMEPLAY UPDATES,,One random Care Package weapon
shockwave,Shockwave,https://www.ea.com/games/apex-legends/apex-legends/news/shockwave-patch-notes,patch_notes,101,li,PATCH NOTES,GAMEPLAY UPDATES,,Gold version weapons of those that the squad is running at the time of opening the bin
shockwave,Shockwave,https://www.ea.com/games/apex-legends/apex-legends/news/shockwave-patch-notes,patch_notes,102,li,PATCH NOTES,GAMEPLAY UPDATES,,Medical supplies and grenades
shockwave,Shockwave,https://www.ea.com/games/apex-legends/apex-legends/news/shockwave-patch-notes,patch_notes,103,li,PATCH NOTES,GAMEPLAY UPDATES,,Large EVO bonus to the squad
shockwave,Shockwave,https://www.ea.com/games/apex-legends/apex-legends/news/shockwave-patch-notes,patch_notes,104,li,PATCH NOTES,GAMEPLAY UPDATES,,Mythic bins are locked and require players to hold interact on them for a significant amount of time to crack them open for their team
shockwave,Shockwave,https://www.ea.com/games/apex-legends/apex-legends/news/shockwave-patch-notes,patch_notes,105,li,PATCH NOTES,GAMEPLAY UPDATES,,Displayed on the map and minimap
shockwave,Shockwave,https://www.ea.com/games/apex-legends/apex-legends/news/shockwave-patch-notes,patch_notes,106,p,PATCH NOTES,GAMEPLAY UPDATES,,Loot Pool
shockwave,Shockwave,https://www.ea.com/games/apex-legends/apex-legends/news/shockwave-patch-notes,patch_notes,107,li,PATCH NOTES,GAMEPLAY UPDATES,,Reduce the spawn rate of Purple and Gold attachments by about 50%
shockwave,Shockwave,https://www.ea.com/games/apex-legends/apex-legends/news/shockwave-patch-notes,patch_notes,108,p,PATCH NOTES,GAMEPLAY UPDATES,,"Dev Note: Access to high tier attachments in the early game have started to feel too common which results in squashing the power progression over the course of a match. By reducing the amount of high tier loot in the early game players will be fighting on more even terms. To compensate for this reduction, “Loot Bin Reset” improves the overall quality of loot in the world which should provide a much smoother transition to end game power."
shockwave,Shockwave,https://www.ea.com/games/apex-legends/apex-legends/news/shockwave-patch-notes,patch_notes,109,p,PATCH NOTES,GAMEPLAY UPDATES,,Reorganization: Death Boxes and Loba’s Black Market
shockwave,Shockwave,https://www.ea.com/games/apex-legends/apex-legends/news/shockwave-patch-notes,patch_notes,110,li,PATCH NOTES,GAMEPLAY UPDATES,,Healing items now have a dedicated row and have been removed from the consumables category
shockwave,Shockwave,https://www.ea.com/games/apex-legends/apex-legends/news/shockwave-patch-notes,patch_notes,111,li,PATCH NOTES,GAMEPLAY UPDATES,,Shield Cores have been moved to the top of the Gear category
shockwave,Shockwave,https://www.ea.com/games/apex-legends/apex-legends/news/shockwave-patch-notes,patch_notes,112,p,PATCH NOTES,GAMEPLAY UPDATES,,"Dev Note: These items are critical to a player’s success in the outlands, bringing them up to the top with consistent positions should expedite the looting process and eliminate some tedious scrolling for players."
shockwave,Shockwave,https://www.ea.com/games/apex-legends/apex-legends/news/shockwave-patch-notes,patch_notes,113,p,PATCH NOTES,GAMEPLAY UPDATES,,Traversal
shockwave,Shockwave,https://www.ea.com/games/apex-legends/apex-legends/news/shockwave-patch-notes,patch_notes,114,li,PATCH NOTES,GAMEPLAY UPDATES,,Mantling at the same time in the same spot as a teammate no longer forces both players to drop
shockwave,Shockwave,https://www.ea.com/games/apex-legends/apex-legends/news/shockwave-patch-notes,patch_notes,115,h3,PATCH NOTES,BATTLE SENSE,,BATTLE SENSE
shockwave,Shockwave,https://www.ea.com/games/apex-legends/apex-legends/news/shockwave-patch-notes,patch_notes,116,p,PATCH NOTES,BATTLE SENSE,,Better Ammo Awareness & Feedback
shockwave,Shockwave,https://www.ea.com/games/apex-legends/apex-legends/news/shockwave-patch-notes,patch_notes,117,li,PATCH NOTES,BATTLE SENSE,,Critical Ammo state will now kick on when a player has 0 relevant ammo in their inventory
shockwave,Shockwave,https://www.ea.com/games/apex-legends/apex-legends/news/shockwave-patch-notes,patch_notes,118,li,PATCH NOTES,BATTLE SENSE,,On screen Low Ammo indicators kick on earlier allowing players more opportunity to find ammo Indicator also now displays the icon of the ammo type
shockwave,Shockwave,https://www.ea.com/games/apex-legends/apex-legends/news/shockwave-patch-notes,patch_notes,119,li,PATCH NOTES,BATTLE SENSE,,Indicator also now displays the icon of the ammo type
shockwave,Shockwave,https://www.ea.com/games/apex-legends/apex-legends/news/shockwave-patch-notes,patch_notes,120,li,PATCH NOTES,BATTLE SENSE,,Pinging for ammo will now display the ammo icon in the kill feed
shockwave,Shockwave,https://www.ea.com/games/apex-legends/apex-legends/news/shockwave-patch-notes,patch_notes,121,li,PATCH NOTES,BATTLE SENSE,,When emptying a weapon of all reserve ammo it will now automatically ping that the player is in need of ammo
shockwave,Shockwave,https://www.ea.com/games/apex-legends/apex-legends/news/shockwave-patch-notes,patch_notes,122,li,PATCH NOTES,BATTLE SENSE,,When looking at ammo on the ground the tooltip now displays compatibility with any of your currently equipped weapons
shockwave,Shockwave,https://www.ea.com/games/apex-legends/apex-legends/news/shockwave-patch-notes,patch_notes,123,p,PATCH NOTES,BATTLE SENSE,,Dev Note: Running out of ammo is never fun and our low ammo states were set up in a way that didn’t provide much time or information for players to action on. These changes intend to set players up for more success when it comes to maintaining their ammo economy.
shockwave,Shockwave,https://www.ea.com/games/apex-legends/apex-legends/news/shockwave-patch-notes,patch_notes,124,p,PATCH NOTES,BATTLE SENSE,,Enemy Health Bars
shockwave,Shockwave,https://www.ea.com/games/apex-legends/apex-legends/news/shockwave-patch-notes,patch_notes,125,p,PATCH NOTES,BATTLE SENSE,,"When damaging an enemy, players are now shown the enemy’s Armor and Health state. This Health Bar is only active for a brief time after dealing damage and then fades away. Health Bars, like Enemy Highlights require direct line of sight."
shockwave,Shockwave,https://www.ea.com/games/apex-legends/apex-legends/news/shockwave-patch-notes,patch_notes,126,p,PATCH NOTES,BATTLE SENSE,,Enemy Highlight
shockwave,Shockwave,https://www.ea.com/games/apex-legends/apex-legends/news/shockwave-patch-notes,patch_notes,127,p,PATCH NOTES,BATTLE SENSE,,"Enemy players will now be highlighted with a red outline similar to how allies are highlighted with a blue one. The highlight is most prominent at close ranges and the intensity fades as targets get farther away. Enemy Highlights require direct line of sight (you can breathe now, Bangalore mains)."
shockwave,Shockwave,https://www.ea.com/games/apex-legends/apex-legends/news/shockwave-patch-notes,patch_notes,128,p,PATCH NOTES,BATTLE SENSE,,Both Enemy Health Bars and Enemy Highlights can be toggled on/off in Settings.
shockwave,Shockwave,https://www.ea.com/games/apex-legends/apex-legends/news/shockwave-patch-notes,patch_notes,129,p,PATCH NOTES,BATTLE SENSE,,"Dev Note: Visual clarity and accurate information are imperative to a player’s success. These new features, Highlighting and Health Bars, are intended to level the playing field and combat the intensity of battle. No one likes mag dumping into their squadmates back because they totally thought that was the enemy Lifeline."
shockwave,Shockwave,https://www.ea.com/games/apex-legends/apex-legends/news/shockwave-patch-notes,patch_notes,130,p,PATCH NOTES,BATTLE SENSE,,Experienced players can easily develop the skill to call out health values of enemies based on the amount of damage they are dealing and the various shield levels but for newer players this can be a difficult task. Providing a visual aid for such critical information we hope evens the playing field a bit and can provide accurate and actionable information that can be relayed to the whole squad. You can really call out that “they’re one!”.
shockwave,Shockwave,https://www.ea.com/games/apex-legends/apex-legends/news/shockwave-patch-notes,patch_notes,131,h3,PATCH NOTES,AMMO & ATTACHMENTS,,AMMO & ATTACHMENTS
shockwave,Shockwave,https://www.ea.com/games/apex-legends/apex-legends/news/shockwave-patch-notes,patch_notes,132,p,PATCH NOTES,AMMO & ATTACHMENTS,,Ammo Spawn rates
shockwave,Shockwave,https://www.ea.com/games/apex-legends/apex-legends/news/shockwave-patch-notes,patch_notes,133,li,PATCH NOTES,AMMO & ATTACHMENTS,,Energy ammo: reduced individual spawn rate
shockwave,Shockwave,https://www.ea.com/games/apex-legends/apex-legends/news/shockwave-patch-notes,patch_notes,134,li,PATCH NOTES,AMMO & ATTACHMENTS,,Light & Heavy ammo: slight increase to individual spawn rate
shockwave,Shockwave,https://www.ea.com/games/apex-legends/apex-legends/news/shockwave-patch-notes,patch_notes,135,li,PATCH NOTES,AMMO & ATTACHMENTS,,Shotgun & Sniper ammo: increased individual spawn rate
shockwave,Shockwave,https://www.ea.com/games/apex-legends/apex-legends/news/shockwave-patch-notes,patch_notes,136,p,PATCH NOTES,AMMO & ATTACHMENTS,,Ammo Stack Changes
shockwave,Shockwave,https://www.ea.com/games/apex-legends/apex-legends/news/shockwave-patch-notes,patch_notes,137,li,PATCH NOTES,AMMO & ATTACHMENTS,,Light ammo stack size increased to 72 (was 60) Individual brick size increased to 24 (was 20)
shockwave,Shockwave,https://www.ea.com/games/apex-legends/apex-legends/news/shockwave-patch-notes,patch_notes,138,li,PATCH NOTES,AMMO & ATTACHMENTS,,Individual brick size increased to 24 (was 20)
shockwave,Shockwave,https://www.ea.com/games/apex-legends/apex-legends/news/shockwave-patch-notes,patch_notes,139,li,PATCH NOTES,AMMO & ATTACHMENTS,,Energy ammo stack size decreased to 54 (was 60) Individual brick size decreased to 18 (was 20)
shockwave,Shockwave,https://www.ea.com/games/apex-legends/apex-legends/news/shockwave-patch-notes,patch_notes,140,li,PATCH NOTES,AMMO & ATTACHMENTS,,Individual brick size decreased to 18 (was 20)
shockwave,Shockwave,https://www.ea.com/games/apex-legends/apex-legends/news/shockwave-patch-notes,patch_notes,141,li,PATCH NOTES,AMMO & ATTACHMENTS,,Shotgun ammo stack size increased to 20 (was 16) Individual brick size increased to 10 (was 8)
shockwave,Shockwave,https://www.ea.com/games/apex-legends/apex-legends/news/shockwave-patch-notes,patch_notes,142,li,PATCH NOTES,AMMO & ATTACHMENTS,,Individual brick size increased to 10 (was 8)
shockwave,Shockwave,https://www.ea.com/games/apex-legends/apex-legends/news/shockwave-patch-notes,patch_notes,143,p,PATCH NOTES,AMMO & ATTACHMENTS,,Dev Note: Light ammo weapons have been overshadowed by our Heavy and Energy arsenal the last few seasons. With this set of changes we’re hoping the ammo economy for Light will improve their viability and earn back a place in player’s loadouts.
shockwave,Shockwave,https://www.ea.com/games/apex-legends/apex-legends/news/shockwave-patch-notes,patch_notes,144,p,PATCH NOTES,AMMO & ATTACHMENTS,,Hop-ups
shockwave,Shockwave,https://www.ea.com/games/apex-legends/apex-legends/news/shockwave-patch-notes,patch_notes,145,li,PATCH NOTES,AMMO & ATTACHMENTS,,Disruptor Rounds removed from floor loot
shockwave,Shockwave,https://www.ea.com/games/apex-legends/apex-legends/news/shockwave-patch-notes,patch_notes,146,li,PATCH NOTES,AMMO & ATTACHMENTS,,"New Hop-Up: Gun Shield Generator Usable by all LMGs (Spitfire, Rampage, L-STAR, Devotion) When aiming down sights automatically deploy a frontal Gun Shield Gun Shield absorbs 40 damage Gun Shield is recharged 12 seconds after taking damage or breaking Improves Gibraltar’s Gun Shield Gun Shield health increased to 75 Gun Shield recharge time remains the same as his passive"
shockwave,Shockwave,https://www.ea.com/games/apex-legends/apex-legends/news/shockwave-patch-notes,patch_notes,147,li,PATCH NOTES,AMMO & ATTACHMENTS,,"Usable by all LMGs (Spitfire, Rampage, L-STAR, Devotion)"
shockwave,Shockwave,https://www.ea.com/games/apex-legends/apex-legends/news/shockwave-patch-notes,patch_notes,148,li,PATCH NOTES,AMMO & ATTACHMENTS,,When aiming down sights automatically deploy a frontal Gun Shield
shockwave,Shockwave,https://www.ea.com/games/apex-legends/apex-legends/news/shockwave-patch-notes,patch_notes,149,li,PATCH NOTES,AMMO & ATTACHMENTS,,Gun Shield absorbs 40 damage
shockwave,Shockwave,https://www.ea.com/games/apex-legends/apex-legends/news/shockwave-patch-notes,patch_notes,150,li,PATCH NOTES,AMMO & ATTACHMENTS,,Gun Shield is recharged 12 seconds after taking damage or breaking
shockwave,Shockwave,https://www.ea.com/games/apex-legends/apex-legends/news/shockwave-patch-notes,patch_notes,151,li,PATCH NOTES,AMMO & ATTACHMENTS,,Improves Gibraltar’s Gun Shield Gun Shield health increased to 75 Gun Shield recharge time remains the same as his passive
shockwave,Shockwave,https://www.ea.com/games/apex-legends/apex-legends/news/shockwave-patch-notes,patch_notes,152,li,PATCH NOTES,AMMO & ATTACHMENTS,,Gun Shield health increased to 75
shockwave,Shockwave,https://www.ea.com/games/apex-legends/apex-legends/news/shockwave-patch-notes,patch_notes,153,li,PATCH NOTES,AMMO & ATTACHMENTS,,Gun Shield recharge time remains the same as his passive
shockwave,Shockwave,https://www.ea.com/games/apex-legends/apex-legends/news/shockwave-patch-notes,patch_notes,154,h3,PATCH NOTES,WEAPONS,,WEAPONS
shockwave,Shockwave,https://www.ea.com/games/apex-legends/apex-legends/news/shockwave-patch-notes,patch_notes,155,p,PATCH NOTES,WEAPONS,,Akimbo
shockwave,Shockwave,https://www.ea.com/games/apex-legends/apex-legends/news/shockwave-patch-notes,patch_notes,156,p,PATCH NOTES,WEAPONS,,Dual wield two P2020s or two Mozambiques this season by finding and interacting with a second P2020 or Mozambique to automatically enter Akimbo mode.
shockwave,Shockwave,https://www.ea.com/games/apex-legends/apex-legends/news/shockwave-patch-notes,patch_notes,157,li,PATCH NOTES,WEAPONS,,Aiming tightens hipfire spread instead of looking down sights
shockwave,Shockwave,https://www.ea.com/games/apex-legends/apex-legends/news/shockwave-patch-notes,patch_notes,158,li,PATCH NOTES,WEAPONS,,Attachments are mirrored to the second weapon
shockwave,Shockwave,https://www.ea.com/games/apex-legends/apex-legends/news/shockwave-patch-notes,patch_notes,159,li,PATCH NOTES,WEAPONS,,Both P2020 and Mozambique are automatic in Akimbo
shockwave,Shockwave,https://www.ea.com/games/apex-legends/apex-legends/news/shockwave-patch-notes,patch_notes,160,li,PATCH NOTES,WEAPONS,,Increased rate of fire
shockwave,Shockwave,https://www.ea.com/games/apex-legends/apex-legends/news/shockwave-patch-notes,patch_notes,161,li,PATCH NOTES,WEAPONS,,Longer reload times
shockwave,Shockwave,https://www.ea.com/games/apex-legends/apex-legends/news/shockwave-patch-notes,patch_notes,162,li,PATCH NOTES,WEAPONS,,Magazine size is doubled
shockwave,Shockwave,https://www.ea.com/games/apex-legends/apex-legends/news/shockwave-patch-notes,patch_notes,163,li,PATCH NOTES,WEAPONS,,Optics are disabled while in Akimbo
shockwave,Shockwave,https://www.ea.com/games/apex-legends/apex-legends/news/shockwave-patch-notes,patch_notes,164,li,PATCH NOTES,WEAPONS,,Toggle select fire to holster your second weapon and re-enable your optic.
shockwave,Shockwave,https://www.ea.com/games/apex-legends/apex-legends/news/shockwave-patch-notes,patch_notes,165,p,PATCH NOTES,WEAPONS,,LMGs
shockwave,Shockwave,https://www.ea.com/games/apex-legends/apex-legends/news/shockwave-patch-notes,patch_notes,166,li,PATCH NOTES,WEAPONS,,All LMGs now benefit from the Reverse Hipfire mechanic found on the Care Package Devotion
shockwave,Shockwave,https://www.ea.com/games/apex-legends/apex-legends/news/shockwave-patch-notes,patch_notes,167,li,PATCH NOTES,WEAPONS,,New Hop-Up: Gun Shield Generator (see Hop-Ups section above)
shockwave,Shockwave,https://www.ea.com/games/apex-legends/apex-legends/news/shockwave-patch-notes,patch_notes,168,p,PATCH NOTES,WEAPONS,,"Dev Note: LMGs are great at suppressing enemies and unloading huge mags of consistent damage, but they can’t compete with our more aggressive weapon types in raw damage output so we’re trying new vectors of strength—defense and consistency. The Gun Shield Generator is intended to allow players to challenge higher DPS weapons in a new way that plays into their fantasy more than just increasing damage. While the Reverse Hipfire mechanic provides a more consistent close range option."
shockwave,Shockwave,https://www.ea.com/games/apex-legends/apex-legends/news/shockwave-patch-notes,patch_notes,169,p,PATCH NOTES,WEAPONS,,Alternator
shockwave,Shockwave,https://www.ea.com/games/apex-legends/apex-legends/news/shockwave-patch-notes,patch_notes,170,li,PATCH NOTES,WEAPONS,,Magazine size changes Base: 19 (unchanged) White: 23 (was 22) Blue: 26 (was 25) Purple/Gold: 28 (was 27)
shockwave,Shockwave,https://www.ea.com/games/apex-legends/apex-legends/news/shockwave-patch-notes,patch_notes,171,li,PATCH NOTES,WEAPONS,,Base: 19 (unchanged)
shockwave,Shockwave,https://www.ea.com/games/apex-legends/apex-legends/news/shockwave-patch-notes,patch_notes,172,li,PATCH NOTES,WEAPONS,,White: 23 (was 22)
shockwave,Shockwave,https://www.ea.com/games/apex-legends/apex-legends/news/shockwave-patch-notes,patch_notes,173,li,PATCH NOTES,WEAPONS,,Blue: 26 (was 25)
shockwave,Shockwave,https://www.ea.com/games/apex-legends/apex-legends/news/shockwave-patch-notes,patch_notes,174,li,PATCH NOTES,WEAPONS,,Purple/Gold: 28 (was 27)
shockwave,Shockwave,https://www.ea.com/games/apex-legends/apex-legends/news/shockwave-patch-notes,patch_notes,175,p,PATCH NOTES,WEAPONS,,CAR
shockwave,Shockwave,https://www.ea.com/games/apex-legends/apex-legends/news/shockwave-patch-notes,patch_notes,176,li,PATCH NOTES,WEAPONS,,Magazine size changes Base: 19 (unchanged) White: 22 (was 21) Blue: 24 (was 23) Purple/Gold: 27 (was 26)
shockwave,Shockwave,https://www.ea.com/games/apex-legends/apex-legends/news/shockwave-patch-notes,patch_notes,177,li,PATCH NOTES,WEAPONS,,Base: 19 (unchanged)
shockwave,Shockwave,https://www.ea.com/games/apex-legends/apex-legends/news/shockwave-patch-notes,patch_notes,178,li,PATCH NOTES,WEAPONS,,White: 22 (was 21)
shockwave,Shockwave,https://www.ea.com/games/apex-legends/apex-legends/news/shockwave-patch-notes,patch_notes,179,li,PATCH NOTES,WEAPONS,,Blue: 24 (was 23)
shockwave,Shockwave,https://www.ea.com/games/apex-legends/apex-legends/news/shockwave-patch-notes,patch_notes,180,li,PATCH NOTES,WEAPONS,,Purple/Gold: 27 (was 26)
shockwave,Shockwave,https://www.ea.com/games/apex-legends/apex-legends/news/shockwave-patch-notes,patch_notes,181,p,PATCH NOTES,WEAPONS,,Devotion (Care Package)
shockwave,Shockwave,https://www.ea.com/games/apex-legends/apex-legends/news/shockwave-patch-notes,patch_notes,182,li,PATCH NOTES,WEAPONS,,Empty reload speed decreased
shockwave,Shockwave,https://www.ea.com/games/apex-legends/apex-legends/news/shockwave-patch-notes,patch_notes,183,li,PATCH NOTES,WEAPONS,,Gun Shield Generator added
shockwave,Shockwave,https://www.ea.com/games/apex-legends/apex-legends/news/shockwave-patch-notes,patch_notes,184,li,PATCH NOTES,WEAPONS,,Reverse hip fire improved; shots needed for max hipfire reduced to 14 (was 21)
shockwave,Shockwave,https://www.ea.com/games/apex-legends/apex-legends/news/shockwave-patch-notes,patch_notes,185,p,PATCH NOTES,WEAPONS,,Flatline
shockwave,Shockwave,https://www.ea.com/games/apex-legends/apex-legends/news/shockwave-patch-notes,patch_notes,186,li,PATCH NOTES,WEAPONS,,Magazine size changes Base: 19 (was 20) White: 23 (was 25) Blue: 27 (was 28) Purple/Gold: 29 (was 30)
shockwave,Shockwave,https://www.ea.com/games/apex-legends/apex-legends/news/shockwave-patch-notes,patch_notes,187,li,PATCH NOTES,WEAPONS,,Base: 19 (was 20)
shockwave,Shockwave,https://www.ea.com/games/apex-legends/apex-legends/news/shockwave-patch-notes,patch_notes,188,li,PATCH NOTES,WEAPONS,,White: 23 (was 25)
shockwave,Shockwave,https://www.ea.com/games/apex-legends/apex-legends/news/shockwave-patch-notes,patch_notes,189,li,PATCH NOTES,WEAPONS,,Blue: 27 (was 28)
shockwave,Shockwave,https://www.ea.com/games/apex-legends/apex-legends/news/shockwave-patch-notes,patch_notes,190,li,PATCH NOTES,WEAPONS,,Purple/Gold: 29 (was 30)
shockwave,Shockwave,https://www.ea.com/games/apex-legends/apex-legends/news/shockwave-patch-notes,patch_notes,191,p,PATCH NOTES,WEAPONS,,Havoc
shockwave,Shockwave,https://www.ea.com/games/apex-legends/apex-legends/news/shockwave-patch-notes,patch_notes,192,li,PATCH NOTES,WEAPONS,,Hipfire accuracy significantly reduced
shockwave,Shockwave,https://www.ea.com/games/apex-legends/apex-legends/news/shockwave-patch-notes,patch_notes,193,p,PATCH NOTES,WEAPONS,,Hemlok
shockwave,Shockwave,https://www.ea.com/games/apex-legends/apex-legends/news/shockwave-patch-notes,patch_notes,194,li,PATCH NOTES,WEAPONS,,Burst Delay slightly increased
shockwave,Shockwave,https://www.ea.com/games/apex-legends/apex-legends/news/shockwave-patch-notes,patch_notes,195,li,PATCH NOTES,WEAPONS,,Damage reduced to 19 (was 20)
shockwave,Shockwave,https://www.ea.com/games/apex-legends/apex-legends/news/shockwave-patch-notes,patch_notes,196,li,PATCH NOTES,WEAPONS,,Magazine Size Reduction Base: 18 (unchanged) White: 21 (was 24) Blue: 24 (was 27) Purple/Gold: 30 (unchanged)
shockwave,Shockwave,https://www.ea.com/games/apex-legends/apex-legends/news/shockwave-patch-notes,patch_notes,197,li,PATCH NOTES,WEAPONS,,Base: 18 (unchanged)
shockwave,Shockwave,https://www.ea.com/games/apex-legends/apex-legends/news/shockwave-patch-notes,patch_notes,198,li,PATCH NOTES,WEAPONS,,White: 21 (was 24)
shockwave,Shockwave,https://www.ea.com/games/apex-legends/apex-legends/news/shockwave-patch-notes,patch_notes,199,li,PATCH NOTES,WEAPONS,,Blue: 24 (was 27)
shockwave,Shockwave,https://www.ea.com/games/apex-legends/apex-legends/news/shockwave-patch-notes,patch_notes,200,li,PATCH NOTES,WEAPONS,,Purple/Gold: 30 (unchanged)
shockwave,Shockwave,https://www.ea.com/games/apex-legends/apex-legends/news/shockwave-patch-notes,patch_notes,201,p,PATCH NOTES,WEAPONS,,"Dev Note: Hemlock & Havoc have both been overperforming, these changes are intended to bring them more in line with the rest of the weapon roster."
shockwave,Shockwave,https://www.ea.com/games/apex-legends/apex-legends/news/shockwave-patch-notes,patch_notes,202,p,PATCH NOTES,WEAPONS,,P2020 (Single)
shockwave,Shockwave,https://www.ea.com/games/apex-legends/apex-legends/news/shockwave-patch-notes,patch_notes,203,li,PATCH NOTES,WEAPONS,,Damage increased to 21 (was 18)
shockwave,Shockwave,https://www.ea.com/games/apex-legends/apex-legends/news/shockwave-patch-notes,patch_notes,204,li,PATCH NOTES,WEAPONS,,Hammer Point damage decreased to 23 (was 27)
shockwave,Shockwave,https://www.ea.com/games/apex-legends/apex-legends/news/shockwave-patch-notes,patch_notes,205,li,PATCH NOTES,WEAPONS,,Magazine size changes Base: 10 (was 14) White: 11 (was 16) Blue: 12 (was 18) Purple/Gold: 14 (was 21)
shockwave,Shockwave,https://www.ea.com/games/apex-legends/apex-legends/news/shockwave-patch-notes,patch_notes,206,li,PATCH NOTES,WEAPONS,,Base: 10 (was 14)
shockwave,Shockwave,https://www.ea.com/games/apex-legends/apex-legends/news/shockwave-patch-notes,patch_notes,207,li,PATCH NOTES,WEAPONS,,White: 11 (was 16)
shockwave,Shockwave,https://www.ea.com/games/apex-legends/apex-legends/news/shockwave-patch-notes,patch_notes,208,li,PATCH NOTES,WEAPONS,,Blue: 12 (was 18)
shockwave,Shockwave,https://www.ea.com/games/apex-legends/apex-legends/news/shockwave-patch-notes,patch_notes,209,li,PATCH NOTES,WEAPONS,,Purple/Gold: 14 (was 21)
shockwave,Shockwave,https://www.ea.com/games/apex-legends/apex-legends/news/shockwave-patch-notes,patch_notes,210,p,PATCH NOTES,WEAPONS,,Mozambique (Single)
shockwave,Shockwave,https://www.ea.com/games/apex-legends/apex-legends/news/shockwave-patch-notes,patch_notes,211,li,PATCH NOTES,WEAPONS,,Hammer Point Damage for a full blast reduced to 54 (was 60)
shockwave,Shockwave,https://www.ea.com/games/apex-legends/apex-legends/news/shockwave-patch-notes,patch_notes,212,li,PATCH NOTES,WEAPONS,,Rate of fire significantly increased
shockwave,Shockwave,https://www.ea.com/games/apex-legends/apex-legends/news/shockwave-patch-notes,patch_notes,213,li,PATCH NOTES,WEAPONS,,Shotgun Bolt rate of fire multiplier decreased at all levels
shockwave,Shockwave,https://www.ea.com/games/apex-legends/apex-legends/news/shockwave-patch-notes,patch_notes,214,p,PATCH NOTES,WEAPONS,,Mastiff
shockwave,Shockwave,https://www.ea.com/games/apex-legends/apex-legends/news/shockwave-patch-notes,patch_notes,215,li,PATCH NOTES,WEAPONS,,Damage increased to 15 (was 11)
shockwave,Shockwave,https://www.ea.com/games/apex-legends/apex-legends/news/shockwave-patch-notes,patch_notes,216,li,PATCH NOTES,WEAPONS,,Pellet count reduced to 6 (was 8)
shockwave,Shockwave,https://www.ea.com/games/apex-legends/apex-legends/news/shockwave-patch-notes,patch_notes,217,h4,PATCH NOTES,WEAPONS,Old,Old
shockwave,Shockwave,https://www.ea.com/games/apex-legends/apex-legends/news/shockwave-patch-notes,patch_notes,219,h4,PATCH NOTES,WEAPONS,New,New
shockwave,Shockwave,https://www.ea.com/games/apex-legends/apex-legends/news/shockwave-patch-notes,patch_notes,221,p,PATCH NOTES,WEAPONS,New,Dev Note: Shotguns have been feeling inconsistent lately so we’re taking a swing at improving that consistency without just cranking the total damage up. Reducing pellet count and increasing the per pellet damage should increase the average damage dealt.
shockwave,Shockwave,https://www.ea.com/games/apex-legends/apex-legends/news/shockwave-patch-notes,patch_notes,222,p,PATCH NOTES,WEAPONS,New,Peacekeeper
shockwave,Shockwave,https://www.ea.com/games/apex-legends/apex-legends/news/shockwave-patch-notes,patch_notes,223,li,PATCH NOTES,WEAPONS,New,Damage increased per pellet to 11 (was 9)
shockwave,Shockwave,https://www.ea.com/games/apex-legends/apex-legends/news/shockwave-patch-notes,patch_notes,224,li,PATCH NOTES,WEAPONS,New,Pellet count reduced to 9 (was 11)
shockwave,Shockwave,https://www.ea.com/games/apex-legends/apex-legends/news/shockwave-patch-notes,patch_notes,225,li,PATCH NOTES,WEAPONS,New,Blast pattern shape changed
shockwave,Shockwave,https://www.ea.com/games/apex-legends/apex-legends/news/shockwave-patch-notes,patch_notes,226,h4,PATCH NOTES,WEAPONS,Old,Old
shockwave,Shockwave,https://www.ea.com/games/apex-legends/apex-legends/news/shockwave-patch-notes,patch_notes,228,h4,PATCH NOTES,WEAPONS,New,New
shockwave,Shockwave,https://www.ea.com/games/apex-legends/apex-legends/news/shockwave-patch-notes,patch_notes,230,p,PATCH NOTES,WEAPONS,New,R-301
shockwave,Shockwave,https://www.ea.com/games/apex-legends/apex-legends/news/shockwave-patch-notes,patch_notes,231,li,PATCH NOTES,WEAPONS,New,Magazine size changes Base: 21(was 18) White: 23 (was 20) Blue 28: (was 25) Purple/Gold: 31 (was 28)
shockwave,Shockwave,https://www.ea.com/games/apex-legends/apex-legends/news/shockwave-patch-notes,patch_notes,232,li,PATCH NOTES,WEAPONS,New,Base: 21(was 18)
shockwave,Shockwave,https://www.ea.com/games/apex-legends/apex-legends/news/shockwave-patch-notes,patch_notes,233,li,PATCH NOTES,WEAPONS,New,White: 23 (was 20)
shockwave,Shockwave,https://www.ea.com/games/apex-legends/apex-legends/news/shockwave-patch-notes,patch_notes,234,li,PATCH NOTES,WEAPONS,New,Blue 28: (was 25)
shockwave,Shockwave,https://www.ea.com/games/apex-legends/apex-legends/news/shockwave-patch-notes,patch_notes,235,li,PATCH NOTES,WEAPONS,New,Purple/Gold: 31 (was 28)
shockwave,Shockwave,https://www.ea.com/games/apex-legends/apex-legends/news/shockwave-patch-notes,patch_notes,236,p,PATCH NOTES,WEAPONS,New,RE-45
shockwave,Shockwave,https://www.ea.com/games/apex-legends/apex-legends/news/shockwave-patch-notes,patch_notes,237,li,PATCH NOTES,WEAPONS,New,Magazine size changes Base: 18 (was 16) White: 20 (was 19) Blue: 23 (was 22) Purple/Gold: 26 (was 25)
shockwave,Shockwave,https://www.ea.com/games/apex-legends/apex-legends/news/shockwave-patch-notes,patch_notes,238,li,PATCH NOTES,WEAPONS,New,Base: 18 (was 16)
shockwave,Shockwave,https://www.ea.com/games/apex-legends/apex-legends/news/shockwave-patch-notes,patch_notes,239,li,PATCH NOTES,WEAPONS,New,White: 20 (was 19)
shockwave,Shockwave,https://www.ea.com/games/apex-legends/apex-legends/news/shockwave-patch-notes,patch_notes,240,li,PATCH NOTES,WEAPONS,New,Blue: 23 (was 22)
shockwave,Shockwave,https://www.ea.com/games/apex-legends/apex-legends/news/shockwave-patch-notes,patch_notes,241,li,PATCH NOTES,WEAPONS,New,Purple/Gold: 26 (was 25)
shockwave,Shockwave,https://www.ea.com/games/apex-legends/apex-legends/news/shockwave-patch-notes,patch_notes,242,p,PATCH NOTES,WEAPONS,New,Rampage
shockwave,Shockwave,https://www.ea.com/games/apex-legends/apex-legends/news/shockwave-patch-notes,patch_notes,243,li,PATCH NOTES,WEAPONS,New,Increase projectile size while Revved Up
shockwave,Shockwave,https://www.ea.com/games/apex-legends/apex-legends/news/shockwave-patch-notes,patch_notes,244,h3,PATCH NOTES,LEGENDS,,LEGENDS
shockwave,Shockwave,https://www.ea.com/games/apex-legends/apex-legends/news/shockwave-patch-notes,patch_notes,245,p,PATCH NOTES,LEGENDS,,New Class Perks + Adjustments
shockwave,Shockwave,https://www.ea.com/games/apex-legends/apex-legends/news/shockwave-patch-notes,patch_notes,246,li,PATCH NOTES,LEGENDS,,Controller Legends Class Perk - Zone Overcharge: extra shield capacity when playing in zone (see above) QoL - Remote Pick-Up: remotely pick-up their undamaged Tacticals by looking back at them and pressing a button (see above)
shockwave,Shockwave,https://www.ea.com/games/apex-legends/apex-legends/news/shockwave-patch-notes,patch_notes,247,li,PATCH NOTES,LEGENDS,,Class Perk - Zone Overcharge: extra shield capacity when playing in zone (see above)
shockwave,Shockwave,https://www.ea.com/games/apex-legends/apex-legends/news/shockwave-patch-notes,patch_notes,248,li,PATCH NOTES,LEGENDS,,QoL - Remote Pick-Up: remotely pick-up their undamaged Tacticals by looking back at them and pressing a button (see above)
shockwave,Shockwave,https://www.ea.com/games/apex-legends/apex-legends/news/shockwave-patch-notes,patch_notes,249,li,PATCH NOTES,LEGENDS,,Recon Legends Class Perk - Threat Vision: gain threat vision when aiming down sights (see above) Survey Beacons: multiple updates (see above)
shockwave,Shockwave,https://www.ea.com/games/apex-legends/apex-legends/news/shockwave-patch-notes,patch_notes,250,li,PATCH NOTES,LEGENDS,,Class Perk - Threat Vision: gain threat vision when aiming down sights (see above)
shockwave,Shockwave,https://www.ea.com/games/apex-legends/apex-legends/news/shockwave-patch-notes,patch_notes,251,li,PATCH NOTES,LEGENDS,,Survey Beacons: multiple updates (see above)
shockwave,Shockwave,https://www.ea.com/games/apex-legends/apex-legends/news/shockwave-patch-notes,patch_notes,252,p,PATCH NOTES,LEGENDS,,Alter
shockwave,Shockwave,https://www.ea.com/games/apex-legends/apex-legends/news/shockwave-patch-notes,patch_notes,253,li,PATCH NOTES,LEGENDS,,"Void Nexus Channel time when knocked decreased to 2s (was 3s) Chase portal duration decreased 8s (was 10s) Chase portal opening delay increased to 8s (was 6s) Increased travel speed to void nexus by about 40% (was 1800) Ult cooldown reduced to 3 min (was 3.5m) When knocked, you can travel to a friendly Void Nexus without looking at it by pressing character action (H key/D-pad down)"
shockwave,Shockwave,https://www.ea.com/games/apex-legends/apex-legends/news/shockwave-patch-notes,patch_notes,254,li,PATCH NOTES,LEGENDS,,Channel time when knocked decreased to 2s (was 3s)
shockwave,Shockwave,https://www.ea.com/games/apex-legends/apex-legends/news/shockwave-patch-notes,patch_notes,255,li,PATCH NOTES,LEGENDS,,Chase portal duration decreased 8s (was 10s)
shockwave,Shockwave,https://www.ea.com/games/apex-legends/apex-legends/news/shockwave-patch-notes,patch_notes,256,li,PATCH NOTES,LEGENDS,,Chase portal opening delay increased to 8s (was 6s)
shockwave,Shockwave,https://www.ea.com/games/apex-legends/apex-legends/news/shockwave-patch-notes,patch_notes,257,li,PATCH NOTES,LEGENDS,,Increased travel speed to void nexus by about 40% (was 1800)
shockwave,Shockwave,https://www.ea.com/games/apex-legends/apex-legends/news/shockwave-patch-notes,patch_notes,258,li,PATCH NOTES,LEGENDS,,Ult cooldown reduced to 3 min (was 3.5m)
shockwave,Shockwave,https://www.ea.com/games/apex-legends/apex-legends/news/shockwave-patch-notes,patch_notes,259,li,PATCH NOTES,LEGENDS,,"When knocked, you can travel to a friendly Void Nexus without looking at it by pressing character action (H key/D-pad down)"
shockwave,Shockwave,https://www.ea.com/games/apex-legends/apex-legends/news/shockwave-patch-notes,patch_notes,260,p,PATCH NOTES,LEGENDS,,"Dev Note: When you're knocked, you're at your most vulnerable and taking time to locate an object in the world and look at it for a period of time with no way to defend yourself is both challenging and risky. These changes should make it easier for a knocked teammate to safely use the Void Nexus, and allow you to reset your squad quicker and more safely."
shockwave,Shockwave,https://www.ea.com/games/apex-legends/apex-legends/news/shockwave-patch-notes,patch_notes,261,li,PATCH NOTES,LEGENDS,,Removed option to press character action to destroy your own Void Nexus (H key/D-pad down)
shockwave,Shockwave,https://www.ea.com/games/apex-legends/apex-legends/news/shockwave-patch-notes,patch_notes,262,p,PATCH NOTES,LEGENDS,,"Dev note: It was a common misconception that destroying your own void nexus prevented people from following you. In actuality, it only prevented your teammates from using it. This feature was intended to be used only when Alter felt its placement was unsafe. In practice though, it was rarely used this way and mostly resulted in Alter destroying her own Void Nexus when trying to thank her teammates."
shockwave,Shockwave,https://www.ea.com/games/apex-legends/apex-legends/news/shockwave-patch-notes,patch_notes,263,li,PATCH NOTES,LEGENDS,,Upgrades: Level 2 Ult Cooldown: removed ( Level 2 ) NEW Ringmaster: gain access to Ring Consoles
shockwave,Shockwave,https://www.ea.com/games/apex-legends/apex-legends/news/shockwave-patch-notes,patch_notes,264,li,PATCH NOTES,LEGENDS,,Ult Cooldown: removed ( Level 2 )
shockwave,Shockwave,https://www.ea.com/games/apex-legends/apex-legends/news/shockwave-patch-notes,patch_notes,265,li,PATCH NOTES,LEGENDS,,NEW Ringmaster: gain access to Ring Consoles
shockwave,Shockwave,https://www.ea.com/games/apex-legends/apex-legends/news/shockwave-patch-notes,patch_notes,266,p,PATCH NOTES,LEGENDS,,Ballistic
shockwave,Shockwave,https://www.ea.com/games/apex-legends/apex-legends/news/shockwave-patch-notes,patch_notes,267,li,PATCH NOTES,LEGENDS,,Whistler: lock-on time decreased to 0.1s (was 0.3s)
shockwave,Shockwave,https://www.ea.com/games/apex-legends/apex-legends/news/shockwave-patch-notes,patch_notes,268,p,PATCH NOTES,LEGENDS,,Caustic
shockwave,Shockwave,https://www.ea.com/games/apex-legends/apex-legends/news/shockwave-patch-notes,patch_notes,269,li,PATCH NOTES,LEGENDS,,Mom! Get the camera! Friendly traps are now differentiated from enemy traps
shockwave,Shockwave,https://www.ea.com/games/apex-legends/apex-legends/news/shockwave-patch-notes,patch_notes,271,p,PATCH NOTES,LEGENDS,,Crypto
shockwave,Shockwave,https://www.ea.com/games/apex-legends/apex-legends/news/shockwave-patch-notes,patch_notes,272,li,PATCH NOTES,LEGENDS,,Surveillance Drone: cooldown decreased to 30s (was 40s)
shockwave,Shockwave,https://www.ea.com/games/apex-legends/apex-legends/news/shockwave-patch-notes,patch_notes,273,li,PATCH NOTES,LEGENDS,,"Upgrades NEW: It’s called Off the Grid: Crypto becomes cloaked when in drone While hidden from sight, Crypto’s cloaking will still emit a close-range cloaking sound to sus his location and ability scans will still reveal his location Threat Vision related skills will not reveal Crypto Improved Satellite Imagery: Ult now scans anyone it hits for 4s and will track through walls Quick Ping: removed, improved handling now integrated into base kit"
shockwave,Shockwave,https://www.ea.com/games/apex-legends/apex-legends/news/shockwave-patch-notes,patch_notes,274,li,PATCH NOTES,LEGENDS,,"NEW: It’s called Off the Grid: Crypto becomes cloaked when in drone While hidden from sight, Crypto’s cloaking will still emit a close-range cloaking sound to sus his location and ability scans will still reveal his location Threat Vision related skills will not reveal Crypto"
shockwave,Shockwave,https://www.ea.com/games/apex-legends/apex-legends/news/shockwave-patch-notes,patch_notes,275,li,PATCH NOTES,LEGENDS,,"While hidden from sight, Crypto’s cloaking will still emit a close-range cloaking sound to sus his location and ability scans will still reveal his location"
shockwave,Shockwave,https://www.ea.com/games/apex-legends/apex-legends/news/shockwave-patch-notes,patch_notes,276,li,PATCH NOTES,LEGENDS,,Threat Vision related skills will not reveal Crypto
shockwave,Shockwave,https://www.ea.com/games/apex-legends/apex-legends/news/shockwave-patch-notes,patch_notes,277,li,PATCH NOTES,LEGENDS,,Improved Satellite Imagery: Ult now scans anyone it hits for 4s and will track through walls
shockwave,Shockwave,https://www.ea.com/games/apex-legends/apex-legends/news/shockwave-patch-notes,patch_notes,278,li,PATCH NOTES,LEGENDS,,"Quick Ping: removed, improved handling now integrated into base kit"
shockwave,Shockwave,https://www.ea.com/games/apex-legends/apex-legends/news/shockwave-patch-notes,patch_notes,279,p,PATCH NOTES,LEGENDS,,"Dev note: Crypto’s upgrades were looking pretty one-sided, so we’ve made changes at both tiers to rival the dominant choices with new options that should introduce some interesting gameplay potential. Crypto’s finally going Off the Grid; which should make players feel more safe playing in the drone and the improvement to satellite imagery gives lasting potential to follow up on your successful EMP blasts. We’ve also pushed the fun of a more responsive drone into every player’s hands."
shockwave,Shockwave,https://www.ea.com/games/apex-legends/apex-legends/news/shockwave-patch-notes,patch_notes,280,p,PATCH NOTES,LEGENDS,,Lifeline
shockwave,Shockwave,https://www.ea.com/games/apex-legends/apex-legends/news/shockwave-patch-notes,patch_notes,281,li,PATCH NOTES,LEGENDS,,Upgrade - Gold-Plated: replaced Gold EVO Cache with Battery
shockwave,Shockwave,https://www.ea.com/games/apex-legends/apex-legends/news/shockwave-patch-notes,patch_notes,282,p,PATCH NOTES,LEGENDS,,"Dev note: Lifeline has been showing some dominance in her recent resurgence, but the free level from the Gold EVO caches and the gold knockdown shield from her upgraded Ultimate were compounding her strength in a cheeky way; bypassing the effort to earn that final armor tier. We feel there’s enough power in guaranteeing the Gold Knockdown Shield to retain the golden girl without the free pass to max level."
shockwave,Shockwave,https://www.ea.com/games/apex-legends/apex-legends/news/shockwave-patch-notes,patch_notes,283,p,PATCH NOTES,LEGENDS,,Rampart
shockwave,Shockwave,https://www.ea.com/games/apex-legends/apex-legends/news/shockwave-patch-notes,patch_notes,284,li,PATCH NOTES,LEGENDS,,Sheila Ammo drains from pip charge with use Maximum number of place turrets allowed is now 1 Need 1 PIP of Ultimate change to draw or place Sheila No longer requires a full charge to equip Now uses an Ammo-Style Ultimate model
shockwave,Shockwave,https://www.ea.com/games/apex-legends/apex-legends/news/shockwave-patch-notes,patch_notes,285,li,PATCH NOTES,LEGENDS,,Ammo drains from pip charge with use
shockwave,Shockwave,https://www.ea.com/games/apex-legends/apex-legends/news/shockwave-patch-notes,patch_notes,286,li,PATCH NOTES,LEGENDS,,Maximum number of place turrets allowed is now 1
shockwave,Shockwave,https://www.ea.com/games/apex-legends/apex-legends/news/shockwave-patch-notes,patch_notes,287,li,PATCH NOTES,LEGENDS,,Need 1 PIP of Ultimate change to draw or place Sheila
shockwave,Shockwave,https://www.ea.com/games/apex-legends/apex-legends/news/shockwave-patch-notes,patch_notes,288,li,PATCH NOTES,LEGENDS,,No longer requires a full charge to equip
shockwave,Shockwave,https://www.ea.com/games/apex-legends/apex-legends/news/shockwave-patch-notes,patch_notes,289,li,PATCH NOTES,LEGENDS,,Now uses an Ammo-Style Ultimate model
shockwave,Shockwave,https://www.ea.com/games/apex-legends/apex-legends/news/shockwave-patch-notes,patch_notes,290,p,PATCH NOTES,LEGENDS,,"Dev note: Sheila isn’t as slept-on as she once was, but we were seeing some players struggle to micro-manage the cooldown of the Ultimate - given that you had to drain the ammo or plant it to not wind up accidentally drawing a Shiela with only a few bullets remaining. Now Sheila will work off an ammo model, similar to Vantage, and constantly refill ammo when not in use. This should let players worry less about tracking the remaining ammo in Sheila, keep the weapon in the action more reliably and allow Rampart to more freely place an extra turret for a teammate behind her walls without sacrificing her Ult."
shockwave,Shockwave,https://www.ea.com/games/apex-legends/apex-legends/news/shockwave-patch-notes,patch_notes,291,p,PATCH NOTES,LEGENDS,,Seer
shockwave,Shockwave,https://www.ea.com/games/apex-legends/apex-legends/news/shockwave-patch-notes,patch_notes,292,li,PATCH NOTES,LEGENDS,,Focus of Attention: healthbars persist for duration of Silence
shockwave,Shockwave,https://www.ea.com/games/apex-legends/apex-legends/news/shockwave-patch-notes,patch_notes,293,li,PATCH NOTES,LEGENDS,,Heartbeat Sensor Passive move speed has been increased to weapon sprint speed Passive is now quieter when active
shockwave,Shockwave,https://www.ea.com/games/apex-legends/apex-legends/news/shockwave-patch-notes,patch_notes,294,li,PATCH NOTES,LEGENDS,,Passive move speed has been increased to weapon sprint speed
shockwave,Shockwave,https://www.ea.com/games/apex-legends/apex-legends/news/shockwave-patch-notes,patch_notes,295,li,PATCH NOTES,LEGENDS,,Passive is now quieter when active
shockwave,Shockwave,https://www.ea.com/games/apex-legends/apex-legends/news/shockwave-patch-notes,patch_notes,296,li,PATCH NOTES,LEGENDS,,Upgrades Focus Scan: removed NEW Split Focus: gain an additional Tac charge
shockwave,Shockwave,https://www.ea.com/games/apex-legends/apex-legends/news/shockwave-patch-notes,patch_notes,297,li,PATCH NOTES,LEGENDS,,Focus Scan: removed
shockwave,Shockwave,https://www.ea.com/games/apex-legends/apex-legends/news/shockwave-patch-notes,patch_notes,298,li,PATCH NOTES,LEGENDS,,NEW Split Focus: gain an additional Tac charge
shockwave,Shockwave,https://www.ea.com/games/apex-legends/apex-legends/news/shockwave-patch-notes,patch_notes,299,p,PATCH NOTES,LEGENDS,,"Dev note: In this Recon-focused season, we’re making some changes to Seer to pull back on some of the sluggish sticking points around using his passive and are adjusting his Tactical to still have a unique benefit with the addition of Player Healthbars this season. We’re also experimenting with giving Seer access to more utility with his Tactical with Split Focus. Now players will get to choose to opt into the longer range with the single all-or-nothing outcome, or gain the second charge with more chances to hit at the cost of overall silence time."
shockwave,Shockwave,https://www.ea.com/games/apex-legends/apex-legends/news/shockwave-patch-notes,patch_notes,300,p,PATCH NOTES,LEGENDS,,Vantage
shockwave,Shockwave,https://www.ea.com/games/apex-legends/apex-legends/news/shockwave-patch-notes,patch_notes,301,li,PATCH NOTES,LEGENDS,,Echo Relocation: no longer requires LOS to Echo to launch Can launch when LOS is blocked Can now cancel the tac mid charge Tac reticle will turn red when echo is behind you and you are launching Will slide-around boxes and geometry as best it can to reach Echo
shockwave,Shockwave,https://www.ea.com/games/apex-legends/apex-legends/news/shockwave-patch-notes,patch_notes,302,li,PATCH NOTES,LEGENDS,,Can launch when LOS is blocked
shockwave,Shockwave,https://www.ea.com/games/apex-legends/apex-legends/news/shockwave-patch-notes,patch_notes,303,li,PATCH NOTES,LEGENDS,,Can now cancel the tac mid charge
shockwave,Shockwave,https://www.ea.com/games/apex-legends/apex-legends/news/shockwave-patch-notes,patch_notes,304,li,PATCH NOTES,LEGENDS,,Tac reticle will turn red when echo is behind you and you are launching
shockwave,Shockwave,https://www.ea.com/games/apex-legends/apex-legends/news/shockwave-patch-notes,patch_notes,305,li,PATCH NOTES,LEGENDS,,Will slide-around boxes and geometry as best it can to reach Echo
shockwave,Shockwave,https://www.ea.com/games/apex-legends/apex-legends/news/shockwave-patch-notes,patch_notes,306,li,PATCH NOTES,LEGENDS,,"Sniper’s Mark 2nd Shot Multiplier is now 2.5x (was 2x) Can hit ""Reload"" when in ult to use an Ult Accel"
shockwave,Shockwave,https://www.ea.com/games/apex-legends/apex-legends/news/shockwave-patch-notes,patch_notes,307,li,PATCH NOTES,LEGENDS,,2nd Shot Multiplier is now 2.5x (was 2x)
shockwave,Shockwave,https://www.ea.com/games/apex-legends/apex-legends/news/shockwave-patch-notes,patch_notes,308,li,PATCH NOTES,LEGENDS,,"Can hit ""Reload"" when in ult to use an Ult Accel"
shockwave,Shockwave,https://www.ea.com/games/apex-legends/apex-legends/news/shockwave-patch-notes,patch_notes,309,li,PATCH NOTES,LEGENDS,,Spotter's Lens NEW Ranged Tracking Waypoint on PING within Passive range will track enemy for 10s Will not show within 100m (for each ally individually) Recon Info added to all optics expanded passive scanning screen area to be more consistent
shockwave,Shockwave,https://www.ea.com/games/apex-legends/apex-legends/news/shockwave-patch-notes,patch_notes,310,li,PATCH NOTES,LEGENDS,,NEW Ranged Tracking Waypoint on PING within Passive range will track enemy for 10s Will not show within 100m (for each ally individually)
shockwave,Shockwave,https://www.ea.com/games/apex-legends/apex-legends/news/shockwave-patch-notes,patch_notes,311,li,PATCH NOTES,LEGENDS,,Waypoint on PING within Passive range will track enemy for 10s
shockwave,Shockwave,https://www.ea.com/games/apex-legends/apex-legends/news/shockwave-patch-notes,patch_notes,312,li,PATCH NOTES,LEGENDS,,Will not show within 100m (for each ally individually)
shockwave,Shockwave,https://www.ea.com/games/apex-legends/apex-legends/news/shockwave-patch-notes,patch_notes,313,li,PATCH NOTES,LEGENDS,,Recon Info added to all optics expanded passive scanning screen area to be more consistent
shockwave,Shockwave,https://www.ea.com/games/apex-legends/apex-legends/news/shockwave-patch-notes,patch_notes,314,li,PATCH NOTES,LEGENDS,,added to all optics
shockwave,Shockwave,https://www.ea.com/games/apex-legends/apex-legends/news/shockwave-patch-notes,patch_notes,315,li,PATCH NOTES,LEGENDS,,expanded passive scanning screen area to be more consistent
shockwave,Shockwave,https://www.ea.com/games/apex-legends/apex-legends/news/shockwave-patch-notes,patch_notes,316,li,PATCH NOTES,LEGENDS,,Upgrade - Ult Reload: now also doubles Ult Accel use speed in addition to providing 2 extra bullets
shockwave,Shockwave,https://www.ea.com/games/apex-legends/apex-legends/news/shockwave-patch-notes,patch_notes,317,p,PATCH NOTES,LEGENDS,,"Dev Note: Vantage has a number of improvements to her kit this season to make her more effective at what she’s meant to do. Her Ult now secures more damage against weakened prey on its follow-up shots. Her Tac is now more reliable to allow for easier to reach Echo in complex areas. And her passive has expanded to all optics, making it a useful part of her kit regardless of scope and without having to go unarmed. Additionally, her passive has a new tracking feature when pinging a target in your sights at long range—allowing Vantage and her allies to track the target at a distance more easily."
shockwave,Shockwave,https://www.ea.com/games/apex-legends/apex-legends/news/shockwave-patch-notes,patch_notes,318,p,PATCH NOTES,LEGENDS,,Wattson
shockwave,Shockwave,https://www.ea.com/games/apex-legends/apex-legends/news/shockwave-patch-notes,patch_notes,319,li,PATCH NOTES,LEGENDS,,Upgrades Power Pylon: now regenerates shield charge Split Current: removed Emergency Power - Added Increases Shield Regen Rate of Interception Pylon
shockwave,Shockwave,https://www.ea.com/games/apex-legends/apex-legends/news/shockwave-patch-notes,patch_notes,320,li,PATCH NOTES,LEGENDS,,Power Pylon: now regenerates shield charge
shockwave,Shockwave,https://www.ea.com/games/apex-legends/apex-legends/news/shockwave-patch-notes,patch_notes,321,li,PATCH NOTES,LEGENDS,,Split Current: removed
shockwave,Shockwave,https://www.ea.com/games/apex-legends/apex-legends/news/shockwave-patch-notes,patch_notes,322,li,PATCH NOTES,LEGENDS,,Emergency Power - Added Increases Shield Regen Rate of Interception Pylon
shockwave,Shockwave,https://www.ea.com/games/apex-legends/apex-legends/news/shockwave-patch-notes,patch_notes,323,li,PATCH NOTES,LEGENDS,,Increases Shield Regen Rate of Interception Pylon
shockwave,Shockwave,https://www.ea.com/games/apex-legends/apex-legends/news/shockwave-patch-notes,patch_notes,324,p,PATCH NOTES,LEGENDS,,"Dev Note: While the Split Circuit upgrade harkened back to the old times and had interesting promise, most players found success bunkering around one stronger pylon, rather than trying to hold space with two and the upgrade was heavily outmatched. These changes aim to look into the shield generator aspect of Wattson’s Ult and the potential for either a faster reset or more resilient ultimate."
shockwave,Shockwave,https://www.ea.com/games/apex-legends/apex-legends/news/shockwave-patch-notes,patch_notes,325,h3,PATCH NOTES,MAPS,,MAPS
shockwave,Shockwave,https://www.ea.com/games/apex-legends/apex-legends/news/shockwave-patch-notes,patch_notes,326,li,PATCH NOTES,MAPS,,Pubs & Ranked Rotation Broken Moon E-District Stormpoint
shockwave,Shockwave,https://www.ea.com/games/apex-legends/apex-legends/news/shockwave-patch-notes,patch_notes,327,li,PATCH NOTES,MAPS,,Broken Moon
shockwave,Shockwave,https://www.ea.com/games/apex-legends/apex-legends/news/shockwave-patch-notes,patch_notes,328,li,PATCH NOTES,MAPS,,E-District
shockwave,Shockwave,https://www.ea.com/games/apex-legends/apex-legends/news/shockwave-patch-notes,patch_notes,329,li,PATCH NOTES,MAPS,,Stormpoint
shockwave,Shockwave,https://www.ea.com/games/apex-legends/apex-legends/news/shockwave-patch-notes,patch_notes,330,li,PATCH NOTES,MAPS,,"NEW E-District Urban island district of the city of Suotamo on Gaea Features 17 POIs Designed for verticality with areas perfect for CQC Exclusive map at launch Pubs: for the first week after launch, August 6-12 Ranked: for the first 72 hours after launch, August 6-9"
shockwave,Shockwave,https://www.ea.com/games/apex-legends/apex-legends/news/shockwave-patch-notes,patch_notes,331,li,PATCH NOTES,MAPS,,Urban island district of the city of Suotamo on Gaea
shockwave,Shockwave,https://www.ea.com/games/apex-legends/apex-legends/news/shockwave-patch-notes,patch_notes,332,li,PATCH NOTES,MAPS,,Features 17 POIs
shockwave,Shockwave,https://www.ea.com/games/apex-legends/apex-legends/news/shockwave-patch-notes,patch_notes,333,li,PATCH NOTES,MAPS,,Designed for verticality with areas perfect for CQC
shockwave,Shockwave,https://www.ea.com/games/apex-legends/apex-legends/news/shockwave-patch-notes,patch_notes,334,li,PATCH NOTES,MAPS,,"Exclusive map at launch Pubs: for the first week after launch, August 6-12 Ranked: for the first 72 hours after launch, August 6-9"
shockwave,Shockwave,https://www.ea.com/games/apex-legends/apex-legends/news/shockwave-patch-notes,patch_notes,335,li,PATCH NOTES,MAPS,,"Pubs: for the first week after launch, August 6-12"
shockwave,Shockwave,https://www.ea.com/games/apex-legends/apex-legends/news/shockwave-patch-notes,patch_notes,336,li,PATCH NOTES,MAPS,,"Ranked: for the first 72 hours after launch, August 6-9"
shockwave,Shockwave,https://www.ea.com/games/apex-legends/apex-legends/news/shockwave-patch-notes,patch_notes,337,h3,PATCH NOTES,MODES,,MODES
shockwave,Shockwave,https://www.ea.com/games/apex-legends/apex-legends/news/shockwave-patch-notes,patch_notes,338,p,PATCH NOTES,MODES,,Bot Royale
shockwave,Shockwave,https://www.ea.com/games/apex-legends/apex-legends/news/shockwave-patch-notes,patch_notes,339,li,PATCH NOTES,MODES,,New mode for Apex’s new and learning players
shockwave,Shockwave,https://www.ea.com/games/apex-legends/apex-legends/news/shockwave-patch-notes,patch_notes,340,li,PATCH NOTES,MODES,,Battle as a squad against a smaller lobby of enemy bot squads in a quicker version of a standard battle royale match
shockwave,Shockwave,https://www.ea.com/games/apex-legends/apex-legends/news/shockwave-patch-notes,patch_notes,341,li,PATCH NOTES,MODES,,Game rules are the same as in standard battle royale modes
shockwave,Shockwave,https://www.ea.com/games/apex-legends/apex-legends/news/shockwave-patch-notes,patch_notes,342,li,PATCH NOTES,MODES,,Play with Bots in your squad or bring your own Human friends
shockwave,Shockwave,https://www.ea.com/games/apex-legends/apex-legends/news/shockwave-patch-notes,patch_notes,343,li,PATCH NOTES,MODES,,"Bot Legends: overhauled as part of Bot Royale Improvements made to pathfinding, shooting, ability deployment, and interactions with game objects Several Legends were added as Bots in Bot Royale including: Bangalore, Bloodhound, Conduit, Fuse, Gibraltar, Lifeline, Octane, Seer, Vantage, and Wraith"
shockwave,Shockwave,https://www.ea.com/games/apex-legends/apex-legends/news/shockwave-patch-notes,patch_notes,344,li,PATCH NOTES,MODES,,"Improvements made to pathfinding, shooting, ability deployment, and interactions with game objects"
shockwave,Shockwave,https://www.ea.com/games/apex-legends/apex-legends/news/shockwave-patch-notes,patch_notes,345,li,PATCH NOTES,MODES,,"Several Legends were added as Bots in Bot Royale including: Bangalore, Bloodhound, Conduit, Fuse, Gibraltar, Lifeline, Octane, Seer, Vantage, and Wraith"
shockwave,Shockwave,https://www.ea.com/games/apex-legends/apex-legends/news/shockwave-patch-notes,patch_notes,346,p,PATCH NOTES,MODES,,Revival: LTM ft. New Respawn Mechanic
shockwave,Shockwave,https://www.ea.com/games/apex-legends/apex-legends/news/shockwave-patch-notes,patch_notes,347,li,PATCH NOTES,MODES,,Respawn into a skydive near your teammates as long as one teammate is still alive
shockwave,Shockwave,https://www.ea.com/games/apex-legends/apex-legends/news/shockwave-patch-notes,patch_notes,348,li,PATCH NOTES,MODES,,"If all players die, the team is eliminated"
shockwave,Shockwave,https://www.ea.com/games/apex-legends/apex-legends/news/shockwave-patch-notes,patch_notes,349,li,PATCH NOTES,MODES,,Respawn Timers: Respawn timers increase with each passing round Respawn timers for your squad increase each time a squadmate dies Respawn timers decrease when squad members: Deal damage Earn knockdowns Earn kills Execute enemies
shockwave,Shockwave,https://www.ea.com/games/apex-legends/apex-legends/news/shockwave-patch-notes,patch_notes,350,li,PATCH NOTES,MODES,,Respawn timers increase with each passing round
shockwave,Shockwave,https://www.ea.com/games/apex-legends/apex-legends/news/shockwave-patch-notes,patch_notes,351,li,PATCH NOTES,MODES,,Respawn timers for your squad increase each time a squadmate dies
shockwave,Shockwave,https://www.ea.com/games/apex-legends/apex-legends/news/shockwave-patch-notes,patch_notes,352,li,PATCH NOTES,MODES,,Respawn timers decrease when squad members: Deal damage Earn knockdowns Earn kills Execute enemies
shockwave,Shockwave,https://www.ea.com/games/apex-legends/apex-legends/news/shockwave-patch-notes,patch_notes,353,li,PATCH NOTES,MODES,,Deal damage
shockwave,Shockwave,https://www.ea.com/games/apex-legends/apex-legends/news/shockwave-patch-notes,patch_notes,354,li,PATCH NOTES,MODES,,Earn knockdowns
shockwave,Shockwave,https://www.ea.com/games/apex-legends/apex-legends/news/shockwave-patch-notes,patch_notes,355,li,PATCH NOTES,MODES,,Earn kills
shockwave,Shockwave,https://www.ea.com/games/apex-legends/apex-legends/news/shockwave-patch-notes,patch_notes,356,li,PATCH NOTES,MODES,,Execute enemies
shockwave,Shockwave,https://www.ea.com/games/apex-legends/apex-legends/news/shockwave-patch-notes,patch_notes,357,li,PATCH NOTES,MODES,,Killing an enemy will reveal their squadmates for a brief time
shockwave,Shockwave,https://www.ea.com/games/apex-legends/apex-legends/news/shockwave-patch-notes,patch_notes,358,li,PATCH NOTES,MODES,,Players start with blue knockdown shields (knockdown shields removed from the loot pool)
shockwave,Shockwave,https://www.ea.com/games/apex-legends/apex-legends/news/shockwave-patch-notes,patch_notes,359,li,PATCH NOTES,MODES,,Respawning ends and all deaths are final upon reaching a specific round Trios Revival: Respawning ends at Round 5 Straight Shot Revival: Respawning ends at Round 4
shockwave,Shockwave,https://www.ea.com/games/apex-legends/apex-legends/news/shockwave-patch-notes,patch_notes,360,li,PATCH NOTES,MODES,,Trios Revival: Respawning ends at Round 5
shockwave,Shockwave,https://www.ea.com/games/apex-legends/apex-legends/news/shockwave-patch-notes,patch_notes,361,li,PATCH NOTES,MODES,,Straight Shot Revival: Respawning ends at Round 4
shockwave,Shockwave,https://www.ea.com/games/apex-legends/apex-legends/news/shockwave-patch-notes,patch_notes,362,p,PATCH NOTES,MODES,,"Straight Shot Revival (Starts August 20, 2024)"
shockwave,Shockwave,https://www.ea.com/games/apex-legends/apex-legends/news/shockwave-patch-notes,patch_notes,363,li,PATCH NOTES,MODES,,Straight Shot returns as Straight Shot Revival
shockwave,Shockwave,https://www.ea.com/games/apex-legends/apex-legends/news/shockwave-patch-notes,patch_notes,364,li,PATCH NOTES,MODES,,Features new respawn mechanic found in Trios Revival
shockwave,Shockwave,https://www.ea.com/games/apex-legends/apex-legends/news/shockwave-patch-notes,patch_notes,365,li,PATCH NOTES,MODES,,Akimbo P2020 and Mozambique replace the single versions in loot
shockwave,Shockwave,https://www.ea.com/games/apex-legends/apex-legends/news/shockwave-patch-notes,patch_notes,366,li,PATCH NOTES,MODES,,Enemy Highlight and Enemy Health Bars are enabled
shockwave,Shockwave,https://www.ea.com/games/apex-legends/apex-legends/news/shockwave-patch-notes,patch_notes,367,li,PATCH NOTES,MODES,,Purple and gold tier LMGs will include the new Gun Shield Generator hop-up
shockwave,Shockwave,https://www.ea.com/games/apex-legends/apex-legends/news/shockwave-patch-notes,patch_notes,368,h3,PATCH NOTES,MIXTAPE,,MIXTAPE
shockwave,Shockwave,https://www.ea.com/games/apex-legends/apex-legends/news/shockwave-patch-notes,patch_notes,369,li,PATCH NOTES,MIXTAPE,,"Akimbo weapons added into all Mixtape Loadouts and Gun Run R99 moves out of all loadouts, replaced with akimbo weapon variants"
shockwave,Shockwave,https://www.ea.com/games/apex-legends/apex-legends/news/shockwave-patch-notes,patch_notes,370,li,PATCH NOTES,MIXTAPE,,"R99 moves out of all loadouts, replaced with akimbo weapon variants"
shockwave,Shockwave,https://www.ea.com/games/apex-legends/apex-legends/news/shockwave-patch-notes,patch_notes,371,li,PATCH NOTES,MIXTAPE,,"Mixtape Map Rotations August 6-12, 2024 TDM: Skull Town, Habitat Control: Thunderdome, Production Yard Gun Run: The Core, Monument August 13-19, 2024 Control: Barometer, Lava Siphon Gun Run: Fragment, Skull Town Lockdown: Zeus Station, Thunderdome August 20-26, 2024 TDM: Habitat, The Core Control: Barometer, Lava Siphon Gun Run: Fragment, Skull Town August 27-September 2, 2024 TDM: Habitat, Skull Town Control: Production Yard, Thunderdome Gun Run: The Core, Wattson September 3-9, 2024 TDM: Habitat, The Core Control: Barometer, Lava Siphon Gun Run: Fragment, Skull Town September 10-16, 2024 TDM: Skull Town, Zeus Station Control: Production Yard, Thunderdome Gun Run: The Core, Wattson"
shockwave,Shockwave,https://www.ea.com/games/apex-legends/apex-legends/news/shockwave-patch-notes,patch_notes,372,li,PATCH NOTES,MIXTAPE,,"August 6-12, 2024 TDM: Skull Town, Habitat Control: Thunderdome, Production Yard Gun Run: The Core, Monument"
shockwave,Shockwave,https://www.ea.com/games/apex-legends/apex-legends/news/shockwave-patch-notes,patch_notes,373,li,PATCH NOTES,MIXTAPE,,"TDM: Skull Town, Habitat"
shockwave,Shockwave,https://www.ea.com/games/apex-legends/apex-legends/news/shockwave-patch-notes,patch_notes,374,li,PATCH NOTES,MIXTAPE,,"Control: Thunderdome, Production Yard"
shockwave,Shockwave,https://www.ea.com/games/apex-legends/apex-legends/news/shockwave-patch-notes,patch_notes,375,li,PATCH NOTES,MIXTAPE,,"Gun Run: The Core, Monument"
shockwave,Shockwave,https://www.ea.com/games/apex-legends/apex-legends/news/shockwave-patch-notes,patch_notes,376,li,PATCH NOTES,MIXTAPE,,"August 13-19, 2024 Control: Barometer, Lava Siphon Gun Run: Fragment, Skull Town Lockdown: Zeus Station, Thunderdome"
shockwave,Shockwave,https://www.ea.com/games/apex-legends/apex-legends/news/shockwave-patch-notes,patch_notes,377,li,PATCH NOTES,MIXTAPE,,"Control: Barometer, Lava Siphon"
shockwave,Shockwave,https://www.ea.com/games/apex-legends/apex-legends/news/shockwave-patch-notes,patch_notes,378,li,PATCH NOTES,MIXTAPE,,"Gun Run: Fragment, Skull Town"
shockwave,Shockwave,https://www.ea.com/games/apex-legends/apex-legends/news/shockwave-patch-notes,patch_notes,379,li,PATCH NOTES,MIXTAPE,,"Lockdown: Zeus Station, Thunderdome"
shockwave,Shockwave,https://www.ea.com/games/apex-legends/apex-legends/news/shockwave-patch-notes,patch_notes,380,li,PATCH NOTES,MIXTAPE,,"August 20-26, 2024 TDM: Habitat, The Core Control: Barometer, Lava Siphon Gun Run: Fragment, Skull Town"
shockwave,Shockwave,https://www.ea.com/games/apex-legends/apex-legends/news/shockwave-patch-notes,patch_notes,381,li,PATCH NOTES,MIXTAPE,,"TDM: Habitat, The Core"
shockwave,Shockwave,https://www.ea.com/games/apex-legends/apex-legends/news/shockwave-patch-notes,patch_notes,382,li,PATCH NOTES,MIXTAPE,,"Control: Barometer, Lava Siphon"
shockwave,Shockwave,https://www.ea.com/games/apex-legends/apex-legends/news/shockwave-patch-notes,patch_notes,383,li,PATCH NOTES,MIXTAPE,,"Gun Run: Fragment, Skull Town"
shockwave,Shockwave,https://www.ea.com/games/apex-legends/apex-legends/news/shockwave-patch-notes,patch_notes,384,li,PATCH NOTES,MIXTAPE,,"August 27-September 2, 2024 TDM: Habitat, Skull Town Control: Production Yard, Thunderdome Gun Run: The Core, Wattson"
shockwave,Shockwave,https://www.ea.com/games/apex-legends/apex-legends/news/shockwave-patch-notes,patch_notes,385,li,PATCH NOTES,MIXTAPE,,"TDM: Habitat, Skull Town"
shockwave,Shockwave,https://www.ea.com/games/apex-legends/apex-legends/news/shockwave-patch-notes,patch_notes,386,li,PATCH NOTES,MIXTAPE,,"Control: Production Yard, Thunderdome"
shockwave,Shockwave,https://www.ea.com/games/apex-legends/apex-legends/news/shockwave-patch-notes,patch_notes,387,li,PATCH NOTES,MIXTAPE,,"Gun Run: The Core, Wattson"
shockwave,Shockwave,https://www.ea.com/games/apex-legends/apex-legends/news/shockwave-patch-notes,patch_notes,388,li,PATCH NOTES,MIXTAPE,,"September 3-9, 2024 TDM: Habitat, The Core Control: Barometer, Lava Siphon Gun Run: Fragment, Skull Town"
shockwave,Shockwave,https://www.ea.com/games/apex-legends/apex-legends/news/shockwave-patch-notes,patch_notes,389,li,PATCH NOTES,MIXTAPE,,"TDM: Habitat, The Core"
shockwave,Shockwave,https://www.ea.com/games/apex-legends/apex-legends/news/shockwave-patch-notes,patch_notes,390,li,PATCH NOTES,MIXTAPE,,"Control: Barometer, Lava Siphon"
shockwave,Shockwave,https://www.ea.com/games/apex-legends/apex-legends/news/shockwave-patch-notes,patch_notes,391,li,PATCH NOTES,MIXTAPE,,"Gun Run: Fragment, Skull Town"
shockwave,Shockwave,https://www.ea.com/games/apex-legends/apex-legends/news/shockwave-patch-notes,patch_notes,392,li,PATCH NOTES,MIXTAPE,,"September 10-16, 2024 TDM: Skull Town, Zeus Station Control: Production Yard, Thunderdome Gun Run: The Core, Wattson"
shockwave,Shockwave,https://www.ea.com/games/apex-legends/apex-legends/news/shockwave-patch-notes,patch_notes,393,li,PATCH NOTES,MIXTAPE,,"TDM: Skull Town, Zeus Station"
shockwave,Shockwave,https://www.ea.com/games/apex-legends/apex-legends/news/shockwave-patch-notes,patch_notes,394,li,PATCH NOTES,MIXTAPE,,"Control: Production Yard, Thunderdome"
shockwave,Shockwave,https://www.ea.com/games/apex-legends/apex-legends/news/shockwave-patch-notes,patch_notes,395,li,PATCH NOTES,MIXTAPE,,"Gun Run: The Core, Wattson"
shockwave,Shockwave,https://www.ea.com/games/apex-legends/apex-legends/news/shockwave-patch-notes,patch_notes,396,li,PATCH NOTES,MIXTAPE,,"LTM: Akimbo & LMG Only Loadouts August 13-19, 2024 TDM: Habitat, Skull Town, The Core, Zeus Station August 30-September 3, 2024 Weekend of Lockdown Gameplay Rules: decreased Ult charge while capturing points Zeus Station, Monument, Skull Town, The Core, Thunderdome September 3-9, 2024 Big TDM Gameplay Rules 15 Minute Time Limit Score limit increased to 75 Shield Regen activates on kills Thunderdome, Habitat, Zeus Station, Skull Town, Fragment, The Core"
shockwave,Shockwave,https://www.ea.com/games/apex-legends/apex-legends/news/shockwave-patch-notes,patch_notes,397,li,PATCH NOTES,MIXTAPE,,"August 13-19, 2024 TDM: Habitat, Skull Town, The Core, Zeus Station"
shockwave,Shockwave,https://www.ea.com/games/apex-legends/apex-legends/news/shockwave-patch-notes,patch_notes,398,li,PATCH NOTES,MIXTAPE,,"TDM: Habitat, Skull Town, The Core, Zeus Station"
shockwave,Shockwave,https://www.ea.com/games/apex-legends/apex-legends/news/shockwave-patch-notes,patch_notes,399,li,PATCH NOTES,MIXTAPE,,"August 30-September 3, 2024 Weekend of Lockdown Gameplay Rules: decreased Ult charge while capturing points Zeus Station, Monument, Skull Town, The Core, Thunderdome"
shockwave,Shockwave,https://www.ea.com/games/apex-legends/apex-legends/news/shockwave-patch-notes,patch_notes,400,li,PATCH NOTES,MIXTAPE,,Weekend of Lockdown
shockwave,Shockwave,https://www.ea.com/games/apex-legends/apex-legends/news/shockwave-patch-notes,patch_notes,401,li,PATCH NOTES,MIXTAPE,,Gameplay Rules: decreased Ult charge while capturing points
shockwave,Shockwave,https://www.ea.com/games/apex-legends/apex-legends/news/shockwave-patch-notes,patch_notes,402,li,PATCH NOTES,MIXTAPE,,"Zeus Station, Monument, Skull Town, The Core, Thunderdome"
shockwave,Shockwave,https://www.ea.com/games/apex-legends/apex-legends/news/shockwave-patch-notes,patch_notes,403,li,PATCH NOTES,MIXTAPE,,"September 3-9, 2024 Big TDM Gameplay Rules 15 Minute Time Limit Score limit increased to 75 Shield Regen activates on kills Thunderdome, Habitat, Zeus Station, Skull Town, Fragment, The Core"
shockwave,Shockwave,https://www.ea.com/games/apex-legends/apex-legends/news/shockwave-patch-notes,patch_notes,404,li,PATCH NOTES,MIXTAPE,,Big TDM
shockwave,Shockwave,https://www.ea.com/games/apex-legends/apex-legends/news/shockwave-patch-notes,patch_notes,405,li,PATCH NOTES,MIXTAPE,,Gameplay Rules 15 Minute Time Limit Score limit increased to 75 Shield Regen activates on kills
shockwave,Shockwave,https://www.ea.com/games/apex-legends/apex-legends/news/shockwave-patch-notes,patch_notes,406,li,PATCH NOTES,MIXTAPE,,15 Minute Time Limit
shockwave,Shockwave,https://www.ea.com/games/apex-legends/apex-legends/news/shockwave-patch-notes,patch_notes,407,li,PATCH NOTES,MIXTAPE,,Score limit increased to 75
shockwave,Shockwave,https://www.ea.com/games/apex-legends/apex-legends/news/shockwave-patch-notes,patch_notes,408,li,PATCH NOTES,MIXTAPE,,Shield Regen activates on kills
shockwave,Shockwave,https://www.ea.com/games/apex-legends/apex-legends/news/shockwave-patch-notes,patch_notes,409,li,PATCH NOTES,MIXTAPE,,"Thunderdome, Habitat, Zeus Station, Skull Town, Fragment, The Core"
shockwave,Shockwave,https://www.ea.com/games/apex-legends/apex-legends/news/shockwave-patch-notes,patch_notes,410,h3,PATCH NOTES,NEW PLAYER EXPERIENCE,,NEW PLAYER EXPERIENCE
shockwave,Shockwave,https://www.ea.com/games/apex-legends/apex-legends/news/shockwave-patch-notes,patch_notes,411,p,PATCH NOTES,NEW PLAYER EXPERIENCE,,Welcome Pass and Challenges
shockwave,Shockwave,https://www.ea.com/games/apex-legends/apex-legends/news/shockwave-patch-notes,patch_notes,412,li,PATCH NOTES,NEW PLAYER EXPERIENCE,,For new accounts created after the launch of Shockwave
shockwave,Shockwave,https://www.ea.com/games/apex-legends/apex-legends/news/shockwave-patch-notes,patch_notes,413,li,PATCH NOTES,NEW PLAYER EXPERIENCE,,Complete Welcome Challenges to progress through the Welcome Pass Challenges can be completed in any BR mode and Bot Royale Unique set of challenges designed around foundational skills Welcome Challenges do not refresh
shockwave,Shockwave,https://www.ea.com/games/apex-legends/apex-legends/news/shockwave-patch-notes,patch_notes,414,li,PATCH NOTES,NEW PLAYER EXPERIENCE,,Challenges can be completed in any BR mode and Bot Royale
shockwave,Shockwave,https://www.ea.com/games/apex-legends/apex-legends/news/shockwave-patch-notes,patch_notes,415,li,PATCH NOTES,NEW PLAYER EXPERIENCE,,Unique set of challenges designed around foundational skills
shockwave,Shockwave,https://www.ea.com/games/apex-legends/apex-legends/news/shockwave-patch-notes,patch_notes,416,li,PATCH NOTES,NEW PLAYER EXPERIENCE,,Welcome Challenges do not refresh
shockwave,Shockwave,https://www.ea.com/games/apex-legends/apex-legends/news/shockwave-patch-notes,patch_notes,417,li,PATCH NOTES,NEW PLAYER EXPERIENCE,,"Receive rewards for reaching each level of the Welcome Pass If the player already has the reward in their inventory, they will receive the Crafting Metals value instead"
shockwave,Shockwave,https://www.ea.com/games/apex-legends/apex-legends/news/shockwave-patch-notes,patch_notes,418,li,PATCH NOTES,NEW PLAYER EXPERIENCE,,"If the player already has the reward in their inventory, they will receive the Crafting Metals value instead"
shockwave,Shockwave,https://www.ea.com/games/apex-legends/apex-legends/news/shockwave-patch-notes,patch_notes,419,li,PATCH NOTES,NEW PLAYER EXPERIENCE,,"Start with three Legends: Wraith, Bangalore and Lifeline Unlock Bloodhound, Pathfinder, Gibraltar, and a Legend of their choice through progression"
shockwave,Shockwave,https://www.ea.com/games/apex-legends/apex-legends/news/shockwave-patch-notes,patch_notes,420,li,PATCH NOTES,NEW PLAYER EXPERIENCE,,"Unlock Bloodhound, Pathfinder, Gibraltar, and a Legend of their choice through progression"
shockwave,Shockwave,https://www.ea.com/games/apex-legends/apex-legends/news/shockwave-patch-notes,patch_notes,421,h3,PATCH NOTES,RANKED,,RANKED
shockwave,Shockwave,https://www.ea.com/games/apex-legends/apex-legends/news/shockwave-patch-notes,patch_notes,422,p,PATCH NOTES,RANKED,,We will implement a brand new reset rule at the start of the new season.
shockwave,Shockwave,https://www.ea.com/games/apex-legends/apex-legends/news/shockwave-patch-notes,patch_notes,423,li,PATCH NOTES,RANKED,,"New Season Reset Rules No RP reset for Rookie IV to Rookie I, players will keep the RP they have from the last split Bronze IV to Platinum IV will reset to Bronze IV 1000 RP Platinum III reset to Bronze III 1500 RP Platinum II reset to Bronze II 2000 RP Platinum I reset to Bronze I 2500 RP Diamond IV reset to Silver IV 3250 RP (with +250 demotion protection) Diamond III reset to Silver III 3600 RP Diamond II reset to Silver II 4200 RP Diamond I reset to Silver I 4800 RP Master and above reset to Gold IV 5650 RP (with +250 demotion protection)"
shockwave,Shockwave,https://www.ea.com/games/apex-legends/apex-legends/news/shockwave-patch-notes,patch_notes,424,li,PATCH NOTES,RANKED,,"No RP reset for Rookie IV to Rookie I, players will keep the RP they have from the last split"
shockwave,Shockwave,https://www.ea.com/games/apex-legends/apex-legends/news/shockwave-patch-notes,patch_notes,425,li,PATCH NOTES,RANKED,,Bronze IV to Platinum IV will reset to Bronze IV 1000 RP
shockwave,Shockwave,https://www.ea.com/games/apex-legends/apex-legends/news/shockwave-patch-notes,patch_notes,426,li,PATCH NOTES,RANKED,,Platinum III reset to Bronze III 1500 RP
shockwave,Shockwave,https://www.ea.com/games/apex-legends/apex-legends/news/shockwave-patch-notes,patch_notes,427,li,PATCH NOTES,RANKED,,Platinum II reset to Bronze II 2000 RP
shockwave,Shockwave,https://www.ea.com/games/apex-legends/apex-legends/news/shockwave-patch-notes,patch_notes,428,li,PATCH NOTES,RANKED,,Platinum I reset to Bronze I 2500 RP
shockwave,Shockwave,https://www.ea.com/games/apex-legends/apex-legends/news/shockwave-patch-notes,patch_notes,429,li,PATCH NOTES,RANKED,,Diamond IV reset to Silver IV 3250 RP (with +250 demotion protection)
shockwave,Shockwave,https://www.ea.com/games/apex-legends/apex-legends/news/shockwave-patch-notes,patch_notes,430,li,PATCH NOTES,RANKED,,Diamond III reset to Silver III 3600 RP
shockwave,Shockwave,https://www.ea.com/games/apex-legends/apex-legends/news/shockwave-patch-notes,patch_notes,431,li,PATCH NOTES,RANKED,,Diamond II reset to Silver II 4200 RP
shockwave,Shockwave,https://www.ea.com/games/apex-legends/apex-legends/news/shockwave-patch-notes,patch_notes,432,li,PATCH NOTES,RANKED,,Diamond I reset to Silver I 4800 RP
shockwave,Shockwave,https://www.ea.com/games/apex-legends/apex-legends/news/shockwave-patch-notes,patch_notes,433,li,PATCH NOTES,RANKED,,Master and above reset to Gold IV 5650 RP (with +250 demotion protection)
shockwave,Shockwave,https://www.ea.com/games/apex-legends/apex-legends/news/shockwave-patch-notes,patch_notes,434,li,PATCH NOTES,RANKED,,Special Cases New Players (complete onboarding and above Level 20): Starting Rookie IV 1 RP Returning Players who didn't play last season (excluding Rookie tier which won’t reset): Starting RP threshold for Bronze IV 1000 RP
shockwave,Shockwave,https://www.ea.com/games/apex-legends/apex-legends/news/shockwave-patch-notes,patch_notes,435,li,PATCH NOTES,RANKED,,New Players (complete onboarding and above Level 20): Starting Rookie IV 1 RP
shockwave,Shockwave,https://www.ea.com/games/apex-legends/apex-legends/news/shockwave-patch-notes,patch_notes,436,li,PATCH NOTES,RANKED,,Returning Players who didn't play last season (excluding Rookie tier which won’t reset): Starting RP threshold for Bronze IV 1000 RP
shockwave,Shockwave,https://www.ea.com/games/apex-legends/apex-legends/news/shockwave-patch-notes,patch_notes,437,p,PATCH NOTES,RANKED,,"Dev Notes: The goal is to reset players to a tier that suits them based on their performance in the Ranked League of the previous season when the new season begins. This allows them to start battling from a rank that better suits their skill level while protecting newcomers and low-ranked players. Additionally, a portion of the achievements of high-ranked players who performed well in the previous season is retained, allowing them to compete against opponents of similar skill levels right from the start of the new season."
shockwave,Shockwave,https://www.ea.com/games/apex-legends/apex-legends/news/shockwave-patch-notes,patch_notes,438,h4,PATCH NOTES,RANKED,RANKED RUMBLE,RANKED RUMBLE
shockwave,Shockwave,https://www.ea.com/games/apex-legends/apex-legends/news/shockwave-patch-notes,patch_notes,439,p,PATCH NOTES,RANKED,RANKED RUMBLE,"Ranked Rumble returns September 13-17, 2024, with a new best of 10 matches format and free rewards."
shockwave,Shockwave,https://www.ea.com/games/apex-legends/apex-legends/news/shockwave-patch-notes,patch_notes,440,li,PATCH NOTES,RANKED,RANKED RUMBLE,Players can participate in matches without 10 matches limitations
shockwave,Shockwave,https://www.ea.com/games/apex-legends/apex-legends/news/shockwave-patch-notes,patch_notes,441,li,PATCH NOTES,RANKED,RANKED RUMBLE,There is no Re-Entry mechanic; play as much as you want
shockwave,Shockwave,https://www.ea.com/games/apex-legends/apex-legends/news/shockwave-patch-notes,patch_notes,442,li,PATCH NOTES,RANKED,RANKED RUMBLE,"Only your top 10 match results count towards your final standings If you get a better match score, it will replace your current lowest score"
shockwave,Shockwave,https://www.ea.com/games/apex-legends/apex-legends/news/shockwave-patch-notes,patch_notes,443,li,PATCH NOTES,RANKED,RANKED RUMBLE,"If you get a better match score, it will replace your current lowest score"
shockwave,Shockwave,https://www.ea.com/games/apex-legends/apex-legends/news/shockwave-patch-notes,patch_notes,444,h3,PATCH NOTES,WORLD SYSTEMS,,WORLD SYSTEMS
shockwave,Shockwave,https://www.ea.com/games/apex-legends/apex-legends/news/shockwave-patch-notes,patch_notes,445,li,PATCH NOTES,WORLD SYSTEMS,,Improved end ring generation system
shockwave,Shockwave,https://www.ea.com/games/apex-legends/apex-legends/news/shockwave-patch-notes,patch_notes,446,h2,BUG FIXES,,,BUG FIXES
shockwave,Shockwave,https://www.ea.com/games/apex-legends/apex-legends/news/shockwave-patch-notes,patch_notes,447,li,BUG FIXES,,,Can no longer use Death Boxes through walls
shockwave,Shockwave,https://www.ea.com/games/apex-legends/apex-legends/news/shockwave-patch-notes,patch_notes,448,li,BUG FIXES,,,Cleaning up disconnected players in Mixtape
shockwave,Shockwave,https://www.ea.com/games/apex-legends/apex-legends/news/shockwave-patch-notes,patch_notes,449,li,BUG FIXES,,,Firing Range: Mythic weapons are no longer taken away after respawning
shockwave,Shockwave,https://www.ea.com/games/apex-legends/apex-legends/news/shockwave-patch-notes,patch_notes,450,li,BUG FIXES,,,Fixed a storm point zipline that could kick players off too early
shockwave,Shockwave,https://www.ea.com/games/apex-legends/apex-legends/news/shockwave-patch-notes,patch_notes,451,li,BUG FIXES,,,Fixed bad actor ping crashes
shockwave,Shockwave,https://www.ea.com/games/apex-legends/apex-legends/news/shockwave-patch-notes,patch_notes,452,li,BUG FIXES,,,Fixed prowler spawn den bullet collision hull
shockwave,Shockwave,https://www.ea.com/games/apex-legends/apex-legends/news/shockwave-patch-notes,patch_notes,453,p,BUG FIXES,,,Death Boxes
shockwave,Shockwave,https://www.ea.com/games/apex-legends/apex-legends/news/shockwave-patch-notes,patch_notes,454,li,BUG FIXES,,,Improvements to help stop deathboxes from getting stuck in doorways and blocking exits
shockwave,Shockwave,https://www.ea.com/games/apex-legends/apex-legends/news/shockwave-patch-notes,patch_notes,455,li,BUG FIXES,,,Should now be lootable in broken doorways
shockwave,Shockwave,https://www.ea.com/games/apex-legends/apex-legends/news/shockwave-patch-notes,patch_notes,456,li,BUG FIXES,,,Will now contain a shield core if the enemy disconnected before dying
shockwave,Shockwave,https://www.ea.com/games/apex-legends/apex-legends/news/shockwave-patch-notes,patch_notes,457,h3,BUG FIXES,LEGENDS,,LEGENDS
shockwave,Shockwave,https://www.ea.com/games/apex-legends/apex-legends/news/shockwave-patch-notes,patch_notes,458,li,BUG FIXES,LEGENDS,,Alter's ult can no longer be used for free if you place it onto a moving object and use it immediately
shockwave,Shockwave,https://www.ea.com/games/apex-legends/apex-legends/news/shockwave-patch-notes,patch_notes,459,li,BUG FIXES,LEGENDS,,Bangalore smoke highlights should no longer get blocked by other players
shockwave,Shockwave,https://www.ea.com/games/apex-legends/apex-legends/news/shockwave-patch-notes,patch_notes,460,li,BUG FIXES,LEGENDS,,Fixed an issue that let players affected by Catalyst ultimate to see through Bangalore smoke
shockwave,Shockwave,https://www.ea.com/games/apex-legends/apex-legends/news/shockwave-patch-notes,patch_notes,461,li,BUG FIXES,LEGENDS,,Movement hitch when using Seer’s passive while unarmed should no longer occur
shockwave,Shockwave,https://www.ea.com/games/apex-legends/apex-legends/news/shockwave-patch-notes,patch_notes,462,li,BUG FIXES,LEGENDS,,"No more thefts from an explosive hold without warning, destroying Loba's Black Market"
shockwave,Shockwave,https://www.ea.com/games/apex-legends/apex-legends/news/shockwave-patch-notes,patch_notes,463,h2,QUALITY OF LIFE,,,QUALITY OF LIFE
shockwave,Shockwave,https://www.ea.com/games/apex-legends/apex-legends/news/shockwave-patch-notes,patch_notes,464,li,QUALITY OF LIFE,,,Mantling on the same location as your teammate won’t knock you down
shockwave,Shockwave,https://www.ea.com/games/apex-legends/apex-legends/news/shockwave-patch-notes,patch_notes,465,li,QUALITY OF LIFE,,,Mixtape Gameplay Additional starting grenade added for Control & Lockdown EVA 8 back into Close-Quarters loadout Faster health regen for all mixtape modes Lockdown Score Limit reduced to 400 (was 500) Reconnect match timer reduced to 2 minutes (was 5 min) Team Deathmatch Score Limit reduced to 40 (was 50)
shockwave,Shockwave,https://www.ea.com/games/apex-legends/apex-legends/news/shockwave-patch-notes,patch_notes,466,li,QUALITY OF LIFE,,,Additional starting grenade added for Control & Lockdown
shockwave,Shockwave,https://www.ea.com/games/apex-legends/apex-legends/news/shockwave-patch-notes,patch_notes,467,li,QUALITY OF LIFE,,,EVA 8 back into Close-Quarters loadout
shockwave,Shockwave,https://www.ea.com/games/apex-legends/apex-legends/news/shockwave-patch-notes,patch_notes,468,li,QUALITY OF LIFE,,,Faster health regen for all mixtape modes
shockwave,Shockwave,https://www.ea.com/games/apex-legends/apex-legends/news/shockwave-patch-notes,patch_notes,469,li,QUALITY OF LIFE,,,Lockdown Score Limit reduced to 400 (was 500)
shockwave,Shockwave,https://www.ea.com/games/apex-legends/apex-legends/news/shockwave-patch-notes,patch_notes,470,li,QUALITY OF LIFE,,,Reconnect match timer reduced to 2 minutes (was 5 min)
shockwave,Shockwave,https://www.ea.com/games/apex-legends/apex-legends/news/shockwave-patch-notes,patch_notes,471,li,QUALITY OF LIFE,,,Team Deathmatch Score Limit reduced to 40 (was 50)
shockwave,Shockwave,https://www.ea.com/games/apex-legends/apex-legends/news/shockwave-patch-notes,patch_notes,472,li,QUALITY OF LIFE,,,Mixtape’s Skull Town got a spawn audit (adjusting positions & angles)
shockwave,Shockwave,https://www.ea.com/games/apex-legends/apex-legends/news/shockwave-patch-notes,patch_notes,473,li,QUALITY OF LIFE,,,Nessies can once again bounce to their hearts content in the firing range (just not anywhere else)
shockwave,Shockwave,https://www.ea.com/games/apex-legends/apex-legends/news/shockwave-patch-notes,patch_notes,474,li,QUALITY OF LIFE,,,"Speaking of, a new Nessie (with an appreciation for cinema) has appeared around the firing range"
shockwave,Shockwave,https://www.ea.com/games/apex-legends/apex-legends/news/shockwave-patch-notes,patch_notes,475,h3,QUALITY OF LIFE,GRAPHICS,,GRAPHICS
shockwave,Shockwave,https://www.ea.com/games/apex-legends/apex-legends/news/shockwave-patch-notes,patch_notes,476,li,QUALITY OF LIFE,GRAPHICS,,"Largely optimized Performance Mode on Xbox Series X/S and PlayStation 5, for more consistent frame rates and fewer resolution drops Xbox Series X and PS5 can expect 10 FPS or higher improvements in GPU-intensive scenarios"
shockwave,Shockwave,https://www.ea.com/games/apex-legends/apex-legends/news/shockwave-patch-notes,patch_notes,477,li,QUALITY OF LIFE,GRAPHICS,,Xbox Series X and PS5 can expect 10 FPS or higher improvements in GPU-intensive scenarios
shockwave,Shockwave,https://www.ea.com/games/apex-legends/apex-legends/news/shockwave-patch-notes,patch_notes,478,li,QUALITY OF LIFE,GRAPHICS,,"DX12 (PC) Fixed several causes of graphical corruption issues Large optimizations to both CPU and GPU performance. With these changes, we expect that the DirectX 12 beta should now perform better than DirectX 11 for the majority of players."
shockwave,Shockwave,https://www.ea.com/games/apex-legends/apex-legends/news/shockwave-patch-notes,patch_notes,479,li,QUALITY OF LIFE,GRAPHICS,,Fixed several causes of graphical corruption issues
shockwave,Shockwave,https://www.ea.com/games/apex-legends/apex-legends/news/shockwave-patch-notes,patch_notes,480,li,QUALITY OF LIFE,GRAPHICS,,"Large optimizations to both CPU and GPU performance. With these changes, we expect that the DirectX 12 beta should now perform better than DirectX 11 for the majority of players."
shockwave,Shockwave,https://www.ea.com/games/apex-legends/apex-legends/news/shockwave-patch-notes,patch_notes,481,li,QUALITY OF LIFE,GRAPHICS,,PC: removed Adaptive Supersampling video settings option. A small percentage of players used this option and those that did received no benefit from it unless they had a powerful GPU and low res monitor
shockwave,Shockwave,https://www.ea.com/games/apex-legends/apex-legends/news/shockwave-patch-notes,patch_notes,482,li,QUALITY OF LIFE,GRAPHICS,,Mitigated performance impact of looking at Death Boxes and intermittent performance spikes from champions banners
shockwave,Shockwave,https://www.ea.com/games/apex-legends/apex-legends/news/shockwave-patch-notes,patch_notes,483,p,QUALITY OF LIFE,GRAPHICS,,"Play Apex Legends™ for free * now on PlayStation 4, PlayStation 5, Xbox One, Xbox Series X|S, Nintendo Switch, and PC via the EA app and Steam."
shockwave,Shockwave,https://www.ea.com/games/apex-legends/apex-legends/news/shockwave-patch-notes,patch_notes,484,p,QUALITY OF LIFE,GRAPHICS,,"Follow Apex Legends™ on Twitter , Instagram , TikTok , subscribe to our YouTube channel , and check out our forums ."
shockwave,Shockwave,https://www.ea.com/games/apex-legends/apex-legends/news/shockwave-patch-notes,patch_notes,485,p,QUALITY OF LIFE,GRAPHICS,,"Sign up for our newsletter today to receive the latest Apex Legends™ news, updates, behind-the-scenes content, exclusive offers, and more (including other EA news, products, events, and promotions) by email."
shockwave,Shockwave,https://www.ea.com/games/apex-legends/apex-legends/news/shockwave-patch-notes,patch_notes,486,p,QUALITY OF LIFE,GRAPHICS,,"This announcement may change as we listen to community feedback and continue developing and evolving our Live Service & Content. We will always strive to keep our community as informed as possible. For more information, please refer to EA’s Online Service Updates at https://www.ea.com/service-updates ."
shockwave,Shockwave,https://www.ea.com/games/apex-legends/apex-legends/news/shockwave-patch-notes,patch_notes,487,p,QUALITY OF LIFE,GRAPHICS,,*Applicable platform account and platform subscription (sold separately) may be required. A persistent internet connection and EA account required. Age restrictions apply. Includes in-game purchases.
shockwave,Shockwave,https://www.ea.com/games/apex-legends/apex-legends/news/shockwave-patch-notes,patch_notes,488,p,QUALITY OF LIFE,GRAPHICS,,†Not available in all territories.
from_the_rift,From The Rift,https://www.ea.com/games/apex-legends/apex-legends/news/from-the-rift-season-updates,patch_notes,1,p,,,,"November 5, 2024"
from_the_rift,From The Rift,https://www.ea.com/games/apex-legends/apex-legends/news/from-the-rift-season-updates,patch_notes,2,p,,,,"Go original and experience the beginning of Apex Legends again. Relive the rush of that first drop in Launch Royale then get reacquainted with Lifeline, revived with new abilities to take the frontlines, glide to reposition, and more. Tear through the Outlands with Rift Relics, offering cosmic abilities and weapons that dial up your power. Wield the Raptor’s Claw, a new Universal Mythic Melee Cosmetic and harness the madness of science in the new Battle Pass Split 1."
from_the_rift,From The Rift,https://www.ea.com/games/apex-legends/apex-legends/news/from-the-rift-season-updates,patch_notes,3,h3,,NEW MODE: LAUNCH ROYALE,,NEW MODE: LAUNCH ROYALE
from_the_rift,From The Rift,https://www.ea.com/games/apex-legends/apex-legends/news/from-the-rift-season-updates,patch_notes,5,p,,NEW MODE: LAUNCH ROYALE,,"Step back in time to the experience that started it all: Launch Royale. This new LTM drops players into the original Apex Legends circa 2019—it’s the old school weapons, Legends, abilities, ruleset, and map that started it all. That means no EVO Armor or Ability Upgrades—just pure skill and your wits to survive the Apex Games."
from_the_rift,From The Rift,https://www.ea.com/games/apex-legends/apex-legends/news/from-the-rift-season-updates,patch_notes,6,p,,NEW MODE: LAUNCH ROYALE,,"If you're craving that old-school Apex vibe or just want to see how it all started, this is the best time to jump in and see where Legends were born. Conquer Launch Royale Challenges to unlock Legends and earn rewards like Apex Packs and more. Ready up, because we’re going back to experience that first drop once again."
from_the_rift,From The Rift,https://www.ea.com/games/apex-legends/apex-legends/news/from-the-rift-season-updates,patch_notes,7,h3,,LIFELINE REVIVED,,LIFELINE REVIVED
from_the_rift,From The Rift,https://www.ea.com/games/apex-legends/apex-legends/news/from-the-rift-season-updates,patch_notes,9,p,,LIFELINE REVIVED,,"The original medic is now a frontline menace! Lifeline dives into action with an aggressive new kit, the ability to teleport D.O.C. to your allies, glide for unmatched mobility, and deploy an indestructible force field that amps up healing efficiency for your squad. She's not just saving lives—she’s fighting her way to the Champions Podium."
from_the_rift,From The Rift,https://www.ea.com/games/apex-legends/apex-legends/news/from-the-rift-season-updates,patch_notes,10,h3,,PASSIVE: COMBAT GLIDE,,PASSIVE: COMBAT GLIDE
from_the_rift,From The Rift,https://www.ea.com/games/apex-legends/apex-legends/news/from-the-rift-season-updates,patch_notes,11,p,,PASSIVE: COMBAT GLIDE,,Hold JUMP mid-air to use to D.O.C. to briefly glide.
from_the_rift,From The Rift,https://www.ea.com/games/apex-legends/apex-legends/news/from-the-rift-season-updates,patch_notes,12,p,,PASSIVE: COMBAT GLIDE,,"Deploy D.O.C. to revive teammates, leaving Lifeline free to defend."
from_the_rift,From The Rift,https://www.ea.com/games/apex-legends/apex-legends/news/from-the-rift-season-updates,patch_notes,13,h3,,TACTICAL: D.O.C. HEAL DRONE,,TACTICAL: D.O.C. HEAL DRONE
from_the_rift,From The Rift,https://www.ea.com/games/apex-legends/apex-legends/news/from-the-rift-season-updates,patch_notes,14,p,,TACTICAL: D.O.C. HEAL DRONE,,D.O.C. heals nearby allies. D.O.C. can be assigned to follow allies once deployed.
from_the_rift,From The Rift,https://www.ea.com/games/apex-legends/apex-legends/news/from-the-rift-season-updates,patch_notes,15,h3,,ULTIMATE: D.O.C. HALO,,ULTIMATE: D.O.C. HALO
from_the_rift,From The Rift,https://www.ea.com/games/apex-legends/apex-legends/news/from-the-rift-season-updates,patch_notes,16,p,,ULTIMATE: D.O.C. HALO,,Throw D.O.C. to activate Halo Shield System. All players inside use Health & Shield consumables faster.
from_the_rift,From The Rift,https://www.ea.com/games/apex-legends/apex-legends/news/from-the-rift-season-updates,patch_notes,17,h3,,UPGRADES,,UPGRADES
from_the_rift,From The Rift,https://www.ea.com/games/apex-legends/apex-legends/news/from-the-rift-season-updates,patch_notes,18,p,,UPGRADES,,From the Rift: Level 2
from_the_rift,From The Rift,https://www.ea.com/games/apex-legends/apex-legends/news/from-the-rift-season-updates,patch_notes,19,li,,UPGRADES,,Battpack: +1 Battery per stack. See Battery Count in Death Boxes.
from_the_rift,From The Rift,https://www.ea.com/games/apex-legends/apex-legends/news/from-the-rift-season-updates,patch_notes,20,li,,UPGRADES,,+1 Battery per stack.
from_the_rift,From The Rift,https://www.ea.com/games/apex-legends/apex-legends/news/from-the-rift-season-updates,patch_notes,21,li,,UPGRADES,,See Battery Count in Death Boxes.
from_the_rift,From The Rift,https://www.ea.com/games/apex-legends/apex-legends/news/from-the-rift-season-updates,patch_notes,22,li,,UPGRADES,,Extended Flight: Increase time before D.O.C. runs out of fuel by 1.5s.
from_the_rift,From The Rift,https://www.ea.com/games/apex-legends/apex-legends/news/from-the-rift-season-updates,patch_notes,23,p,,UPGRADES,,From the Rift: Level 3
from_the_rift,From The Rift,https://www.ea.com/games/apex-legends/apex-legends/news/from-the-rift-season-updates,patch_notes,24,li,,UPGRADES,,Enhanced Radio: Increased D.O.C. assignment range by 50%.
from_the_rift,From The Rift,https://www.ea.com/games/apex-legends/apex-legends/news/from-the-rift-season-updates,patch_notes,25,li,,UPGRADES,,Tactical Cooldown+: Reduce Tac cooldown by 10s.
from_the_rift,From The Rift,https://www.ea.com/games/apex-legends/apex-legends/news/from-the-rift-season-updates,patch_notes,26,h3,,RIFT RELICS,,RIFT RELICS
from_the_rift,From The Rift,https://www.ea.com/games/apex-legends/apex-legends/news/from-the-rift-season-updates,patch_notes,28,p,,RIFT RELICS,,"Rift Relics come from the unstable Rift in the sky, creating a temporary tear in reality that provides the contestants of the Apex Games with powerful weapons and a new Survival Slot item, Boost Kits, that may just give you a boost that you need. You could say they’re aptly named. Grab the EPG-1 Launcher with splash damage and rocket-jumping capabilities. Unleash exotic Hop-Ups like Lifesteal, healing with every hit and instantly refilling health and armor on headshots."
from_the_rift,From The Rift,https://www.ea.com/games/apex-legends/apex-legends/news/from-the-rift-season-updates,patch_notes,29,p,,RIFT RELICS,,"Rift Relics will appear randomly throughout each match, across many rounds. They will be easy for you and your enemies to spot, and they’ll also inform you if an enemy team has gotten there first. Destroy the Rift Relic to receive your reward, but be warned—the Ring messes with their stability."
from_the_rift,From The Rift,https://www.ea.com/games/apex-legends/apex-legends/news/from-the-rift-season-updates,patch_notes,30,h3,,NEW: SUPPORT CLASS PERKS,,NEW: SUPPORT CLASS PERKS
from_the_rift,From The Rift,https://www.ea.com/games/apex-legends/apex-legends/news/from-the-rift-season-updates,patch_notes,31,p,,NEW: SUPPORT CLASS PERKS,,Last season we gave the Recon and Controller classes unique gameplay perks to help define their areas of expertise in the game. This season will be the season of Support!
from_the_rift,From The Rift,https://www.ea.com/games/apex-legends/apex-legends/news/from-the-rift-season-updates,patch_notes,32,p,,NEW: SUPPORT CLASS PERKS,,"Alongside Lifeline's Revival, the Support Class is getting a specialization of their own through two new perks: Heal Expert and Revive Expert; empowering their reset and recovery role on the team, and continuing our efforts to bring more meaning and identity to the classes in Apex."
from_the_rift,From The Rift,https://www.ea.com/games/apex-legends/apex-legends/news/from-the-rift-season-updates,patch_notes,33,p,,NEW: SUPPORT CLASS PERKS,,"Support Legends will still maintain access to extended supply bins (blue bins), however, in the spirit of support, banner crafting is no longer an exclusive class perk and instead will be accessible to all Legends."
from_the_rift,From The Rift,https://www.ea.com/games/apex-legends/apex-legends/news/from-the-rift-season-updates,patch_notes,34,p,,NEW: SUPPORT CLASS PERKS,,Support Class Perks
from_the_rift,From The Rift,https://www.ea.com/games/apex-legends/apex-legends/news/from-the-rift-season-updates,patch_notes,35,li,,NEW: SUPPORT CLASS PERKS,,Heal Expert Support Legends now move at full walk speed while healing Healing amount from small meds is doubled
from_the_rift,From The Rift,https://www.ea.com/games/apex-legends/apex-legends/news/from-the-rift-season-updates,patch_notes,36,li,,NEW: SUPPORT CLASS PERKS,,Support Legends now move at full walk speed while healing
from_the_rift,From The Rift,https://www.ea.com/games/apex-legends/apex-legends/news/from-the-rift-season-updates,patch_notes,37,li,,NEW: SUPPORT CLASS PERKS,,Healing amount from small meds is doubled
from_the_rift,From The Rift,https://www.ea.com/games/apex-legends/apex-legends/news/from-the-rift-season-updates,patch_notes,38,li,,NEW: SUPPORT CLASS PERKS,,"Revive Expert Support Legends now have 25% faster revives (4.5s) and grant health regen to their ally on a successful revive This health regen will restore an ally to full health, but can be canceled by incoming damage Support Legends will also receive this health regen if revived Additionally, Banner Crafting and Ally Death Boxes now spawn a Mobile Respawn Beacon Support Legends can see Mobile Respawn Beacons inside Death Boxes"
from_the_rift,From The Rift,https://www.ea.com/games/apex-legends/apex-legends/news/from-the-rift-season-updates,patch_notes,39,li,,NEW: SUPPORT CLASS PERKS,,"Support Legends now have 25% faster revives (4.5s) and grant health regen to their ally on a successful revive This health regen will restore an ally to full health, but can be canceled by incoming damage Support Legends will also receive this health regen if revived"
from_the_rift,From The Rift,https://www.ea.com/games/apex-legends/apex-legends/news/from-the-rift-season-updates,patch_notes,40,li,,NEW: SUPPORT CLASS PERKS,,"This health regen will restore an ally to full health, but can be canceled by incoming damage"
from_the_rift,From The Rift,https://www.ea.com/games/apex-legends/apex-legends/news/from-the-rift-season-updates,patch_notes,41,li,,NEW: SUPPORT CLASS PERKS,,Support Legends will also receive this health regen if revived
from_the_rift,From The Rift,https://www.ea.com/games/apex-legends/apex-legends/news/from-the-rift-season-updates,patch_notes,42,li,,NEW: SUPPORT CLASS PERKS,,"Additionally, Banner Crafting and Ally Death Boxes now spawn a Mobile Respawn Beacon Support Legends can see Mobile Respawn Beacons inside Death Boxes"
from_the_rift,From The Rift,https://www.ea.com/games/apex-legends/apex-legends/news/from-the-rift-season-updates,patch_notes,43,li,,NEW: SUPPORT CLASS PERKS,,Support Legends can see Mobile Respawn Beacons inside Death Boxes
from_the_rift,From The Rift,https://www.ea.com/games/apex-legends/apex-legends/news/from-the-rift-season-updates,patch_notes,44,p,,NEW: SUPPORT CLASS PERKS,,Collecting Banners will automatically take a Mobile Respawn Beacon in an ally deathbox if possible ( will not replace current survival item ).
from_the_rift,From The Rift,https://www.ea.com/games/apex-legends/apex-legends/news/from-the-rift-season-updates,patch_notes,45,h3,,SKILL DISPLAY IMPROVEMENTS,,SKILL DISPLAY IMPROVEMENTS
from_the_rift,From The Rift,https://www.ea.com/games/apex-legends/apex-legends/news/from-the-rift-season-updates,patch_notes,47,p,,SKILL DISPLAY IMPROVEMENTS,,"Into the Rift is bringing nostalgia, but we’re also bringing something new: skill display improvements. This new feature will display the balancing of each match and update live as each player loads into the match—giving you a true rank distribution of all players."
from_the_rift,From The Rift,https://www.ea.com/games/apex-legends/apex-legends/news/from-the-rift-season-updates,patch_notes,48,p,,SKILL DISPLAY IMPROVEMENTS,,This is just the latest in our ongoing evaluation and improvement of Ranked. Players were looking for more insights and fairness in their matches and this is our next step.
from_the_rift,From The Rift,https://www.ea.com/games/apex-legends/apex-legends/news/from-the-rift-season-updates,patch_notes,49,h3,,NEW UNIVERSAL MELEE: RAPTOR’S CLAW,,NEW UNIVERSAL MELEE: RAPTOR’S CLAW
from_the_rift,From The Rift,https://www.ea.com/games/apex-legends/apex-legends/news/from-the-rift-season-updates,patch_notes,50,p,,NEW UNIVERSAL MELEE: RAPTOR’S CLAW,,"Sharpen your arsenal with the Raptor’s Claw, a new universal melee cosmetic. Unlock the Raptor’s Claw through the Void Mercenary Store from November 5, 2024-January 7, 2025. After acquiring this new universal cosmetic, you can unlock the Crystal Chamber Death Box, as well as 5 other deadly variants and their matching Death Boxes. After January 7, 2025, the Raptor’s Claw will move to the Mythic Shop. Sleek, deadly, and ready to strike–don’t miss your opportunity to grab this iconic melee weapon."
from_the_rift,From The Rift,https://www.ea.com/games/apex-legends/apex-legends/news/from-the-rift-season-updates,patch_notes,52,h3,,PATCH NOTES,,PATCH NOTES
from_the_rift,From The Rift,https://www.ea.com/games/apex-legends/apex-legends/news/from-the-rift-season-updates,patch_notes,53,h3,,BALANCE UPDATES,,BALANCE UPDATES
from_the_rift,From The Rift,https://www.ea.com/games/apex-legends/apex-legends/news/from-the-rift-season-updates,patch_notes,54,p,,BALANCE UPDATES,,Battle Sense
from_the_rift,From The Rift,https://www.ea.com/games/apex-legends/apex-legends/news/from-the-rift-season-updates,patch_notes,55,p,,BALANCE UPDATES,,Better health state awareness & feedback
from_the_rift,From The Rift,https://www.ea.com/games/apex-legends/apex-legends/news/from-the-rift-season-updates,patch_notes,56,li,,BALANCE UPDATES,,Added voice lines for when players are low on health
from_the_rift,From The Rift,https://www.ea.com/games/apex-legends/apex-legends/news/from-the-rift-season-updates,patch_notes,57,li,,BALANCE UPDATES,,Added voice lines for when players are low on shields
from_the_rift,From The Rift,https://www.ea.com/games/apex-legends/apex-legends/news/from-the-rift-season-updates,patch_notes,58,li,,BALANCE UPDATES,,Added prompt to heal when players are low on health
from_the_rift,From The Rift,https://www.ea.com/games/apex-legends/apex-legends/news/from-the-rift-season-updates,patch_notes,59,li,,BALANCE UPDATES,,Healing HUD icon will now flash when players are low on health
from_the_rift,From The Rift,https://www.ea.com/games/apex-legends/apex-legends/news/from-the-rift-season-updates,patch_notes,60,p,,BALANCE UPDATES,,Better ammo awareness & feedback
from_the_rift,From The Rift,https://www.ea.com/games/apex-legends/apex-legends/news/from-the-rift-season-updates,patch_notes,61,li,,BALANCE UPDATES,,Added voice lines for when players are running low on ammo
from_the_rift,From The Rift,https://www.ea.com/games/apex-legends/apex-legends/news/from-the-rift-season-updates,patch_notes,62,li,,BALANCE UPDATES,,Ammo clip counter will pulse red when in a critical ammo state
from_the_rift,From The Rift,https://www.ea.com/games/apex-legends/apex-legends/news/from-the-rift-season-updates,patch_notes,63,li,,BALANCE UPDATES,,Lowered position of the Low Ammo prompt on the HUD
from_the_rift,From The Rift,https://www.ea.com/games/apex-legends/apex-legends/news/from-the-rift-season-updates,patch_notes,64,p,,BALANCE UPDATES,,Both voice lines and on screen prompts can be toggled on/limited/off in Settings. The limited option provides a less frequent cadence for both voice lines and on screen prompts respectively.
from_the_rift,From The Rift,https://www.ea.com/games/apex-legends/apex-legends/news/from-the-rift-season-updates,patch_notes,65,p,,BALANCE UPDATES,,"Dev Note: We are continuing our work that was started last season around providing better awareness to the state of the game, and this time we’re tackling the health state. These additional mechanisms of feedback are incredibly helpful for some, but can be overwhelming for others. The addition of a settings menu allows for as much player customization as possible to best suit their needs when playing Apex."
from_the_rift,From The Rift,https://www.ea.com/games/apex-legends/apex-legends/news/from-the-rift-season-updates,patch_notes,66,p,,BALANCE UPDATES,,Care Package
from_the_rift,From The Rift,https://www.ea.com/games/apex-legends/apex-legends/news/from-the-rift-season-updates,patch_notes,67,li,,BALANCE UPDATES,,Devotion returns to the floor Spin up time decreased Reverse Hipfire tightens slower and is less accurate Removed Turbocharger slot
from_the_rift,From The Rift,https://www.ea.com/games/apex-legends/apex-legends/news/from-the-rift-season-updates,patch_notes,68,li,,BALANCE UPDATES,,Spin up time decreased
from_the_rift,From The Rift,https://www.ea.com/games/apex-legends/apex-legends/news/from-the-rift-season-updates,patch_notes,69,li,,BALANCE UPDATES,,Reverse Hipfire tightens slower and is less accurate
from_the_rift,From The Rift,https://www.ea.com/games/apex-legends/apex-legends/news/from-the-rift-season-updates,patch_notes,70,li,,BALANCE UPDATES,,Removed Turbocharger slot
from_the_rift,From The Rift,https://www.ea.com/games/apex-legends/apex-legends/news/from-the-rift-season-updates,patch_notes,71,li,,BALANCE UPDATES,,Havoc enters the Care Package Improved hipfire Magazine size increased to 36 Damage increased to 19 (was 18) Select Fire: Beam Shot High ammo consumption Deadly accurate Devastating damage
from_the_rift,From The Rift,https://www.ea.com/games/apex-legends/apex-legends/news/from-the-rift-season-updates,patch_notes,72,li,,BALANCE UPDATES,,Improved hipfire
from_the_rift,From The Rift,https://www.ea.com/games/apex-legends/apex-legends/news/from-the-rift-season-updates,patch_notes,73,li,,BALANCE UPDATES,,Magazine size increased to 36
from_the_rift,From The Rift,https://www.ea.com/games/apex-legends/apex-legends/news/from-the-rift-season-updates,patch_notes,74,li,,BALANCE UPDATES,,Damage increased to 19 (was 18)
from_the_rift,From The Rift,https://www.ea.com/games/apex-legends/apex-legends/news/from-the-rift-season-updates,patch_notes,75,li,,BALANCE UPDATES,,Select Fire: Beam Shot High ammo consumption Deadly accurate Devastating damage
from_the_rift,From The Rift,https://www.ea.com/games/apex-legends/apex-legends/news/from-the-rift-season-updates,patch_notes,76,li,,BALANCE UPDATES,,High ammo consumption
from_the_rift,From The Rift,https://www.ea.com/games/apex-legends/apex-legends/news/from-the-rift-season-updates,patch_notes,77,li,,BALANCE UPDATES,,Deadly accurate
from_the_rift,From The Rift,https://www.ea.com/games/apex-legends/apex-legends/news/from-the-rift-season-updates,patch_notes,78,li,,BALANCE UPDATES,,Devastating damage
from_the_rift,From The Rift,https://www.ea.com/games/apex-legends/apex-legends/news/from-the-rift-season-updates,patch_notes,79,p,,BALANCE UPDATES,,Gold Weapon Rotation
from_the_rift,From The Rift,https://www.ea.com/games/apex-legends/apex-legends/news/from-the-rift-season-updates,patch_notes,80,li,,BALANCE UPDATES,,"C.A.R., Hemlock, L-STAR, Longbow, Mastiff"
from_the_rift,From The Rift,https://www.ea.com/games/apex-legends/apex-legends/news/from-the-rift-season-updates,patch_notes,81,h3,,GAMEPLAY UPDATES,,GAMEPLAY UPDATES
from_the_rift,From The Rift,https://www.ea.com/games/apex-legends/apex-legends/news/from-the-rift-season-updates,patch_notes,82,p,,GAMEPLAY UPDATES,,Crafting Stations
from_the_rift,From The Rift,https://www.ea.com/games/apex-legends/apex-legends/news/from-the-rift-season-updates,patch_notes,83,li,,GAMEPLAY UPDATES,,All Legends can now craft Banner Cards
from_the_rift,From The Rift,https://www.ea.com/games/apex-legends/apex-legends/news/from-the-rift-season-updates,patch_notes,84,p,,GAMEPLAY UPDATES,,Loot Bin Reset
from_the_rift,From The Rift,https://www.ea.com/games/apex-legends/apex-legends/news/from-the-rift-season-updates,patch_notes,85,li,,GAMEPLAY UPDATES,,"If a player is near a bin during the reset phase, that Loot Bin will now eject loot (even if that bin was not opened recently)"
from_the_rift,From The Rift,https://www.ea.com/games/apex-legends/apex-legends/news/from-the-rift-season-updates,patch_notes,86,li,,GAMEPLAY UPDATES,,Gold Bins now spawn fewer pieces of gold loot
from_the_rift,From The Rift,https://www.ea.com/games/apex-legends/apex-legends/news/from-the-rift-season-updates,patch_notes,87,p,,GAMEPLAY UPDATES,,"Dev Note: Even after adding the ‘recently opened Bins eject loot’ logic last release, we’re still seeing issues where players are racing to get that attachment or backpack they saw from afar in an open bin, and the loot bin slams shut denying the pick up. By adding a proximity check, now just being near a Loot Bin during Reset will ensure you can get what you want."
from_the_rift,From The Rift,https://www.ea.com/games/apex-legends/apex-legends/news/from-the-rift-season-updates,patch_notes,88,p,,GAMEPLAY UPDATES,,Mythic Bin Updates
from_the_rift,From The Rift,https://www.ea.com/games/apex-legends/apex-legends/news/from-the-rift-season-updates,patch_notes,89,li,,GAMEPLAY UPDATES,,Can now be tracked and pinged through walls more easily
from_the_rift,From The Rift,https://www.ea.com/games/apex-legends/apex-legends/news/from-the-rift-season-updates,patch_notes,90,li,,GAMEPLAY UPDATES,,Improved logic to consider if the weapon you have is already a gold weapon and instead grants a different upgrade
from_the_rift,From The Rift,https://www.ea.com/games/apex-legends/apex-legends/news/from-the-rift-season-updates,patch_notes,91,li,,GAMEPLAY UPDATES,,"Location is now announced before spawning, is marked on the mini & full maps, and a warning is issued in game"
from_the_rift,From The Rift,https://www.ea.com/games/apex-legends/apex-legends/news/from-the-rift-season-updates,patch_notes,92,li,,GAMEPLAY UPDATES,,Time to Open reduced to 10s (was 11)
from_the_rift,From The Rift,https://www.ea.com/games/apex-legends/apex-legends/news/from-the-rift-season-updates,patch_notes,93,li,,GAMEPLAY UPDATES,,Updated Mythic Bin Icons for better clarity and consistency
from_the_rift,From The Rift,https://www.ea.com/games/apex-legends/apex-legends/news/from-the-rift-season-updates,patch_notes,94,p,,GAMEPLAY UPDATES,,"Dev Note: Mythic Bins are a big spike in power for the opening team, but it can sometimes feel like a lottery when it appears, leaving little room for counter play. We’re now messaging to the whole game when they appear to hopefully give players the chance to make an active choice to pursue the bin should they wish. This informed choice should feel more fair than it has in the past."
from_the_rift,From The Rift,https://www.ea.com/games/apex-legends/apex-legends/news/from-the-rift-season-updates,patch_notes,95,h3,,AMMO & ATTACHMENTS,,AMMO & ATTACHMENTS
from_the_rift,From The Rift,https://www.ea.com/games/apex-legends/apex-legends/news/from-the-rift-season-updates,patch_notes,96,p,,AMMO & ATTACHMENTS,,Hop-Ups
from_the_rift,From The Rift,https://www.ea.com/games/apex-legends/apex-legends/news/from-the-rift-season-updates,patch_notes,97,li,,AMMO & ATTACHMENTS,,Boosted Loader Now activates at 0 ammo Now goes on the Sentinel
from_the_rift,From The Rift,https://www.ea.com/games/apex-legends/apex-legends/news/from-the-rift-season-updates,patch_notes,98,li,,AMMO & ATTACHMENTS,,Now activates at 0 ammo
from_the_rift,From The Rift,https://www.ea.com/games/apex-legends/apex-legends/news/from-the-rift-season-updates,patch_notes,99,li,,AMMO & ATTACHMENTS,,Now goes on the Sentinel
from_the_rift,From The Rift,https://www.ea.com/games/apex-legends/apex-legends/news/from-the-rift-season-updates,patch_notes,100,li,,AMMO & ATTACHMENTS,,Gunshield Generator Shield recharge cooldown time decreased to 10s (was 12) Reduced spawn rate
from_the_rift,From The Rift,https://www.ea.com/games/apex-legends/apex-legends/news/from-the-rift-season-updates,patch_notes,101,li,,AMMO & ATTACHMENTS,,Shield recharge cooldown time decreased to 10s (was 12)
from_the_rift,From The Rift,https://www.ea.com/games/apex-legends/apex-legends/news/from-the-rift-season-updates,patch_notes,102,li,,AMMO & ATTACHMENTS,,Reduced spawn rate
from_the_rift,From The Rift,https://www.ea.com/games/apex-legends/apex-legends/news/from-the-rift-season-updates,patch_notes,103,li,,AMMO & ATTACHMENTS,,Hammerpoint Rounds Reduced spawn rate
from_the_rift,From The Rift,https://www.ea.com/games/apex-legends/apex-legends/news/from-the-rift-season-updates,patch_notes,104,li,,AMMO & ATTACHMENTS,,Reduced spawn rate
from_the_rift,From The Rift,https://www.ea.com/games/apex-legends/apex-legends/news/from-the-rift-season-updates,patch_notes,105,p,,AMMO & ATTACHMENTS,,"Dev Note: We’ve rebalanced some of the Hop-Up spawn rates to compensate for the amount of power they bring to the table cough Hammerpoints cough We like the big power swing and how they set up their respective weapons for the end game, but the consistency at which they were available felt a little too high."
from_the_rift,From The Rift,https://www.ea.com/games/apex-legends/apex-legends/news/from-the-rift-season-updates,patch_notes,106,h3,,WEAPONS,,WEAPONS
from_the_rift,From The Rift,https://www.ea.com/games/apex-legends/apex-legends/news/from-the-rift-season-updates,patch_notes,107,p,,WEAPONS,,L-STAR EMG
from_the_rift,From The Rift,https://www.ea.com/games/apex-legends/apex-legends/news/from-the-rift-season-updates,patch_notes,108,li,,WEAPONS,,Damage increased to 18 (was 17)
from_the_rift,From The Rift,https://www.ea.com/games/apex-legends/apex-legends/news/from-the-rift-season-updates,patch_notes,109,li,,WEAPONS,,Gold Magazines now reduce the cool off time more than purple mags
from_the_rift,From The Rift,https://www.ea.com/games/apex-legends/apex-legends/news/from-the-rift-season-updates,patch_notes,110,li,,WEAPONS,,Smoothed out cool-off animations
from_the_rift,From The Rift,https://www.ea.com/games/apex-legends/apex-legends/news/from-the-rift-season-updates,patch_notes,111,p,,WEAPONS,,"Dev Note: The L-Star never really gained a benefit from Gold mags because it doesn’t have a traditional reload. To show it a little love, we’ve improved the Gold mags on the L-Star which should make them a more exciting find over Purple mags. In addition we’ve done some animation work to make firing feel smoother; especially when feathering the trigger, something the L-Star excels at."
from_the_rift,From The Rift,https://www.ea.com/games/apex-legends/apex-legends/news/from-the-rift-season-updates,patch_notes,112,p,,WEAPONS,,Longbow
from_the_rift,From The Rift,https://www.ea.com/games/apex-legends/apex-legends/news/from-the-rift-season-updates,patch_notes,113,li,,WEAPONS,,Damage increased to 60 (was 55)
from_the_rift,From The Rift,https://www.ea.com/games/apex-legends/apex-legends/news/from-the-rift-season-updates,patch_notes,114,p,,WEAPONS,,Dev Note: The Longbow hasn’t been fulfilling the fantasy of a sniper lately so we’re taking a big swing at its damage to really push its relevance and carve out a place for it within the long range meta. We’ll continue to monitor this change as the season progresses.
from_the_rift,From The Rift,https://www.ea.com/games/apex-legends/apex-legends/news/from-the-rift-season-updates,patch_notes,115,p,,WEAPONS,,P2020
from_the_rift,From The Rift,https://www.ea.com/games/apex-legends/apex-legends/news/from-the-rift-season-updates,patch_notes,116,li,,WEAPONS,,Akimbo Only: base hipfire improved
from_the_rift,From The Rift,https://www.ea.com/games/apex-legends/apex-legends/news/from-the-rift-season-updates,patch_notes,117,p,,WEAPONS,,Dev Note: Overall we’re really happy with Akimbo and the P2020s are performing well but could use a little improvement to their overall consistency to remain a competitive option.
from_the_rift,From The Rift,https://www.ea.com/games/apex-legends/apex-legends/news/from-the-rift-season-updates,patch_notes,118,p,,WEAPONS,,Rampage LMG
from_the_rift,From The Rift,https://www.ea.com/games/apex-legends/apex-legends/news/from-the-rift-season-updates,patch_notes,119,li,,WEAPONS,,Revved State Increased decay rate Reduced cost per shot Significantly increased energized capacity Successfully charging up the Rampage with a Thermite will also trigger a reload
from_the_rift,From The Rift,https://www.ea.com/games/apex-legends/apex-legends/news/from-the-rift-season-updates,patch_notes,120,li,,WEAPONS,,Increased decay rate
from_the_rift,From The Rift,https://www.ea.com/games/apex-legends/apex-legends/news/from-the-rift-season-updates,patch_notes,121,li,,WEAPONS,,Reduced cost per shot
from_the_rift,From The Rift,https://www.ea.com/games/apex-legends/apex-legends/news/from-the-rift-season-updates,patch_notes,122,li,,WEAPONS,,Significantly increased energized capacity
from_the_rift,From The Rift,https://www.ea.com/games/apex-legends/apex-legends/news/from-the-rift-season-updates,patch_notes,123,li,,WEAPONS,,Successfully charging up the Rampage with a Thermite will also trigger a reload
from_the_rift,From The Rift,https://www.ea.com/games/apex-legends/apex-legends/news/from-the-rift-season-updates,patch_notes,124,p,,WEAPONS,,Sentinel
from_the_rift,From The Rift,https://www.ea.com/games/apex-legends/apex-legends/news/from-the-rift-season-updates,patch_notes,125,li,,WEAPONS,,Charging up the sentinel with Boosted Loader equipped (and within activation criteria) will overload the next mag as though it were a Boosted Reload
from_the_rift,From The Rift,https://www.ea.com/games/apex-legends/apex-legends/news/from-the-rift-season-updates,patch_notes,126,li,,WEAPONS,,Increased energized capacity
from_the_rift,From The Rift,https://www.ea.com/games/apex-legends/apex-legends/news/from-the-rift-season-updates,patch_notes,127,li,,WEAPONS,,Increased energize total time
from_the_rift,From The Rift,https://www.ea.com/games/apex-legends/apex-legends/news/from-the-rift-season-updates,patch_notes,128,li,,WEAPONS,,Successfully charging up the Sentinel with a Shield Cell will also trigger a reload
from_the_rift,From The Rift,https://www.ea.com/games/apex-legends/apex-legends/news/from-the-rift-season-updates,patch_notes,129,p,,WEAPONS,,Dev Note: The Sentinel is a beloved sniper but can be a little intimidating to run with its high risk and reward gameplay flow. We wanted to open this up a little bit and make it easier to engage with and more approachable so we’re making the energized state a little more forgiving and adding Boosted Loader to temporarily increase its magazine size.
from_the_rift,From The Rift,https://www.ea.com/games/apex-legends/apex-legends/news/from-the-rift-season-updates,patch_notes,130,p,,WEAPONS,,Spitfire LMG
from_the_rift,From The Rift,https://www.ea.com/games/apex-legends/apex-legends/news/from-the-rift-season-updates,patch_notes,131,li,,WEAPONS,,Damage increased to 19 (was 18)
from_the_rift,From The Rift,https://www.ea.com/games/apex-legends/apex-legends/news/from-the-rift-season-updates,patch_notes,132,p,,WEAPONS,,Dev Note: Our LMGs have seen more play since the release of the Gunshield Generators but they still haven’t quite been able to compete with our more versatile ARs. These updates continue the work to push them into being valuable primary weapons.
from_the_rift,From The Rift,https://www.ea.com/games/apex-legends/apex-legends/news/from-the-rift-season-updates,patch_notes,133,p,,WEAPONS,,Peacekeeper
from_the_rift,From The Rift,https://www.ea.com/games/apex-legends/apex-legends/news/from-the-rift-season-updates,patch_notes,134,li,,WEAPONS,,Choke speed increased
from_the_rift,From The Rift,https://www.ea.com/games/apex-legends/apex-legends/news/from-the-rift-season-updates,patch_notes,135,p,,WEAPONS,,Triple Take
from_the_rift,From The Rift,https://www.ea.com/games/apex-legends/apex-legends/news/from-the-rift-season-updates,patch_notes,136,li,,WEAPONS,,Choke speed increased
from_the_rift,From The Rift,https://www.ea.com/games/apex-legends/apex-legends/news/from-the-rift-season-updates,patch_notes,137,li,,WEAPONS,,Fire Rate slightly increased
from_the_rift,From The Rift,https://www.ea.com/games/apex-legends/apex-legends/news/from-the-rift-season-updates,patch_notes,138,p,,WEAPONS,,Dev Note: Both the Triple Take and the Peacekeeper are doing well in the meta but are feeling a tad sluggish compared to the competition. These adjustments should make them feel a little more responsive.
from_the_rift,From The Rift,https://www.ea.com/games/apex-legends/apex-legends/news/from-the-rift-season-updates,patch_notes,139,h3,,LEGENDS,,LEGENDS
from_the_rift,From The Rift,https://www.ea.com/games/apex-legends/apex-legends/news/from-the-rift-season-updates,patch_notes,140,p,,LEGENDS,,Support Legends: New Class Perks
from_the_rift,From The Rift,https://www.ea.com/games/apex-legends/apex-legends/news/from-the-rift-season-updates,patch_notes,141,li,,LEGENDS,,"Heal Expert Move at full speed while healing, small med healing is doubled"
from_the_rift,From The Rift,https://www.ea.com/games/apex-legends/apex-legends/news/from-the-rift-season-updates,patch_notes,142,li,,LEGENDS,,"Move at full speed while healing, small med healing is doubled"
from_the_rift,From The Rift,https://www.ea.com/games/apex-legends/apex-legends/news/from-the-rift-season-updates,patch_notes,143,li,,LEGENDS,,Revive Expert Revive speed increased and revives grant health regen Mobile Respawn Beacons will spawn when crafting banners and inside ally Death Boxes
from_the_rift,From The Rift,https://www.ea.com/games/apex-legends/apex-legends/news/from-the-rift-season-updates,patch_notes,144,li,,LEGENDS,,Revive speed increased and revives grant health regen
from_the_rift,From The Rift,https://www.ea.com/games/apex-legends/apex-legends/news/from-the-rift-season-updates,patch_notes,145,li,,LEGENDS,,Mobile Respawn Beacons will spawn when crafting banners and inside ally Death Boxes
from_the_rift,From The Rift,https://www.ea.com/games/apex-legends/apex-legends/news/from-the-rift-season-updates,patch_notes,146,p,,LEGENDS,,"Dev Note: Support Legends are the restorative anchors of the team. They are the legends who should help their allies reset and recover quickly. This class change aims to infuse a more classical approach to the support role, allowing these legends to inherently excel in healing and recovery."
from_the_rift,From The Rift,https://www.ea.com/games/apex-legends/apex-legends/news/from-the-rift-season-updates,patch_notes,147,p,,LEGENDS,,"To ensure the class felt like it had mastery over that domain, we wanted to make a strong statement about their recovery potential. As a Support, securing a revive should feel powerful. Lessening the downtime before your ally can re-engage is a potency that cannot be ignored - allowing them to fight immediately or pop a shield med to be at full strength much faster. Similarly, access to Mobile Respawn Beacons through Death Boxes and banner crafting means a lot less jumping through hoops to respawn a teammate if you've clutched up to recover a banner or made the long trek to a crafting station."
from_the_rift,From The Rift,https://www.ea.com/games/apex-legends/apex-legends/news/from-the-rift-season-updates,patch_notes,148,p,,LEGENDS,,Support Legends often suffer from a lack of mobility or offensive utility to stay alive and properly anchor the team. Leaning into the ability to reset faster themselves makes them a strong backline force in combat and gives them more options to stay in the fight themselves. Both these changes are powerful and we're eager to see how the more defined role alters the legend landscape in this support-focused season.
from_the_rift,From The Rift,https://www.ea.com/games/apex-legends/apex-legends/news/from-the-rift-season-updates,patch_notes,149,p,,LEGENDS,,Conduit
from_the_rift,From The Rift,https://www.ea.com/games/apex-legends/apex-legends/news/from-the-rift-season-updates,patch_notes,150,li,,LEGENDS,,"Savior’s Speed Now works on ally Death Boxes and crafters when a banner can be retrieved Now works on Respawn Beacons and Mobile Respawn Beacons when carrying an ally banner Now works without min range limit on downed allies, allowing Conduit to race all the way to her fallen teammate"
from_the_rift,From The Rift,https://www.ea.com/games/apex-legends/apex-legends/news/from-the-rift-season-updates,patch_notes,151,li,,LEGENDS,,Now works on ally Death Boxes and crafters when a banner can be retrieved
from_the_rift,From The Rift,https://www.ea.com/games/apex-legends/apex-legends/news/from-the-rift-season-updates,patch_notes,152,li,,LEGENDS,,Now works on Respawn Beacons and Mobile Respawn Beacons when carrying an ally banner
from_the_rift,From The Rift,https://www.ea.com/games/apex-legends/apex-legends/news/from-the-rift-season-updates,patch_notes,153,li,,LEGENDS,,"Now works without min range limit on downed allies, allowing Conduit to race all the way to her fallen teammate"
from_the_rift,From The Rift,https://www.ea.com/games/apex-legends/apex-legends/news/from-the-rift-season-updates,patch_notes,154,li,,LEGENDS,,"Upgrades - Battpack: in addition to the extra battery per stack, this upgrade now also shows battery counts in Death Boxes"
from_the_rift,From The Rift,https://www.ea.com/games/apex-legends/apex-legends/news/from-the-rift-season-updates,patch_notes,155,p,,LEGENDS,,"Dev Note: Conduit’s passive is great for helping to keep up with her team. Looking at her role as a Support Legend, we wanted to extend this passive to impact her recovery play potential as well. Additionally, we’ve combined Battery Collection and Battpack into a single upgrade to make it a stronger option for Conduit and other Legends (Mirage, Lifeline & Horizon)."
from_the_rift,From The Rift,https://www.ea.com/games/apex-legends/apex-legends/news/from-the-rift-season-updates,patch_notes,156,p,,LEGENDS,,Crypto
from_the_rift,From The Rift,https://www.ea.com/games/apex-legends/apex-legends/news/from-the-rift-season-updates,patch_notes,157,li,,LEGENDS,,Surveillance Drone: now takes ring damage (10% per ring tick)
from_the_rift,From The Rift,https://www.ea.com/games/apex-legends/apex-legends/news/from-the-rift-season-updates,patch_notes,158,li,,LEGENDS,,Upgrades - Off the Grid Players within 20m of Crypto will now be able to spot a faint cloaking “flicker” effect every 1.5s to help identify hidden Cryptos nearby Cloaked audio range and volume have been increased
from_the_rift,From The Rift,https://www.ea.com/games/apex-legends/apex-legends/news/from-the-rift-season-updates,patch_notes,159,li,,LEGENDS,,Players within 20m of Crypto will now be able to spot a faint cloaking “flicker” effect every 1.5s to help identify hidden Cryptos nearby
from_the_rift,From The Rift,https://www.ea.com/games/apex-legends/apex-legends/news/from-the-rift-season-updates,patch_notes,160,li,,LEGENDS,,Cloaked audio range and volume have been increased
from_the_rift,From The Rift,https://www.ea.com/games/apex-legends/apex-legends/news/from-the-rift-season-updates,patch_notes,161,p,,LEGENDS,,"Dev Note: Off the Grid has been a strong pick and has offered up some wild and creative new play patterns that feel on theme for Crypto, but it has also come with frustrations that have felt like unfair advantages or exploitable drone behaviors. These targeted changes aim to make it more possible to find a Crypto you know is in your immediate vicinity, and discourage ring-parking patterns without taking away the core of what the upgrade has brought to the Crypto fantasy. You’ll still have to work to spot the glitch in the matrix, but you’ll spend much less time scouring for invisible collisions with him."
from_the_rift,From The Rift,https://www.ea.com/games/apex-legends/apex-legends/news/from-the-rift-season-updates,patch_notes,162,p,,LEGENDS,,Gibraltar
from_the_rift,From The Rift,https://www.ea.com/games/apex-legends/apex-legends/news/from-the-rift-season-updates,patch_notes,163,li,,LEGENDS,,Dome of Protection Cooldown reduced to 17s (was 30s) No longer destroyed by Crypto’s EMP or Maggie’s Wrecking Ball
from_the_rift,From The Rift,https://www.ea.com/games/apex-legends/apex-legends/news/from-the-rift-season-updates,patch_notes,164,li,,LEGENDS,,Cooldown reduced to 17s (was 30s)
from_the_rift,From The Rift,https://www.ea.com/games/apex-legends/apex-legends/news/from-the-rift-season-updates,patch_notes,165,li,,LEGENDS,,No longer destroyed by Crypto’s EMP or Maggie’s Wrecking Ball
from_the_rift,From The Rift,https://www.ea.com/games/apex-legends/apex-legends/news/from-the-rift-season-updates,patch_notes,166,li,,LEGENDS,,Upgrades: Level 2 Fresh Start: removed Shots Shots Shots: removed NEW Big Bruddah: increase Ult Radius by 20% NEW Fast Shotties: move faster with shotguns and auto-reload shotguns on knocks
from_the_rift,From The Rift,https://www.ea.com/games/apex-legends/apex-legends/news/from-the-rift-season-updates,patch_notes,167,li,,LEGENDS,,Fresh Start: removed
from_the_rift,From The Rift,https://www.ea.com/games/apex-legends/apex-legends/news/from-the-rift-season-updates,patch_notes,168,li,,LEGENDS,,Shots Shots Shots: removed
from_the_rift,From The Rift,https://www.ea.com/games/apex-legends/apex-legends/news/from-the-rift-season-updates,patch_notes,169,li,,LEGENDS,,NEW Big Bruddah: increase Ult Radius by 20%
from_the_rift,From The Rift,https://www.ea.com/games/apex-legends/apex-legends/news/from-the-rift-season-updates,patch_notes,170,li,,LEGENDS,,NEW Fast Shotties: move faster with shotguns and auto-reload shotguns on knocks
from_the_rift,From The Rift,https://www.ea.com/games/apex-legends/apex-legends/news/from-the-rift-season-updates,patch_notes,171,li,,LEGENDS,,Upgrades - Baby Bubble: now reduces cooldown to 12s (was 25s)
from_the_rift,From The Rift,https://www.ea.com/games/apex-legends/apex-legends/news/from-the-rift-season-updates,patch_notes,172,p,,LEGENDS,,Shockwave: Level 2
from_the_rift,From The Rift,https://www.ea.com/games/apex-legends/apex-legends/news/from-the-rift-season-updates,patch_notes,173,li,,LEGENDS,,Fresh Start: Revives allies to 50HP.
from_the_rift,From The Rift,https://www.ea.com/games/apex-legends/apex-legends/news/from-the-rift-season-updates,patch_notes,174,li,,LEGENDS,,Shots Shots Shots: Auto-Reload Shotguns on knocks.
from_the_rift,From The Rift,https://www.ea.com/games/apex-legends/apex-legends/news/from-the-rift-season-updates,patch_notes,175,p,,LEGENDS,,From the Rift: Level 2
from_the_rift,From The Rift,https://www.ea.com/games/apex-legends/apex-legends/news/from-the-rift-season-updates,patch_notes,176,li,,LEGENDS,,Big Bruddah: Increase Ult Radius by 20%.
from_the_rift,From The Rift,https://www.ea.com/games/apex-legends/apex-legends/news/from-the-rift-season-updates,patch_notes,177,li,,LEGENDS,,Fast Shotties: Move faster with Shotguns and Auto-Reload on knocks
from_the_rift,From The Rift,https://www.ea.com/games/apex-legends/apex-legends/news/from-the-rift-season-updates,patch_notes,178,p,,LEGENDS,,"Dev Note: Much of Gibraltar’s strength can come from the versatility of his dome. In From the Rift, we’re removing the hard counters and allowing Gibraltar to play off his dome more frequently and utilize the new class perks more. With the new Revive Expert perk coming online, we’ve shifted his early game upgrades to offensive choices to play off the new dome frequency or lean into the power of his Ult."
from_the_rift,From The Rift,https://www.ea.com/games/apex-legends/apex-legends/news/from-the-rift-season-updates,patch_notes,179,p,,LEGENDS,,Horizon
from_the_rift,From The Rift,https://www.ea.com/games/apex-legends/apex-legends/news/from-the-rift-season-updates,patch_notes,180,li,,LEGENDS,,"Upgrades Battery Collection: removed NEW Battpack: in addition to the extra battery per stack, this upgrade now also shows battery counts in Death Boxes"
from_the_rift,From The Rift,https://www.ea.com/games/apex-legends/apex-legends/news/from-the-rift-season-updates,patch_notes,181,li,,LEGENDS,,Battery Collection: removed
from_the_rift,From The Rift,https://www.ea.com/games/apex-legends/apex-legends/news/from-the-rift-season-updates,patch_notes,182,li,,LEGENDS,,"NEW Battpack: in addition to the extra battery per stack, this upgrade now also shows battery counts in Death Boxes"
from_the_rift,From The Rift,https://www.ea.com/games/apex-legends/apex-legends/news/from-the-rift-season-updates,patch_notes,183,p,,LEGENDS,,Shockwave: Level 2
from_the_rift,From The Rift,https://www.ea.com/games/apex-legends/apex-legends/news/from-the-rift-season-updates,patch_notes,184,li,,LEGENDS,,Battery Collection: Shield Battery count shown above Death Boxes.
from_the_rift,From The Rift,https://www.ea.com/games/apex-legends/apex-legends/news/from-the-rift-season-updates,patch_notes,185,p,,LEGENDS,,From the Rift: Level 2
from_the_rift,From The Rift,https://www.ea.com/games/apex-legends/apex-legends/news/from-the-rift-season-updates,patch_notes,186,li,,LEGENDS,,Battpack: +1 Battery per stack. See Battery Count in Death Boxes.
from_the_rift,From The Rift,https://www.ea.com/games/apex-legends/apex-legends/news/from-the-rift-season-updates,patch_notes,187,li,,LEGENDS,,+1 Battery per stack.
from_the_rift,From The Rift,https://www.ea.com/games/apex-legends/apex-legends/news/from-the-rift-season-updates,patch_notes,188,li,,LEGENDS,,See Battery Count in Death Boxes.
from_the_rift,From The Rift,https://www.ea.com/games/apex-legends/apex-legends/news/from-the-rift-season-updates,patch_notes,189,p,,LEGENDS,,Mirage
from_the_rift,From The Rift,https://www.ea.com/games/apex-legends/apex-legends/news/from-the-rift-season-updates,patch_notes,190,li,,LEGENDS,,Life of the Party: health bars no longer show during Ultimate to give away the real Mirage
from_the_rift,From The Rift,https://www.ea.com/games/apex-legends/apex-legends/news/from-the-rift-season-updates,patch_notes,191,li,,LEGENDS,,"Upgrades: Level 2 Miracle Worker: removed NEW Battpack: in addition to the extra battery per stack, this upgrade now also shows battery counts in Death Boxes"
from_the_rift,From The Rift,https://www.ea.com/games/apex-legends/apex-legends/news/from-the-rift-season-updates,patch_notes,192,li,,LEGENDS,,Miracle Worker: removed
from_the_rift,From The Rift,https://www.ea.com/games/apex-legends/apex-legends/news/from-the-rift-season-updates,patch_notes,193,li,,LEGENDS,,"NEW Battpack: in addition to the extra battery per stack, this upgrade now also shows battery counts in Death Boxes"
from_the_rift,From The Rift,https://www.ea.com/games/apex-legends/apex-legends/news/from-the-rift-season-updates,patch_notes,194,p,,LEGENDS,,Shockwave: Level 2
from_the_rift,From The Rift,https://www.ea.com/games/apex-legends/apex-legends/news/from-the-rift-season-updates,patch_notes,195,li,,LEGENDS,,Miracle Worker: Revive allies with 75HP regen.
from_the_rift,From The Rift,https://www.ea.com/games/apex-legends/apex-legends/news/from-the-rift-season-updates,patch_notes,196,li,,LEGENDS,,Battpack: +1 Battery per stack See Battery Count in Death Boxes.
from_the_rift,From The Rift,https://www.ea.com/games/apex-legends/apex-legends/news/from-the-rift-season-updates,patch_notes,197,li,,LEGENDS,,+1 Battery per stack
from_the_rift,From The Rift,https://www.ea.com/games/apex-legends/apex-legends/news/from-the-rift-season-updates,patch_notes,198,li,,LEGENDS,,See Battery Count in Death Boxes.
from_the_rift,From The Rift,https://www.ea.com/games/apex-legends/apex-legends/news/from-the-rift-season-updates,patch_notes,199,p,,LEGENDS,,"Dev Note: The new Support Class Revive Expert perk made Miracle Worker obsolete, so we’ve replaced it with another minor support-focused choice…for now."
from_the_rift,From The Rift,https://www.ea.com/games/apex-legends/apex-legends/news/from-the-rift-season-updates,patch_notes,200,p,,LEGENDS,,Newcastle
from_the_rift,From The Rift,https://www.ea.com/games/apex-legends/apex-legends/news/from-the-rift-season-updates,patch_notes,201,li,,LEGENDS,,Mobile Shield No longer takes damage Can now be repositioned even when Newcastle is downed
from_the_rift,From The Rift,https://www.ea.com/games/apex-legends/apex-legends/news/from-the-rift-season-updates,patch_notes,202,li,,LEGENDS,,No longer takes damage
from_the_rift,From The Rift,https://www.ea.com/games/apex-legends/apex-legends/news/from-the-rift-season-updates,patch_notes,203,li,,LEGENDS,,Can now be repositioned even when Newcastle is downed
from_the_rift,From The Rift,https://www.ea.com/games/apex-legends/apex-legends/news/from-the-rift-season-updates,patch_notes,204,li,,LEGENDS,,"Retrieve the Wounded: revive Shield HP/Tier increased by +50% White 300 (was 200), Blue 450 (was 300), Purple/Gold 750 (was 500)"
from_the_rift,From The Rift,https://www.ea.com/games/apex-legends/apex-legends/news/from-the-rift-season-updates,patch_notes,205,li,,LEGENDS,,"White 300 (was 200), Blue 450 (was 300), Purple/Gold 750 (was 500)"
from_the_rift,From The Rift,https://www.ea.com/games/apex-legends/apex-legends/news/from-the-rift-season-updates,patch_notes,206,li,,LEGENDS,,Upgrades: Level 2 Thick Shield: removed NEW Hero's Hustle: greatly increases move speed when reviving
from_the_rift,From The Rift,https://www.ea.com/games/apex-legends/apex-legends/news/from-the-rift-season-updates,patch_notes,207,li,,LEGENDS,,Thick Shield: removed
from_the_rift,From The Rift,https://www.ea.com/games/apex-legends/apex-legends/news/from-the-rift-season-updates,patch_notes,208,li,,LEGENDS,,NEW Hero's Hustle: greatly increases move speed when reviving
from_the_rift,From The Rift,https://www.ea.com/games/apex-legends/apex-legends/news/from-the-rift-season-updates,patch_notes,209,li,,LEGENDS,,Upgrades: Level 3 Stronghold: Castle Wall HP improvement increased to 500 (was 250) NEW Ultimate Savior: Castle Wall grants shield regen to allies in impact radius Regen effect lasts for 15s and damage will pause regen for 2s Won't begin regeneration until revived if downed
from_the_rift,From The Rift,https://www.ea.com/games/apex-legends/apex-legends/news/from-the-rift-season-updates,patch_notes,210,li,,LEGENDS,,Stronghold: Castle Wall HP improvement increased to 500 (was 250)
from_the_rift,From The Rift,https://www.ea.com/games/apex-legends/apex-legends/news/from-the-rift-season-updates,patch_notes,211,li,,LEGENDS,,NEW Ultimate Savior: Castle Wall grants shield regen to allies in impact radius Regen effect lasts for 15s and damage will pause regen for 2s Won't begin regeneration until revived if downed
from_the_rift,From The Rift,https://www.ea.com/games/apex-legends/apex-legends/news/from-the-rift-season-updates,patch_notes,212,li,,LEGENDS,,Regen effect lasts for 15s and damage will pause regen for 2s
from_the_rift,From The Rift,https://www.ea.com/games/apex-legends/apex-legends/news/from-the-rift-season-updates,patch_notes,213,li,,LEGENDS,,Won't begin regeneration until revived if downed
from_the_rift,From The Rift,https://www.ea.com/games/apex-legends/apex-legends/news/from-the-rift-season-updates,patch_notes,214,p,,LEGENDS,,Shockwave: Level 2
from_the_rift,From The Rift,https://www.ea.com/games/apex-legends/apex-legends/news/from-the-rift-season-updates,patch_notes,215,li,,LEGENDS,,Thick Shield: Mobile Shield HP Increased by 250.
from_the_rift,From The Rift,https://www.ea.com/games/apex-legends/apex-legends/news/from-the-rift-season-updates,patch_notes,216,p,,LEGENDS,,From the Rift: Level 2
from_the_rift,From The Rift,https://www.ea.com/games/apex-legends/apex-legends/news/from-the-rift-season-updates,patch_notes,217,li,,LEGENDS,,Hero’s Hustle: Increased move speed while reviving.
from_the_rift,From The Rift,https://www.ea.com/games/apex-legends/apex-legends/news/from-the-rift-season-updates,patch_notes,218,p,,LEGENDS,,Shockwave: Level 3
from_the_rift,From The Rift,https://www.ea.com/games/apex-legends/apex-legends/news/from-the-rift-season-updates,patch_notes,219,li,,LEGENDS,,Miracle Worker: Revive allies with 75HP regen.
from_the_rift,From The Rift,https://www.ea.com/games/apex-legends/apex-legends/news/from-the-rift-season-updates,patch_notes,220,li,,LEGENDS,,Stronghold: Castle Wall HP increased by 250. Extends energized duration to 3min.
from_the_rift,From The Rift,https://www.ea.com/games/apex-legends/apex-legends/news/from-the-rift-season-updates,patch_notes,221,p,,LEGENDS,,From the Rift: Level 3
from_the_rift,From The Rift,https://www.ea.com/games/apex-legends/apex-legends/news/from-the-rift-season-updates,patch_notes,222,li,,LEGENDS,,Ultimate Savior: Allies in impact range gain shield regen for 15s.
from_the_rift,From The Rift,https://www.ea.com/games/apex-legends/apex-legends/news/from-the-rift-season-updates,patch_notes,223,li,,LEGENDS,,Stronghold: Castle Wall HP increased by 250. Extends energized duration to 3min.
from_the_rift,From The Rift,https://www.ea.com/games/apex-legends/apex-legends/news/from-the-rift-season-updates,patch_notes,224,p,,LEGENDS,,"Dev Note: With the new Revive Expert perk and the Mobile Shield simplifying to an invulnerable version, two of Newcastle’s upgrades needed to be replaced. We’ve aimed to tap into the support angle of his kit with both, giving speed to make bigger revive plays and shield healing to encourage Newcastle to leap to his ally’s aid. Additionally, Newcastle’s shields are getting beefed up this season to allow more players to feel safe behind his sources of protection regardless of skill level."
from_the_rift,From The Rift,https://www.ea.com/games/apex-legends/apex-legends/news/from-the-rift-season-updates,patch_notes,225,p,,LEGENDS,,Revenant
from_the_rift,From The Rift,https://www.ea.com/games/apex-legends/apex-legends/news/from-the-rift-season-updates,patch_notes,226,li,,LEGENDS,,Forged Shadows: shield will now regen up to 50HP instead of instantly refreshing after a 3s delay
from_the_rift,From The Rift,https://www.ea.com/games/apex-legends/apex-legends/news/from-the-rift-season-updates,patch_notes,227,p,,LEGENDS,,Wattson
from_the_rift,From The Rift,https://www.ea.com/games/apex-legends/apex-legends/news/from-the-rift-season-updates,patch_notes,228,li,,LEGENDS,,Upgrades: Level 2 Fresh Start: removed NEW Revive Expert: gives access to Support Class Revive Expert Per
from_the_rift,From The Rift,https://www.ea.com/games/apex-legends/apex-legends/news/from-the-rift-season-updates,patch_notes,229,li,,LEGENDS,,Fresh Start: removed
from_the_rift,From The Rift,https://www.ea.com/games/apex-legends/apex-legends/news/from-the-rift-season-updates,patch_notes,230,li,,LEGENDS,,NEW Revive Expert: gives access to Support Class Revive Expert Per
from_the_rift,From The Rift,https://www.ea.com/games/apex-legends/apex-legends/news/from-the-rift-season-updates,patch_notes,231,p,,LEGENDS,,Shockwave: Level 2
from_the_rift,From The Rift,https://www.ea.com/games/apex-legends/apex-legends/news/from-the-rift-season-updates,patch_notes,232,li,,LEGENDS,,Fresh Start: Revives allies to 50HP.
from_the_rift,From The Rift,https://www.ea.com/games/apex-legends/apex-legends/news/from-the-rift-season-updates,patch_notes,233,p,,LEGENDS,,From the Rift: Level 2
from_the_rift,From The Rift,https://www.ea.com/games/apex-legends/apex-legends/news/from-the-rift-season-updates,patch_notes,234,li,,LEGENDS,,Revive Expert: Revive allies faster and with HP regen.
from_the_rift,From The Rift,https://www.ea.com/games/apex-legends/apex-legends/news/from-the-rift-season-updates,patch_notes,235,p,,LEGENDS,,"Dev Note: The new Support Class Revive Expert perk made Wattson’s “multi-class” revive perk option feel less relevant. So we’re trying out a rather potent upgrade this season and letting Wattson tap into the power of the improved revives of the Support Class. We’re keen to see how this kind of cross-class upgrade selection influences her overall power, pick rate and the identity of the new class ability in general."
from_the_rift,From The Rift,https://www.ea.com/games/apex-legends/apex-legends/news/from-the-rift-season-updates,patch_notes,236,h3,,MODES,,MODES
from_the_rift,From The Rift,https://www.ea.com/games/apex-legends/apex-legends/news/from-the-rift-season-updates,patch_notes,237,p,,MODES,,Launch Royale
from_the_rift,From The Rift,https://www.ea.com/games/apex-legends/apex-legends/news/from-the-rift-season-updates,patch_notes,238,p,,MODES,,"Take a trip back in time to experience what it was like to play Apex when it first launched. The following changes are meant to be a highlight of some of the most important differences and are not completely inclusive to all changes. Additionally, quality-of-life improvements from modern Apex Legends have been retained for a smoother experience."
from_the_rift,From The Rift,https://www.ea.com/games/apex-legends/apex-legends/news/from-the-rift-season-updates,patch_notes,239,li,,MODES,,"General Changes Original Kings Canyon Map and POIs Original Loot Distribution and loot items Players drop with no equipment or healing items Armor Core/Evo has been removed, each piece of armor is pickup only and does not evolve. Original shield swapping mechanics are now in play. Original Ring timings and damage"
from_the_rift,From The Rift,https://www.ea.com/games/apex-legends/apex-legends/news/from-the-rift-season-updates,patch_notes,240,li,,MODES,,Original Kings Canyon Map and POIs
from_the_rift,From The Rift,https://www.ea.com/games/apex-legends/apex-legends/news/from-the-rift-season-updates,patch_notes,241,li,,MODES,,Original Loot Distribution and loot items
from_the_rift,From The Rift,https://www.ea.com/games/apex-legends/apex-legends/news/from-the-rift-season-updates,patch_notes,242,li,,MODES,,Players drop with no equipment or healing items
from_the_rift,From The Rift,https://www.ea.com/games/apex-legends/apex-legends/news/from-the-rift-season-updates,patch_notes,243,li,,MODES,,"Armor Core/Evo has been removed, each piece of armor is pickup only and does not evolve. Original shield swapping mechanics are now in play."
from_the_rift,From The Rift,https://www.ea.com/games/apex-legends/apex-legends/news/from-the-rift-season-updates,patch_notes,244,li,,MODES,,Original Ring timings and damage
from_the_rift,From The Rift,https://www.ea.com/games/apex-legends/apex-legends/news/from-the-rift-season-updates,patch_notes,245,li,,MODES,,"Legend Changes No Class-based Legend Perks, fortified perks removed Each Legend has had the majority of their stats and abilities reverted to the first season's balance. Re-introduced being able to ""bunny hop"" while healing Re-introduced ""punch boosting"" where punching the ground behind you gives a slight speed boost Players can infinitely jump on ziplines, max 3 interactions before cooldown is removed Shields are not automatically regenerated on finishers, now exclusive to Gold Armor"
from_the_rift,From The Rift,https://www.ea.com/games/apex-legends/apex-legends/news/from-the-rift-season-updates,patch_notes,246,li,,MODES,,"No Class-based Legend Perks, fortified perks removed"
from_the_rift,From The Rift,https://www.ea.com/games/apex-legends/apex-legends/news/from-the-rift-season-updates,patch_notes,247,li,,MODES,,Each Legend has had the majority of their stats and abilities reverted to the first season's balance.
from_the_rift,From The Rift,https://www.ea.com/games/apex-legends/apex-legends/news/from-the-rift-season-updates,patch_notes,248,li,,MODES,,"Re-introduced being able to ""bunny hop"" while healing"
from_the_rift,From The Rift,https://www.ea.com/games/apex-legends/apex-legends/news/from-the-rift-season-updates,patch_notes,249,li,,MODES,,"Re-introduced ""punch boosting"" where punching the ground behind you gives a slight speed boost"
from_the_rift,From The Rift,https://www.ea.com/games/apex-legends/apex-legends/news/from-the-rift-season-updates,patch_notes,250,li,,MODES,,"Players can infinitely jump on ziplines, max 3 interactions before cooldown is removed"
from_the_rift,From The Rift,https://www.ea.com/games/apex-legends/apex-legends/news/from-the-rift-season-updates,patch_notes,251,li,,MODES,,"Shields are not automatically regenerated on finishers, now exclusive to Gold Armor"
from_the_rift,From The Rift,https://www.ea.com/games/apex-legends/apex-legends/news/from-the-rift-season-updates,patch_notes,252,li,,MODES,,"Equipment Changes Equipment items and attachments have their original tunings from the first season Gold Items have their passives changed to their original state: Gold Knockdown - Self Revive Gold Backpack - Fast Heal Gold Armor - Shield Regeneration on Execution (this is not a trait granted by default anymore) Original capacities on all Magazines No Laser Sights, Sniper Magazines, Energy Magazines (they didn’t exist yet!) Original HopUps: Select Fire, Energy Choke, Turbocharger, Skullpiercer Helmet protections have been reverted to balance in first season Ammo stacks in inventory has been changed to match original carrying capacities"
from_the_rift,From The Rift,https://www.ea.com/games/apex-legends/apex-legends/news/from-the-rift-season-updates,patch_notes,253,li,,MODES,,Equipment items and attachments have their original tunings from the first season
from_the_rift,From The Rift,https://www.ea.com/games/apex-legends/apex-legends/news/from-the-rift-season-updates,patch_notes,254,li,,MODES,,Gold Items have their passives changed to their original state: Gold Knockdown - Self Revive Gold Backpack - Fast Heal Gold Armor - Shield Regeneration on Execution (this is not a trait granted by default anymore)
from_the_rift,From The Rift,https://www.ea.com/games/apex-legends/apex-legends/news/from-the-rift-season-updates,patch_notes,255,li,,MODES,,Gold Knockdown - Self Revive
from_the_rift,From The Rift,https://www.ea.com/games/apex-legends/apex-legends/news/from-the-rift-season-updates,patch_notes,256,li,,MODES,,Gold Backpack - Fast Heal
from_the_rift,From The Rift,https://www.ea.com/games/apex-legends/apex-legends/news/from-the-rift-season-updates,patch_notes,257,li,,MODES,,Gold Armor - Shield Regeneration on Execution (this is not a trait granted by default anymore)
from_the_rift,From The Rift,https://www.ea.com/games/apex-legends/apex-legends/news/from-the-rift-season-updates,patch_notes,258,li,,MODES,,Original capacities on all Magazines
from_the_rift,From The Rift,https://www.ea.com/games/apex-legends/apex-legends/news/from-the-rift-season-updates,patch_notes,259,li,,MODES,,"No Laser Sights, Sniper Magazines, Energy Magazines (they didn’t exist yet!)"
from_the_rift,From The Rift,https://www.ea.com/games/apex-legends/apex-legends/news/from-the-rift-season-updates,patch_notes,260,li,,MODES,,"Original HopUps: Select Fire, Energy Choke, Turbocharger, Skullpiercer"
from_the_rift,From The Rift,https://www.ea.com/games/apex-legends/apex-legends/news/from-the-rift-season-updates,patch_notes,261,li,,MODES,,Helmet protections have been reverted to balance in first season
from_the_rift,From The Rift,https://www.ea.com/games/apex-legends/apex-legends/news/from-the-rift-season-updates,patch_notes,262,li,,MODES,,Ammo stacks in inventory has been changed to match original carrying capacities
from_the_rift,From The Rift,https://www.ea.com/games/apex-legends/apex-legends/news/from-the-rift-season-updates,patch_notes,263,li,,MODES,,"Weapon Changes Original Attachments equipped on every gun Original tunings on all weapons, Launch Royale variants have been created to authentically recreate the feeling of the original weapon handlings All hipfire is reverted to its much tighter spread All original Gold kitted weapons are restored Global headshot damage is now 2.0x (with some exceptions per weapon) Original Crate weapons come down in care packages: Mastiff, Kraber, LSTAR"
from_the_rift,From The Rift,https://www.ea.com/games/apex-legends/apex-legends/news/from-the-rift-season-updates,patch_notes,264,li,,MODES,,Original Attachments equipped on every gun
from_the_rift,From The Rift,https://www.ea.com/games/apex-legends/apex-legends/news/from-the-rift-season-updates,patch_notes,265,li,,MODES,,"Original tunings on all weapons, Launch Royale variants have been created to authentically recreate the feeling of the original weapon handlings"
from_the_rift,From The Rift,https://www.ea.com/games/apex-legends/apex-legends/news/from-the-rift-season-updates,patch_notes,266,li,,MODES,,All hipfire is reverted to its much tighter spread
from_the_rift,From The Rift,https://www.ea.com/games/apex-legends/apex-legends/news/from-the-rift-season-updates,patch_notes,267,li,,MODES,,All original Gold kitted weapons are restored
from_the_rift,From The Rift,https://www.ea.com/games/apex-legends/apex-legends/news/from-the-rift-season-updates,patch_notes,268,li,,MODES,,Global headshot damage is now 2.0x (with some exceptions per weapon)
from_the_rift,From The Rift,https://www.ea.com/games/apex-legends/apex-legends/news/from-the-rift-season-updates,patch_notes,269,li,,MODES,,"Original Crate weapons come down in care packages: Mastiff, Kraber, LSTAR"
from_the_rift,From The Rift,https://www.ea.com/games/apex-legends/apex-legends/news/from-the-rift-season-updates,patch_notes,270,p,,MODES,,Straight Shot Revival
from_the_rift,From The Rift,https://www.ea.com/games/apex-legends/apex-legends/news/from-the-rift-season-updates,patch_notes,271,li,,MODES,,Includes Rift Relics
from_the_rift,From The Rift,https://www.ea.com/games/apex-legends/apex-legends/news/from-the-rift-season-updates,patch_notes,272,li,,MODES,,"Weekend Rotations November 22-25, 2024 November 29-December 2, 2024"
from_the_rift,From The Rift,https://www.ea.com/games/apex-legends/apex-legends/news/from-the-rift-season-updates,patch_notes,273,li,,MODES,,"November 22-25, 2024"
from_the_rift,From The Rift,https://www.ea.com/games/apex-legends/apex-legends/news/from-the-rift-season-updates,patch_notes,274,li,,MODES,,"November 29-December 2, 2024"
from_the_rift,From The Rift,https://www.ea.com/games/apex-legends/apex-legends/news/from-the-rift-season-updates,patch_notes,275,p,,MODES,,Trios Revival
from_the_rift,From The Rift,https://www.ea.com/games/apex-legends/apex-legends/news/from-the-rift-season-updates,patch_notes,276,li,,MODES,,Includes Rift Relics
from_the_rift,From The Rift,https://www.ea.com/games/apex-legends/apex-legends/news/from-the-rift-season-updates,patch_notes,277,li,,MODES,,"Weekend Rotations December 6-9, 2024 December 13-16, 2024"
from_the_rift,From The Rift,https://www.ea.com/games/apex-legends/apex-legends/news/from-the-rift-season-updates,patch_notes,278,li,,MODES,,"December 6-9, 2024"
from_the_rift,From The Rift,https://www.ea.com/games/apex-legends/apex-legends/news/from-the-rift-season-updates,patch_notes,279,li,,MODES,,"December 13-16, 2024"
from_the_rift,From The Rift,https://www.ea.com/games/apex-legends/apex-legends/news/from-the-rift-season-updates,patch_notes,280,p,,MODES,,Rift Relics
from_the_rift,From The Rift,https://www.ea.com/games/apex-legends/apex-legends/news/from-the-rift-season-updates,patch_notes,281,p,,MODES,,"The items available in Rift Relics will be updated regularly, adding an additional weapon to the lineup as well as rotating the available Boost Kits."
from_the_rift,From The Rift,https://www.ea.com/games/apex-legends/apex-legends/news/from-the-rift-season-updates,patch_notes,282,li,,MODES,,"Boost Kits Hover: ADS in the air will allow the player to hover, keeping them afloat and steadying aim Void Reflex: damage that would knock a player instead sends them into the Void for several seconds, returning at critical health Reactive Regen: Health/Shield bars regen over time Squad Heal: using a health/shield consumable also applies it to nearby teammates Nessies: summon Nessie companions to fight on your behalf"
from_the_rift,From The Rift,https://www.ea.com/games/apex-legends/apex-legends/news/from-the-rift-season-updates,patch_notes,283,li,,MODES,,"Hover: ADS in the air will allow the player to hover, keeping them afloat and steadying aim"
from_the_rift,From The Rift,https://www.ea.com/games/apex-legends/apex-legends/news/from-the-rift-season-updates,patch_notes,284,li,,MODES,,"Void Reflex: damage that would knock a player instead sends them into the Void for several seconds, returning at critical health"
from_the_rift,From The Rift,https://www.ea.com/games/apex-legends/apex-legends/news/from-the-rift-season-updates,patch_notes,285,li,,MODES,,Reactive Regen: Health/Shield bars regen over time
from_the_rift,From The Rift,https://www.ea.com/games/apex-legends/apex-legends/news/from-the-rift-season-updates,patch_notes,286,li,,MODES,,Squad Heal: using a health/shield consumable also applies it to nearby teammates
from_the_rift,From The Rift,https://www.ea.com/games/apex-legends/apex-legends/news/from-the-rift-season-updates,patch_notes,287,li,,MODES,,Nessies: summon Nessie companions to fight on your behalf
from_the_rift,From The Rift,https://www.ea.com/games/apex-legends/apex-legends/news/from-the-rift-season-updates,patch_notes,288,li,,MODES,,"Relic Weapons Relic Alternator: Launch Royale Alternator modified with Disruptor Rounds Relic Mastiff: Launch Royale Mastiff Relic L-Star: Launch Royale L-Star with high fire rate and limited magazine capacity Relic Spitfire: Launch Royale variant with fast reload, improved hipfire, and heavy ammo Relic Wingman: Launch Royale variant with Skull Piercer Relic Prowler: Launch Royale Select Fire (automatic) Prowler with high power scope Relic G7 Scout: Launch Royale G7 with sniper scope Relic 30-30 Repeater: players heal for a percentage of the damage dealt to enemies and monsters If the player succeeds in landing a headshot, health and armor are immediately highly refilled Embedded Dual Loader Mag size of 12 SkullPiercer Hop-Up"
from_the_rift,From The Rift,https://www.ea.com/games/apex-legends/apex-legends/news/from-the-rift-season-updates,patch_notes,289,li,,MODES,,Relic Alternator: Launch Royale Alternator modified with Disruptor Rounds
from_the_rift,From The Rift,https://www.ea.com/games/apex-legends/apex-legends/news/from-the-rift-season-updates,patch_notes,290,li,,MODES,,Relic Mastiff: Launch Royale Mastiff
from_the_rift,From The Rift,https://www.ea.com/games/apex-legends/apex-legends/news/from-the-rift-season-updates,patch_notes,291,li,,MODES,,Relic L-Star: Launch Royale L-Star with high fire rate and limited magazine capacity
from_the_rift,From The Rift,https://www.ea.com/games/apex-legends/apex-legends/news/from-the-rift-season-updates,patch_notes,292,li,,MODES,,"Relic Spitfire: Launch Royale variant with fast reload, improved hipfire, and heavy ammo"
from_the_rift,From The Rift,https://www.ea.com/games/apex-legends/apex-legends/news/from-the-rift-season-updates,patch_notes,293,li,,MODES,,Relic Wingman: Launch Royale variant with Skull Piercer
from_the_rift,From The Rift,https://www.ea.com/games/apex-legends/apex-legends/news/from-the-rift-season-updates,patch_notes,294,li,,MODES,,Relic Prowler: Launch Royale Select Fire (automatic) Prowler with high power scope
from_the_rift,From The Rift,https://www.ea.com/games/apex-legends/apex-legends/news/from-the-rift-season-updates,patch_notes,295,li,,MODES,,Relic G7 Scout: Launch Royale G7 with sniper scope
from_the_rift,From The Rift,https://www.ea.com/games/apex-legends/apex-legends/news/from-the-rift-season-updates,patch_notes,296,li,,MODES,,"Relic 30-30 Repeater: players heal for a percentage of the damage dealt to enemies and monsters If the player succeeds in landing a headshot, health and armor are immediately highly refilled Embedded Dual Loader Mag size of 12 SkullPiercer Hop-Up"
from_the_rift,From The Rift,https://www.ea.com/games/apex-legends/apex-legends/news/from-the-rift-season-updates,patch_notes,297,li,,MODES,,"If the player succeeds in landing a headshot, health and armor are immediately highly refilled"
from_the_rift,From The Rift,https://www.ea.com/games/apex-legends/apex-legends/news/from-the-rift-season-updates,patch_notes,298,li,,MODES,,Embedded Dual Loader
from_the_rift,From The Rift,https://www.ea.com/games/apex-legends/apex-legends/news/from-the-rift-season-updates,patch_notes,299,li,,MODES,,Mag size of 12
from_the_rift,From The Rift,https://www.ea.com/games/apex-legends/apex-legends/news/from-the-rift-season-updates,patch_notes,300,li,,MODES,,SkullPiercer Hop-Up
from_the_rift,From The Rift,https://www.ea.com/games/apex-legends/apex-legends/news/from-the-rift-season-updates,patch_notes,301,li,,MODES,,"Special Weapon - EPG-1: single fire, direct energy propelled launcher"
from_the_rift,From The Rift,https://www.ea.com/games/apex-legends/apex-legends/news/from-the-rift-season-updates,patch_notes,302,h3,,MAP ROTATIONS,,MAP ROTATIONS
from_the_rift,From The Rift,https://www.ea.com/games/apex-legends/apex-legends/news/from-the-rift-season-updates,patch_notes,303,p,,MAP ROTATIONS,,Pubs & Ranked
from_the_rift,From The Rift,https://www.ea.com/games/apex-legends/apex-legends/news/from-the-rift-season-updates,patch_notes,304,li,,MAP ROTATIONS,,Broken Moon
from_the_rift,From The Rift,https://www.ea.com/games/apex-legends/apex-legends/news/from-the-rift-season-updates,patch_notes,305,li,,MAP ROTATIONS,,Storm Point
from_the_rift,From The Rift,https://www.ea.com/games/apex-legends/apex-legends/news/from-the-rift-season-updates,patch_notes,306,li,,MAP ROTATIONS,,World’s Edge
from_the_rift,From The Rift,https://www.ea.com/games/apex-legends/apex-legends/news/from-the-rift-season-updates,patch_notes,307,p,,MAP ROTATIONS,,Mixtape
from_the_rift,From The Rift,https://www.ea.com/games/apex-legends/apex-legends/news/from-the-rift-season-updates,patch_notes,308,li,,MAP ROTATIONS,,"November 12-December 16, 2024 TDM: Habitat, Zeus Station, Skull Town Control: Lava Siphon, Thunderdome, Barometer Gun Run: Skull Town, Fragment, Wattson"
from_the_rift,From The Rift,https://www.ea.com/games/apex-legends/apex-legends/news/from-the-rift-season-updates,patch_notes,309,li,,MAP ROTATIONS,,"TDM: Habitat, Zeus Station, Skull Town"
from_the_rift,From The Rift,https://www.ea.com/games/apex-legends/apex-legends/news/from-the-rift-season-updates,patch_notes,310,li,,MAP ROTATIONS,,"Control: Lava Siphon, Thunderdome, Barometer"
from_the_rift,From The Rift,https://www.ea.com/games/apex-legends/apex-legends/news/from-the-rift-season-updates,patch_notes,311,li,,MAP ROTATIONS,,"Gun Run: Skull Town, Fragment, Wattson"
from_the_rift,From The Rift,https://www.ea.com/games/apex-legends/apex-legends/news/from-the-rift-season-updates,patch_notes,312,li,,MAP ROTATIONS,,"December 17-January 6, 2024 BigTDM: Habitat, Skull Town, Party Crasher Control: Thunderdome, Production Yard, Lava Siphon Gun Run: Fragment, Wattson, Skull Town Lockdown: Zeus Station, Monument, The Core"
from_the_rift,From The Rift,https://www.ea.com/games/apex-legends/apex-legends/news/from-the-rift-season-updates,patch_notes,313,li,,MAP ROTATIONS,,"BigTDM: Habitat, Skull Town, Party Crasher"
from_the_rift,From The Rift,https://www.ea.com/games/apex-legends/apex-legends/news/from-the-rift-season-updates,patch_notes,314,li,,MAP ROTATIONS,,"Control: Thunderdome, Production Yard, Lava Siphon"
from_the_rift,From The Rift,https://www.ea.com/games/apex-legends/apex-legends/news/from-the-rift-season-updates,patch_notes,315,li,,MAP ROTATIONS,,"Gun Run: Fragment, Wattson, Skull Town"
from_the_rift,From The Rift,https://www.ea.com/games/apex-legends/apex-legends/news/from-the-rift-season-updates,patch_notes,316,li,,MAP ROTATIONS,,"Lockdown: Zeus Station, Monument, The Core"
from_the_rift,From The Rift,https://www.ea.com/games/apex-legends/apex-legends/news/from-the-rift-season-updates,patch_notes,317,h3,,RANKED,,RANKED
from_the_rift,From The Rift,https://www.ea.com/games/apex-legends/apex-legends/news/from-the-rift-season-updates,patch_notes,318,p,,RANKED,,Entry Cost Tuning
from_the_rift,From The Rift,https://www.ea.com/games/apex-legends/apex-legends/news/from-the-rift-season-updates,patch_notes,319,li,,RANKED,,Lower entry cost above Platinum Tier Platinum: 45 RP (was 55 RP) Diamond: 65 RP (was 70 RP) Master+: 90 RP (was 100 RP)
from_the_rift,From The Rift,https://www.ea.com/games/apex-legends/apex-legends/news/from-the-rift-season-updates,patch_notes,320,li,,RANKED,,Platinum: 45 RP (was 55 RP)
from_the_rift,From The Rift,https://www.ea.com/games/apex-legends/apex-legends/news/from-the-rift-season-updates,patch_notes,321,li,,RANKED,,Diamond: 65 RP (was 70 RP)
from_the_rift,From The Rift,https://www.ea.com/games/apex-legends/apex-legends/news/from-the-rift-season-updates,patch_notes,322,li,,RANKED,,Master+: 90 RP (was 100 RP)
from_the_rift,From The Rift,https://www.ea.com/games/apex-legends/apex-legends/news/from-the-rift-season-updates,patch_notes,323,p,,RANKED,,Ranked Skill Display Changes
from_the_rift,From The Rift,https://www.ea.com/games/apex-legends/apex-legends/news/from-the-rift-season-updates,patch_notes,324,li,,RANKED,,Disclosure of Ranks for all match players Updates live as you and your opponents enter a match Shows the true rank distribution of all Players as the match starts
from_the_rift,From The Rift,https://www.ea.com/games/apex-legends/apex-legends/news/from-the-rift-season-updates,patch_notes,325,li,,RANKED,,Updates live as you and your opponents enter a match
from_the_rift,From The Rift,https://www.ea.com/games/apex-legends/apex-legends/news/from-the-rift-season-updates,patch_notes,326,li,,RANKED,,Shows the true rank distribution of all Players as the match starts
from_the_rift,From The Rift,https://www.ea.com/games/apex-legends/apex-legends/news/from-the-rift-season-updates,patch_notes,327,p,,RANKED,,Dev Note: This has been added specifically to address matchmaking and perception of unfairness in matches. We believe that this change gives our Players the right amount of information so that they feel informed about what they are up against as they enter a match.
from_the_rift,From The Rift,https://www.ea.com/games/apex-legends/apex-legends/news/from-the-rift-season-updates,patch_notes,328,h3,,GRAPHICS,,GRAPHICS
from_the_rift,From The Rift,https://www.ea.com/games/apex-legends/apex-legends/news/from-the-rift-season-updates,patch_notes,329,li,,GRAPHICS,,"DirectX 12 is no longer a beta! Compared to DirectX 11, our data indicates that DirectX 12 has been both faster and more stable for most players, especially in BR matches when the game is more frequently bottlenecked by the CPU. Fixed the most significant cause of stuttering and extremely low FPS in the lobby, which occurred while preloading maps for the first time. Framerates may still be reduced on low-end CPUs, but much improved compared to before. Cursor should now be correctly aligned when using aspect ratios that don't match screen resolution Tooltips in inventory and Death Box menus should now be correctly placed when the game is in full-screen mode Significantly improved shader compilation times in the main menu and the lobby for machines with 4 or fewer CPU cores. On a 2-core CPU with hyperthreading, we found that compiling shaders could be up to 5x faster. Remaining known issue: streaming in higher levels of detail for models can still be slow on very low-end machines, leading to stuttering and sometimes missing or low-quality models in game."
from_the_rift,From The Rift,https://www.ea.com/games/apex-legends/apex-legends/news/from-the-rift-season-updates,patch_notes,330,li,,GRAPHICS,,"Fixed the most significant cause of stuttering and extremely low FPS in the lobby, which occurred while preloading maps for the first time. Framerates may still be reduced on low-end CPUs, but much improved compared to before."
from_the_rift,From The Rift,https://www.ea.com/games/apex-legends/apex-legends/news/from-the-rift-season-updates,patch_notes,331,li,,GRAPHICS,,Cursor should now be correctly aligned when using aspect ratios that don't match screen resolution
from_the_rift,From The Rift,https://www.ea.com/games/apex-legends/apex-legends/news/from-the-rift-season-updates,patch_notes,332,li,,GRAPHICS,,Tooltips in inventory and Death Box menus should now be correctly placed when the game is in full-screen mode
from_the_rift,From The Rift,https://www.ea.com/games/apex-legends/apex-legends/news/from-the-rift-season-updates,patch_notes,333,li,,GRAPHICS,,"Significantly improved shader compilation times in the main menu and the lobby for machines with 4 or fewer CPU cores. On a 2-core CPU with hyperthreading, we found that compiling shaders could be up to 5x faster."
from_the_rift,From The Rift,https://www.ea.com/games/apex-legends/apex-legends/news/from-the-rift-season-updates,patch_notes,334,li,,GRAPHICS,,"Remaining known issue: streaming in higher levels of detail for models can still be slow on very low-end machines, leading to stuttering and sometimes missing or low-quality models in game."
from_the_rift,From The Rift,https://www.ea.com/games/apex-legends/apex-legends/news/from-the-rift-season-updates,patch_notes,335,li,,GRAPHICS,,"With Season 23, Apex Legends utilizes the extra performance of the PS5 Pro. Players can expect slightly higher resolution and more stable frame rates, as well as increase model quality in Performance Mode (120 Hz)"
from_the_rift,From The Rift,https://www.ea.com/games/apex-legends/apex-legends/news/from-the-rift-season-updates,patch_notes,336,h3,,BUG FIXES,,BUG FIXES
from_the_rift,From The Rift,https://www.ea.com/games/apex-legends/apex-legends/news/from-the-rift-season-updates,patch_notes,337,p,,BUG FIXES,,Looking for something else? Our public Trello board is updated weekly with the status of bugs that we can talk about ahead of the patch note drops. We also update our game status here for those of you not on other social platforms.
from_the_rift,From The Rift,https://www.ea.com/games/apex-legends/apex-legends/news/from-the-rift-season-updates,patch_notes,338,li,,BUG FIXES,,All Legends will now be unlocked for Bot Royale
from_the_rift,From The Rift,https://www.ea.com/games/apex-legends/apex-legends/news/from-the-rift-season-updates,patch_notes,339,li,,BUG FIXES,,Ballistic's Ult will once again speed up the L-star's overheat animation
from_the_rift,From The Rift,https://www.ea.com/games/apex-legends/apex-legends/news/from-the-rift-season-updates,patch_notes,340,li,,BUG FIXES,,"Fixed an issue where players would receive an aimpunch, when in a heat shield, when outside the ring."
from_the_rift,From The Rift,https://www.ea.com/games/apex-legends/apex-legends/news/from-the-rift-season-updates,patch_notes,341,li,,BUG FIXES,,Gunshield Generator and Gibraltar arm shield should now respect the incoming direction of the projectile when deciding to deal carry over damage to the player
from_the_rift,From The Rift,https://www.ea.com/games/apex-legends/apex-legends/news/from-the-rift-season-updates,patch_notes,342,li,,BUG FIXES,,Low Ammo indicators will no longer display when inside of Fight Night on Olympus
from_the_rift,From The Rift,https://www.ea.com/games/apex-legends/apex-legends/news/from-the-rift-season-updates,patch_notes,343,li,,BUG FIXES,,Players will now be highlighted in the void when using PS5 performance mode
from_the_rift,From The Rift,https://www.ea.com/games/apex-legends/apex-legends/news/from-the-rift-season-updates,patch_notes,344,h3,,QUALITY OF LIFE,,QUALITY OF LIFE
from_the_rift,From The Rift,https://www.ea.com/games/apex-legends/apex-legends/news/from-the-rift-season-updates,patch_notes,345,li,,QUALITY OF LIFE,,Big Maudes is now stocking Akimbo Mozambiques and P2020s
from_the_rift,From The Rift,https://www.ea.com/games/apex-legends/apex-legends/news/from-the-rift-season-updates,patch_notes,346,li,,QUALITY OF LIFE,,Mobile Respawn Beacons deploy much quicker
from_the_rift,From The Rift,https://www.ea.com/games/apex-legends/apex-legends/news/from-the-rift-season-updates,patch_notes,347,li,,QUALITY OF LIFE,,Newcastle’s Castle Wall: improvement to allow the expanding wall to try to curve more (reduces cases of wall ending early in some scenarios)
from_the_rift,From The Rift,https://www.ea.com/games/apex-legends/apex-legends/news/from-the-rift-season-updates,patch_notes,348,li,,QUALITY OF LIFE,,Health bars vs. smoke improvements Added delay to the destruction of the smoke volumes to better match the smoke dissipation Overall makes health bars less visible through the edges of smoke or during a smoke fade Slightly expanded the size of the smoke volumes to better match the smoke visuals
from_the_rift,From The Rift,https://www.ea.com/games/apex-legends/apex-legends/news/from-the-rift-season-updates,patch_notes,349,li,,QUALITY OF LIFE,,Added delay to the destruction of the smoke volumes to better match the smoke dissipation
from_the_rift,From The Rift,https://www.ea.com/games/apex-legends/apex-legends/news/from-the-rift-season-updates,patch_notes,350,li,,QUALITY OF LIFE,,Overall makes health bars less visible through the edges of smoke or during a smoke fade
from_the_rift,From The Rift,https://www.ea.com/games/apex-legends/apex-legends/news/from-the-rift-season-updates,patch_notes,351,li,,QUALITY OF LIFE,,Slightly expanded the size of the smoke volumes to better match the smoke visuals
from_the_rift,From The Rift,https://www.ea.com/games/apex-legends/apex-legends/news/from-the-rift-season-updates,patch_notes,352,p,,QUALITY OF LIFE,,Apex Packs
from_the_rift,From The Rift,https://www.ea.com/games/apex-legends/apex-legends/news/from-the-rift-season-updates,patch_notes,353,li,,QUALITY OF LIFE,,BP Retro packs: new limited-time pack containing previously released Battle Pass items from a specific season
from_the_rift,From The Rift,https://www.ea.com/games/apex-legends/apex-legends/news/from-the-rift-season-updates,patch_notes,354,li,,QUALITY OF LIFE,,"Retro packs: bringing back content from previously released event packs such as the Raiders CE, Grand Soirée, and Legendary Hunt retro packs"
from_the_rift,From The Rift,https://www.ea.com/games/apex-legends/apex-legends/news/from-the-rift-season-updates,patch_notes,355,li,,QUALITY OF LIFE,,"Loot Pool Browser: allows you to clearly preview the possible loot pool, probabilities, disclosure information, and any already-owned items enhancing visibility into what items can be obtained"
from_the_rift,From The Rift,https://www.ea.com/games/apex-legends/apex-legends/news/from-the-rift-season-updates,patch_notes,356,li,,QUALITY OF LIFE,,"Mass pack opening: an easier way to open multiple packs that also gives players the option to select the pack type they want to open. Players can now easily see their inventory of Apex Packs, the loot pool of certain packs, and have the choice to open all or a select number of the type of pack they want to open."
from_the_rift,From The Rift,https://www.ea.com/games/apex-legends/apex-legends/news/from-the-rift-season-updates,patch_notes,357,li,,QUALITY OF LIFE,,Spark Bonus Meter: earn limited-time rewards by filling the meter as you open eligible packs (marked by a “Spark” icon). This feature will be available for limited periods during the season.
from_the_rift,From The Rift,https://www.ea.com/games/apex-legends/apex-legends/news/from-the-rift-season-updates,patch_notes,358,p,,QUALITY OF LIFE,,Firing Range
from_the_rift,From The Rift,https://www.ea.com/games/apex-legends/apex-legends/news/from-the-rift-season-updates,patch_notes,359,li,,QUALITY OF LIFE,,"Death Boxes: dead players now spawn Death Boxes Each player can only spawn one Death Box, and the previous one will dissolve if another death occurs in short succession Death Box dissolves after 90 seconds"
from_the_rift,From The Rift,https://www.ea.com/games/apex-legends/apex-legends/news/from-the-rift-season-updates,patch_notes,360,li,,QUALITY OF LIFE,,"Each player can only spawn one Death Box, and the previous one will dissolve if another death occurs in short succession"
from_the_rift,From The Rift,https://www.ea.com/games/apex-legends/apex-legends/news/from-the-rift-season-updates,patch_notes,361,li,,QUALITY OF LIFE,,Death Box dissolves after 90 seconds
from_the_rift,From The Rift,https://www.ea.com/games/apex-legends/apex-legends/news/from-the-rift-season-updates,patch_notes,362,li,,QUALITY OF LIFE,,"Full Combat Hard Dummies: new option to fight against HARD Full-Combat dummies Take cover, Much more aggressive and accurate with shots and execute juke maneuvers when closer to a player Use a variety of weapons, and can throw Thermites"
from_the_rift,From The Rift,https://www.ea.com/games/apex-legends/apex-legends/news/from-the-rift-season-updates,patch_notes,363,li,,QUALITY OF LIFE,,"Take cover, Much more aggressive and accurate with shots"
from_the_rift,From The Rift,https://www.ea.com/games/apex-legends/apex-legends/news/from-the-rift-season-updates,patch_notes,364,li,,QUALITY OF LIFE,,and execute juke maneuvers when closer to a player
from_the_rift,From The Rift,https://www.ea.com/games/apex-legends/apex-legends/news/from-the-rift-season-updates,patch_notes,365,li,,QUALITY OF LIFE,,"Use a variety of weapons, and can throw Thermites"
from_the_rift,From The Rift,https://www.ea.com/games/apex-legends/apex-legends/news/from-the-rift-season-updates,patch_notes,366,li,,QUALITY OF LIFE,,"Nessie was a little late to trick or treating this year, but she brought a friend to make up for it"
from_the_rift,From The Rift,https://www.ea.com/games/apex-legends/apex-legends/news/from-the-rift-season-updates,patch_notes,367,p,,QUALITY OF LIFE,,"Play Apex Legends™ for free * now on PlayStation®4, PlayStation®5, Xbox One, Xbox Series X|S, Nintendo Switch™, and PC via the EA app, Epic, and Steam."
from_the_rift,From The Rift,https://www.ea.com/games/apex-legends/apex-legends/news/from-the-rift-season-updates,patch_notes,368,p,,QUALITY OF LIFE,,"Follow Apex Legends™ on X , Instagram , TikTok , subscribe to our YouTube channel , and check out our forums ."
from_the_rift,From The Rift,https://www.ea.com/games/apex-legends/apex-legends/news/from-the-rift-season-updates,patch_notes,369,p,,QUALITY OF LIFE,,"Sign up for our newsletter today to receive the latest Apex Legends™ news, updates, behind-the-scenes content, exclusive offers, and more (including other EA news, products, events, and promotions) by email."
from_the_rift,From The Rift,https://www.ea.com/games/apex-legends/apex-legends/news/from-the-rift-season-updates,patch_notes,370,p,,QUALITY OF LIFE,,"This announcement may change as we listen to community feedback and continue developing and evolving our Live Service & Content. We will always strive to keep our community as informed as possible. For more information, please refer to EA’s Online Service Updates at https://www.ea.com/service-updates ."
from_the_rift,From The Rift,https://www.ea.com/games/apex-legends/apex-legends/news/from-the-rift-season-updates,patch_notes,371,p,,QUALITY OF LIFE,,*Applicable platform account and platform subscription (sold separately) may be required. A persistent internet connection and EA account required. Age restrictions apply. Includes in-game purchases.
from_the_rift,From The Rift,https://www.ea.com/games/apex-legends/apex-legends/news/from-the-rift-season-updates,patch_notes,372,p,,QUALITY OF LIFE,,†Not available in all territories.
